query_group,gene_symbol,query_ids,query_labels,query_scopes,analysis_scopes,associations,studies,publications,reported_traits,study_ids,pubmed_ids,response_files,selection,passes_publication_filter,association_ids,association_urls,source_urls
pigmentation,ACSF3,EFO_0003924; MONDO_0005326; OBA_0002313,hair color; strand of hair color; sunburn,broad; strict,broad; strict,15,6,3,"Hair color; Hair colour (natural, before greying): Blonde (UKB data field 1747_1); Hair colour (natural, before greying): Dark brown (UKB data field 1747_4); Hair colour (natural, before greying): Red (UKB data field 1747_2); Red vs. brown/black hair color; Sunburns",GCST007082; GCST007086; GCST90041836; GCST90041837; GCST90041839; GCST90095478,30595370; 34737426; 34737440,EFO_0003924-page-000.json; MONDO_0005326-page-000.json; OBA_0002313-page-000.json,strict + broad,True,36097202; 36097207; 36099427; 36099432; 93413254; 93413446; 93413452; 93413458; 93413464; 93413470; 93413476; 93413482; 93413488; 93414145; 95175387,https://www.ebi.ac.uk/gwas/rest/api/v2/associations/36097202; https://www.ebi.ac.uk/gwas/rest/api/v2/associations/36097207; https://www.ebi.ac.uk/gwas/rest/api/v2/associations/36099427; https://www.ebi.ac.uk/gwas/rest/api/v2/associations/36099432; https://www.ebi.ac.uk/gwas/rest/api/v2/associations/93413254; https://www.ebi.ac.uk/gwas/rest/api/v2/associations/93413446; https://www.ebi.ac.uk/gwas/rest/api/v2/associations/93413452; https://www.ebi.ac.uk/gwas/rest/api/v2/associations/93413458; https://www.ebi.ac.uk/gwas/rest/api/v2/associations/93413464; https://www.ebi.ac.uk/gwas/rest/api/v2/associations/93413470; https://www.ebi.ac.uk/gwas/rest/api/v2/associations/93413476; https://www.ebi.ac.uk/gwas/rest/api/v2/associations/93413482; https://www.ebi.ac.uk/gwas/rest/api/v2/associations/93413488; https://www.ebi.ac.uk/gwas/rest/api/v2/associations/93414145; https://www.ebi.ac.uk/gwas/rest/api/v2/associations/95175387,https://www.ebi.ac.uk/gwas/rest/api/v2/associations?efo_id=EFO_0003924&show_child_trait=false&size=500&page=0; https://www.ebi.ac.uk/gwas/rest/api/v2/associations?efo_id=MONDO_0005326&show_child_trait=false&size=500&page=0; https://www.ebi.ac.uk/gwas/rest/api/v2/associations?efo_id=OBA_0002313&show_child_trait=false&size=500&page=0
pigmentation,ADAMTS12,EFO_0003924; MONDO_0005434; OBA_0002313; OBA_VT0002095,hair color; skin pigmentation; skin sensitivity to sun; strand of hair color,broad; strict,broad; strict,76,10,3,"Brown vs. black hair color; Ease of skin tanning; Ease of sunburn; Hair color; Hair colour (natural, before greying): Black (UKB data field 1747_5); Hair colour (natural, before greying): Dark brown (UKB data field 1747_4); Hair colour (natural, before greying): Light brown (UKB data field 1747_3); Skin color; Skin color (Fitzpatrick scale); Skin phototype score",GCST007082; GCST90041838; GCST90041839; GCST90041840; GCST90255683; GCST90255686; GCST90255687; GCST90255688; GCST90255689; GCST90255690,30595370; 34737426; 36672889,EFO_0003924-page-000.json; MONDO_0005434-page-000.json; OBA_0002313-page-000.json; OBA_0002313-page-001.json; OBA_VT0002095-page-000.json,strict + broad,True,104178753; 104178770; 104178795; 104178807; 104179498; 104179504; 104179524; 104179530; 104179551; 104179557; 104179563; 104179574; 104179596; 104179625; 104179631; 104179656; 104179682; 104179703; 104179720; 104179875; 104179880; 104179885; 104179910; 104179936; 104179946; 104179957; 104179990; 104180021; 104180052; 104180062; 104180068; 104180089; 104180100; 104180105; 104180164; 104180176; 104180330; 104180341; 104180346; 104180352; 104180445; 104180471; 104180486; 104180496; 104180516; 104180546; 104180576; 104180586; 104180591; 104180621; 104180666; 104180776; 104180781; 104180814; 104180840; 104180845; 104180860; 104180885; 104180891; 104180896; 104180901; 104180916; 104180941; 104180947; 104180967; 104180978; 104180983; 104180993; 104181003; 104181043; 104181053; 104181119; 36095890; 93413821; 93413905; 93414265,https://www.ebi.ac.uk/gwas/rest/api/v2/associations/104178753; https://www.ebi.ac.uk/gwas/rest/api/v2/associations/104178770; https://www.ebi.ac.uk/gwas/rest/api/v2/associations/104178795; https://www.ebi.ac.uk/gwas/rest/api/v2/associations/104178807; https://www.ebi.ac.uk/gwas/rest/api/v2/associations/104179498; https://www.ebi.ac.uk/gwas/rest/api/v2/associations/104179504; https://www.ebi.ac.uk/gwas/rest/api/v2/associations/104179524; https://www.ebi.ac.uk/gwas/rest/api/v2/associations/104179530; https://www.ebi.ac.uk/gwas/rest/api/v2/associations/104179551; https://www.ebi.ac.uk/gwas/rest/api/v2/associations/104179557; https://www.ebi.ac.uk/gwas/rest/api/v2/associations/104179563; https://www.ebi.ac.uk/gwas/rest/api/v2/associations/104179574; https://www.ebi.ac.uk/gwas/rest/api/v2/associations/104179596; https://www.ebi.ac.uk/gwas/rest/api/v2/associations/104179625; https://www.ebi.ac.uk/gwas/rest/api/v2/associations/104179631; https://www.ebi.ac.uk/gwas/rest/api/v2/associations/104179656; https://www.ebi.ac.uk/gwas/rest/api/v2/associations/104179682; https://www.ebi.ac.uk/gwas/rest/api/v2/associations/104179703; https://www.ebi.ac.uk/gwas/rest/api/v2/associations/104179720; https://www.ebi.ac.uk/gwas/rest/api/v2/associations/104179875; https://www.ebi.ac.uk/gwas/rest/api/v2/associations/104179880; https://www.ebi.ac.uk/gwas/rest/api/v2/associations/104179885; https://www.ebi.ac.uk/gwas/rest/api/v2/associations/104179910; https://www.ebi.ac.uk/gwas/rest/api/v2/associations/104179936; https://www.ebi.ac.uk/gwas/rest/api/v2/associations/104179946; https://www.ebi.ac.uk/gwas/rest/api/v2/associations/104179957; https://www.ebi.ac.uk/gwas/rest/api/v2/associations/104179990; https://www.ebi.ac.uk/gwas/rest/api/v2/associations/104180021; https://www.ebi.ac.uk/gwas/rest/api/v2/associations/104180052; https://www.ebi.ac.uk/gwas/rest/api/v2/associations/104180062; https://www.ebi.ac.uk/gwas/rest/api/v2/associations/104180068; https://www.ebi.ac.uk/gwas/rest/api/v2/associations/104180089; https://www.ebi.ac.uk/gwas/rest/api/v2/associations/104180100; https://www.ebi.ac.uk/gwas/rest/api/v2/associations/104180105; https://www.ebi.ac.uk/gwas/rest/api/v2/associations/104180164; https://www.ebi.ac.uk/gwas/rest/api/v2/associations/104180176; https://www.ebi.ac.uk/gwas/rest/api/v2/associations/104180330; https://www.ebi.ac.uk/gwas/rest/api/v2/associations/104180341; https://www.ebi.ac.uk/gwas/rest/api/v2/associations/104180346; https://www.ebi.ac.uk/gwas/rest/api/v2/associations/104180352; https://www.ebi.ac.uk/gwas/rest/api/v2/associations/104180445; https://www.ebi.ac.uk/gwas/rest/api/v2/associations/104180471; https://www.ebi.ac.uk/gwas/rest/api/v2/associations/104180486; https://www.ebi.ac.uk/gwas/rest/api/v2/associations/104180496; https://www.ebi.ac.uk/gwas/rest/api/v2/associations/104180516; https://www.ebi.ac.uk/gwas/rest/api/v2/associations/104180546; https://www.ebi.ac.uk/gwas/rest/api/v2/associations/104180576; https://www.ebi.ac.uk/gwas/rest/api/v2/associations/104180586; https://www.ebi.ac.uk/gwas/rest/api/v2/associations/104180591; https://www.ebi.ac.uk/gwas/rest/api/v2/associations/104180621; https://www.ebi.ac.uk/gwas/rest/api/v2/associations/104180666; https://www.ebi.ac.uk/gwas/rest/api/v2/associations/104180776; https://www.ebi.ac.uk/gwas/rest/api/v2/associations/104180781; https://www.ebi.ac.uk/gwas/rest/api/v2/associations/104180814; https://www.ebi.ac.uk/gwas/rest/api/v2/associations/104180840; https://www.ebi.ac.uk/gwas/rest/api/v2/associations/104180845; https://www.ebi.ac.uk/gwas/rest/api/v2/associations/104180860; https://www.ebi.ac.uk/gwas/rest/api/v2/associations/104180885; https://www.ebi.ac.uk/gwas/rest/api/v2/associations/104180891; https://www.ebi.ac.uk/gwas/rest/api/v2/associations/104180896; https://www.ebi.ac.uk/gwas/rest/api/v2/associations/104180901; https://www.ebi.ac.uk/gwas/rest/api/v2/associations/104180916; https://www.ebi.ac.uk/gwas/rest/api/v2/associations/104180941; https://www.ebi.ac.uk/gwas/rest/api/v2/associations/104180947; https://www.ebi.ac.uk/gwas/rest/api/v2/associations/104180967; https://www.ebi.ac.uk/gwas/rest/api/v2/associations/104180978; https://www.ebi.ac.uk/gwas/rest/api/v2/associations/104180983; https://www.ebi.ac.uk/gwas/rest/api/v2/associations/104180993; https://www.ebi.ac.uk/gwas/rest/api/v2/associations/104181003; https://www.ebi.ac.uk/gwas/rest/api/v2/associations/104181043; https://www.ebi.ac.uk/gwas/rest/api/v2/associations/104181053; https://www.ebi.ac.uk/gwas/rest/api/v2/associations/104181119; https://www.ebi.ac.uk/gwas/rest/api/v2/associations/36095890; https://www.ebi.ac.uk/gwas/rest/api/v2/associations/93413821; https://www.ebi.ac.uk/gwas/rest/api/v2/associations/93413905; https://www.ebi.ac.uk/gwas/rest/api/v2/associations/93414265,https://www.ebi.ac.uk/gwas/rest/api/v2/associations?efo_id=EFO_0003924&show_child_trait=false&size=500&page=0; https://www.ebi.ac.uk/gwas/rest/api/v2/associations?efo_id=MONDO_0005434&show_child_trait=false&size=500&page=0; https://www.ebi.ac.uk/gwas/rest/api/v2/associations?efo_id=OBA_0002313&show_child_trait=false&size=500&page=0; https://www.ebi.ac.uk/gwas/rest/api/v2/associations?efo_id=OBA_0002313&show_child_trait=false&size=500&page=1; https://www.ebi.ac.uk/gwas/rest/api/v2/associations?efo_id=OBA_VT0002095&show_child_trait=false&size=500&page=0
pigmentation,ADD3,EFO_0003924; OBA_0002313,hair color; strand of hair color,strict,strict,2,2,2,Cutaneous melanoma or hair colour; Hair color,GCST007082; GCST010302,30595370; 32341527,EFO_0003924-page-000.json; OBA_0002313-page-001.json,strict + broad,True,36096455; 61986558,https://www.ebi.ac.uk/gwas/rest/api/v2/associations/36096455; https://www.ebi.ac.uk/gwas/rest/api/v2/associations/61986558,https://www.ebi.ac.uk/gwas/rest/api/v2/associations?efo_id=EFO_0003924&show_child_trait=false&size=500&page=0; https://www.ebi.ac.uk/gwas/rest/api/v2/associations?efo_id=OBA_0002313&show_child_trait=false&size=500&page=1
pigmentation,ADGRV1,EFO_0003924; OBA_0002313,hair color; strand of hair color,strict,strict,3,3,3,Blond vs. brown/black hair color; Cutaneous melanoma or hair colour; Hair color,GCST006988; GCST007082; GCST010302,30531825; 30595370; 32341527,EFO_0003924-page-000.json; OBA_0002313-page-001.json,strict + broad,True,35792292; 36095968; 61986452,https://www.ebi.ac.uk/gwas/rest/api/v2/associations/35792292; https://www.ebi.ac.uk/gwas/rest/api/v2/associations/36095968; https://www.ebi.ac.uk/gwas/rest/api/v2/associations/61986452,https://www.ebi.ac.uk/gwas/rest/api/v2/associations?efo_id=EFO_0003924&show_child_trait=false&size=500&page=0; https://www.ebi.ac.uk/gwas/rest/api/v2/associations?efo_id=OBA_0002313&show_child_trait=false&size=500&page=1
pigmentation,AFG3L1P,EFO_0003924; EFO_0004279; OBA_0002313,hair color; strand of hair color; suntan,broad; strict,broad; strict,11,8,4,"Blond vs. brown/black hair color; Brown vs. non-brown hair color; Hair colour (natural, before greying): Dark brown (UKB data field 1747_4); Hair colour (natural, before greying): Red (UKB data field 1747_2); Light vs. dark hair color; Low tan response; Red vs non-red hair color; Red vs. brown/black hair color",GCST003020; GCST003021; GCST003022; GCST005897; GCST006986; GCST006988; GCST90041837; GCST90041839,26184321; 29739929; 30531825; 34737426,EFO_0003924-page-000.json; EFO_0003924-page-001.json; EFO_0004279-page-000.json; OBA_0002313-page-000.json,strict + broad,True,14882739; 14882876; 14941846; 30827892; 30827896; 35792945; 62419615; 93413767; 93413773; 93413779; 93414246,https://www.ebi.ac.uk/gwas/rest/api/v2/associations/14882739; https://www.ebi.ac.uk/gwas/rest/api/v2/associations/14882876; https://www.ebi.ac.uk/gwas/rest/api/v2/associations/14941846; https://www.ebi.ac.uk/gwas/rest/api/v2/associations/30827892; https://www.ebi.ac.uk/gwas/rest/api/v2/associations/30827896; https://www.ebi.ac.uk/gwas/rest/api/v2/associations/35792945; https://www.ebi.ac.uk/gwas/rest/api/v2/associations/62419615; https://www.ebi.ac.uk/gwas/rest/api/v2/associations/93413767; https://www.ebi.ac.uk/gwas/rest/api/v2/associations/93413773; https://www.ebi.ac.uk/gwas/rest/api/v2/associations/93413779; https://www.ebi.ac.uk/gwas/rest/api/v2/associations/93414246,https://www.ebi.ac.uk/gwas/rest/api/v2/associations?efo_id=EFO_0003924&show_child_trait=false&size=500&page=0; https://www.ebi.ac.uk/gwas/rest/api/v2/associations?efo_id=EFO_0003924&show_child_trait=false&size=500&page=1; https://www.ebi.ac.uk/gwas/rest/api/v2/associations?efo_id=EFO_0004279&show_child_trait=false&size=500&page=0; https://www.ebi.ac.uk/gwas/rest/api/v2/associations?efo_id=OBA_0002313&show_child_trait=false&size=500&page=0
pigmentation,AHNAK,EFO_0003924; OBA_0002313,hair color; strand of hair color,strict,strict,3,3,3,Blond vs. brown/black hair color; Cutaneous melanoma or hair colour; Hair color,GCST006988; GCST007082; GCST010302,30531825; 30595370; 32341527,EFO_0003924-page-000.json; OBA_0002313-page-000.json,strict + broad,True,35792739; 36096551; 61986478,https://www.ebi.ac.uk/gwas/rest/api/v2/associations/35792739; https://www.ebi.ac.uk/gwas/rest/api/v2/associations/36096551; https://www.ebi.ac.uk/gwas/rest/api/v2/associations/61986478,https://www.ebi.ac.uk/gwas/rest/api/v2/associations?efo_id=EFO_0003924&show_child_trait=false&size=500&page=0; https://www.ebi.ac.uk/gwas/rest/api/v2/associations?efo_id=OBA_0002313&show_child_trait=false&size=500&page=0
pigmentation,AKAP1,EFO_0003924; EFO_0003963; OBA_0002313,freckles; hair color; strand of hair color,broad; strict,broad; strict,3,3,3,Blond vs. brown/black hair color; Freckles; Hair color,GCST006091; GCST006988; GCST007082,29895819; 30531825; 30595370,EFO_0003924-page-000.json; EFO_0003963-page-000.json; OBA_0002313-page-000.json,strict + broad,True,31658779; 35792674; 36097296,https://www.ebi.ac.uk/gwas/rest/api/v2/associations/31658779; https://www.ebi.ac.uk/gwas/rest/api/v2/associations/35792674; https://www.ebi.ac.uk/gwas/rest/api/v2/associations/36097296,https://www.ebi.ac.uk/gwas/rest/api/v2/associations?efo_id=EFO_0003924&show_child_trait=false&size=500&page=0; https://www.ebi.ac.uk/gwas/rest/api/v2/associations?efo_id=EFO_0003963&show_child_trait=false&size=500&page=0; https://www.ebi.ac.uk/gwas/rest/api/v2/associations?efo_id=OBA_0002313&show_child_trait=false&size=500&page=0
pigmentation,AKAP12,EFO_0003924; OBA_0002313,hair color; strand of hair color,strict,strict,4,4,3,Blond vs. brown/black hair color; Brown vs. black hair color; Cutaneous melanoma or hair colour; Hair color,GCST006988; GCST006989; GCST007082; GCST010302,30531825; 30595370; 32341527,EFO_0003924-page-000.json; OBA_0002313-page-001.json,strict + broad,True,35792609; 35793301; 36096150; 61986470,https://www.ebi.ac.uk/gwas/rest/api/v2/associations/35792609; https://www.ebi.ac.uk/gwas/rest/api/v2/associations/35793301; https://www.ebi.ac.uk/gwas/rest/api/v2/associations/36096150; https://www.ebi.ac.uk/gwas/rest/api/v2/associations/61986470,https://www.ebi.ac.uk/gwas/rest/api/v2/associations?efo_id=EFO_0003924&show_child_trait=false&size=500&page=0; https://www.ebi.ac.uk/gwas/rest/api/v2/associations?efo_id=OBA_0002313&show_child_trait=false&size=500&page=1
pigmentation,ALX4,EFO_0003924; OBA_0002313,hair color; strand of hair color,strict,strict,3,2,2,Blond vs. brown/black hair color; Hair color,GCST006988; GCST007082,30531825; 30595370,EFO_0003924-page-000.json; OBA_0002313-page-000.json,strict + broad,True,35792658; 36096528; 36096533,https://www.ebi.ac.uk/gwas/rest/api/v2/associations/35792658; https://www.ebi.ac.uk/gwas/rest/api/v2/associations/36096528; https://www.ebi.ac.uk/gwas/rest/api/v2/associations/36096533,https://www.ebi.ac.uk/gwas/rest/api/v2/associations?efo_id=EFO_0003924&show_child_trait=false&size=500&page=0; https://www.ebi.ac.uk/gwas/rest/api/v2/associations?efo_id=OBA_0002313&show_child_trait=false&size=500&page=0
pigmentation,AMACR,EFO_0003924; OBA_VT0002095,hair color; skin pigmentation,strict,strict,4,3,2,Blond vs. brown/black hair color; Skin color; Skin phototype score,GCST006988; GCST90255688; GCST90255690,30531825; 36672889,EFO_0003924-page-000.json; OBA_VT0002095-page-000.json,strict + broad,True,104180159; 104180202; 104181125; 35792743,https://www.ebi.ac.uk/gwas/rest/api/v2/associations/104180159; https://www.ebi.ac.uk/gwas/rest/api/v2/associations/104180202; https://www.ebi.ac.uk/gwas/rest/api/v2/associations/104181125; https://www.ebi.ac.uk/gwas/rest/api/v2/associations/35792743,https://www.ebi.ac.uk/gwas/rest/api/v2/associations?efo_id=EFO_0003924&show_child_trait=false&size=500&page=0; https://www.ebi.ac.uk/gwas/rest/api/v2/associations?efo_id=OBA_VT0002095&show_child_trait=false&size=500&page=0
pigmentation,ANKRD11,EFO_0003924; EFO_0004279; MONDO_0005326; MONDO_0005434; OBA_0002313; OBA_VT0002095,hair color; skin pigmentation; skin sensitivity to sun; strand of hair color; sunburn; suntan,broad; strict,broad; strict,35,12,6,"Blond vs. brown/black hair color; Ease of skin tanning; Ease of sunburn; Hair color; Hair colour (natural, before greying): Red (UKB data field 1747_2); Low tan response; Red vs non-red hair color; Red vs. brown/black hair color; Skin color (Fitzpatrick scale); Skin phototype score; Skin reflectance; Sunburns",GCST005897; GCST007082; GCST007086; GCST90041837; GCST90095476; GCST90095478; GCST90246327; GCST90255681; GCST90255686; GCST90255687; GCST90255688; GCST90255689,29739929; 30595370; 34737426; 34737440; 36536295; 36672889,EFO_0003924-page-000.json; EFO_0004279-page-000.json; MONDO_0005326-page-000.json; MONDO_0005434-page-000.json; OBA_0002313-page-000.json; OBA_VT0002095-page-000.json,strict + broad,True,103607422; 104178409; 104178460; 104178528; 104179568; 104179730; 104179772; 104180078; 104180606; 30828019; 30828024; 36097212; 36097217; 36097222; 36099437; 36099441; 93413506; 93413512; 93413518; 93413524; 93413530; 93413536; 93413542; 93413548; 93413554; 93413560; 93413566; 93413572; 93413578; 93413584; 93413590; 93413596; 95175307; 95175396; 95175400,https://www.ebi.ac.uk/gwas/rest/api/v2/associations/103607422; https://www.ebi.ac.uk/gwas/rest/api/v2/associations/104178409; https://www.ebi.ac.uk/gwas/rest/api/v2/associations/104178460; https://www.ebi.ac.uk/gwas/rest/api/v2/associations/104178528; https://www.ebi.ac.uk/gwas/rest/api/v2/associations/104179568; https://www.ebi.ac.uk/gwas/rest/api/v2/associations/104179730; https://www.ebi.ac.uk/gwas/rest/api/v2/associations/104179772; https://www.ebi.ac.uk/gwas/rest/api/v2/associations/104180078; https://www.ebi.ac.uk/gwas/rest/api/v2/associations/104180606; https://www.ebi.ac.uk/gwas/rest/api/v2/associations/30828019; https://www.ebi.ac.uk/gwas/rest/api/v2/associations/30828024; https://www.ebi.ac.uk/gwas/rest/api/v2/associations/36097212; https://www.ebi.ac.uk/gwas/rest/api/v2/associations/36097217; https://www.ebi.ac.uk/gwas/rest/api/v2/associations/36097222; https://www.ebi.ac.uk/gwas/rest/api/v2/associations/36099437; https://www.ebi.ac.uk/gwas/rest/api/v2/associations/36099441; https://www.ebi.ac.uk/gwas/rest/api/v2/associations/93413506; https://www.ebi.ac.uk/gwas/rest/api/v2/associations/93413512; https://www.ebi.ac.uk/gwas/rest/api/v2/associations/93413518; https://www.ebi.ac.uk/gwas/rest/api/v2/associations/93413524; https://www.ebi.ac.uk/gwas/rest/api/v2/associations/93413530; https://www.ebi.ac.uk/gwas/rest/api/v2/associations/93413536; https://www.ebi.ac.uk/gwas/rest/api/v2/associations/93413542; https://www.ebi.ac.uk/gwas/rest/api/v2/associations/93413548; https://www.ebi.ac.uk/gwas/rest/api/v2/associations/93413554; https://www.ebi.ac.uk/gwas/rest/api/v2/associations/93413560; https://www.ebi.ac.uk/gwas/rest/api/v2/associations/93413566; https://www.ebi.ac.uk/gwas/rest/api/v2/associations/93413572; https://www.ebi.ac.uk/gwas/rest/api/v2/associations/93413578; https://www.ebi.ac.uk/gwas/rest/api/v2/associations/93413584; https://www.ebi.ac.uk/gwas/rest/api/v2/associations/93413590; https://www.ebi.ac.uk/gwas/rest/api/v2/associations/93413596; https://www.ebi.ac.uk/gwas/rest/api/v2/associations/95175307; https://www.ebi.ac.uk/gwas/rest/api/v2/associations/95175396; https://www.ebi.ac.uk/gwas/rest/api/v2/associations/95175400,https://www.ebi.ac.uk/gwas/rest/api/v2/associations?efo_id=EFO_0003924&show_child_trait=false&size=500&page=0; https://www.ebi.ac.uk/gwas/rest/api/v2/associations?efo_id=EFO_0004279&show_child_trait=false&size=500&page=0; https://www.ebi.ac.uk/gwas/rest/api/v2/associations?efo_id=MONDO_0005326&show_child_trait=false&size=500&page=0; https://www.ebi.ac.uk/gwas/rest/api/v2/associations?efo_id=MONDO_0005434&show_child_trait=false&size=500&page=0; https://www.ebi.ac.uk/gwas/rest/api/v2/associations?efo_id=OBA_0002313&show_child_trait=false&size=500&page=0; https://www.ebi.ac.uk/gwas/rest/api/v2/associations?efo_id=OBA_VT0002095&show_child_trait=false&size=500&page=0
pigmentation,APBA2,EFO_0003949; OBA_0002313; OBA_VT0002095,eye color; skin pigmentation; strand of hair color,strict,strict,10,5,4,"Eye color; Hair color; Hair colour (natural, before greying): Blonde (UKB data field 1747_1); Hair colour (natural, before greying): Dark brown (UKB data field 1747_4); Skin pigmentation (conditioned on rs1426654 and rs35397)",GCST007082; GCST008516; GCST90041836; GCST90041839; GCST90255684,30595370; 31315583; 34737426; 36672889,EFO_0003949-page-000.json; OBA_0002313-page-000.json; OBA_VT0002095-page-000.json; OBA_VT0002095-page-001.json,strict + broad,True,104179023; 104179058; 104179218; 36097065; 36097070; 36097075; 47687417; 47688605; 93413243; 93414105,https://www.ebi.ac.uk/gwas/rest/api/v2/associations/104179023; https://www.ebi.ac.uk/gwas/rest/api/v2/associations/104179058; https://www.ebi.ac.uk/gwas/rest/api/v2/associations/104179218; https://www.ebi.ac.uk/gwas/rest/api/v2/associations/36097065; https://www.ebi.ac.uk/gwas/rest/api/v2/associations/36097070; https://www.ebi.ac.uk/gwas/rest/api/v2/associations/36097075; https://www.ebi.ac.uk/gwas/rest/api/v2/associations/47687417; https://www.ebi.ac.uk/gwas/rest/api/v2/associations/47688605; https://www.ebi.ac.uk/gwas/rest/api/v2/associations/93413243; https://www.ebi.ac.uk/gwas/rest/api/v2/associations/93414105,https://www.ebi.ac.uk/gwas/rest/api/v2/associations?efo_id=EFO_0003949&show_child_trait=false&size=500&page=0; https://www.ebi.ac.uk/gwas/rest/api/v2/associations?efo_id=OBA_0002313&show_child_trait=false&size=500&page=0; https://www.ebi.ac.uk/gwas/rest/api/v2/associations?efo_id=OBA_VT0002095&show_child_trait=false&size=500&page=0; https://www.ebi.ac.uk/gwas/rest/api/v2/associations?efo_id=OBA_VT0002095&show_child_trait=false&size=500&page=1
pigmentation,AREG,EFO_0003924; OBA_0002313,hair color; strand of hair color,strict,strict,2,2,2,Blond vs. brown/black hair color; Hair color,GCST006988; GCST007082,30531825; 30595370,EFO_0003924-page-000.json; OBA_0002313-page-001.json,strict + broad,True,35792392; 36095807,https://www.ebi.ac.uk/gwas/rest/api/v2/associations/35792392; https://www.ebi.ac.uk/gwas/rest/api/v2/associations/36095807,https://www.ebi.ac.uk/gwas/rest/api/v2/associations?efo_id=EFO_0003924&show_child_trait=false&size=500&page=0; https://www.ebi.ac.uk/gwas/rest/api/v2/associations?efo_id=OBA_0002313&show_child_trait=false&size=500&page=1
pigmentation,ARHGAP24,EFO_0003924; OBA_0002313,hair color; strand of hair color,strict,strict,3,2,2,Blond vs. brown/black hair color; Hair color,GCST006988; GCST007082,30531825; 30595370,EFO_0003924-page-000.json; OBA_0002313-page-001.json,strict + broad,True,35792468; 36095831; 36095836,https://www.ebi.ac.uk/gwas/rest/api/v2/associations/35792468; https://www.ebi.ac.uk/gwas/rest/api/v2/associations/36095831; https://www.ebi.ac.uk/gwas/rest/api/v2/associations/36095836,https://www.ebi.ac.uk/gwas/rest/api/v2/associations?efo_id=EFO_0003924&show_child_trait=false&size=500&page=0; https://www.ebi.ac.uk/gwas/rest/api/v2/associations?efo_id=OBA_0002313&show_child_trait=false&size=500&page=1
pigmentation,ARID1B,EFO_0009764; MONDO_0005326,eye colour measurement; sunburn,broad; strict,broad; strict,2,2,2,Iris color (b* coordinate); Sunburns,GCST007086; GCST007741,30595370; 30895295,EFO_0009764-page-000.json; MONDO_0005326-page-000.json,strict + broad,True,36099257; 41451411,https://www.ebi.ac.uk/gwas/rest/api/v2/associations/36099257; https://www.ebi.ac.uk/gwas/rest/api/v2/associations/41451411,https://www.ebi.ac.uk/gwas/rest/api/v2/associations?efo_id=EFO_0009764&show_child_trait=false&size=500&page=0; https://www.ebi.ac.uk/gwas/rest/api/v2/associations?efo_id=MONDO_0005326&show_child_trait=false&size=500&page=0
pigmentation,ASIP,EFO_0003924; EFO_0003963; EFO_0004279; MONDO_0005326; MONDO_0005434; OBA_0002313,freckles; hair color; skin sensitivity to sun; strand of hair color; sunburn; suntan,broad; strict,broad; strict,6,6,3,Burning and freckling; Freckles; Hair color; Red vs. non-red hair color; Skin sensitivity to sun; Tanning,GCST000193; GCST000195; GCST000196; GCST000197; GCST001939; GCST007082,18488028; 23548203; 30595370,EFO_0003924-page-001.json; EFO_0003963-page-000.json; EFO_0004279-page-000.json; MONDO_0005326-page-000.json; MONDO_0005434-page-000.json; OBA_0002313-page-000.json,strict + broad,True,11223; 11224; 34063; 36097422; 6221; 6223,https://www.ebi.ac.uk/gwas/rest/api/v2/associations/11223; https://www.ebi.ac.uk/gwas/rest/api/v2/associations/11224; https://www.ebi.ac.uk/gwas/rest/api/v2/associations/34063; https://www.ebi.ac.uk/gwas/rest/api/v2/associations/36097422; https://www.ebi.ac.uk/gwas/rest/api/v2/associations/6221; https://www.ebi.ac.uk/gwas/rest/api/v2/associations/6223,https://www.ebi.ac.uk/gwas/rest/api/v2/associations?efo_id=EFO_0003924&show_child_trait=false&size=500&page=1; https://www.ebi.ac.uk/gwas/rest/api/v2/associations?efo_id=EFO_0003963&show_child_trait=false&size=500&page=0; https://www.ebi.ac.uk/gwas/rest/api/v2/associations?efo_id=EFO_0004279&show_child_trait=false&size=500&page=0; https://www.ebi.ac.uk/gwas/rest/api/v2/associations?efo_id=MONDO_0005326&show_child_trait=false&size=500&page=0; https://www.ebi.ac.uk/gwas/rest/api/v2/associations?efo_id=MONDO_0005434&show_child_trait=false&size=500&page=0; https://www.ebi.ac.uk/gwas/rest/api/v2/associations?efo_id=OBA_0002313&show_child_trait=false&size=500&page=0
pigmentation,ATP10A,EFO_0003924; OBA_0002313,hair color; strand of hair color,strict,strict,2,2,2,Cutaneous melanoma or hair colour; Hair color,GCST007082; GCST010302,30595370; 32341527,EFO_0003924-page-000.json; OBA_0002313-page-000.json,strict + broad,True,36097005; 61986609,https://www.ebi.ac.uk/gwas/rest/api/v2/associations/36097005; https://www.ebi.ac.uk/gwas/rest/api/v2/associations/61986609,https://www.ebi.ac.uk/gwas/rest/api/v2/associations?efo_id=EFO_0003924&show_child_trait=false&size=500&page=0; https://www.ebi.ac.uk/gwas/rest/api/v2/associations?efo_id=OBA_0002313&show_child_trait=false&size=500&page=0
pigmentation,ATP11A,EFO_0004279; MONDO_0005326; OBA_VT0002095,skin pigmentation; sunburn; suntan,broad; strict,broad; strict,3,3,3,Low tan response; Skin reflectance; Sunburns,GCST005897; GCST007086; GCST90246327,29739929; 30595370; 36536295,EFO_0004279-page-000.json; MONDO_0005326-page-000.json; OBA_VT0002095-page-000.json,strict + broad,True,103607517; 30827989; 36099373,https://www.ebi.ac.uk/gwas/rest/api/v2/associations/103607517; https://www.ebi.ac.uk/gwas/rest/api/v2/associations/30827989; https://www.ebi.ac.uk/gwas/rest/api/v2/associations/36099373,https://www.ebi.ac.uk/gwas/rest/api/v2/associations?efo_id=EFO_0004279&show_child_trait=false&size=500&page=0; https://www.ebi.ac.uk/gwas/rest/api/v2/associations?efo_id=MONDO_0005326&show_child_trait=false&size=500&page=0; https://www.ebi.ac.uk/gwas/rest/api/v2/associations?efo_id=OBA_VT0002095&show_child_trait=false&size=500&page=0
pigmentation,ATP1B3,EFO_0003924; OBA_0002313,hair color; strand of hair color,strict,strict,2,2,2,Blond vs. brown/black hair color; Hair color,GCST006988; GCST007082,30531825; 30595370,EFO_0003924-page-000.json; OBA_0002313-page-001.json,strict + broad,True,35792779; 36095758,https://www.ebi.ac.uk/gwas/rest/api/v2/associations/35792779; https://www.ebi.ac.uk/gwas/rest/api/v2/associations/36095758,https://www.ebi.ac.uk/gwas/rest/api/v2/associations?efo_id=EFO_0003924&show_child_trait=false&size=500&page=0; https://www.ebi.ac.uk/gwas/rest/api/v2/associations?efo_id=OBA_0002313&show_child_trait=false&size=500&page=1
pigmentation,ATP2B1-AS1,OBA_0002313,strand of hair color,strict,strict,2,2,2,"Hair color; Hair colour (natural, before greying): Blonde (UKB data field 1747_1)",GCST007082; GCST90041836,30595370; 34737426,OBA_0002313-page-000.json,strict + broad,True,36096819; 93413125,https://www.ebi.ac.uk/gwas/rest/api/v2/associations/36096819; https://www.ebi.ac.uk/gwas/rest/api/v2/associations/93413125,https://www.ebi.ac.uk/gwas/rest/api/v2/associations?efo_id=OBA_0002313&show_child_trait=false&size=500&page=0
pigmentation,ATP5MGP4,EFO_0003924; OBA_0002313,hair color; strand of hair color,strict,strict,2,2,2,Blond vs. brown/black hair color; Hair color,GCST006988; GCST007082,30531825; 30595370,EFO_0003924-page-000.json; OBA_0002313-page-001.json,strict + broad,True,35792735; 36095880,https://www.ebi.ac.uk/gwas/rest/api/v2/associations/35792735; https://www.ebi.ac.uk/gwas/rest/api/v2/associations/36095880,https://www.ebi.ac.uk/gwas/rest/api/v2/associations?efo_id=EFO_0003924&show_child_trait=false&size=500&page=0; https://www.ebi.ac.uk/gwas/rest/api/v2/associations?efo_id=OBA_0002313&show_child_trait=false&size=500&page=1
pigmentation,ATXN7L1,EFO_0003924; OBA_0002313,hair color; strand of hair color,strict,strict,2,2,2,Blond vs. brown/black hair color; Hair color,GCST006988; GCST007082,30531825; 30595370,EFO_0003924-page-000.json; OBA_0002313-page-001.json,strict + broad,True,35792432; 36096232,https://www.ebi.ac.uk/gwas/rest/api/v2/associations/35792432; https://www.ebi.ac.uk/gwas/rest/api/v2/associations/36096232,https://www.ebi.ac.uk/gwas/rest/api/v2/associations?efo_id=EFO_0003924&show_child_trait=false&size=500&page=0; https://www.ebi.ac.uk/gwas/rest/api/v2/associations?efo_id=OBA_0002313&show_child_trait=false&size=500&page=1
pigmentation,AURKBP1,EFO_0003924; OBA_0002313,hair color; strand of hair color,strict,strict,2,2,2,Blond vs. brown/black hair color; Hair color,GCST006988; GCST007082,30531825; 30595370,EFO_0003924-page-000.json; OBA_0002313-page-001.json,strict + broad,True,35792476; 36096299,https://www.ebi.ac.uk/gwas/rest/api/v2/associations/35792476; https://www.ebi.ac.uk/gwas/rest/api/v2/associations/36096299,https://www.ebi.ac.uk/gwas/rest/api/v2/associations?efo_id=EFO_0003924&show_child_trait=false&size=500&page=0; https://www.ebi.ac.uk/gwas/rest/api/v2/associations?efo_id=OBA_0002313&show_child_trait=false&size=500&page=1
pigmentation,AXIN2,EFO_0003924; OBA_0002313,hair color; strand of hair color,strict,strict,2,2,2,Blond vs. brown/black hair color; Hair color,GCST006988; GCST007082,30531825; 30595370,EFO_0003924-page-000.json; OBA_0002313-page-000.json,strict + broad,True,35792352; 36097301,https://www.ebi.ac.uk/gwas/rest/api/v2/associations/35792352; https://www.ebi.ac.uk/gwas/rest/api/v2/associations/36097301,https://www.ebi.ac.uk/gwas/rest/api/v2/associations?efo_id=EFO_0003924&show_child_trait=false&size=500&page=0; https://www.ebi.ac.uk/gwas/rest/api/v2/associations?efo_id=OBA_0002313&show_child_trait=false&size=500&page=0
pigmentation,BANP,EFO_0003924; OBA_0002313,hair color; strand of hair color,strict,strict,3,2,2,"Hair colour (natural, before greying): Red (UKB data field 1747_2); Red vs non-red hair color",GCST90041837; GCST90255681,34737426; 36672889,EFO_0003924-page-000.json; OBA_0002313-page-000.json,strict + broad,True,104178421; 93413291; 93413297,https://www.ebi.ac.uk/gwas/rest/api/v2/associations/104178421; https://www.ebi.ac.uk/gwas/rest/api/v2/associations/93413291; https://www.ebi.ac.uk/gwas/rest/api/v2/associations/93413297,https://www.ebi.ac.uk/gwas/rest/api/v2/associations?efo_id=EFO_0003924&show_child_trait=false&size=500&page=0; https://www.ebi.ac.uk/gwas/rest/api/v2/associations?efo_id=OBA_0002313&show_child_trait=false&size=500&page=0
pigmentation,BCAS1,EFO_0003924; OBA_0002313,hair color; strand of hair color,strict,strict,3,3,3,Blond vs. brown/black hair color; Hair color,GCST006075; GCST006988; GCST007082,29662168; 30531825; 30595370,EFO_0003924-page-000.json; OBA_0002313-page-000.json; OBA_0002313-page-001.json,strict + broad,True,30548268; 35792868; 36097491,https://www.ebi.ac.uk/gwas/rest/api/v2/associations/30548268; https://www.ebi.ac.uk/gwas/rest/api/v2/associations/35792868; https://www.ebi.ac.uk/gwas/rest/api/v2/associations/36097491,https://www.ebi.ac.uk/gwas/rest/api/v2/associations?efo_id=EFO_0003924&show_child_trait=false&size=500&page=0; https://www.ebi.ac.uk/gwas/rest/api/v2/associations?efo_id=OBA_0002313&show_child_trait=false&size=500&page=0; https://www.ebi.ac.uk/gwas/rest/api/v2/associations?efo_id=OBA_0002313&show_child_trait=false&size=500&page=1
pigmentation,BMP7,EFO_0003924; EFO_0003949; OBA_0002313,eye color; hair color; strand of hair color,strict,strict,3,3,3,Blond vs. brown/black hair color; Hair color; Iris color (L* coordinate),GCST005094; GCST006988; GCST007082,29109912; 30531825; 30595370,EFO_0003924-page-000.json; EFO_0003949-page-000.json; OBA_0002313-page-000.json,strict + broad,True,24956213; 35792767; 36097496,https://www.ebi.ac.uk/gwas/rest/api/v2/associations/24956213; https://www.ebi.ac.uk/gwas/rest/api/v2/associations/35792767; https://www.ebi.ac.uk/gwas/rest/api/v2/associations/36097496,https://www.ebi.ac.uk/gwas/rest/api/v2/associations?efo_id=EFO_0003924&show_child_trait=false&size=500&page=0; https://www.ebi.ac.uk/gwas/rest/api/v2/associations?efo_id=EFO_0003949&show_child_trait=false&size=500&page=0; https://www.ebi.ac.uk/gwas/rest/api/v2/associations?efo_id=OBA_0002313&show_child_trait=false&size=500&page=0
pigmentation,BNC1,EFO_0003924; OBA_0002313,hair color; strand of hair color,strict,strict,2,2,2,Blond vs. brown/black hair color; Hair color,GCST006988; GCST007082,30531825; 30595370,EFO_0003924-page-000.json; OBA_0002313-page-000.json,strict + broad,True,35792686; 36097109,https://www.ebi.ac.uk/gwas/rest/api/v2/associations/35792686; https://www.ebi.ac.uk/gwas/rest/api/v2/associations/36097109,https://www.ebi.ac.uk/gwas/rest/api/v2/associations?efo_id=EFO_0003924&show_child_trait=false&size=500&page=0; https://www.ebi.ac.uk/gwas/rest/api/v2/associations?efo_id=OBA_0002313&show_child_trait=false&size=500&page=0
pigmentation,BNC2,EFO_0003924; EFO_0003963; EFO_0004279; MONDO_0005326; OBA_0002313; OBA_2045282; OBA_VT0002095,facial pigmentation; freckles; hair color; skin pigmentation; strand of hair color; sunburn; suntan,broad; strict,broad; strict,19,15,11,Blond vs. brown/black hair color; Brown vs. black hair color; Facial pigmentation; Facial pigmentation measurement (UV light); Facial pigmentation measurement (polar light); Facial skin colour (CIELAB index L* value); Facial skin colour (CIELAB index b* value); Freckles; Freckling; Hair color; Low tan response; Skin color; Skin reflectance; Sunburns,GCST000708; GCST002785; GCST005897; GCST006075; GCST006091; GCST006988; GCST006989; GCST007082; GCST007086; GCST90002283; GCST90002284; GCST90020054; GCST90020056; GCST90246327; GCST90255690,20585627; 25705849; 29662168; 29739929; 29895819; 30531825; 30595370; 32835660; 34648798; 36536295; 36672889,EFO_0003924-page-000.json; EFO_0003963-page-000.json; EFO_0004279-page-000.json; MONDO_0005326-page-000.json; OBA_0002313-page-001.json; OBA_2045282-page-000.json; OBA_VT0002095-page-000.json,strict + broad,True,10095339; 103607501; 104181063; 15601; 30548196; 30827819; 30827851; 31658752; 35792328; 35792344; 35793218; 35793242; 36096342; 36096346; 36099285; 62410531; 62410575; 93018966; 93018993,https://www.ebi.ac.uk/gwas/rest/api/v2/associations/10095339; https://www.ebi.ac.uk/gwas/rest/api/v2/associations/103607501; https://www.ebi.ac.uk/gwas/rest/api/v2/associations/104181063; https://www.ebi.ac.uk/gwas/rest/api/v2/associations/15601; https://www.ebi.ac.uk/gwas/rest/api/v2/associations/30548196; https://www.ebi.ac.uk/gwas/rest/api/v2/associations/30827819; https://www.ebi.ac.uk/gwas/rest/api/v2/associations/30827851; https://www.ebi.ac.uk/gwas/rest/api/v2/associations/31658752; https://www.ebi.ac.uk/gwas/rest/api/v2/associations/35792328; https://www.ebi.ac.uk/gwas/rest/api/v2/associations/35792344; https://www.ebi.ac.uk/gwas/rest/api/v2/associations/35793218; https://www.ebi.ac.uk/gwas/rest/api/v2/associations/35793242; https://www.ebi.ac.uk/gwas/rest/api/v2/associations/36096342; https://www.ebi.ac.uk/gwas/rest/api/v2/associations/36096346; https://www.ebi.ac.uk/gwas/rest/api/v2/associations/36099285; https://www.ebi.ac.uk/gwas/rest/api/v2/associations/62410531; https://www.ebi.ac.uk/gwas/rest/api/v2/associations/62410575; https://www.ebi.ac.uk/gwas/rest/api/v2/associations/93018966; https://www.ebi.ac.uk/gwas/rest/api/v2/associations/93018993,https://www.ebi.ac.uk/gwas/rest/api/v2/associations?efo_id=EFO_0003924&show_child_trait=false&size=500&page=0; https://www.ebi.ac.uk/gwas/rest/api/v2/associations?efo_id=EFO_0003963&show_child_trait=false&size=500&page=0; https://www.ebi.ac.uk/gwas/rest/api/v2/associations?efo_id=EFO_0004279&show_child_trait=false&size=500&page=0; https://www.ebi.ac.uk/gwas/rest/api/v2/associations?efo_id=MONDO_0005326&show_child_trait=false&size=500&page=0; https://www.ebi.ac.uk/gwas/rest/api/v2/associations?efo_id=OBA_0002313&show_child_trait=false&size=500&page=1; https://www.ebi.ac.uk/gwas/rest/api/v2/associations?efo_id=OBA_2045282&show_child_trait=false&size=500&page=0; https://www.ebi.ac.uk/gwas/rest/api/v2/associations?efo_id=OBA_VT0002095&show_child_trait=false&size=500&page=0
pigmentation,BPIFA2,EFO_0004279; OBA_0002313,strand of hair color; suntan,broad; strict,broad; strict,2,2,2,Hair color; Low tan response,GCST005897; GCST007082,29739929; 30595370,EFO_0004279-page-000.json; OBA_0002313-page-000.json,strict + broad,True,30828080; 36097407,https://www.ebi.ac.uk/gwas/rest/api/v2/associations/30828080; https://www.ebi.ac.uk/gwas/rest/api/v2/associations/36097407,https://www.ebi.ac.uk/gwas/rest/api/v2/associations?efo_id=EFO_0004279&show_child_trait=false&size=500&page=0; https://www.ebi.ac.uk/gwas/rest/api/v2/associations?efo_id=OBA_0002313&show_child_trait=false&size=500&page=0
pigmentation,BRD10,EFO_0003924; OBA_0002313,hair color; strand of hair color,strict,strict,3,3,3,"Blond vs. brown/black hair color; Hair color; Hair colour (natural, before greying): Blonde (UKB data field 1747_1)",GCST006988; GCST007082; GCST90041836,30531825; 30595370; 34737426,EFO_0003924-page-001.json; OBA_0002313-page-000.json; OBA_0002313-page-001.json,strict + broad,True,35792232; 36096322; 93413086,https://www.ebi.ac.uk/gwas/rest/api/v2/associations/35792232; https://www.ebi.ac.uk/gwas/rest/api/v2/associations/36096322; https://www.ebi.ac.uk/gwas/rest/api/v2/associations/93413086,https://www.ebi.ac.uk/gwas/rest/api/v2/associations?efo_id=EFO_0003924&show_child_trait=false&size=500&page=1; https://www.ebi.ac.uk/gwas/rest/api/v2/associations?efo_id=OBA_0002313&show_child_trait=false&size=500&page=0; https://www.ebi.ac.uk/gwas/rest/api/v2/associations?efo_id=OBA_0002313&show_child_trait=false&size=500&page=1
pigmentation,BTC,EFO_0003924; OBA_0002313,hair color; strand of hair color,strict,strict,2,2,2,Blond vs. brown/black hair color; Hair color,GCST006988; GCST007082,30531825; 30595370,EFO_0003924-page-000.json; OBA_0002313-page-001.json,strict + broad,True,35792392; 36095807,https://www.ebi.ac.uk/gwas/rest/api/v2/associations/35792392; https://www.ebi.ac.uk/gwas/rest/api/v2/associations/36095807,https://www.ebi.ac.uk/gwas/rest/api/v2/associations?efo_id=EFO_0003924&show_child_trait=false&size=500&page=0; https://www.ebi.ac.uk/gwas/rest/api/v2/associations?efo_id=OBA_0002313&show_child_trait=false&size=500&page=1
pigmentation,C5orf67,EFO_0003924; OBA_0002313,hair color; strand of hair color,strict,strict,5,4,3,Blond vs. brown/black hair color; Brown vs. black hair color; Cutaneous melanoma or hair colour; Hair color,GCST006988; GCST006989; GCST007082; GCST010302,30531825; 30595370; 32341527,EFO_0003924-page-000.json; OBA_0002313-page-001.json,strict + broad,True,35792424; 35793227; 36095934; 36095939; 61986502,https://www.ebi.ac.uk/gwas/rest/api/v2/associations/35792424; https://www.ebi.ac.uk/gwas/rest/api/v2/associations/35793227; https://www.ebi.ac.uk/gwas/rest/api/v2/associations/36095934; https://www.ebi.ac.uk/gwas/rest/api/v2/associations/36095939; https://www.ebi.ac.uk/gwas/rest/api/v2/associations/61986502,https://www.ebi.ac.uk/gwas/rest/api/v2/associations?efo_id=EFO_0003924&show_child_trait=false&size=500&page=0; https://www.ebi.ac.uk/gwas/rest/api/v2/associations?efo_id=OBA_0002313&show_child_trait=false&size=500&page=1
pigmentation,CA5A,OBA_0002313,strand of hair color,strict,strict,2,2,2,"Hair color; Hair colour (natural, before greying): Red (UKB data field 1747_2)",GCST007082; GCST90041837,30595370; 34737426,OBA_0002313-page-000.json,strict + broad,True,36097162; 93413285,https://www.ebi.ac.uk/gwas/rest/api/v2/associations/36097162; https://www.ebi.ac.uk/gwas/rest/api/v2/associations/93413285,https://www.ebi.ac.uk/gwas/rest/api/v2/associations?efo_id=OBA_0002313&show_child_trait=false&size=500&page=0
pigmentation,CBFA2T3,EFO_0003924; MONDO_0005326; OBA_0002313,hair color; strand of hair color; sunburn,broad; strict,broad; strict,22,7,4,"Hair color; Hair colour (natural, before greying): Blonde (UKB data field 1747_1); Hair colour (natural, before greying): Dark brown (UKB data field 1747_4); Hair colour (natural, before greying): Red (UKB data field 1747_2); Red vs. brown/black hair color; Sunburns",GCST006986; GCST007082; GCST007086; GCST90041836; GCST90041837; GCST90041839; GCST90095478,30531825; 30595370; 34737426; 34737440,EFO_0003924-page-000.json; MONDO_0005326-page-000.json; OBA_0002313-page-000.json,strict + broad,True,36097202; 36097207; 36099427; 62419556; 93413254; 93413399; 93413405; 93413411; 93413417; 93413423; 93413429; 93413435; 93413441; 93413446; 93413452; 93413458; 93414128; 93414134; 93414140; 93414145; 95175382; 95175387,https://www.ebi.ac.uk/gwas/rest/api/v2/associations/36097202; https://www.ebi.ac.uk/gwas/rest/api/v2/associations/36097207; https://www.ebi.ac.uk/gwas/rest/api/v2/associations/36099427; https://www.ebi.ac.uk/gwas/rest/api/v2/associations/62419556; https://www.ebi.ac.uk/gwas/rest/api/v2/associations/93413254; https://www.ebi.ac.uk/gwas/rest/api/v2/associations/93413399; https://www.ebi.ac.uk/gwas/rest/api/v2/associations/93413405; https://www.ebi.ac.uk/gwas/rest/api/v2/associations/93413411; https://www.ebi.ac.uk/gwas/rest/api/v2/associations/93413417; https://www.ebi.ac.uk/gwas/rest/api/v2/associations/93413423; https://www.ebi.ac.uk/gwas/rest/api/v2/associations/93413429; https://www.ebi.ac.uk/gwas/rest/api/v2/associations/93413435; https://www.ebi.ac.uk/gwas/rest/api/v2/associations/93413441; https://www.ebi.ac.uk/gwas/rest/api/v2/associations/93413446; https://www.ebi.ac.uk/gwas/rest/api/v2/associations/93413452; https://www.ebi.ac.uk/gwas/rest/api/v2/associations/93413458; https://www.ebi.ac.uk/gwas/rest/api/v2/associations/93414128; https://www.ebi.ac.uk/gwas/rest/api/v2/associations/93414134; https://www.ebi.ac.uk/gwas/rest/api/v2/associations/93414140; https://www.ebi.ac.uk/gwas/rest/api/v2/associations/93414145; https://www.ebi.ac.uk/gwas/rest/api/v2/associations/95175382; https://www.ebi.ac.uk/gwas/rest/api/v2/associations/95175387,https://www.ebi.ac.uk/gwas/rest/api/v2/associations?efo_id=EFO_0003924&show_child_trait=false&size=500&page=0; https://www.ebi.ac.uk/gwas/rest/api/v2/associations?efo_id=MONDO_0005326&show_child_trait=false&size=500&page=0; https://www.ebi.ac.uk/gwas/rest/api/v2/associations?efo_id=OBA_0002313&show_child_trait=false&size=500&page=0
pigmentation,CCND2-AS1,EFO_0003924; OBA_0002313,hair color; strand of hair color,strict,strict,3,3,2,Blond vs. brown/black hair color; Brown vs. black hair color; Hair color,GCST006988; GCST006989; GCST007082,30531825; 30595370,EFO_0003924-page-000.json; OBA_0002313-page-000.json,strict + broad,True,35792312; 35793196; 36096686,https://www.ebi.ac.uk/gwas/rest/api/v2/associations/35792312; https://www.ebi.ac.uk/gwas/rest/api/v2/associations/35793196; https://www.ebi.ac.uk/gwas/rest/api/v2/associations/36096686,https://www.ebi.ac.uk/gwas/rest/api/v2/associations?efo_id=EFO_0003924&show_child_trait=false&size=500&page=0; https://www.ebi.ac.uk/gwas/rest/api/v2/associations?efo_id=OBA_0002313&show_child_trait=false&size=500&page=0
pigmentation,CDC42BPA,EFO_0003924; OBA_0002313,hair color; strand of hair color,strict,strict,2,2,2,Blond vs. brown/black hair color; Hair color,GCST006988; GCST007082,30531825; 30595370,EFO_0003924-page-000.json; OBA_0002313-page-001.json,strict + broad,True,35792524; 36095509,https://www.ebi.ac.uk/gwas/rest/api/v2/associations/35792524; https://www.ebi.ac.uk/gwas/rest/api/v2/associations/36095509,https://www.ebi.ac.uk/gwas/rest/api/v2/associations?efo_id=EFO_0003924&show_child_trait=false&size=500&page=0; https://www.ebi.ac.uk/gwas/rest/api/v2/associations?efo_id=OBA_0002313&show_child_trait=false&size=500&page=1
pigmentation,CDK10,EFO_0003924; OBA_0002313,hair color; strand of hair color,strict,strict,12,9,4,"Black vs. red hair color; Blond vs. brown/black hair color; Brown vs. black hair color; Hair colour (natural, before greying): Black (UKB data field 1747_5); Hair colour (natural, before greying): Dark brown (UKB data field 1747_4); Hair colour (natural, before greying): Light brown (UKB data field 1747_3); Hair colour (natural, before greying): Red (UKB data field 1747_2); Red vs non-red hair color; Red vs. brown/black hair color",GCST000191; GCST006986; GCST006988; GCST006989; GCST90041837; GCST90041838; GCST90041839; GCST90041840; GCST90255681,18483556; 30531825; 34737426; 36672889,EFO_0003924-page-000.json; EFO_0003924-page-001.json; OBA_0002313-page-000.json,strict + broad,True,104178454; 11645; 35792957; 35793360; 62419619; 93413656; 93413888; 93414179; 93414184; 93414190; 93414196; 93414345,https://www.ebi.ac.uk/gwas/rest/api/v2/associations/104178454; https://www.ebi.ac.uk/gwas/rest/api/v2/associations/11645; https://www.ebi.ac.uk/gwas/rest/api/v2/associations/35792957; https://www.ebi.ac.uk/gwas/rest/api/v2/associations/35793360; https://www.ebi.ac.uk/gwas/rest/api/v2/associations/62419619; https://www.ebi.ac.uk/gwas/rest/api/v2/associations/93413656; https://www.ebi.ac.uk/gwas/rest/api/v2/associations/93413888; https://www.ebi.ac.uk/gwas/rest/api/v2/associations/93414179; https://www.ebi.ac.uk/gwas/rest/api/v2/associations/93414184; https://www.ebi.ac.uk/gwas/rest/api/v2/associations/93414190; https://www.ebi.ac.uk/gwas/rest/api/v2/associations/93414196; https://www.ebi.ac.uk/gwas/rest/api/v2/associations/93414345,https://www.ebi.ac.uk/gwas/rest/api/v2/associations?efo_id=EFO_0003924&show_child_trait=false&size=500&page=0; https://www.ebi.ac.uk/gwas/rest/api/v2/associations?efo_id=EFO_0003924&show_child_trait=false&size=500&page=1; https://www.ebi.ac.uk/gwas/rest/api/v2/associations?efo_id=OBA_0002313&show_child_trait=false&size=500&page=0
pigmentation,CDK14,EFO_0003924; OBA_0002313,hair color; strand of hair color,strict,strict,2,2,2,Blond vs. brown/black hair color; Hair color,GCST006988; GCST007082,30531825; 30595370,EFO_0003924-page-001.json; OBA_0002313-page-001.json,strict + broad,True,35792252; 36096209,https://www.ebi.ac.uk/gwas/rest/api/v2/associations/35792252; https://www.ebi.ac.uk/gwas/rest/api/v2/associations/36096209,https://www.ebi.ac.uk/gwas/rest/api/v2/associations?efo_id=EFO_0003924&show_child_trait=false&size=500&page=1; https://www.ebi.ac.uk/gwas/rest/api/v2/associations?efo_id=OBA_0002313&show_child_trait=false&size=500&page=1
pigmentation,CDKAL1,EFO_0003924; OBA_0002313,hair color; strand of hair color,strict,strict,2,2,2,Blond vs. brown/black hair color; Hair color,GCST006988; GCST007082,30531825; 30595370,EFO_0003924-page-000.json; OBA_0002313-page-001.json,strict + broad,True,35792472; 36096061,https://www.ebi.ac.uk/gwas/rest/api/v2/associations/35792472; https://www.ebi.ac.uk/gwas/rest/api/v2/associations/36096061,https://www.ebi.ac.uk/gwas/rest/api/v2/associations?efo_id=EFO_0003924&show_child_trait=false&size=500&page=0; https://www.ebi.ac.uk/gwas/rest/api/v2/associations?efo_id=OBA_0002313&show_child_trait=false&size=500&page=1
pigmentation,CDKN2B-AS1,EFO_0003924; OBA_0002313; OBA_2045282,facial pigmentation; hair color; strand of hair color,strict,strict,4,4,3,Cutaneous melanoma or hair colour; Facial pigmentation measurement (UV light); Facial pigmentation measurement (polar light); Hair color,GCST007082; GCST010302; GCST90002283; GCST90002284,30595370; 32341527; 32835660,EFO_0003924-page-000.json; OBA_0002313-page-001.json; OBA_2045282-page-000.json,strict + broad,True,36096350; 61986514; 62410559; 62410601,https://www.ebi.ac.uk/gwas/rest/api/v2/associations/36096350; https://www.ebi.ac.uk/gwas/rest/api/v2/associations/61986514; https://www.ebi.ac.uk/gwas/rest/api/v2/associations/62410559; https://www.ebi.ac.uk/gwas/rest/api/v2/associations/62410601,https://www.ebi.ac.uk/gwas/rest/api/v2/associations?efo_id=EFO_0003924&show_child_trait=false&size=500&page=0; https://www.ebi.ac.uk/gwas/rest/api/v2/associations?efo_id=OBA_0002313&show_child_trait=false&size=500&page=1; https://www.ebi.ac.uk/gwas/rest/api/v2/associations?efo_id=OBA_2045282&show_child_trait=false&size=500&page=0
pigmentation,CFAP299,EFO_0003924; OBA_0002313,hair color; strand of hair color,strict,strict,2,2,2,Blond vs. brown/black hair color; Hair color,GCST006988; GCST007082,30531825; 30595370,EFO_0003924-page-000.json; OBA_0002313-page-001.json,strict + broad,True,35792645; 36095826,https://www.ebi.ac.uk/gwas/rest/api/v2/associations/35792645; https://www.ebi.ac.uk/gwas/rest/api/v2/associations/36095826,https://www.ebi.ac.uk/gwas/rest/api/v2/associations?efo_id=EFO_0003924&show_child_trait=false&size=500&page=0; https://www.ebi.ac.uk/gwas/rest/api/v2/associations?efo_id=OBA_0002313&show_child_trait=false&size=500&page=1
pigmentation,CHL1,EFO_0003924; OBA_0002313,hair color; strand of hair color,strict,strict,2,2,2,Blond vs. brown/black hair color; Hair color,GCST006988; GCST007082,30531825; 30595370,EFO_0003924-page-000.json; OBA_0002313-page-001.json,strict + broad,True,35792544; 36095683,https://www.ebi.ac.uk/gwas/rest/api/v2/associations/35792544; https://www.ebi.ac.uk/gwas/rest/api/v2/associations/36095683,https://www.ebi.ac.uk/gwas/rest/api/v2/associations?efo_id=EFO_0003924&show_child_trait=false&size=500&page=0; https://www.ebi.ac.uk/gwas/rest/api/v2/associations?efo_id=OBA_0002313&show_child_trait=false&size=500&page=1
pigmentation,CHMP1A,EFO_0003924; EFO_0004279; MONDO_0005326; MONDO_0005434; OBA_0002313; OBA_VT0002095,hair color; skin pigmentation; skin sensitivity to sun; strand of hair color; sunburn; suntan,broad; strict,broad; strict,12,9,6,"Ease of skin tanning; Hair colour (natural, before greying): Dark brown (UKB data field 1747_4); Hair colour (natural, before greying): Red (UKB data field 1747_2); Low tan response; Red vs non-red hair color; Red vs. brown/black hair color; Skin phototype score; Sunburns",GCST005897; GCST006986; GCST007086; GCST90041837; GCST90041839; GCST90095478; GCST90255681; GCST90255687; GCST90255688,29739929; 30531825; 30595370; 34737426; 34737440; 36672889,EFO_0003924-page-000.json; EFO_0004279-page-000.json; MONDO_0005326-page-000.json; MONDO_0005434-page-000.json; OBA_0002313-page-000.json; OBA_VT0002095-page-000.json,strict + broad,True,104178493; 104179677; 104179931; 30827860; 30827864; 36099445; 62419529; 62419595; 93413644; 93413650; 93414173; 95175408,https://www.ebi.ac.uk/gwas/rest/api/v2/associations/104178493; https://www.ebi.ac.uk/gwas/rest/api/v2/associations/104179677; https://www.ebi.ac.uk/gwas/rest/api/v2/associations/104179931; https://www.ebi.ac.uk/gwas/rest/api/v2/associations/30827860; https://www.ebi.ac.uk/gwas/rest/api/v2/associations/30827864; https://www.ebi.ac.uk/gwas/rest/api/v2/associations/36099445; https://www.ebi.ac.uk/gwas/rest/api/v2/associations/62419529; https://www.ebi.ac.uk/gwas/rest/api/v2/associations/62419595; https://www.ebi.ac.uk/gwas/rest/api/v2/associations/93413644; https://www.ebi.ac.uk/gwas/rest/api/v2/associations/93413650; https://www.ebi.ac.uk/gwas/rest/api/v2/associations/93414173; https://www.ebi.ac.uk/gwas/rest/api/v2/associations/95175408,https://www.ebi.ac.uk/gwas/rest/api/v2/associations?efo_id=EFO_0003924&show_child_trait=false&size=500&page=0; https://www.ebi.ac.uk/gwas/rest/api/v2/associations?efo_id=EFO_0004279&show_child_trait=false&size=500&page=0; https://www.ebi.ac.uk/gwas/rest/api/v2/associations?efo_id=MONDO_0005326&show_child_trait=false&size=500&page=0; https://www.ebi.ac.uk/gwas/rest/api/v2/associations?efo_id=MONDO_0005434&show_child_trait=false&size=500&page=0; https://www.ebi.ac.uk/gwas/rest/api/v2/associations?efo_id=OBA_0002313&show_child_trait=false&size=500&page=0; https://www.ebi.ac.uk/gwas/rest/api/v2/associations?efo_id=OBA_VT0002095&show_child_trait=false&size=500&page=0
pigmentation,CIROZ,EFO_0003924; OBA_0002313,hair color; strand of hair color,strict,strict,2,2,2,Blond vs. brown/black hair color; Hair color,GCST006988; GCST007082,30531825; 30595370,EFO_0003924-page-000.json; OBA_0002313-page-001.json,strict + broad,True,35793031; 36095417,https://www.ebi.ac.uk/gwas/rest/api/v2/associations/35793031; https://www.ebi.ac.uk/gwas/rest/api/v2/associations/36095417,https://www.ebi.ac.uk/gwas/rest/api/v2/associations?efo_id=EFO_0003924&show_child_trait=false&size=500&page=0; https://www.ebi.ac.uk/gwas/rest/api/v2/associations?efo_id=OBA_0002313&show_child_trait=false&size=500&page=1
pigmentation,CLIC5,EFO_0003924; OBA_0002313,hair color; strand of hair color,strict,strict,2,2,2,Blond vs. brown/black hair color; Hair color,GCST006988; GCST007082,30531825; 30595370,EFO_0003924-page-000.json; OBA_0002313-page-001.json,strict + broad,True,35792496; 36096089,https://www.ebi.ac.uk/gwas/rest/api/v2/associations/35792496; https://www.ebi.ac.uk/gwas/rest/api/v2/associations/36096089,https://www.ebi.ac.uk/gwas/rest/api/v2/associations?efo_id=EFO_0003924&show_child_trait=false&size=500&page=0; https://www.ebi.ac.uk/gwas/rest/api/v2/associations?efo_id=OBA_0002313&show_child_trait=false&size=500&page=1
pigmentation,CNTN4,EFO_0003924; OBA_2045282,facial pigmentation; hair color,strict,strict,2,2,2,Facial skin gloss; Red vs non-red hair color,GCST90104591; GCST90255681,35313536; 36672889,EFO_0003924-page-000.json; OBA_2045282-page-000.json,strict + broad,True,104178511; 97365771,https://www.ebi.ac.uk/gwas/rest/api/v2/associations/104178511; https://www.ebi.ac.uk/gwas/rest/api/v2/associations/97365771,https://www.ebi.ac.uk/gwas/rest/api/v2/associations?efo_id=EFO_0003924&show_child_trait=false&size=500&page=0; https://www.ebi.ac.uk/gwas/rest/api/v2/associations?efo_id=OBA_2045282&show_child_trait=false&size=500&page=0
pigmentation,CPNE7,EFO_0003924; EFO_0004279; OBA_0002313,hair color; strand of hair color; suntan,broad; strict,broad; strict,5,4,4,"Hair colour (natural, before greying): Red (UKB data field 1747_2); Low tan response; Red vs non-red hair color; Tanning",GCST000371; GCST005897; GCST90041837; GCST90255681,19340012; 29739929; 34737426; 36672889,EFO_0003924-page-000.json; EFO_0004279-page-000.json; OBA_0002313-page-000.json,strict + broad,True,104178415; 104178482; 12898; 30827843; 93413632,https://www.ebi.ac.uk/gwas/rest/api/v2/associations/104178415; https://www.ebi.ac.uk/gwas/rest/api/v2/associations/104178482; https://www.ebi.ac.uk/gwas/rest/api/v2/associations/12898; https://www.ebi.ac.uk/gwas/rest/api/v2/associations/30827843; https://www.ebi.ac.uk/gwas/rest/api/v2/associations/93413632,https://www.ebi.ac.uk/gwas/rest/api/v2/associations?efo_id=EFO_0003924&show_child_trait=false&size=500&page=0; https://www.ebi.ac.uk/gwas/rest/api/v2/associations?efo_id=EFO_0004279&show_child_trait=false&size=500&page=0; https://www.ebi.ac.uk/gwas/rest/api/v2/associations?efo_id=OBA_0002313&show_child_trait=false&size=500&page=0
pigmentation,CPSF2,EFO_0003924; OBA_0002313,hair color; strand of hair color,strict,strict,3,3,3,"Blond vs. brown/black hair color; Hair color; Hair colour (natural, before greying): Dark brown (UKB data field 1747_4)",GCST006988; GCST007082; GCST90041839,30531825; 30595370; 34737426,EFO_0003924-page-000.json; OBA_0002313-page-000.json,strict + broad,True,35792783; 36096956; 93413976,https://www.ebi.ac.uk/gwas/rest/api/v2/associations/35792783; https://www.ebi.ac.uk/gwas/rest/api/v2/associations/36096956; https://www.ebi.ac.uk/gwas/rest/api/v2/associations/93413976,https://www.ebi.ac.uk/gwas/rest/api/v2/associations?efo_id=EFO_0003924&show_child_trait=false&size=500&page=0; https://www.ebi.ac.uk/gwas/rest/api/v2/associations?efo_id=OBA_0002313&show_child_trait=false&size=500&page=0
pigmentation,CREB5,EFO_0003924; OBA_0002313,hair color; strand of hair color,strict,strict,2,2,2,Blond vs. brown/black hair color; Hair color,GCST006988; GCST007082,30531825; 30595370,EFO_0003924-page-000.json; OBA_0002313-page-001.json,strict + broad,True,35792540; 36096189,https://www.ebi.ac.uk/gwas/rest/api/v2/associations/35792540; https://www.ebi.ac.uk/gwas/rest/api/v2/associations/36096189,https://www.ebi.ac.uk/gwas/rest/api/v2/associations?efo_id=EFO_0003924&show_child_trait=false&size=500&page=0; https://www.ebi.ac.uk/gwas/rest/api/v2/associations?efo_id=OBA_0002313&show_child_trait=false&size=500&page=1
pigmentation,CYCSP30,OBA_0002313; OBA_VT0002095,skin pigmentation; strand of hair color,strict,strict,2,2,2,Hair color; Skin reflectance (Melanin index),GCST007082; GCST007739,30595370; 30895295,OBA_0002313-page-000.json; OBA_VT0002095-page-001.json,strict + broad,True,36096769; 41452535,https://www.ebi.ac.uk/gwas/rest/api/v2/associations/36096769; https://www.ebi.ac.uk/gwas/rest/api/v2/associations/41452535,https://www.ebi.ac.uk/gwas/rest/api/v2/associations?efo_id=OBA_0002313&show_child_trait=false&size=500&page=0; https://www.ebi.ac.uk/gwas/rest/api/v2/associations?efo_id=OBA_VT0002095&show_child_trait=false&size=500&page=1
pigmentation,CYP1B1,EFO_0004279; MONDO_0005326,sunburn; suntan,broad,broad,2,2,2,Low tan response; Sunburns,GCST005897; GCST007086,29739929; 30595370,EFO_0004279-page-000.json; MONDO_0005326-page-000.json,strict + broad,True,30827909; 36099127,https://www.ebi.ac.uk/gwas/rest/api/v2/associations/30827909; https://www.ebi.ac.uk/gwas/rest/api/v2/associations/36099127,https://www.ebi.ac.uk/gwas/rest/api/v2/associations?efo_id=EFO_0004279&show_child_trait=false&size=500&page=0; https://www.ebi.ac.uk/gwas/rest/api/v2/associations?efo_id=MONDO_0005326&show_child_trait=false&size=500&page=0
pigmentation,DBNDD1,EFO_0003924; EFO_0004279; OBA_0002313,hair color; strand of hair color; suntan,broad; strict,broad; strict,5,5,5,"Blond vs. brown/black hair color; Hair colour (natural, before greying): Red (UKB data field 1747_2); Low tan response; Red vs. brown/black hair color; Tanning",GCST000371; GCST005897; GCST006988; GCST90041837; GCST90095478,19340012; 29739929; 30531825; 34737426; 34737440,EFO_0003924-page-000.json; EFO_0004279-page-000.json; OBA_0002313-page-000.json,strict + broad,True,12895; 30827900; 35792755; 93413785; 95175424,https://www.ebi.ac.uk/gwas/rest/api/v2/associations/12895; https://www.ebi.ac.uk/gwas/rest/api/v2/associations/30827900; https://www.ebi.ac.uk/gwas/rest/api/v2/associations/35792755; https://www.ebi.ac.uk/gwas/rest/api/v2/associations/93413785; https://www.ebi.ac.uk/gwas/rest/api/v2/associations/95175424,https://www.ebi.ac.uk/gwas/rest/api/v2/associations?efo_id=EFO_0003924&show_child_trait=false&size=500&page=0; https://www.ebi.ac.uk/gwas/rest/api/v2/associations?efo_id=EFO_0004279&show_child_trait=false&size=500&page=0; https://www.ebi.ac.uk/gwas/rest/api/v2/associations?efo_id=OBA_0002313&show_child_trait=false&size=500&page=0
pigmentation,DCT,EFO_0003924; EFO_0004279; OBA_0002313,hair color; strand of hair color; suntan,broad; strict,broad; strict,4,4,4,Blond vs. brown/black hair color; Hair color; Low tan response,GCST005897; GCST006075; GCST006988; GCST007082,29662168; 29739929; 30531825; 30595370,EFO_0003924-page-000.json; EFO_0004279-page-000.json; OBA_0002313-page-000.json; OBA_0002313-page-001.json,strict + broad,True,30548234; 30827835; 35792856; 36096896,https://www.ebi.ac.uk/gwas/rest/api/v2/associations/30548234; https://www.ebi.ac.uk/gwas/rest/api/v2/associations/30827835; https://www.ebi.ac.uk/gwas/rest/api/v2/associations/35792856; https://www.ebi.ac.uk/gwas/rest/api/v2/associations/36096896,https://www.ebi.ac.uk/gwas/rest/api/v2/associations?efo_id=EFO_0003924&show_child_trait=false&size=500&page=0; https://www.ebi.ac.uk/gwas/rest/api/v2/associations?efo_id=EFO_0004279&show_child_trait=false&size=500&page=0; https://www.ebi.ac.uk/gwas/rest/api/v2/associations?efo_id=OBA_0002313&show_child_trait=false&size=500&page=0; https://www.ebi.ac.uk/gwas/rest/api/v2/associations?efo_id=OBA_0002313&show_child_trait=false&size=500&page=1
pigmentation,DDHD1-DT,EFO_0003924; OBA_0002313,hair color; strand of hair color,strict,strict,2,2,2,Blond vs. brown/black hair color; Hair color,GCST006988; GCST007082,30531825; 30595370,EFO_0003924-page-000.json; OBA_0002313-page-000.json,strict + broad,True,35792548; 36096914,https://www.ebi.ac.uk/gwas/rest/api/v2/associations/35792548; https://www.ebi.ac.uk/gwas/rest/api/v2/associations/36096914,https://www.ebi.ac.uk/gwas/rest/api/v2/associations?efo_id=EFO_0003924&show_child_trait=false&size=500&page=0; https://www.ebi.ac.uk/gwas/rest/api/v2/associations?efo_id=OBA_0002313&show_child_trait=false&size=500&page=0
pigmentation,DDIT4-AS1,EFO_0003924; OBA_0002313,hair color; strand of hair color,strict,strict,2,2,2,Blond vs. brown/black hair color; Hair color,GCST006988; GCST007082,30531825; 30595370,EFO_0003924-page-000.json; OBA_0002313-page-001.json,strict + broad,True,35792573; 36096446,https://www.ebi.ac.uk/gwas/rest/api/v2/associations/35792573; https://www.ebi.ac.uk/gwas/rest/api/v2/associations/36096446,https://www.ebi.ac.uk/gwas/rest/api/v2/associations?efo_id=EFO_0003924&show_child_trait=false&size=500&page=0; https://www.ebi.ac.uk/gwas/rest/api/v2/associations?efo_id=OBA_0002313&show_child_trait=false&size=500&page=1
pigmentation,DEF8,EFO_0003924; EFO_0004279; OBA_0002313; OBA_VT0002095,hair color; skin pigmentation; strand of hair color; suntan,broad; strict,broad; strict,15,11,8,"Blond vs. brown/black hair color; Brown vs. black hair color; Brown vs. non-brown hair color; Hair color; Hair colour (natural, before greying): Red (UKB data field 1747_2); Light vs. dark hair color; Low tan response; Red vs non-red hair color; Red vs. brown/black hair color; Skin reflectance",GCST003020; GCST003021; GCST003022; GCST005897; GCST006986; GCST006989; GCST007082; GCST90041837; GCST90095476; GCST90246327; GCST90255681,26184321; 29739929; 30531825; 30595370; 34737426; 34737440; 36536295; 36672889,EFO_0003924-page-000.json; EFO_0003924-page-001.json; EFO_0004279-page-000.json; OBA_0002313-page-000.json; OBA_VT0002095-page-000.json,strict + broad,True,103607394; 103607432; 104178499; 14882998; 14944553; 14944765; 30827888; 30828046; 35793394; 36097242; 62419480; 62419569; 62419629; 93413761; 95175323,https://www.ebi.ac.uk/gwas/rest/api/v2/associations/103607394; https://www.ebi.ac.uk/gwas/rest/api/v2/associations/103607432; https://www.ebi.ac.uk/gwas/rest/api/v2/associations/104178499; https://www.ebi.ac.uk/gwas/rest/api/v2/associations/14882998; https://www.ebi.ac.uk/gwas/rest/api/v2/associations/14944553; https://www.ebi.ac.uk/gwas/rest/api/v2/associations/14944765; https://www.ebi.ac.uk/gwas/rest/api/v2/associations/30827888; https://www.ebi.ac.uk/gwas/rest/api/v2/associations/30828046; https://www.ebi.ac.uk/gwas/rest/api/v2/associations/35793394; https://www.ebi.ac.uk/gwas/rest/api/v2/associations/36097242; https://www.ebi.ac.uk/gwas/rest/api/v2/associations/62419480; https://www.ebi.ac.uk/gwas/rest/api/v2/associations/62419569; https://www.ebi.ac.uk/gwas/rest/api/v2/associations/62419629; https://www.ebi.ac.uk/gwas/rest/api/v2/associations/93413761; https://www.ebi.ac.uk/gwas/rest/api/v2/associations/95175323,https://www.ebi.ac.uk/gwas/rest/api/v2/associations?efo_id=EFO_0003924&show_child_trait=false&size=500&page=0; https://www.ebi.ac.uk/gwas/rest/api/v2/associations?efo_id=EFO_0003924&show_child_trait=false&size=500&page=1; https://www.ebi.ac.uk/gwas/rest/api/v2/associations?efo_id=EFO_0004279&show_child_trait=false&size=500&page=0; https://www.ebi.ac.uk/gwas/rest/api/v2/associations?efo_id=OBA_0002313&show_child_trait=false&size=500&page=0; https://www.ebi.ac.uk/gwas/rest/api/v2/associations?efo_id=OBA_VT0002095&show_child_trait=false&size=500&page=0
pigmentation,DISC1FP1,EFO_0004279; OBA_0002313; OBA_VT0002095,skin pigmentation; strand of hair color; suntan,broad; strict,broad; strict,4,3,3,Hair color; Low tan response; Skin reflectance (Melanin index),GCST005897; GCST007082; GCST007739,29739929; 30595370; 30895295,EFO_0004279-page-000.json; OBA_0002313-page-000.json; OBA_VT0002095-page-001.json,strict + broad,True,30827974; 30827979; 36096667; 41452406,https://www.ebi.ac.uk/gwas/rest/api/v2/associations/30827974; https://www.ebi.ac.uk/gwas/rest/api/v2/associations/30827979; https://www.ebi.ac.uk/gwas/rest/api/v2/associations/36096667; https://www.ebi.ac.uk/gwas/rest/api/v2/associations/41452406,https://www.ebi.ac.uk/gwas/rest/api/v2/associations?efo_id=EFO_0004279&show_child_trait=false&size=500&page=0; https://www.ebi.ac.uk/gwas/rest/api/v2/associations?efo_id=OBA_0002313&show_child_trait=false&size=500&page=0; https://www.ebi.ac.uk/gwas/rest/api/v2/associations?efo_id=OBA_VT0002095&show_child_trait=false&size=500&page=1
pigmentation,DLGAP4,EFO_0004279; OBA_0002313,strand of hair color; suntan,broad; strict,broad; strict,2,2,2,Hair color; Low tan response,GCST005897; GCST007082,29739929; 30595370,EFO_0004279-page-000.json; OBA_0002313-page-000.json,strict + broad,True,30828149; 36097446,https://www.ebi.ac.uk/gwas/rest/api/v2/associations/30828149; https://www.ebi.ac.uk/gwas/rest/api/v2/associations/36097446,https://www.ebi.ac.uk/gwas/rest/api/v2/associations?efo_id=EFO_0004279&show_child_trait=false&size=500&page=0; https://www.ebi.ac.uk/gwas/rest/api/v2/associations?efo_id=OBA_0002313&show_child_trait=false&size=500&page=0
pigmentation,DNAI3,EFO_0003924; OBA_0002313,hair color; strand of hair color,strict,strict,2,2,2,Blond vs. brown/black hair color; Hair color,GCST006988; GCST007082,30531825; 30595370,EFO_0003924-page-000.json; OBA_0002313-page-001.json,strict + broad,True,35793006; 36095455,https://www.ebi.ac.uk/gwas/rest/api/v2/associations/35793006; https://www.ebi.ac.uk/gwas/rest/api/v2/associations/36095455,https://www.ebi.ac.uk/gwas/rest/api/v2/associations?efo_id=EFO_0003924&show_child_trait=false&size=500&page=0; https://www.ebi.ac.uk/gwas/rest/api/v2/associations?efo_id=OBA_0002313&show_child_trait=false&size=500&page=1
pigmentation,DNAJB4,EFO_0003924; OBA_0002313,hair color; strand of hair color,strict,strict,2,2,2,Cutaneous melanoma or hair colour; Hair color,GCST007082; GCST010302,30595370; 32341527,EFO_0003924-page-000.json; OBA_0002313-page-001.json,strict + broad,True,36095451; 61986540,https://www.ebi.ac.uk/gwas/rest/api/v2/associations/36095451; https://www.ebi.ac.uk/gwas/rest/api/v2/associations/61986540,https://www.ebi.ac.uk/gwas/rest/api/v2/associations?efo_id=EFO_0003924&show_child_trait=false&size=500&page=0; https://www.ebi.ac.uk/gwas/rest/api/v2/associations?efo_id=OBA_0002313&show_child_trait=false&size=500&page=1
pigmentation,DOCK8-AS1,EFO_0003924; OBA_0002313,hair color; strand of hair color,strict,strict,4,4,3,Blond vs. brown/black hair color; Brown vs. black hair color; Cutaneous melanoma or hair colour; Hair color,GCST006988; GCST006989; GCST007082; GCST010302,30531825; 30595370; 32341527,EFO_0003924-page-000.json; OBA_0002313-page-001.json,strict + broad,True,35792364; 35793251; 36096317; 61986465,https://www.ebi.ac.uk/gwas/rest/api/v2/associations/35792364; https://www.ebi.ac.uk/gwas/rest/api/v2/associations/35793251; https://www.ebi.ac.uk/gwas/rest/api/v2/associations/36096317; https://www.ebi.ac.uk/gwas/rest/api/v2/associations/61986465,https://www.ebi.ac.uk/gwas/rest/api/v2/associations?efo_id=EFO_0003924&show_child_trait=false&size=500&page=0; https://www.ebi.ac.uk/gwas/rest/api/v2/associations?efo_id=OBA_0002313&show_child_trait=false&size=500&page=1
pigmentation,DPEP1,EFO_0003924; EFO_0004279; MONDO_0005434; OBA_0002313; OBA_VT0002095,hair color; skin pigmentation; skin sensitivity to sun; strand of hair color; suntan,broad; strict,broad; strict,13,7,4,"Ease of skin tanning; Hair color; Hair colour (natural, before greying): Red (UKB data field 1747_2); Red vs non-red hair color; Skin color (Fitzpatrick scale); Skin phototype score; Tanning",GCST000371; GCST007082; GCST90041837; GCST90255681; GCST90255687; GCST90255688; GCST90255689,19340012; 30595370; 34737426; 36672889,EFO_0003924-page-000.json; EFO_0004279-page-000.json; MONDO_0005434-page-000.json; OBA_0002313-page-000.json; OBA_VT0002095-page-000.json,strict + broad,True,104178415; 104178488; 104178505; 104178539; 104178616; 104179756; 104180212; 104180233; 104180711; 12898; 36097227; 93413638; 93413644,https://www.ebi.ac.uk/gwas/rest/api/v2/associations/104178415; https://www.ebi.ac.uk/gwas/rest/api/v2/associations/104178488; https://www.ebi.ac.uk/gwas/rest/api/v2/associations/104178505; https://www.ebi.ac.uk/gwas/rest/api/v2/associations/104178539; https://www.ebi.ac.uk/gwas/rest/api/v2/associations/104178616; https://www.ebi.ac.uk/gwas/rest/api/v2/associations/104179756; https://www.ebi.ac.uk/gwas/rest/api/v2/associations/104180212; https://www.ebi.ac.uk/gwas/rest/api/v2/associations/104180233; https://www.ebi.ac.uk/gwas/rest/api/v2/associations/104180711; https://www.ebi.ac.uk/gwas/rest/api/v2/associations/12898; https://www.ebi.ac.uk/gwas/rest/api/v2/associations/36097227; https://www.ebi.ac.uk/gwas/rest/api/v2/associations/93413638; https://www.ebi.ac.uk/gwas/rest/api/v2/associations/93413644,https://www.ebi.ac.uk/gwas/rest/api/v2/associations?efo_id=EFO_0003924&show_child_trait=false&size=500&page=0; https://www.ebi.ac.uk/gwas/rest/api/v2/associations?efo_id=EFO_0004279&show_child_trait=false&size=500&page=0; https://www.ebi.ac.uk/gwas/rest/api/v2/associations?efo_id=MONDO_0005434&show_child_trait=false&size=500&page=0; https://www.ebi.ac.uk/gwas/rest/api/v2/associations?efo_id=OBA_0002313&show_child_trait=false&size=500&page=0; https://www.ebi.ac.uk/gwas/rest/api/v2/associations?efo_id=OBA_VT0002095&show_child_trait=false&size=500&page=0
pigmentation,DSTYK,EFO_0003924; EFO_0009764; OBA_0002313,eye colour measurement; hair color; strand of hair color,strict,strict,6,6,5,Blond vs. brown/black hair color; Cutaneous melanoma or hair colour; Eye color (brightness); Eye color (saturation); Hair color,GCST006075; GCST006988; GCST007082; GCST007455; GCST007457; GCST010302,29662168; 30531825; 30595370; 30664655; 32341527,EFO_0003924-page-000.json; EFO_0009764-page-000.json; OBA_0002313-page-001.json,strict + broad,True,30548164; 35793056; 36095484; 37790185; 37790327; 61986457,https://www.ebi.ac.uk/gwas/rest/api/v2/associations/30548164; https://www.ebi.ac.uk/gwas/rest/api/v2/associations/35793056; https://www.ebi.ac.uk/gwas/rest/api/v2/associations/36095484; https://www.ebi.ac.uk/gwas/rest/api/v2/associations/37790185; https://www.ebi.ac.uk/gwas/rest/api/v2/associations/37790327; https://www.ebi.ac.uk/gwas/rest/api/v2/associations/61986457,https://www.ebi.ac.uk/gwas/rest/api/v2/associations?efo_id=EFO_0003924&show_child_trait=false&size=500&page=0; https://www.ebi.ac.uk/gwas/rest/api/v2/associations?efo_id=EFO_0009764&show_child_trait=false&size=500&page=0; https://www.ebi.ac.uk/gwas/rest/api/v2/associations?efo_id=OBA_0002313&show_child_trait=false&size=500&page=1
pigmentation,DUSP22,EFO_0003924; EFO_0004279; MONDO_0005326; MONDO_0005434; OBA_0002313,hair color; skin sensitivity to sun; strand of hair color; sunburn; suntan,broad; strict,broad; strict,9,6,4,Blond vs. brown/black hair color; Brown vs. black hair color; Ease of skin tanning; Hair color; Low tan response; Sunburns,GCST005897; GCST006988; GCST006989; GCST007082; GCST007086; GCST90255687,29739929; 30531825; 30595370; 36672889,EFO_0003924-page-000.json; EFO_0004279-page-000.json; MONDO_0005326-page-000.json; MONDO_0005434-page-000.json; OBA_0002313-page-001.json,strict + broad,True,104179725; 30827914; 35792678; 35792803; 35793278; 35793282; 36096007; 36096012; 36099199,https://www.ebi.ac.uk/gwas/rest/api/v2/associations/104179725; https://www.ebi.ac.uk/gwas/rest/api/v2/associations/30827914; https://www.ebi.ac.uk/gwas/rest/api/v2/associations/35792678; https://www.ebi.ac.uk/gwas/rest/api/v2/associations/35792803; https://www.ebi.ac.uk/gwas/rest/api/v2/associations/35793278; https://www.ebi.ac.uk/gwas/rest/api/v2/associations/35793282; https://www.ebi.ac.uk/gwas/rest/api/v2/associations/36096007; https://www.ebi.ac.uk/gwas/rest/api/v2/associations/36096012; https://www.ebi.ac.uk/gwas/rest/api/v2/associations/36099199,https://www.ebi.ac.uk/gwas/rest/api/v2/associations?efo_id=EFO_0003924&show_child_trait=false&size=500&page=0; https://www.ebi.ac.uk/gwas/rest/api/v2/associations?efo_id=EFO_0004279&show_child_trait=false&size=500&page=0; https://www.ebi.ac.uk/gwas/rest/api/v2/associations?efo_id=MONDO_0005326&show_child_trait=false&size=500&page=0; https://www.ebi.ac.uk/gwas/rest/api/v2/associations?efo_id=MONDO_0005434&show_child_trait=false&size=500&page=0; https://www.ebi.ac.uk/gwas/rest/api/v2/associations?efo_id=OBA_0002313&show_child_trait=false&size=500&page=1
pigmentation,DUT,OBA_VT0002095,skin pigmentation,strict,strict,8,4,2,Skin color in blue band; Skin color in green band; Skin color in red band; Skin reflectance (Melanin index),GCST007739; GCST90854270; GCST90854271; GCST90854272,30895295; 42586059,OBA_VT0002095-page-000.json; OBA_VT0002095-page-001.json,strict + broad,True,223072141; 223072195; 223072303; 223072336; 223072348; 223072490; 223072547; 41452572,https://www.ebi.ac.uk/gwas/rest/api/v2/associations/223072141; https://www.ebi.ac.uk/gwas/rest/api/v2/associations/223072195; https://www.ebi.ac.uk/gwas/rest/api/v2/associations/223072303; https://www.ebi.ac.uk/gwas/rest/api/v2/associations/223072336; https://www.ebi.ac.uk/gwas/rest/api/v2/associations/223072348; https://www.ebi.ac.uk/gwas/rest/api/v2/associations/223072490; https://www.ebi.ac.uk/gwas/rest/api/v2/associations/223072547; https://www.ebi.ac.uk/gwas/rest/api/v2/associations/41452572,https://www.ebi.ac.uk/gwas/rest/api/v2/associations?efo_id=OBA_VT0002095&show_child_trait=false&size=500&page=0; https://www.ebi.ac.uk/gwas/rest/api/v2/associations?efo_id=OBA_VT0002095&show_child_trait=false&size=500&page=1
pigmentation,EDN3,EFO_0003924; OBA_0002313,hair color; strand of hair color,strict,strict,2,2,2,Blond vs. brown/black hair color; Hair color,GCST006988; GCST007082,30531825; 30595370,EFO_0003924-page-000.json; OBA_0002313-page-000.json,strict + broad,True,35792452; 36097501,https://www.ebi.ac.uk/gwas/rest/api/v2/associations/35792452; https://www.ebi.ac.uk/gwas/rest/api/v2/associations/36097501,https://www.ebi.ac.uk/gwas/rest/api/v2/associations?efo_id=EFO_0003924&show_child_trait=false&size=500&page=0; https://www.ebi.ac.uk/gwas/rest/api/v2/associations?efo_id=OBA_0002313&show_child_trait=false&size=500&page=0
pigmentation,EDNRB-AS1,EFO_0003924; OBA_0002313,hair color; strand of hair color,strict,strict,5,5,4,Blond vs. brown/black hair color; Brown vs. black hair color; Hair color,GCST001932; GCST006075; GCST006988; GCST006989; GCST007082,23548203; 29662168; 30531825; 30595370,EFO_0003924-page-000.json; EFO_0003924-page-001.json; OBA_0002313-page-000.json; OBA_0002313-page-001.json,strict + broad,True,30548229; 34045; 35792240; 35793201; 36096877,https://www.ebi.ac.uk/gwas/rest/api/v2/associations/30548229; https://www.ebi.ac.uk/gwas/rest/api/v2/associations/34045; https://www.ebi.ac.uk/gwas/rest/api/v2/associations/35792240; https://www.ebi.ac.uk/gwas/rest/api/v2/associations/35793201; https://www.ebi.ac.uk/gwas/rest/api/v2/associations/36096877,https://www.ebi.ac.uk/gwas/rest/api/v2/associations?efo_id=EFO_0003924&show_child_trait=false&size=500&page=0; https://www.ebi.ac.uk/gwas/rest/api/v2/associations?efo_id=EFO_0003924&show_child_trait=false&size=500&page=1; https://www.ebi.ac.uk/gwas/rest/api/v2/associations?efo_id=OBA_0002313&show_child_trait=false&size=500&page=0; https://www.ebi.ac.uk/gwas/rest/api/v2/associations?efo_id=OBA_0002313&show_child_trait=false&size=500&page=1
pigmentation,EGR3-AS1,EFO_0003924; OBA_0002313,hair color; strand of hair color,strict,strict,2,2,2,Blond vs. brown/black hair color; Hair color,GCST006988; GCST007082,30531825; 30595370,EFO_0003924-page-000.json; OBA_0002313-page-001.json,strict + broad,True,35792650; 36096266,https://www.ebi.ac.uk/gwas/rest/api/v2/associations/35792650; https://www.ebi.ac.uk/gwas/rest/api/v2/associations/36096266,https://www.ebi.ac.uk/gwas/rest/api/v2/associations?efo_id=EFO_0003924&show_child_trait=false&size=500&page=0; https://www.ebi.ac.uk/gwas/rest/api/v2/associations?efo_id=OBA_0002313&show_child_trait=false&size=500&page=1
pigmentation,EIF6,EFO_0003963; MONDO_0005326,freckles; sunburn,broad,broad,2,2,2,Freckling; Sunburns,GCST000708; GCST007086,20585627; 30595370,EFO_0003963-page-000.json; MONDO_0005326-page-000.json,strict + broad,True,15600; 36099493,https://www.ebi.ac.uk/gwas/rest/api/v2/associations/15600; https://www.ebi.ac.uk/gwas/rest/api/v2/associations/36099493,https://www.ebi.ac.uk/gwas/rest/api/v2/associations?efo_id=EFO_0003963&show_child_trait=false&size=500&page=0; https://www.ebi.ac.uk/gwas/rest/api/v2/associations?efo_id=MONDO_0005326&show_child_trait=false&size=500&page=0
pigmentation,ENTREP2,OBA_0002313; OBA_VT0002095,skin pigmentation; strand of hair color,strict,strict,2,2,2,Hair color; Skin pigmentation (conditioned on rs1426654 and rs35397),GCST007082; GCST008516,30595370; 31315583,OBA_0002313-page-000.json; OBA_VT0002095-page-001.json,strict + broad,True,36097080; 47687422,https://www.ebi.ac.uk/gwas/rest/api/v2/associations/36097080; https://www.ebi.ac.uk/gwas/rest/api/v2/associations/47687422,https://www.ebi.ac.uk/gwas/rest/api/v2/associations?efo_id=OBA_0002313&show_child_trait=false&size=500&page=0; https://www.ebi.ac.uk/gwas/rest/api/v2/associations?efo_id=OBA_VT0002095&show_child_trait=false&size=500&page=1
pigmentation,EPHA4,EFO_0003924; OBA_0002313,hair color; strand of hair color,strict,strict,12,4,3,Blond vs. brown/black hair color; Brown vs. black hair color; Hair color,GCST006075; GCST006988; GCST006989; GCST007082,29662168; 30531825; 30595370,EFO_0003924-page-000.json; EFO_0003924-page-001.json; OBA_0002313-page-001.json,strict + broad,True,30548169; 35792276; 35792288; 35793048; 35793052; 35793265; 35793269; 36095632; 36095636; 36095641; 36095646; 36095651,https://www.ebi.ac.uk/gwas/rest/api/v2/associations/30548169; https://www.ebi.ac.uk/gwas/rest/api/v2/associations/35792276; https://www.ebi.ac.uk/gwas/rest/api/v2/associations/35792288; https://www.ebi.ac.uk/gwas/rest/api/v2/associations/35793048; https://www.ebi.ac.uk/gwas/rest/api/v2/associations/35793052; https://www.ebi.ac.uk/gwas/rest/api/v2/associations/35793265; https://www.ebi.ac.uk/gwas/rest/api/v2/associations/35793269; https://www.ebi.ac.uk/gwas/rest/api/v2/associations/36095632; https://www.ebi.ac.uk/gwas/rest/api/v2/associations/36095636; https://www.ebi.ac.uk/gwas/rest/api/v2/associations/36095641; https://www.ebi.ac.uk/gwas/rest/api/v2/associations/36095646; https://www.ebi.ac.uk/gwas/rest/api/v2/associations/36095651,https://www.ebi.ac.uk/gwas/rest/api/v2/associations?efo_id=EFO_0003924&show_child_trait=false&size=500&page=0; https://www.ebi.ac.uk/gwas/rest/api/v2/associations?efo_id=EFO_0003924&show_child_trait=false&size=500&page=1; https://www.ebi.ac.uk/gwas/rest/api/v2/associations?efo_id=OBA_0002313&show_child_trait=false&size=500&page=1
pigmentation,ERRFI1-DT,EFO_0003924; OBA_0002313,hair color; strand of hair color,strict,strict,4,4,3,Blond vs. brown/black hair color; Brown vs. black hair color; Hair color,GCST006075; GCST006988; GCST006989; GCST007082,29662168; 30531825; 30595370,EFO_0003924-page-000.json; OBA_0002313-page-001.json,strict + broad,True,30548159; 35793072; 35793260; 36095402,https://www.ebi.ac.uk/gwas/rest/api/v2/associations/30548159; https://www.ebi.ac.uk/gwas/rest/api/v2/associations/35793072; https://www.ebi.ac.uk/gwas/rest/api/v2/associations/35793260; https://www.ebi.ac.uk/gwas/rest/api/v2/associations/36095402,https://www.ebi.ac.uk/gwas/rest/api/v2/associations?efo_id=EFO_0003924&show_child_trait=false&size=500&page=0; https://www.ebi.ac.uk/gwas/rest/api/v2/associations?efo_id=OBA_0002313&show_child_trait=false&size=500&page=1
pigmentation,ETV1,EFO_0003924; OBA_0002313,hair color; strand of hair color,strict,strict,2,2,2,Blond vs. brown/black hair color; Hair color,GCST006988; GCST007082,30531825; 30595370,EFO_0003924-page-000.json; OBA_0002313-page-001.json,strict + broad,True,35792617; 36096164,https://www.ebi.ac.uk/gwas/rest/api/v2/associations/35792617; https://www.ebi.ac.uk/gwas/rest/api/v2/associations/36096164,https://www.ebi.ac.uk/gwas/rest/api/v2/associations?efo_id=EFO_0003924&show_child_trait=false&size=500&page=0; https://www.ebi.ac.uk/gwas/rest/api/v2/associations?efo_id=OBA_0002313&show_child_trait=false&size=500&page=1
pigmentation,EXOC2,EFO_0003924; EFO_0003963; EFO_0004279; MONDO_0005326; OBA_0002313,freckles; hair color; strand of hair color; sunburn; suntan,broad; strict,broad; strict,57,19,10,"Black vs. blond hair color; Black vs. red hair color; Blond vs non-blond hair color; Blond vs. brown/black hair color; Brown vs. black hair color; Brown vs. non-brown hair color; Freckles; Hair color; Hair colour (natural, before greying): Black (UKB data field 1747_5); Hair colour (natural, before greying): Blonde (UKB data field 1747_1); Hair colour (natural, before greying): Dark brown (UKB data field 1747_4); Hair colour (natural, before greying): Light brown (UKB data field 1747_3); Light vs. dark hair color; Low tan response; Sunburns; Tanning",GCST000119; GCST000190; GCST000191; GCST000371; GCST003021; GCST003022; GCST003023; GCST005897; GCST006988; GCST006989; GCST007082; GCST007086; GCST90041836; GCST90041838; GCST90041839; GCST90041840; GCST90095476; GCST90255683; GCST90255685,17952075; 18483556; 19340012; 26184321; 29739929; 30531825; 30595370; 34737426; 34737440; 36672889,EFO_0003924-page-000.json; EFO_0003924-page-001.json; EFO_0003963-page-000.json; EFO_0004279-page-000.json; MONDO_0005326-page-000.json; OBA_0002313-page-000.json; OBA_0002313-page-001.json,strict + broad,True,104178775; 104178785; 104178847; 104178853; 104179448; 104179474; 12871; 14882490; 14882733; 14882870; 30827919; 30827924; 35792224; 35792228; 35792260; 35792368; 35792815; 35793170; 35793178; 35793192; 35793291; 35793296; 36096017; 36096022; 36096027; 36096032; 36099208; 36099213; 36099218; 5945; 6203; 6206; 93413039; 93413045; 93413051; 93413057; 93413063; 93413069; 93413075; 93413827; 93413833; 93413838; 93413921; 93413926; 93413932; 93413937; 93413943; 93413949; 93414276; 93414281; 93414286; 93414291; 93414296; 93414302; 93414308; 93414314; 95175258,https://www.ebi.ac.uk/gwas/rest/api/v2/associations/104178775; https://www.ebi.ac.uk/gwas/rest/api/v2/associations/104178785; https://www.ebi.ac.uk/gwas/rest/api/v2/associations/104178847; https://www.ebi.ac.uk/gwas/rest/api/v2/associations/104178853; https://www.ebi.ac.uk/gwas/rest/api/v2/associations/104179448; https://www.ebi.ac.uk/gwas/rest/api/v2/associations/104179474; https://www.ebi.ac.uk/gwas/rest/api/v2/associations/12871; https://www.ebi.ac.uk/gwas/rest/api/v2/associations/14882490; https://www.ebi.ac.uk/gwas/rest/api/v2/associations/14882733; https://www.ebi.ac.uk/gwas/rest/api/v2/associations/14882870; https://www.ebi.ac.uk/gwas/rest/api/v2/associations/30827919; https://www.ebi.ac.uk/gwas/rest/api/v2/associations/30827924; https://www.ebi.ac.uk/gwas/rest/api/v2/associations/35792224; https://www.ebi.ac.uk/gwas/rest/api/v2/associations/35792228; https://www.ebi.ac.uk/gwas/rest/api/v2/associations/35792260; https://www.ebi.ac.uk/gwas/rest/api/v2/associations/35792368; https://www.ebi.ac.uk/gwas/rest/api/v2/associations/35792815; https://www.ebi.ac.uk/gwas/rest/api/v2/associations/35793170; https://www.ebi.ac.uk/gwas/rest/api/v2/associations/35793178; https://www.ebi.ac.uk/gwas/rest/api/v2/associations/35793192; https://www.ebi.ac.uk/gwas/rest/api/v2/associations/35793291; https://www.ebi.ac.uk/gwas/rest/api/v2/associations/35793296; https://www.ebi.ac.uk/gwas/rest/api/v2/associations/36096017; https://www.ebi.ac.uk/gwas/rest/api/v2/associations/36096022; https://www.ebi.ac.uk/gwas/rest/api/v2/associations/36096027; https://www.ebi.ac.uk/gwas/rest/api/v2/associations/36096032; https://www.ebi.ac.uk/gwas/rest/api/v2/associations/36099208; https://www.ebi.ac.uk/gwas/rest/api/v2/associations/36099213; https://www.ebi.ac.uk/gwas/rest/api/v2/associations/36099218; https://www.ebi.ac.uk/gwas/rest/api/v2/associations/5945; https://www.ebi.ac.uk/gwas/rest/api/v2/associations/6203; https://www.ebi.ac.uk/gwas/rest/api/v2/associations/6206; https://www.ebi.ac.uk/gwas/rest/api/v2/associations/93413039; https://www.ebi.ac.uk/gwas/rest/api/v2/associations/93413045; https://www.ebi.ac.uk/gwas/rest/api/v2/associations/93413051; https://www.ebi.ac.uk/gwas/rest/api/v2/associations/93413057; https://www.ebi.ac.uk/gwas/rest/api/v2/associations/93413063; https://www.ebi.ac.uk/gwas/rest/api/v2/associations/93413069; https://www.ebi.ac.uk/gwas/rest/api/v2/associations/93413075; https://www.ebi.ac.uk/gwas/rest/api/v2/associations/93413827; https://www.ebi.ac.uk/gwas/rest/api/v2/associations/93413833; https://www.ebi.ac.uk/gwas/rest/api/v2/associations/93413838; https://www.ebi.ac.uk/gwas/rest/api/v2/associations/93413921; https://www.ebi.ac.uk/gwas/rest/api/v2/associations/93413926; https://www.ebi.ac.uk/gwas/rest/api/v2/associations/93413932; https://www.ebi.ac.uk/gwas/rest/api/v2/associations/93413937; https://www.ebi.ac.uk/gwas/rest/api/v2/associations/93413943; https://www.ebi.ac.uk/gwas/rest/api/v2/associations/93413949; https://www.ebi.ac.uk/gwas/rest/api/v2/associations/93414276; https://www.ebi.ac.uk/gwas/rest/api/v2/associations/93414281; https://www.ebi.ac.uk/gwas/rest/api/v2/associations/93414286; https://www.ebi.ac.uk/gwas/rest/api/v2/associations/93414291; https://www.ebi.ac.uk/gwas/rest/api/v2/associations/93414296; https://www.ebi.ac.uk/gwas/rest/api/v2/associations/93414302; https://www.ebi.ac.uk/gwas/rest/api/v2/associations/93414308; https://www.ebi.ac.uk/gwas/rest/api/v2/associations/93414314; https://www.ebi.ac.uk/gwas/rest/api/v2/associations/95175258,https://www.ebi.ac.uk/gwas/rest/api/v2/associations?efo_id=EFO_0003924&show_child_trait=false&size=500&page=0; https://www.ebi.ac.uk/gwas/rest/api/v2/associations?efo_id=EFO_0003924&show_child_trait=false&size=500&page=1; https://www.ebi.ac.uk/gwas/rest/api/v2/associations?efo_id=EFO_0003963&show_child_trait=false&size=500&page=0; https://www.ebi.ac.uk/gwas/rest/api/v2/associations?efo_id=EFO_0004279&show_child_trait=false&size=500&page=0; https://www.ebi.ac.uk/gwas/rest/api/v2/associations?efo_id=MONDO_0005326&show_child_trait=false&size=500&page=0; https://www.ebi.ac.uk/gwas/rest/api/v2/associations?efo_id=OBA_0002313&show_child_trait=false&size=500&page=0; https://www.ebi.ac.uk/gwas/rest/api/v2/associations?efo_id=OBA_0002313&show_child_trait=false&size=500&page=1
pigmentation,EXOC7P1,EFO_0003924; OBA_0002313,hair color; strand of hair color,strict,strict,2,2,2,Blond vs. brown/black hair color; Hair color,GCST006988; GCST007082,30531825; 30595370,EFO_0003924-page-000.json; OBA_0002313-page-001.json,strict + broad,True,35792320; 36095860,https://www.ebi.ac.uk/gwas/rest/api/v2/associations/35792320; https://www.ebi.ac.uk/gwas/rest/api/v2/associations/36095860,https://www.ebi.ac.uk/gwas/rest/api/v2/associations?efo_id=EFO_0003924&show_child_trait=false&size=500&page=0; https://www.ebi.ac.uk/gwas/rest/api/v2/associations?efo_id=OBA_0002313&show_child_trait=false&size=500&page=1
pigmentation,EYS,EFO_0003949; EFO_0009764,eye color; eye colour measurement,strict,strict,2,2,2,Iris color (a* coordinate); Retina colour,GCST005093; GCST90939791,29109912; 38728357,EFO_0003949-page-000.json; EFO_0009764-page-000.json,strict + broad,True,222644299; 24956288,https://www.ebi.ac.uk/gwas/rest/api/v2/associations/222644299; https://www.ebi.ac.uk/gwas/rest/api/v2/associations/24956288,https://www.ebi.ac.uk/gwas/rest/api/v2/associations?efo_id=EFO_0003949&show_child_trait=false&size=500&page=0; https://www.ebi.ac.uk/gwas/rest/api/v2/associations?efo_id=EFO_0009764&show_child_trait=false&size=500&page=0
pigmentation,EZR,EFO_0003924; OBA_0002313,hair color; strand of hair color,strict,strict,3,3,3,Blond vs. brown/black hair color; Hair color,GCST006075; GCST006988; GCST007082,29662168; 30531825; 30595370,EFO_0003924-page-001.json; OBA_0002313-page-001.json,strict + broad,True,30548186; 35792280; 36096154,https://www.ebi.ac.uk/gwas/rest/api/v2/associations/30548186; https://www.ebi.ac.uk/gwas/rest/api/v2/associations/35792280; https://www.ebi.ac.uk/gwas/rest/api/v2/associations/36096154,https://www.ebi.ac.uk/gwas/rest/api/v2/associations?efo_id=EFO_0003924&show_child_trait=false&size=500&page=1; https://www.ebi.ac.uk/gwas/rest/api/v2/associations?efo_id=OBA_0002313&show_child_trait=false&size=500&page=1
pigmentation,FAM13A,MONDO_0005326; OBA_0002313,strand of hair color; sunburn,broad; strict,broad; strict,2,2,2,Hair greying; Sunburns,GCST003478; GCST007086,26926045; 30595370,MONDO_0005326-page-000.json; OBA_0002313-page-001.json,strict + broad,True,16544407; 36099176,https://www.ebi.ac.uk/gwas/rest/api/v2/associations/16544407; https://www.ebi.ac.uk/gwas/rest/api/v2/associations/36099176,https://www.ebi.ac.uk/gwas/rest/api/v2/associations?efo_id=MONDO_0005326&show_child_trait=false&size=500&page=0; https://www.ebi.ac.uk/gwas/rest/api/v2/associations?efo_id=OBA_0002313&show_child_trait=false&size=500&page=1
pigmentation,FANCA,EFO_0003924; EFO_0003963; EFO_0004279; MONDO_0005326; MONDO_0005434; OBA_0002313; OBA_VT0002095,freckles; hair color; skin pigmentation; skin sensitivity to sun; strand of hair color; sunburn; suntan,broad; strict,broad; strict,35,16,9,"Blond vs. brown/black hair color; Freckling; Hair color; Hair colour (natural, before greying): Dark brown (UKB data field 1747_4); Hair colour (natural, before greying): Red (UKB data field 1747_2); Hair morphology traits; Low tan response; Red vs non-red hair color; Red vs. brown/black hair color; Skin color; Skin color (Fitzpatrick scale); Skin phototype score; Skin sensitivity to sun; Sunburns",GCST000707; GCST000708; GCST002908; GCST005897; GCST006986; GCST007082; GCST007086; GCST007486; GCST90041837; GCST90041839; GCST90095476; GCST90095478; GCST90255681; GCST90255688; GCST90255689; GCST90255690,20585627; 25963972; 29739929; 30166351; 30531825; 30595370; 34737426; 34737440; 36672889,EFO_0003924-page-000.json; EFO_0003924-page-001.json; EFO_0003963-page-000.json; EFO_0004279-page-000.json; MONDO_0005326-page-000.json; MONDO_0005434-page-000.json; OBA_0002313-page-000.json; OBA_VT0002095-page-000.json,strict + broad,True,104178439; 104178562; 104178580; 104179895; 104180455; 104180855; 14947131; 15575; 15576; 15599; 30827868; 30827872; 30827876; 30827880; 36097232; 36099450; 36099455; 41334496; 41334521; 41334536; 41334571; 62419490; 62419546; 62419573; 93413668; 93413674; 93413680; 93413686; 93413692; 93413698; 93414208; 93414214; 95175315; 95175412; 95175416,https://www.ebi.ac.uk/gwas/rest/api/v2/associations/104178439; https://www.ebi.ac.uk/gwas/rest/api/v2/associations/104178562; https://www.ebi.ac.uk/gwas/rest/api/v2/associations/104178580; https://www.ebi.ac.uk/gwas/rest/api/v2/associations/104179895; https://www.ebi.ac.uk/gwas/rest/api/v2/associations/104180455; https://www.ebi.ac.uk/gwas/rest/api/v2/associations/104180855; https://www.ebi.ac.uk/gwas/rest/api/v2/associations/14947131; https://www.ebi.ac.uk/gwas/rest/api/v2/associations/15575; https://www.ebi.ac.uk/gwas/rest/api/v2/associations/15576; https://www.ebi.ac.uk/gwas/rest/api/v2/associations/15599; https://www.ebi.ac.uk/gwas/rest/api/v2/associations/30827868; https://www.ebi.ac.uk/gwas/rest/api/v2/associations/30827872; https://www.ebi.ac.uk/gwas/rest/api/v2/associations/30827876; https://www.ebi.ac.uk/gwas/rest/api/v2/associations/30827880; https://www.ebi.ac.uk/gwas/rest/api/v2/associations/36097232; https://www.ebi.ac.uk/gwas/rest/api/v2/associations/36099450; https://www.ebi.ac.uk/gwas/rest/api/v2/associations/36099455; https://www.ebi.ac.uk/gwas/rest/api/v2/associations/41334496; https://www.ebi.ac.uk/gwas/rest/api/v2/associations/41334521; https://www.ebi.ac.uk/gwas/rest/api/v2/associations/41334536; https://www.ebi.ac.uk/gwas/rest/api/v2/associations/41334571; https://www.ebi.ac.uk/gwas/rest/api/v2/associations/62419490; https://www.ebi.ac.uk/gwas/rest/api/v2/associations/62419546; https://www.ebi.ac.uk/gwas/rest/api/v2/associations/62419573; https://www.ebi.ac.uk/gwas/rest/api/v2/associations/93413668; https://www.ebi.ac.uk/gwas/rest/api/v2/associations/93413674; https://www.ebi.ac.uk/gwas/rest/api/v2/associations/93413680; https://www.ebi.ac.uk/gwas/rest/api/v2/associations/93413686; https://www.ebi.ac.uk/gwas/rest/api/v2/associations/93413692; https://www.ebi.ac.uk/gwas/rest/api/v2/associations/93413698; https://www.ebi.ac.uk/gwas/rest/api/v2/associations/93414208; https://www.ebi.ac.uk/gwas/rest/api/v2/associations/93414214; https://www.ebi.ac.uk/gwas/rest/api/v2/associations/95175315; https://www.ebi.ac.uk/gwas/rest/api/v2/associations/95175412; https://www.ebi.ac.uk/gwas/rest/api/v2/associations/95175416,https://www.ebi.ac.uk/gwas/rest/api/v2/associations?efo_id=EFO_0003924&show_child_trait=false&size=500&page=0; https://www.ebi.ac.uk/gwas/rest/api/v2/associations?efo_id=EFO_0003924&show_child_trait=false&size=500&page=1; https://www.ebi.ac.uk/gwas/rest/api/v2/associations?efo_id=EFO_0003963&show_child_trait=false&size=500&page=0; https://www.ebi.ac.uk/gwas/rest/api/v2/associations?efo_id=EFO_0004279&show_child_trait=false&size=500&page=0; https://www.ebi.ac.uk/gwas/rest/api/v2/associations?efo_id=MONDO_0005326&show_child_trait=false&size=500&page=0; https://www.ebi.ac.uk/gwas/rest/api/v2/associations?efo_id=MONDO_0005434&show_child_trait=false&size=500&page=0; https://www.ebi.ac.uk/gwas/rest/api/v2/associations?efo_id=OBA_0002313&show_child_trait=false&size=500&page=0; https://www.ebi.ac.uk/gwas/rest/api/v2/associations?efo_id=OBA_VT0002095&show_child_trait=false&size=500&page=0
pigmentation,FBN1,OBA_VT0002095,skin pigmentation,strict,strict,9,4,2,Skin color in blue band; Skin color in green band; Skin color in red band; Skin reflectance (Melanin index),GCST007739; GCST90854270; GCST90854271; GCST90854272,30895295; 42586059,OBA_VT0002095-page-000.json; OBA_VT0002095-page-001.json,strict + broad,True,223072141; 223072195; 223072303; 223072336; 223072348; 223072490; 223072547; 41452539; 41452572,https://www.ebi.ac.uk/gwas/rest/api/v2/associations/223072141; https://www.ebi.ac.uk/gwas/rest/api/v2/associations/223072195; https://www.ebi.ac.uk/gwas/rest/api/v2/associations/223072303; https://www.ebi.ac.uk/gwas/rest/api/v2/associations/223072336; https://www.ebi.ac.uk/gwas/rest/api/v2/associations/223072348; https://www.ebi.ac.uk/gwas/rest/api/v2/associations/223072490; https://www.ebi.ac.uk/gwas/rest/api/v2/associations/223072547; https://www.ebi.ac.uk/gwas/rest/api/v2/associations/41452539; https://www.ebi.ac.uk/gwas/rest/api/v2/associations/41452572,https://www.ebi.ac.uk/gwas/rest/api/v2/associations?efo_id=OBA_VT0002095&show_child_trait=false&size=500&page=0; https://www.ebi.ac.uk/gwas/rest/api/v2/associations?efo_id=OBA_VT0002095&show_child_trait=false&size=500&page=1
pigmentation,FGF5,EFO_0003924; OBA_0002313,hair color; strand of hair color,strict,strict,2,2,2,Blond vs. brown/black hair color; Hair color,GCST006988; GCST007082,30531825; 30595370,EFO_0003924-page-000.json; OBA_0002313-page-001.json,strict + broad,True,35792694; 36095821,https://www.ebi.ac.uk/gwas/rest/api/v2/associations/35792694; https://www.ebi.ac.uk/gwas/rest/api/v2/associations/36095821,https://www.ebi.ac.uk/gwas/rest/api/v2/associations?efo_id=EFO_0003924&show_child_trait=false&size=500&page=0; https://www.ebi.ac.uk/gwas/rest/api/v2/associations?efo_id=OBA_0002313&show_child_trait=false&size=500&page=1
pigmentation,FMN2,EFO_0003924; OBA_0002313,hair color; strand of hair color,strict,strict,2,2,2,Blond vs. brown/black hair color; Hair color,GCST006988; GCST007082,30531825; 30595370,EFO_0003924-page-000.json; OBA_0002313-page-001.json,strict + broad,True,35792532; 36095524,https://www.ebi.ac.uk/gwas/rest/api/v2/associations/35792532; https://www.ebi.ac.uk/gwas/rest/api/v2/associations/36095524,https://www.ebi.ac.uk/gwas/rest/api/v2/associations?efo_id=EFO_0003924&show_child_trait=false&size=500&page=0; https://www.ebi.ac.uk/gwas/rest/api/v2/associations?efo_id=OBA_0002313&show_child_trait=false&size=500&page=1
pigmentation,FOSL2-AS1,EFO_0003924; OBA_0002313,hair color; strand of hair color,strict,strict,3,2,2,Blond vs. brown/black hair color; Hair color,GCST006988; GCST007082,30531825; 30595370,EFO_0003924-page-000.json; OBA_0002313-page-001.json,strict + broad,True,35792536; 35793035; 36095553,https://www.ebi.ac.uk/gwas/rest/api/v2/associations/35792536; https://www.ebi.ac.uk/gwas/rest/api/v2/associations/35793035; https://www.ebi.ac.uk/gwas/rest/api/v2/associations/36095553,https://www.ebi.ac.uk/gwas/rest/api/v2/associations?efo_id=EFO_0003924&show_child_trait=false&size=500&page=0; https://www.ebi.ac.uk/gwas/rest/api/v2/associations?efo_id=OBA_0002313&show_child_trait=false&size=500&page=1
pigmentation,FRAS1,EFO_0003924; OBA_0002313,hair color; strand of hair color,strict,strict,2,2,2,Blond vs. brown/black hair color; Hair color,GCST006988; GCST007082,30531825; 30595370,EFO_0003924-page-000.json; OBA_0002313-page-001.json,strict + broad,True,35792372; 36095817,https://www.ebi.ac.uk/gwas/rest/api/v2/associations/35792372; https://www.ebi.ac.uk/gwas/rest/api/v2/associations/36095817,https://www.ebi.ac.uk/gwas/rest/api/v2/associations?efo_id=EFO_0003924&show_child_trait=false&size=500&page=0; https://www.ebi.ac.uk/gwas/rest/api/v2/associations?efo_id=OBA_0002313&show_child_trait=false&size=500&page=1
pigmentation,FREM2,EFO_0003924; OBA_0002313,hair color; strand of hair color,strict,strict,2,2,2,Blond vs. brown/black hair color; Hair color,GCST006988; GCST007082,30531825; 30595370,EFO_0003924-page-000.json; OBA_0002313-page-000.json,strict + broad,True,35792376; 36096862,https://www.ebi.ac.uk/gwas/rest/api/v2/associations/35792376; https://www.ebi.ac.uk/gwas/rest/api/v2/associations/36096862,https://www.ebi.ac.uk/gwas/rest/api/v2/associations?efo_id=EFO_0003924&show_child_trait=false&size=500&page=0; https://www.ebi.ac.uk/gwas/rest/api/v2/associations?efo_id=OBA_0002313&show_child_trait=false&size=500&page=0
pigmentation,FTO,EFO_0003924; OBA_0002313,hair color; strand of hair color,strict,strict,3,3,3,Cutaneous melanoma or hair colour; Hair color; Red vs. brown/black hair color,GCST006986; GCST007082; GCST010302,30531825; 30595370; 32341527,EFO_0003924-page-000.json; OBA_0002313-page-000.json,strict + broad,True,36097142; 61986614; 62419524,https://www.ebi.ac.uk/gwas/rest/api/v2/associations/36097142; https://www.ebi.ac.uk/gwas/rest/api/v2/associations/61986614; https://www.ebi.ac.uk/gwas/rest/api/v2/associations/62419524,https://www.ebi.ac.uk/gwas/rest/api/v2/associations?efo_id=EFO_0003924&show_child_trait=false&size=500&page=0; https://www.ebi.ac.uk/gwas/rest/api/v2/associations?efo_id=OBA_0002313&show_child_trait=false&size=500&page=0
pigmentation,FZD1,EFO_0003924; OBA_0002313,hair color; strand of hair color,strict,strict,3,2,2,Blond vs. brown/black hair color; Hair color,GCST006988; GCST007082,30531825; 30595370,EFO_0003924-page-001.json; OBA_0002313-page-001.json,strict + broad,True,35792252; 36096209; 36096214,https://www.ebi.ac.uk/gwas/rest/api/v2/associations/35792252; https://www.ebi.ac.uk/gwas/rest/api/v2/associations/36096209; https://www.ebi.ac.uk/gwas/rest/api/v2/associations/36096214,https://www.ebi.ac.uk/gwas/rest/api/v2/associations?efo_id=EFO_0003924&show_child_trait=false&size=500&page=1; https://www.ebi.ac.uk/gwas/rest/api/v2/associations?efo_id=OBA_0002313&show_child_trait=false&size=500&page=1
pigmentation,FZD7,EFO_0003924; OBA_0002313,hair color; strand of hair color,strict,strict,2,2,2,Blond vs. brown/black hair color; Hair color,GCST006988; GCST007082,30531825; 30595370,EFO_0003924-page-000.json; OBA_0002313-page-001.json,strict + broad,True,35792488; 36095618,https://www.ebi.ac.uk/gwas/rest/api/v2/associations/35792488; https://www.ebi.ac.uk/gwas/rest/api/v2/associations/36095618,https://www.ebi.ac.uk/gwas/rest/api/v2/associations?efo_id=EFO_0003924&show_child_trait=false&size=500&page=0; https://www.ebi.ac.uk/gwas/rest/api/v2/associations?efo_id=OBA_0002313&show_child_trait=false&size=500&page=1
pigmentation,GAB2,EFO_0003924; OBA_0002313,hair color; strand of hair color,strict,strict,4,4,3,Blond vs. brown/black hair color; Brown vs. black hair color; Hair color,GCST006075; GCST006988; GCST006989; GCST007082,29662168; 30531825; 30595370,EFO_0003924-page-000.json; OBA_0002313-page-000.json; OBA_0002313-page-001.json,strict + broad,True,30548216; 35792304; 35793214; 36096608,https://www.ebi.ac.uk/gwas/rest/api/v2/associations/30548216; https://www.ebi.ac.uk/gwas/rest/api/v2/associations/35792304; https://www.ebi.ac.uk/gwas/rest/api/v2/associations/35793214; https://www.ebi.ac.uk/gwas/rest/api/v2/associations/36096608,https://www.ebi.ac.uk/gwas/rest/api/v2/associations?efo_id=EFO_0003924&show_child_trait=false&size=500&page=0; https://www.ebi.ac.uk/gwas/rest/api/v2/associations?efo_id=OBA_0002313&show_child_trait=false&size=500&page=0; https://www.ebi.ac.uk/gwas/rest/api/v2/associations?efo_id=OBA_0002313&show_child_trait=false&size=500&page=1
pigmentation,GABRG3,EFO_0003924; OBA_0002313; OBA_VT0002095,hair color; skin pigmentation; strand of hair color,strict,strict,16,6,4,"Blond vs. brown/black hair color; Hair color; Hair colour (natural, before greying): Blonde (UKB data field 1747_1); Hair colour (natural, before greying): Dark brown (UKB data field 1747_4); Hair colour (natural, before greying): Light brown (UKB data field 1747_3); Skin pigmentation (conditioned on rs1426654 and rs35397)",GCST006988; GCST007082; GCST008516; GCST90041836; GCST90041838; GCST90041839,30531825; 30595370; 31315583; 34737426,EFO_0003924-page-000.json; OBA_0002313-page-000.json; OBA_VT0002095-page-001.json,strict + broad,True,35792916; 36097010; 36097015; 36097020; 36097025; 47687442; 93413155; 93413161; 93413167; 93413844; 93413998; 93414004; 93414010; 93414015; 93414020; 93414026,https://www.ebi.ac.uk/gwas/rest/api/v2/associations/35792916; https://www.ebi.ac.uk/gwas/rest/api/v2/associations/36097010; https://www.ebi.ac.uk/gwas/rest/api/v2/associations/36097015; https://www.ebi.ac.uk/gwas/rest/api/v2/associations/36097020; https://www.ebi.ac.uk/gwas/rest/api/v2/associations/36097025; https://www.ebi.ac.uk/gwas/rest/api/v2/associations/47687442; https://www.ebi.ac.uk/gwas/rest/api/v2/associations/93413155; https://www.ebi.ac.uk/gwas/rest/api/v2/associations/93413161; https://www.ebi.ac.uk/gwas/rest/api/v2/associations/93413167; https://www.ebi.ac.uk/gwas/rest/api/v2/associations/93413844; https://www.ebi.ac.uk/gwas/rest/api/v2/associations/93413998; https://www.ebi.ac.uk/gwas/rest/api/v2/associations/93414004; https://www.ebi.ac.uk/gwas/rest/api/v2/associations/93414010; https://www.ebi.ac.uk/gwas/rest/api/v2/associations/93414015; https://www.ebi.ac.uk/gwas/rest/api/v2/associations/93414020; https://www.ebi.ac.uk/gwas/rest/api/v2/associations/93414026,https://www.ebi.ac.uk/gwas/rest/api/v2/associations?efo_id=EFO_0003924&show_child_trait=false&size=500&page=0; https://www.ebi.ac.uk/gwas/rest/api/v2/associations?efo_id=OBA_0002313&show_child_trait=false&size=500&page=0; https://www.ebi.ac.uk/gwas/rest/api/v2/associations?efo_id=OBA_VT0002095&show_child_trait=false&size=500&page=1
pigmentation,GALNS,MONDO_0005326; OBA_0002313,strand of hair color; sunburn,broad; strict,broad; strict,5,3,2,"Hair color; Hair colour (natural, before greying): Red (UKB data field 1747_2); Sunburns",GCST007082; GCST007086; GCST90041837,30595370; 34737426,MONDO_0005326-page-000.json; OBA_0002313-page-000.json,strict + broad,True,36097197; 36099422; 93413375; 93413381; 93413387,https://www.ebi.ac.uk/gwas/rest/api/v2/associations/36097197; https://www.ebi.ac.uk/gwas/rest/api/v2/associations/36099422; https://www.ebi.ac.uk/gwas/rest/api/v2/associations/93413375; https://www.ebi.ac.uk/gwas/rest/api/v2/associations/93413381; https://www.ebi.ac.uk/gwas/rest/api/v2/associations/93413387,https://www.ebi.ac.uk/gwas/rest/api/v2/associations?efo_id=MONDO_0005326&show_child_trait=false&size=500&page=0; https://www.ebi.ac.uk/gwas/rest/api/v2/associations?efo_id=OBA_0002313&show_child_trait=false&size=500&page=0
pigmentation,GAPDHP70,EFO_0004279; MONDO_0005326,sunburn; suntan,broad,broad,3,2,2,Low tan response; Sunburns,GCST005897; GCST007086,29739929; 30595370,EFO_0004279-page-000.json; MONDO_0005326-page-000.json,strict + broad,True,30827939; 36099330; 36099335,https://www.ebi.ac.uk/gwas/rest/api/v2/associations/30827939; https://www.ebi.ac.uk/gwas/rest/api/v2/associations/36099330; https://www.ebi.ac.uk/gwas/rest/api/v2/associations/36099335,https://www.ebi.ac.uk/gwas/rest/api/v2/associations?efo_id=EFO_0004279&show_child_trait=false&size=500&page=0; https://www.ebi.ac.uk/gwas/rest/api/v2/associations?efo_id=MONDO_0005326&show_child_trait=false&size=500&page=0
pigmentation,GIPC2,EFO_0003924; OBA_0002313,hair color; strand of hair color,strict,strict,3,3,3,Cutaneous melanoma or hair colour; Hair color; Red vs non-red hair color,GCST007082; GCST010302; GCST90255681,30595370; 32341527; 36672889,EFO_0003924-page-000.json; OBA_0002313-page-001.json,strict + broad,True,104178604; 36095451; 61986540,https://www.ebi.ac.uk/gwas/rest/api/v2/associations/104178604; https://www.ebi.ac.uk/gwas/rest/api/v2/associations/36095451; https://www.ebi.ac.uk/gwas/rest/api/v2/associations/61986540,https://www.ebi.ac.uk/gwas/rest/api/v2/associations?efo_id=EFO_0003924&show_child_trait=false&size=500&page=0; https://www.ebi.ac.uk/gwas/rest/api/v2/associations?efo_id=OBA_0002313&show_child_trait=false&size=500&page=1
pigmentation,GMDS,EFO_0009764; OBA_0002313,eye colour measurement; strand of hair color,strict,strict,2,2,2,Hair color; Iris heterochromicity,GCST007082; GCST007742,30595370; 30895295,EFO_0009764-page-000.json; OBA_0002313-page-001.json,strict + broad,True,36096047; 41451959,https://www.ebi.ac.uk/gwas/rest/api/v2/associations/36096047; https://www.ebi.ac.uk/gwas/rest/api/v2/associations/41451959,https://www.ebi.ac.uk/gwas/rest/api/v2/associations?efo_id=EFO_0009764&show_child_trait=false&size=500&page=0; https://www.ebi.ac.uk/gwas/rest/api/v2/associations?efo_id=OBA_0002313&show_child_trait=false&size=500&page=1
pigmentation,GOLGA6L7,EFO_0003949; OBA_VT0002095,eye color; skin pigmentation,strict,strict,3,2,2,Eye color; Skin pigmentation (conditioned on rs1426654 and rs35397),GCST008516; GCST90255684,31315583; 36672889,EFO_0003949-page-000.json; OBA_VT0002095-page-001.json,strict + broad,True,104179058; 104179398; 47687417,https://www.ebi.ac.uk/gwas/rest/api/v2/associations/104179058; https://www.ebi.ac.uk/gwas/rest/api/v2/associations/104179398; https://www.ebi.ac.uk/gwas/rest/api/v2/associations/47687417,https://www.ebi.ac.uk/gwas/rest/api/v2/associations?efo_id=EFO_0003949&show_child_trait=false&size=500&page=0; https://www.ebi.ac.uk/gwas/rest/api/v2/associations?efo_id=OBA_VT0002095&show_child_trait=false&size=500&page=1
pigmentation,GRM5,EFO_0003924; EFO_0004279; EFO_0009764; MONDO_0005326; OBA_0002313; OBA_VT0002095,eye colour measurement; hair color; skin pigmentation; strand of hair color; sunburn; suntan,broad; strict,broad; strict,22,14,8,"Blond vs. brown/black hair color; Hair color; Low tan response; Skin color; Skin color (Fitzpatrick scale); Skin phototype score; Skin pigmentation; Skin pigmentation (conditioned on rs1426654 and rs35397); Skin, hair and eye pigmentation (multivariate analysis); Sunburns; Tanning",GCST000371; GCST003479; GCST005897; GCST006988; GCST007082; GCST007086; GCST007451; GCST007452; GCST007454; GCST008516; GCST008519; GCST90255688; GCST90255689; GCST90255690,19340012; 26926045; 29739929; 30531825; 30595370; 30664655; 31315583; 36672889,EFO_0003924-page-000.json; EFO_0004279-page-000.json; EFO_0009764-page-000.json; MONDO_0005326-page-000.json; OBA_0002313-page-000.json; OBA_0002313-page-001.json; OBA_VT0002095-page-000.json; OBA_VT0002095-page-001.json,strict + broad,True,104180042; 104180566; 104180957; 12879; 16544552; 30827944; 30827949; 30827954; 30827959; 35792864; 36096628; 36096633; 36096638; 36096643; 36099339; 36099344; 36099349; 37790078; 37790274; 37790427; 47462271; 47687407,https://www.ebi.ac.uk/gwas/rest/api/v2/associations/104180042; https://www.ebi.ac.uk/gwas/rest/api/v2/associations/104180566; https://www.ebi.ac.uk/gwas/rest/api/v2/associations/104180957; https://www.ebi.ac.uk/gwas/rest/api/v2/associations/12879; https://www.ebi.ac.uk/gwas/rest/api/v2/associations/16544552; https://www.ebi.ac.uk/gwas/rest/api/v2/associations/30827944; https://www.ebi.ac.uk/gwas/rest/api/v2/associations/30827949; https://www.ebi.ac.uk/gwas/rest/api/v2/associations/30827954; https://www.ebi.ac.uk/gwas/rest/api/v2/associations/30827959; https://www.ebi.ac.uk/gwas/rest/api/v2/associations/35792864; https://www.ebi.ac.uk/gwas/rest/api/v2/associations/36096628; https://www.ebi.ac.uk/gwas/rest/api/v2/associations/36096633; https://www.ebi.ac.uk/gwas/rest/api/v2/associations/36096638; https://www.ebi.ac.uk/gwas/rest/api/v2/associations/36096643; https://www.ebi.ac.uk/gwas/rest/api/v2/associations/36099339; https://www.ebi.ac.uk/gwas/rest/api/v2/associations/36099344; https://www.ebi.ac.uk/gwas/rest/api/v2/associations/36099349; https://www.ebi.ac.uk/gwas/rest/api/v2/associations/37790078; https://www.ebi.ac.uk/gwas/rest/api/v2/associations/37790274; https://www.ebi.ac.uk/gwas/rest/api/v2/associations/37790427; https://www.ebi.ac.uk/gwas/rest/api/v2/associations/47462271; https://www.ebi.ac.uk/gwas/rest/api/v2/associations/47687407,https://www.ebi.ac.uk/gwas/rest/api/v2/associations?efo_id=EFO_0003924&show_child_trait=false&size=500&page=0; https://www.ebi.ac.uk/gwas/rest/api/v2/associations?efo_id=EFO_0004279&show_child_trait=false&size=500&page=0; https://www.ebi.ac.uk/gwas/rest/api/v2/associations?efo_id=EFO_0009764&show_child_trait=false&size=500&page=0; https://www.ebi.ac.uk/gwas/rest/api/v2/associations?efo_id=MONDO_0005326&show_child_trait=false&size=500&page=0; https://www.ebi.ac.uk/gwas/rest/api/v2/associations?efo_id=OBA_0002313&show_child_trait=false&size=500&page=0; https://www.ebi.ac.uk/gwas/rest/api/v2/associations?efo_id=OBA_0002313&show_child_trait=false&size=500&page=1; https://www.ebi.ac.uk/gwas/rest/api/v2/associations?efo_id=OBA_VT0002095&show_child_trait=false&size=500&page=0; https://www.ebi.ac.uk/gwas/rest/api/v2/associations?efo_id=OBA_VT0002095&show_child_trait=false&size=500&page=1
pigmentation,GRM5-AS1,EFO_0004279; MONDO_0005326,sunburn; suntan,broad,broad,2,2,2,Low tan response; Sunburns,GCST005897; GCST007086,29739929; 30595370,EFO_0004279-page-000.json; MONDO_0005326-page-000.json,strict + broad,True,30827939; 36099335,https://www.ebi.ac.uk/gwas/rest/api/v2/associations/30827939; https://www.ebi.ac.uk/gwas/rest/api/v2/associations/36099335,https://www.ebi.ac.uk/gwas/rest/api/v2/associations?efo_id=EFO_0004279&show_child_trait=false&size=500&page=0; https://www.ebi.ac.uk/gwas/rest/api/v2/associations?efo_id=MONDO_0005326&show_child_trait=false&size=500&page=0
pigmentation,HDAC4,EFO_0003924; OBA_0002313,hair color; strand of hair color,strict,strict,2,2,2,Blond vs. brown/black hair color; Hair color,GCST006988; GCST007082,30531825; 30595370,EFO_0003924-page-000.json; OBA_0002313-page-001.json,strict + broad,True,35792662; 36095679,https://www.ebi.ac.uk/gwas/rest/api/v2/associations/35792662; https://www.ebi.ac.uk/gwas/rest/api/v2/associations/36095679,https://www.ebi.ac.uk/gwas/rest/api/v2/associations?efo_id=EFO_0003924&show_child_trait=false&size=500&page=0; https://www.ebi.ac.uk/gwas/rest/api/v2/associations?efo_id=OBA_0002313&show_child_trait=false&size=500&page=1
pigmentation,HDAC9,EFO_0009764; OBA_0002313,eye colour measurement; strand of hair color,strict,strict,2,2,2,Hair color; Iris color (b* coordinate),GCST007082; GCST007741,30595370; 30895295,EFO_0009764-page-000.json; OBA_0002313-page-001.json,strict + broad,True,36096174; 41451416,https://www.ebi.ac.uk/gwas/rest/api/v2/associations/36096174; https://www.ebi.ac.uk/gwas/rest/api/v2/associations/41451416,https://www.ebi.ac.uk/gwas/rest/api/v2/associations?efo_id=EFO_0009764&show_child_trait=false&size=500&page=0; https://www.ebi.ac.uk/gwas/rest/api/v2/associations?efo_id=OBA_0002313&show_child_trait=false&size=500&page=1
pigmentation,HERC2,EFO_0003924; EFO_0003949; EFO_0004279; EFO_0009764; MONDO_0005326; MONDO_0005434; OBA_0002313; OBA_VT0002095,eye color; eye colour measurement; hair color; skin pigmentation; skin sensitivity to sun; strand of hair color; sunburn; suntan,broad; strict,broad; strict,208,58,25,"Black vs. blond hair color; Black vs. red hair color; Blond vs non-blond hair color; Blond vs. brown hair color; Blond vs. brown/black hair color; Blue vs. brown eyes; Blue vs. green eyes; Brown vs. black hair color; Brown vs. non-brown hair color; Cutaneous melanoma or hair colour; Ease of skin tanning; Ease of sunburn; Eye color; Eye color (brightness); Eye color (hue); Eye color (saturation); Eye color traits; Hair color; Hair colour (natural, before greying): Black (UKB data field 1747_5); Hair colour (natural, before greying): Blonde (UKB data field 1747_1); Hair colour (natural, before greying): Dark brown (UKB data field 1747_4); Hair colour (natural, before greying): Light brown (UKB data field 1747_3); Hair morphology traits; Iris color; Iris color (L* coordinate); Iris color (b* coordinate); Iris heterochromicity; Light vs. dark hair color; Low tan response; Red vs. brown/black hair color; Retina colour; Skin color; Skin color (Fitzpatrick scale); Skin phototype score; Skin pigmentation; Skin pigmentation (conditioned on rs1426654 and rs35397); Skin pigmentation traits; Skin sensitivity to sun; Skin, hair and eye pigmentation (multivariate analysis); Sunburn type; Sunburns; Tanning",GCST000117; GCST000118; GCST000120; GCST000146; GCST000190; GCST000191; GCST000685; GCST000707; GCST000710; GCST001723; GCST001929; GCST001932; GCST001939; GCST002908; GCST003021; GCST003022; GCST003023; GCST003479; GCST005897; GCST006075; GCST006986; GCST006988; GCST006989; GCST007082; GCST007086; GCST007451; GCST007452; GCST007453; GCST007454; GCST007455; GCST007456; GCST007457; GCST007486; GCST007488; GCST007489; GCST007741; GCST007742; GCST007743; GCST008516; GCST008519; GCST010302; GCST012219; GCST90026490; GCST90041836; GCST90041838; GCST90041839; GCST90041840; GCST90095476; GCST90095477; GCST90255682; GCST90255683; GCST90255684; GCST90255686; GCST90255687; GCST90255688; GCST90255689; GCST90255690; GCST90939791,17952075; 18252221; 18483556; 20463881; 20585627; 23118974; 23548203; 25963972; 26184321; 26926045; 29662168; 29739929; 30166351; 30531825; 30595370; 30664655; 30895295; 31315583; 32341527; 33692100; 34265127; 34737426; 34737440; 36672889; 38728357,EFO_0003924-page-000.json; EFO_0003924-page-001.json; EFO_0003949-page-000.json; EFO_0004279-page-000.json; EFO_0009764-page-000.json; MONDO_0005326-page-000.json; MONDO_0005434-page-000.json; OBA_0002313-page-000.json; OBA_0002313-page-001.json; OBA_VT0002095-page-000.json; OBA_VT0002095-page-001.json,strict + broad,True,104178641; 104178647; 104178653; 104178658; 104178687; 104178693; 104178722; 104178734; 104178758; 104178790; 104178864; 104178917; 104178923; 104178928; 104178934; 104178940; 104178945; 104178951; 104178957; 104178963; 104178969; 104178980; 104178985; 104178990; 104178995; 104179007; 104179029; 104179040; 104179046; 104179052; 104179064; 104179070; 104179076; 104179082; 104179088; 104179105; 104179117; 104179135; 104179153; 104179159; 104179171; 104179176; 104179194; 104179200; 104179224; 104179230; 104179236; 104179274; 104179280; 104179292; 104179298; 104179310; 104179322; 104179380; 104179392; 104179403; 104179419; 104179425; 104179519; 104179671; 104179844; 104179849; 104179859; 104179864; 104179869; 104179890; 104179900; 104179905; 104179926; 104179941; 104179963; 104179979; 104179984; 104180057; 104180083; 104180115; 104180181; 104180186; 104180196; 104180244; 104180260; 104180319; 104180324; 104180368; 104180415; 104180420; 104180430; 104180435; 104180440; 104180450; 104180461; 104180466; 104180481; 104180491; 104180506; 104180511; 104180581; 104180611; 104180631; 104180671; 104180676; 104180686; 104180721; 104180766; 104180786; 104180850; 104180880; 104180972; 104180988; 104181114; 11221; 11222; 11760; 11765; 11767; 14882494; 14882737; 14882874; 14947130; 15409; 15572; 15590; 15595; 16544565; 222644359; 25422; 30548248; 30827839; 30828004; 34051; 34055; 34060; 34069; 35792216; 35792884; 35792904; 35793174; 36097050; 36097055; 36099388; 36099393; 37790098; 37790102; 37790206; 37790210; 37790245; 37790249; 37790286; 37790315; 37790319; 37790344; 37790443; 37790447; 41334157; 41334172; 41334197; 41334377; 41334387; 41334402; 41334407; 41334422; 41334427; 41334451; 41334471; 41334476; 41334501; 41334506; 41334541; 41334546; 41334576; 41334581; 41451498; 41451766; 41451770; 41451879; 47687432; 47688461; 5903; 61986419; 62419494; 93413213; 93413219; 93413225; 93413231; 93413237; 93413866; 93413872; 93413877; 93413883; 93414066; 93414071; 93414077; 93414082; 93414087; 93414093; 93414099; 93414319; 93414324; 93414330; 93414335; 93453771; 95175295; 95175299; 95175303; 95175352; 95175357; 95175361; 95284497,https://www.ebi.ac.uk/gwas/rest/api/v2/associations/104178641; https://www.ebi.ac.uk/gwas/rest/api/v2/associations/104178647; https://www.ebi.ac.uk/gwas/rest/api/v2/associations/104178653; https://www.ebi.ac.uk/gwas/rest/api/v2/associations/104178658; https://www.ebi.ac.uk/gwas/rest/api/v2/associations/104178687; https://www.ebi.ac.uk/gwas/rest/api/v2/associations/104178693; https://www.ebi.ac.uk/gwas/rest/api/v2/associations/104178722; https://www.ebi.ac.uk/gwas/rest/api/v2/associations/104178734; https://www.ebi.ac.uk/gwas/rest/api/v2/associations/104178758; https://www.ebi.ac.uk/gwas/rest/api/v2/associations/104178790; https://www.ebi.ac.uk/gwas/rest/api/v2/associations/104178864; https://www.ebi.ac.uk/gwas/rest/api/v2/associations/104178917; https://www.ebi.ac.uk/gwas/rest/api/v2/associations/104178923; https://www.ebi.ac.uk/gwas/rest/api/v2/associations/104178928; https://www.ebi.ac.uk/gwas/rest/api/v2/associations/104178934; https://www.ebi.ac.uk/gwas/rest/api/v2/associations/104178940; https://www.ebi.ac.uk/gwas/rest/api/v2/associations/104178945; https://www.ebi.ac.uk/gwas/rest/api/v2/associations/104178951; https://www.ebi.ac.uk/gwas/rest/api/v2/associations/104178957; https://www.ebi.ac.uk/gwas/rest/api/v2/associations/104178963; https://www.ebi.ac.uk/gwas/rest/api/v2/associations/104178969; https://www.ebi.ac.uk/gwas/rest/api/v2/associations/104178980; https://www.ebi.ac.uk/gwas/rest/api/v2/associations/104178985; https://www.ebi.ac.uk/gwas/rest/api/v2/associations/104178990; https://www.ebi.ac.uk/gwas/rest/api/v2/associations/104178995; https://www.ebi.ac.uk/gwas/rest/api/v2/associations/104179007; https://www.ebi.ac.uk/gwas/rest/api/v2/associations/104179029; https://www.ebi.ac.uk/gwas/rest/api/v2/associations/104179040; https://www.ebi.ac.uk/gwas/rest/api/v2/associations/104179046; https://www.ebi.ac.uk/gwas/rest/api/v2/associations/104179052; https://www.ebi.ac.uk/gwas/rest/api/v2/associations/104179064; https://www.ebi.ac.uk/gwas/rest/api/v2/associations/104179070; https://www.ebi.ac.uk/gwas/rest/api/v2/associations/104179076; https://www.ebi.ac.uk/gwas/rest/api/v2/associations/104179082; https://www.ebi.ac.uk/gwas/rest/api/v2/associations/104179088; https://www.ebi.ac.uk/gwas/rest/api/v2/associations/104179105; https://www.ebi.ac.uk/gwas/rest/api/v2/associations/104179117; https://www.ebi.ac.uk/gwas/rest/api/v2/associations/104179135; https://www.ebi.ac.uk/gwas/rest/api/v2/associations/104179153; https://www.ebi.ac.uk/gwas/rest/api/v2/associations/104179159; https://www.ebi.ac.uk/gwas/rest/api/v2/associations/104179171; https://www.ebi.ac.uk/gwas/rest/api/v2/associations/104179176; https://www.ebi.ac.uk/gwas/rest/api/v2/associations/104179194; https://www.ebi.ac.uk/gwas/rest/api/v2/associations/104179200; https://www.ebi.ac.uk/gwas/rest/api/v2/associations/104179224; https://www.ebi.ac.uk/gwas/rest/api/v2/associations/104179230; https://www.ebi.ac.uk/gwas/rest/api/v2/associations/104179236; https://www.ebi.ac.uk/gwas/rest/api/v2/associations/104179274; https://www.ebi.ac.uk/gwas/rest/api/v2/associations/104179280; https://www.ebi.ac.uk/gwas/rest/api/v2/associations/104179292; https://www.ebi.ac.uk/gwas/rest/api/v2/associations/104179298; https://www.ebi.ac.uk/gwas/rest/api/v2/associations/104179310; https://www.ebi.ac.uk/gwas/rest/api/v2/associations/104179322; https://www.ebi.ac.uk/gwas/rest/api/v2/associations/104179380; https://www.ebi.ac.uk/gwas/rest/api/v2/associations/104179392; https://www.ebi.ac.uk/gwas/rest/api/v2/associations/104179403; https://www.ebi.ac.uk/gwas/rest/api/v2/associations/104179419; https://www.ebi.ac.uk/gwas/rest/api/v2/associations/104179425; https://www.ebi.ac.uk/gwas/rest/api/v2/associations/104179519; https://www.ebi.ac.uk/gwas/rest/api/v2/associations/104179671; https://www.ebi.ac.uk/gwas/rest/api/v2/associations/104179844; https://www.ebi.ac.uk/gwas/rest/api/v2/associations/104179849; https://www.ebi.ac.uk/gwas/rest/api/v2/associations/104179859; https://www.ebi.ac.uk/gwas/rest/api/v2/associations/104179864; https://www.ebi.ac.uk/gwas/rest/api/v2/associations/104179869; https://www.ebi.ac.uk/gwas/rest/api/v2/associations/104179890; https://www.ebi.ac.uk/gwas/rest/api/v2/associations/104179900; https://www.ebi.ac.uk/gwas/rest/api/v2/associations/104179905; https://www.ebi.ac.uk/gwas/rest/api/v2/associations/104179926; https://www.ebi.ac.uk/gwas/rest/api/v2/associations/104179941; https://www.ebi.ac.uk/gwas/rest/api/v2/associations/104179963; https://www.ebi.ac.uk/gwas/rest/api/v2/associations/104179979; https://www.ebi.ac.uk/gwas/rest/api/v2/associations/104179984; https://www.ebi.ac.uk/gwas/rest/api/v2/associations/104180057; https://www.ebi.ac.uk/gwas/rest/api/v2/associations/104180083; https://www.ebi.ac.uk/gwas/rest/api/v2/associations/104180115; https://www.ebi.ac.uk/gwas/rest/api/v2/associations/104180181; https://www.ebi.ac.uk/gwas/rest/api/v2/associations/104180186; https://www.ebi.ac.uk/gwas/rest/api/v2/associations/104180196; https://www.ebi.ac.uk/gwas/rest/api/v2/associations/104180244; https://www.ebi.ac.uk/gwas/rest/api/v2/associations/104180260; https://www.ebi.ac.uk/gwas/rest/api/v2/associations/104180319; https://www.ebi.ac.uk/gwas/rest/api/v2/associations/104180324; https://www.ebi.ac.uk/gwas/rest/api/v2/associations/104180368; https://www.ebi.ac.uk/gwas/rest/api/v2/associations/104180415; https://www.ebi.ac.uk/gwas/rest/api/v2/associations/104180420; https://www.ebi.ac.uk/gwas/rest/api/v2/associations/104180430; https://www.ebi.ac.uk/gwas/rest/api/v2/associations/104180435; https://www.ebi.ac.uk/gwas/rest/api/v2/associations/104180440; https://www.ebi.ac.uk/gwas/rest/api/v2/associations/104180450; https://www.ebi.ac.uk/gwas/rest/api/v2/associations/104180461; https://www.ebi.ac.uk/gwas/rest/api/v2/associations/104180466; https://www.ebi.ac.uk/gwas/rest/api/v2/associations/104180481; https://www.ebi.ac.uk/gwas/rest/api/v2/associations/104180491; https://www.ebi.ac.uk/gwas/rest/api/v2/associations/104180506; https://www.ebi.ac.uk/gwas/rest/api/v2/associations/104180511; https://www.ebi.ac.uk/gwas/rest/api/v2/associations/104180581; https://www.ebi.ac.uk/gwas/rest/api/v2/associations/104180611; https://www.ebi.ac.uk/gwas/rest/api/v2/associations/104180631; https://www.ebi.ac.uk/gwas/rest/api/v2/associations/104180671; https://www.ebi.ac.uk/gwas/rest/api/v2/associations/104180676; https://www.ebi.ac.uk/gwas/rest/api/v2/associations/104180686; https://www.ebi.ac.uk/gwas/rest/api/v2/associations/104180721; https://www.ebi.ac.uk/gwas/rest/api/v2/associations/104180766; https://www.ebi.ac.uk/gwas/rest/api/v2/associations/104180786; https://www.ebi.ac.uk/gwas/rest/api/v2/associations/104180850; https://www.ebi.ac.uk/gwas/rest/api/v2/associations/104180880; https://www.ebi.ac.uk/gwas/rest/api/v2/associations/104180972; https://www.ebi.ac.uk/gwas/rest/api/v2/associations/104180988; https://www.ebi.ac.uk/gwas/rest/api/v2/associations/104181114; https://www.ebi.ac.uk/gwas/rest/api/v2/associations/11221; https://www.ebi.ac.uk/gwas/rest/api/v2/associations/11222; https://www.ebi.ac.uk/gwas/rest/api/v2/associations/11760; https://www.ebi.ac.uk/gwas/rest/api/v2/associations/11765; https://www.ebi.ac.uk/gwas/rest/api/v2/associations/11767; https://www.ebi.ac.uk/gwas/rest/api/v2/associations/14882494; https://www.ebi.ac.uk/gwas/rest/api/v2/associations/14882737; https://www.ebi.ac.uk/gwas/rest/api/v2/associations/14882874; https://www.ebi.ac.uk/gwas/rest/api/v2/associations/14947130; https://www.ebi.ac.uk/gwas/rest/api/v2/associations/15409; https://www.ebi.ac.uk/gwas/rest/api/v2/associations/15572; https://www.ebi.ac.uk/gwas/rest/api/v2/associations/15590; https://www.ebi.ac.uk/gwas/rest/api/v2/associations/15595; https://www.ebi.ac.uk/gwas/rest/api/v2/associations/16544565; https://www.ebi.ac.uk/gwas/rest/api/v2/associations/222644359; https://www.ebi.ac.uk/gwas/rest/api/v2/associations/25422; https://www.ebi.ac.uk/gwas/rest/api/v2/associations/30548248; https://www.ebi.ac.uk/gwas/rest/api/v2/associations/30827839; https://www.ebi.ac.uk/gwas/rest/api/v2/associations/30828004; https://www.ebi.ac.uk/gwas/rest/api/v2/associations/34051; https://www.ebi.ac.uk/gwas/rest/api/v2/associations/34055; https://www.ebi.ac.uk/gwas/rest/api/v2/associations/34060; https://www.ebi.ac.uk/gwas/rest/api/v2/associations/34069; https://www.ebi.ac.uk/gwas/rest/api/v2/associations/35792216; https://www.ebi.ac.uk/gwas/rest/api/v2/associations/35792884; https://www.ebi.ac.uk/gwas/rest/api/v2/associations/35792904; https://www.ebi.ac.uk/gwas/rest/api/v2/associations/35793174; https://www.ebi.ac.uk/gwas/rest/api/v2/associations/36097050; https://www.ebi.ac.uk/gwas/rest/api/v2/associations/36097055; https://www.ebi.ac.uk/gwas/rest/api/v2/associations/36099388; https://www.ebi.ac.uk/gwas/rest/api/v2/associations/36099393; https://www.ebi.ac.uk/gwas/rest/api/v2/associations/37790098; https://www.ebi.ac.uk/gwas/rest/api/v2/associations/37790102; https://www.ebi.ac.uk/gwas/rest/api/v2/associations/37790206; https://www.ebi.ac.uk/gwas/rest/api/v2/associations/37790210; https://www.ebi.ac.uk/gwas/rest/api/v2/associations/37790245; https://www.ebi.ac.uk/gwas/rest/api/v2/associations/37790249; https://www.ebi.ac.uk/gwas/rest/api/v2/associations/37790286; https://www.ebi.ac.uk/gwas/rest/api/v2/associations/37790315; https://www.ebi.ac.uk/gwas/rest/api/v2/associations/37790319; https://www.ebi.ac.uk/gwas/rest/api/v2/associations/37790344; https://www.ebi.ac.uk/gwas/rest/api/v2/associations/37790443; https://www.ebi.ac.uk/gwas/rest/api/v2/associations/37790447; https://www.ebi.ac.uk/gwas/rest/api/v2/associations/41334157; https://www.ebi.ac.uk/gwas/rest/api/v2/associations/41334172; https://www.ebi.ac.uk/gwas/rest/api/v2/associations/41334197; https://www.ebi.ac.uk/gwas/rest/api/v2/associations/41334377; https://www.ebi.ac.uk/gwas/rest/api/v2/associations/41334387; https://www.ebi.ac.uk/gwas/rest/api/v2/associations/41334402; https://www.ebi.ac.uk/gwas/rest/api/v2/associations/41334407; https://www.ebi.ac.uk/gwas/rest/api/v2/associations/41334422; https://www.ebi.ac.uk/gwas/rest/api/v2/associations/41334427; https://www.ebi.ac.uk/gwas/rest/api/v2/associations/41334451; https://www.ebi.ac.uk/gwas/rest/api/v2/associations/41334471; https://www.ebi.ac.uk/gwas/rest/api/v2/associations/41334476; https://www.ebi.ac.uk/gwas/rest/api/v2/associations/41334501; https://www.ebi.ac.uk/gwas/rest/api/v2/associations/41334506; https://www.ebi.ac.uk/gwas/rest/api/v2/associations/41334541; https://www.ebi.ac.uk/gwas/rest/api/v2/associations/41334546; https://www.ebi.ac.uk/gwas/rest/api/v2/associations/41334576; https://www.ebi.ac.uk/gwas/rest/api/v2/associations/41334581; https://www.ebi.ac.uk/gwas/rest/api/v2/associations/41451498; https://www.ebi.ac.uk/gwas/rest/api/v2/associations/41451766; https://www.ebi.ac.uk/gwas/rest/api/v2/associations/41451770; https://www.ebi.ac.uk/gwas/rest/api/v2/associations/41451879; https://www.ebi.ac.uk/gwas/rest/api/v2/associations/47687432; https://www.ebi.ac.uk/gwas/rest/api/v2/associations/47688461; https://www.ebi.ac.uk/gwas/rest/api/v2/associations/5903; https://www.ebi.ac.uk/gwas/rest/api/v2/associations/61986419; https://www.ebi.ac.uk/gwas/rest/api/v2/associations/62419494; https://www.ebi.ac.uk/gwas/rest/api/v2/associations/93413213; https://www.ebi.ac.uk/gwas/rest/api/v2/associations/93413219; https://www.ebi.ac.uk/gwas/rest/api/v2/associations/93413225; https://www.ebi.ac.uk/gwas/rest/api/v2/associations/93413231; https://www.ebi.ac.uk/gwas/rest/api/v2/associations/93413237; https://www.ebi.ac.uk/gwas/rest/api/v2/associations/93413866; https://www.ebi.ac.uk/gwas/rest/api/v2/associations/93413872; https://www.ebi.ac.uk/gwas/rest/api/v2/associations/93413877; https://www.ebi.ac.uk/gwas/rest/api/v2/associations/93413883; https://www.ebi.ac.uk/gwas/rest/api/v2/associations/93414066; https://www.ebi.ac.uk/gwas/rest/api/v2/associations/93414071; https://www.ebi.ac.uk/gwas/rest/api/v2/associations/93414077; https://www.ebi.ac.uk/gwas/rest/api/v2/associations/93414082; https://www.ebi.ac.uk/gwas/rest/api/v2/associations/93414087; https://www.ebi.ac.uk/gwas/rest/api/v2/associations/93414093; https://www.ebi.ac.uk/gwas/rest/api/v2/associations/93414099; https://www.ebi.ac.uk/gwas/rest/api/v2/associations/93414319; https://www.ebi.ac.uk/gwas/rest/api/v2/associations/93414324; https://www.ebi.ac.uk/gwas/rest/api/v2/associations/93414330; https://www.ebi.ac.uk/gwas/rest/api/v2/associations/93414335; https://www.ebi.ac.uk/gwas/rest/api/v2/associations/93453771; https://www.ebi.ac.uk/gwas/rest/api/v2/associations/95175295; https://www.ebi.ac.uk/gwas/rest/api/v2/associations/95175299; https://www.ebi.ac.uk/gwas/rest/api/v2/associations/95175303; https://www.ebi.ac.uk/gwas/rest/api/v2/associations/95175352; https://www.ebi.ac.uk/gwas/rest/api/v2/associations/95175357; https://www.ebi.ac.uk/gwas/rest/api/v2/associations/95175361; https://www.ebi.ac.uk/gwas/rest/api/v2/associations/95284497,https://www.ebi.ac.uk/gwas/rest/api/v2/associations?efo_id=EFO_0003924&show_child_trait=false&size=500&page=0; https://www.ebi.ac.uk/gwas/rest/api/v2/associations?efo_id=EFO_0003924&show_child_trait=false&size=500&page=1; https://www.ebi.ac.uk/gwas/rest/api/v2/associations?efo_id=EFO_0003949&show_child_trait=false&size=500&page=0; https://www.ebi.ac.uk/gwas/rest/api/v2/associations?efo_id=EFO_0004279&show_child_trait=false&size=500&page=0; https://www.ebi.ac.uk/gwas/rest/api/v2/associations?efo_id=EFO_0009764&show_child_trait=false&size=500&page=0; https://www.ebi.ac.uk/gwas/rest/api/v2/associations?efo_id=MONDO_0005326&show_child_trait=false&size=500&page=0; https://www.ebi.ac.uk/gwas/rest/api/v2/associations?efo_id=MONDO_0005434&show_child_trait=false&size=500&page=0; https://www.ebi.ac.uk/gwas/rest/api/v2/associations?efo_id=OBA_0002313&show_child_trait=false&size=500&page=0; https://www.ebi.ac.uk/gwas/rest/api/v2/associations?efo_id=OBA_0002313&show_child_trait=false&size=500&page=1; https://www.ebi.ac.uk/gwas/rest/api/v2/associations?efo_id=OBA_VT0002095&show_child_trait=false&size=500&page=0; https://www.ebi.ac.uk/gwas/rest/api/v2/associations?efo_id=OBA_VT0002095&show_child_trait=false&size=500&page=1
pigmentation,HSPA8P5,EFO_0003924; OBA_0002313,hair color; strand of hair color,strict,strict,3,3,2,Blond vs. brown/black hair color; Brown vs. black hair color; Hair color,GCST006988; GCST006989; GCST007082,30531825; 30595370,EFO_0003924-page-000.json; OBA_0002313-page-000.json,strict + broad,True,35792312; 35793196; 36096686,https://www.ebi.ac.uk/gwas/rest/api/v2/associations/35792312; https://www.ebi.ac.uk/gwas/rest/api/v2/associations/35793196; https://www.ebi.ac.uk/gwas/rest/api/v2/associations/36096686,https://www.ebi.ac.uk/gwas/rest/api/v2/associations?efo_id=EFO_0003924&show_child_trait=false&size=500&page=0; https://www.ebi.ac.uk/gwas/rest/api/v2/associations?efo_id=OBA_0002313&show_child_trait=false&size=500&page=0
pigmentation,IL16,EFO_0003924; OBA_0002313,hair color; strand of hair color,strict,strict,3,3,2,Blond vs. brown/black hair color; Brown vs. black hair color; Hair color,GCST006988; GCST006989; GCST007082,30531825; 30595370,EFO_0003924-page-000.json; OBA_0002313-page-000.json,strict + broad,True,35792843; 35793356; 36097104,https://www.ebi.ac.uk/gwas/rest/api/v2/associations/35792843; https://www.ebi.ac.uk/gwas/rest/api/v2/associations/35793356; https://www.ebi.ac.uk/gwas/rest/api/v2/associations/36097104,https://www.ebi.ac.uk/gwas/rest/api/v2/associations?efo_id=EFO_0003924&show_child_trait=false&size=500&page=0; https://www.ebi.ac.uk/gwas/rest/api/v2/associations?efo_id=OBA_0002313&show_child_trait=false&size=500&page=0
pigmentation,INHBA,EFO_0009764; OBA_0002313,eye colour measurement; strand of hair color,strict,strict,2,2,2,Hair color; Iris color (a* coordinate),GCST007082; GCST007740,30595370; 30895295,EFO_0009764-page-000.json; OBA_0002313-page-001.json,strict + broad,True,36096194; 41451181,https://www.ebi.ac.uk/gwas/rest/api/v2/associations/36096194; https://www.ebi.ac.uk/gwas/rest/api/v2/associations/41451181,https://www.ebi.ac.uk/gwas/rest/api/v2/associations?efo_id=EFO_0009764&show_child_trait=false&size=500&page=0; https://www.ebi.ac.uk/gwas/rest/api/v2/associations?efo_id=OBA_0002313&show_child_trait=false&size=500&page=1
pigmentation,IRF4,EFO_0003924; EFO_0003949; EFO_0003963; EFO_0004279; EFO_0009764; MONDO_0005326; MONDO_0005434; OBA_0002313; OBA_2045282; OBA_VT0002095,eye color; eye colour measurement; facial pigmentation; freckles; hair color; skin pigmentation; skin sensitivity to sun; strand of hair color; sunburn; suntan,broad; strict,broad; strict,83,44,19,"Black vs. blond hair color; Black vs. red hair color; Blond vs non-blond hair color; Blond vs. brown/black hair color; Brown vs. black hair color; Brown vs. non-brown hair color; Ease of skin tanning; Ease of sunburn; Eye color; Eye color (brightness); Eye color traits; Facial pigmentation; Freckles; Freckling; Hair color; Hair colour (natural, before greying): Black (UKB data field 1747_5); Hair colour (natural, before greying): Blonde (UKB data field 1747_1); Hair colour (natural, before greying): Dark brown (UKB data field 1747_4); Hair colour (natural, before greying): Light brown (UKB data field 1747_3); Hair greying; Hair morphology traits; Light vs. dark hair color; Low tan response; Skin color; Skin pigmentation; Skin pigmentation traits; Skin reflectance; Skin, hair and eye pigmentation (multivariate analysis); Sunburns; Tanning",GCST000119; GCST000190; GCST000191; GCST000371; GCST000707; GCST000708; GCST000710; GCST001932; GCST001933; GCST001939; GCST002785; GCST003021; GCST003022; GCST003023; GCST003478; GCST003479; GCST005897; GCST006075; GCST006988; GCST006989; GCST007082; GCST007086; GCST007451; GCST007452; GCST007453; GCST007454; GCST007455; GCST007486; GCST007488; GCST007489; GCST012219; GCST90041836; GCST90041838; GCST90041839; GCST90041840; GCST90095476; GCST90095477; GCST90246327; GCST90255683; GCST90255684; GCST90255685; GCST90255686; GCST90255687; GCST90255690,17952075; 18483556; 19340012; 20585627; 23548203; 25705849; 26184321; 26926045; 29662168; 29739929; 30166351; 30531825; 30595370; 30664655; 33692100; 34737426; 34737440; 36536295; 36672889,EFO_0003924-page-000.json; EFO_0003924-page-001.json; EFO_0003949-page-000.json; EFO_0003963-page-000.json; EFO_0004279-page-000.json; EFO_0009764-page-000.json; MONDO_0005326-page-000.json; MONDO_0005434-page-000.json; OBA_0002313-page-000.json; OBA_0002313-page-001.json; OBA_2045282-page-000.json; OBA_VT0002095-page-000.json; OBA_VT0002095-page-001.json,strict + broad,True,10095334; 103607491; 104178775; 104178780; 104178785; 104179012; 104179443; 104179448; 104179474; 104179514; 104179666; 104179725; 104180875; 12871; 14882490; 14882733; 14882870; 15573; 15592; 15598; 15620; 16544498; 16544538; 30548181; 30827807; 34053; 34057; 34064; 35792224; 35792228; 35792260; 35792368; 35792678; 35792727; 35792803; 35793170; 35793178; 35793192; 35793206; 35793278; 35793282; 35793286; 35793291; 36096012; 36099203; 37790070; 37790233; 37790270; 37790299; 37790419; 41334162; 41334177; 41334202; 41334259; 41334264; 41334279; 41334392; 41334412; 41334432; 41334456; 41334486; 41334551; 41334586; 5945; 6177; 6204; 93413033; 93413039; 93413045; 93413051; 93413827; 93413833; 93413915; 93413921; 93413926; 93413932; 93414276; 93414281; 93414286; 93414291; 95175254; 95175343; 95284469,https://www.ebi.ac.uk/gwas/rest/api/v2/associations/10095334; https://www.ebi.ac.uk/gwas/rest/api/v2/associations/103607491; https://www.ebi.ac.uk/gwas/rest/api/v2/associations/104178775; https://www.ebi.ac.uk/gwas/rest/api/v2/associations/104178780; https://www.ebi.ac.uk/gwas/rest/api/v2/associations/104178785; https://www.ebi.ac.uk/gwas/rest/api/v2/associations/104179012; https://www.ebi.ac.uk/gwas/rest/api/v2/associations/104179443; https://www.ebi.ac.uk/gwas/rest/api/v2/associations/104179448; https://www.ebi.ac.uk/gwas/rest/api/v2/associations/104179474; https://www.ebi.ac.uk/gwas/rest/api/v2/associations/104179514; https://www.ebi.ac.uk/gwas/rest/api/v2/associations/104179666; https://www.ebi.ac.uk/gwas/rest/api/v2/associations/104179725; https://www.ebi.ac.uk/gwas/rest/api/v2/associations/104180875; https://www.ebi.ac.uk/gwas/rest/api/v2/associations/12871; https://www.ebi.ac.uk/gwas/rest/api/v2/associations/14882490; https://www.ebi.ac.uk/gwas/rest/api/v2/associations/14882733; https://www.ebi.ac.uk/gwas/rest/api/v2/associations/14882870; https://www.ebi.ac.uk/gwas/rest/api/v2/associations/15573; https://www.ebi.ac.uk/gwas/rest/api/v2/associations/15592; https://www.ebi.ac.uk/gwas/rest/api/v2/associations/15598; https://www.ebi.ac.uk/gwas/rest/api/v2/associations/15620; https://www.ebi.ac.uk/gwas/rest/api/v2/associations/16544498; https://www.ebi.ac.uk/gwas/rest/api/v2/associations/16544538; https://www.ebi.ac.uk/gwas/rest/api/v2/associations/30548181; https://www.ebi.ac.uk/gwas/rest/api/v2/associations/30827807; https://www.ebi.ac.uk/gwas/rest/api/v2/associations/34053; https://www.ebi.ac.uk/gwas/rest/api/v2/associations/34057; https://www.ebi.ac.uk/gwas/rest/api/v2/associations/34064; https://www.ebi.ac.uk/gwas/rest/api/v2/associations/35792224; https://www.ebi.ac.uk/gwas/rest/api/v2/associations/35792228; https://www.ebi.ac.uk/gwas/rest/api/v2/associations/35792260; https://www.ebi.ac.uk/gwas/rest/api/v2/associations/35792368; https://www.ebi.ac.uk/gwas/rest/api/v2/associations/35792678; https://www.ebi.ac.uk/gwas/rest/api/v2/associations/35792727; https://www.ebi.ac.uk/gwas/rest/api/v2/associations/35792803; https://www.ebi.ac.uk/gwas/rest/api/v2/associations/35793170; https://www.ebi.ac.uk/gwas/rest/api/v2/associations/35793178; https://www.ebi.ac.uk/gwas/rest/api/v2/associations/35793192; https://www.ebi.ac.uk/gwas/rest/api/v2/associations/35793206; https://www.ebi.ac.uk/gwas/rest/api/v2/associations/35793278; https://www.ebi.ac.uk/gwas/rest/api/v2/associations/35793282; https://www.ebi.ac.uk/gwas/rest/api/v2/associations/35793286; https://www.ebi.ac.uk/gwas/rest/api/v2/associations/35793291; https://www.ebi.ac.uk/gwas/rest/api/v2/associations/36096012; https://www.ebi.ac.uk/gwas/rest/api/v2/associations/36099203; https://www.ebi.ac.uk/gwas/rest/api/v2/associations/37790070; https://www.ebi.ac.uk/gwas/rest/api/v2/associations/37790233; https://www.ebi.ac.uk/gwas/rest/api/v2/associations/37790270; https://www.ebi.ac.uk/gwas/rest/api/v2/associations/37790299; https://www.ebi.ac.uk/gwas/rest/api/v2/associations/37790419; https://www.ebi.ac.uk/gwas/rest/api/v2/associations/41334162; https://www.ebi.ac.uk/gwas/rest/api/v2/associations/41334177; https://www.ebi.ac.uk/gwas/rest/api/v2/associations/41334202; https://www.ebi.ac.uk/gwas/rest/api/v2/associations/41334259; https://www.ebi.ac.uk/gwas/rest/api/v2/associations/41334264; https://www.ebi.ac.uk/gwas/rest/api/v2/associations/41334279; https://www.ebi.ac.uk/gwas/rest/api/v2/associations/41334392; https://www.ebi.ac.uk/gwas/rest/api/v2/associations/41334412; https://www.ebi.ac.uk/gwas/rest/api/v2/associations/41334432; https://www.ebi.ac.uk/gwas/rest/api/v2/associations/41334456; https://www.ebi.ac.uk/gwas/rest/api/v2/associations/41334486; https://www.ebi.ac.uk/gwas/rest/api/v2/associations/41334551; https://www.ebi.ac.uk/gwas/rest/api/v2/associations/41334586; https://www.ebi.ac.uk/gwas/rest/api/v2/associations/5945; https://www.ebi.ac.uk/gwas/rest/api/v2/associations/6177; https://www.ebi.ac.uk/gwas/rest/api/v2/associations/6204; https://www.ebi.ac.uk/gwas/rest/api/v2/associations/93413033; https://www.ebi.ac.uk/gwas/rest/api/v2/associations/93413039; https://www.ebi.ac.uk/gwas/rest/api/v2/associations/93413045; https://www.ebi.ac.uk/gwas/rest/api/v2/associations/93413051; https://www.ebi.ac.uk/gwas/rest/api/v2/associations/93413827; https://www.ebi.ac.uk/gwas/rest/api/v2/associations/93413833; https://www.ebi.ac.uk/gwas/rest/api/v2/associations/93413915; https://www.ebi.ac.uk/gwas/rest/api/v2/associations/93413921; https://www.ebi.ac.uk/gwas/rest/api/v2/associations/93413926; https://www.ebi.ac.uk/gwas/rest/api/v2/associations/93413932; https://www.ebi.ac.uk/gwas/rest/api/v2/associations/93414276; https://www.ebi.ac.uk/gwas/rest/api/v2/associations/93414281; https://www.ebi.ac.uk/gwas/rest/api/v2/associations/93414286; https://www.ebi.ac.uk/gwas/rest/api/v2/associations/93414291; https://www.ebi.ac.uk/gwas/rest/api/v2/associations/95175254; https://www.ebi.ac.uk/gwas/rest/api/v2/associations/95175343; https://www.ebi.ac.uk/gwas/rest/api/v2/associations/95284469,https://www.ebi.ac.uk/gwas/rest/api/v2/associations?efo_id=EFO_0003924&show_child_trait=false&size=500&page=0; https://www.ebi.ac.uk/gwas/rest/api/v2/associations?efo_id=EFO_0003924&show_child_trait=false&size=500&page=1; https://www.ebi.ac.uk/gwas/rest/api/v2/associations?efo_id=EFO_0003949&show_child_trait=false&size=500&page=0; https://www.ebi.ac.uk/gwas/rest/api/v2/associations?efo_id=EFO_0003963&show_child_trait=false&size=500&page=0; https://www.ebi.ac.uk/gwas/rest/api/v2/associations?efo_id=EFO_0004279&show_child_trait=false&size=500&page=0; https://www.ebi.ac.uk/gwas/rest/api/v2/associations?efo_id=EFO_0009764&show_child_trait=false&size=500&page=0; https://www.ebi.ac.uk/gwas/rest/api/v2/associations?efo_id=MONDO_0005326&show_child_trait=false&size=500&page=0; https://www.ebi.ac.uk/gwas/rest/api/v2/associations?efo_id=MONDO_0005434&show_child_trait=false&size=500&page=0; https://www.ebi.ac.uk/gwas/rest/api/v2/associations?efo_id=OBA_0002313&show_child_trait=false&size=500&page=0; https://www.ebi.ac.uk/gwas/rest/api/v2/associations?efo_id=OBA_0002313&show_child_trait=false&size=500&page=1; https://www.ebi.ac.uk/gwas/rest/api/v2/associations?efo_id=OBA_2045282&show_child_trait=false&size=500&page=0; https://www.ebi.ac.uk/gwas/rest/api/v2/associations?efo_id=OBA_VT0002095&show_child_trait=false&size=500&page=0; https://www.ebi.ac.uk/gwas/rest/api/v2/associations?efo_id=OBA_VT0002095&show_child_trait=false&size=500&page=1
pigmentation,JAZF1,EFO_0003924; EFO_0003949; MONDO_0005326; OBA_0002313,eye color; hair color; strand of hair color; sunburn,broad; strict,broad; strict,4,4,3,Blond vs. brown/black hair color; Eye color; Hair color; Sunburns,GCST006988; GCST007082; GCST007086; GCST012219,30531825; 30595370; 33692100,EFO_0003924-page-000.json; EFO_0003949-page-000.json; MONDO_0005326-page-000.json; OBA_0002313-page-001.json,strict + broad,True,35792690; 36096184; 36099266; 95284525,https://www.ebi.ac.uk/gwas/rest/api/v2/associations/35792690; https://www.ebi.ac.uk/gwas/rest/api/v2/associations/36096184; https://www.ebi.ac.uk/gwas/rest/api/v2/associations/36099266; https://www.ebi.ac.uk/gwas/rest/api/v2/associations/95284525,https://www.ebi.ac.uk/gwas/rest/api/v2/associations?efo_id=EFO_0003924&show_child_trait=false&size=500&page=0; https://www.ebi.ac.uk/gwas/rest/api/v2/associations?efo_id=EFO_0003949&show_child_trait=false&size=500&page=0; https://www.ebi.ac.uk/gwas/rest/api/v2/associations?efo_id=MONDO_0005326&show_child_trait=false&size=500&page=0; https://www.ebi.ac.uk/gwas/rest/api/v2/associations?efo_id=OBA_0002313&show_child_trait=false&size=500&page=1
pigmentation,KCNH1,EFO_0003924; OBA_0002313,hair color; strand of hair color,strict,strict,2,2,2,Blond vs. brown/black hair color; Hair color,GCST006988; GCST007082,30531825; 30595370,EFO_0003924-page-000.json; OBA_0002313-page-001.json,strict + broad,True,35792484; 36095494,https://www.ebi.ac.uk/gwas/rest/api/v2/associations/35792484; https://www.ebi.ac.uk/gwas/rest/api/v2/associations/36095494,https://www.ebi.ac.uk/gwas/rest/api/v2/associations?efo_id=EFO_0003924&show_child_trait=false&size=500&page=0; https://www.ebi.ac.uk/gwas/rest/api/v2/associations?efo_id=OBA_0002313&show_child_trait=false&size=500&page=1
pigmentation,KIAA0930,EFO_0003924; EFO_0004279; MONDO_0005326; OBA_0002313,hair color; strand of hair color; sunburn; suntan,broad; strict,broad; strict,5,5,4,Blond vs. brown/black hair color; Cutaneous melanoma or hair colour; Hair color; Low tan response; Sunburns,GCST005897; GCST006988; GCST007082; GCST007086; GCST010302,29739929; 30531825; 30595370; 32341527,EFO_0003924-page-000.json; EFO_0004279-page-000.json; MONDO_0005326-page-000.json; OBA_0002313-page-000.json,strict + broad,True,30828179; 35792528; 36097550; 36099497; 61986549,https://www.ebi.ac.uk/gwas/rest/api/v2/associations/30828179; https://www.ebi.ac.uk/gwas/rest/api/v2/associations/35792528; https://www.ebi.ac.uk/gwas/rest/api/v2/associations/36097550; https://www.ebi.ac.uk/gwas/rest/api/v2/associations/36099497; https://www.ebi.ac.uk/gwas/rest/api/v2/associations/61986549,https://www.ebi.ac.uk/gwas/rest/api/v2/associations?efo_id=EFO_0003924&show_child_trait=false&size=500&page=0; https://www.ebi.ac.uk/gwas/rest/api/v2/associations?efo_id=EFO_0004279&show_child_trait=false&size=500&page=0; https://www.ebi.ac.uk/gwas/rest/api/v2/associations?efo_id=MONDO_0005326&show_child_trait=false&size=500&page=0; https://www.ebi.ac.uk/gwas/rest/api/v2/associations?efo_id=OBA_0002313&show_child_trait=false&size=500&page=0
pigmentation,KITLG,EFO_0003924; OBA_0002313,hair color; strand of hair color,strict,strict,3,2,2,Blond vs. brown/black hair color; Hair color,GCST006988; GCST007082,30531825; 30595370,EFO_0003924-page-000.json; OBA_0002313-page-000.json,strict + broad,True,35792296; 35792787; 36096789,https://www.ebi.ac.uk/gwas/rest/api/v2/associations/35792296; https://www.ebi.ac.uk/gwas/rest/api/v2/associations/35792787; https://www.ebi.ac.uk/gwas/rest/api/v2/associations/36096789,https://www.ebi.ac.uk/gwas/rest/api/v2/associations?efo_id=EFO_0003924&show_child_trait=false&size=500&page=0; https://www.ebi.ac.uk/gwas/rest/api/v2/associations?efo_id=OBA_0002313&show_child_trait=false&size=500&page=0
pigmentation,KRT31,EFO_0003924; OBA_0002313,hair color; strand of hair color,strict,strict,2,2,2,Brown vs. black hair color; Hair color,GCST006989; GCST007082,30531825; 30595370,EFO_0003924-page-000.json; OBA_0002313-page-000.json,strict + broad,True,35793183; 36097260,https://www.ebi.ac.uk/gwas/rest/api/v2/associations/35793183; https://www.ebi.ac.uk/gwas/rest/api/v2/associations/36097260,https://www.ebi.ac.uk/gwas/rest/api/v2/associations?efo_id=EFO_0003924&show_child_trait=false&size=500&page=0; https://www.ebi.ac.uk/gwas/rest/api/v2/associations?efo_id=OBA_0002313&show_child_trait=false&size=500&page=0
pigmentation,KRT86,EFO_0003924; OBA_0002313,hair color; strand of hair color,strict,strict,2,2,2,"Blond vs. brown/black hair color; Hair colour (natural, before greying): Blonde (UKB data field 1747_1)",GCST006988; GCST90041836,30531825; 34737426,EFO_0003924-page-000.json; OBA_0002313-page-000.json,strict + broad,True,35792908; 93413119,https://www.ebi.ac.uk/gwas/rest/api/v2/associations/35792908; https://www.ebi.ac.uk/gwas/rest/api/v2/associations/93413119,https://www.ebi.ac.uk/gwas/rest/api/v2/associations?efo_id=EFO_0003924&show_child_trait=false&size=500&page=0; https://www.ebi.ac.uk/gwas/rest/api/v2/associations?efo_id=OBA_0002313&show_child_trait=false&size=500&page=0
pigmentation,KRT87P,EFO_0003924; OBA_0002313,hair color; strand of hair color,strict,strict,2,2,2,"Blond vs. brown/black hair color; Hair colour (natural, before greying): Blonde (UKB data field 1747_1)",GCST006988; GCST90041836,30531825; 34737426,EFO_0003924-page-000.json; OBA_0002313-page-000.json,strict + broad,True,35792908; 93413119,https://www.ebi.ac.uk/gwas/rest/api/v2/associations/35792908; https://www.ebi.ac.uk/gwas/rest/api/v2/associations/93413119,https://www.ebi.ac.uk/gwas/rest/api/v2/associations?efo_id=EFO_0003924&show_child_trait=false&size=500&page=0; https://www.ebi.ac.uk/gwas/rest/api/v2/associations?efo_id=OBA_0002313&show_child_trait=false&size=500&page=0
pigmentation,LEF1,EFO_0003924; OBA_0002313,hair color; strand of hair color,strict,strict,4,3,3,"Blond vs. brown/black hair color; Hair color; Hair colour (natural, before greying): Blonde (UKB data field 1747_1)",GCST006988; GCST007082; GCST90041836,30531825; 30595370; 34737426,EFO_0003924-page-000.json; EFO_0003924-page-001.json; OBA_0002313-page-000.json; OBA_0002313-page-001.json,strict + broad,True,35792236; 35792412; 36095851; 93413022,https://www.ebi.ac.uk/gwas/rest/api/v2/associations/35792236; https://www.ebi.ac.uk/gwas/rest/api/v2/associations/35792412; https://www.ebi.ac.uk/gwas/rest/api/v2/associations/36095851; https://www.ebi.ac.uk/gwas/rest/api/v2/associations/93413022,https://www.ebi.ac.uk/gwas/rest/api/v2/associations?efo_id=EFO_0003924&show_child_trait=false&size=500&page=0; https://www.ebi.ac.uk/gwas/rest/api/v2/associations?efo_id=EFO_0003924&show_child_trait=false&size=500&page=1; https://www.ebi.ac.uk/gwas/rest/api/v2/associations?efo_id=OBA_0002313&show_child_trait=false&size=500&page=0; https://www.ebi.ac.uk/gwas/rest/api/v2/associations?efo_id=OBA_0002313&show_child_trait=false&size=500&page=1
pigmentation,LGR4,EFO_0003924; OBA_0002313,hair color; strand of hair color,strict,strict,2,2,2,Blond vs. brown/black hair color; Hair color,GCST006988; GCST007082,30531825; 30595370,EFO_0003924-page-000.json; OBA_0002313-page-000.json,strict + broad,True,35792791; 36096508,https://www.ebi.ac.uk/gwas/rest/api/v2/associations/35792791; https://www.ebi.ac.uk/gwas/rest/api/v2/associations/36096508,https://www.ebi.ac.uk/gwas/rest/api/v2/associations?efo_id=EFO_0003924&show_child_trait=false&size=500&page=0; https://www.ebi.ac.uk/gwas/rest/api/v2/associations?efo_id=OBA_0002313&show_child_trait=false&size=500&page=0
pigmentation,LHX2,EFO_0003924; OBA_0002313,hair color; strand of hair color,strict,strict,8,3,3,Blond vs. brown/black hair color; Hair color,GCST006075; GCST006988; GCST007082,29662168; 30531825; 30595370,EFO_0003924-page-000.json; EFO_0003924-page-001.json; OBA_0002313-page-001.json,strict + broad,True,30548201; 35792272; 35792356; 35792719; 35792819; 35792860; 36096408; 36096412,https://www.ebi.ac.uk/gwas/rest/api/v2/associations/30548201; https://www.ebi.ac.uk/gwas/rest/api/v2/associations/35792272; https://www.ebi.ac.uk/gwas/rest/api/v2/associations/35792356; https://www.ebi.ac.uk/gwas/rest/api/v2/associations/35792719; https://www.ebi.ac.uk/gwas/rest/api/v2/associations/35792819; https://www.ebi.ac.uk/gwas/rest/api/v2/associations/35792860; https://www.ebi.ac.uk/gwas/rest/api/v2/associations/36096408; https://www.ebi.ac.uk/gwas/rest/api/v2/associations/36096412,https://www.ebi.ac.uk/gwas/rest/api/v2/associations?efo_id=EFO_0003924&show_child_trait=false&size=500&page=0; https://www.ebi.ac.uk/gwas/rest/api/v2/associations?efo_id=EFO_0003924&show_child_trait=false&size=500&page=1; https://www.ebi.ac.uk/gwas/rest/api/v2/associations?efo_id=OBA_0002313&show_child_trait=false&size=500&page=1
pigmentation,LINC-PINT,EFO_0003924; OBA_0002313,hair color; strand of hair color,strict,strict,4,4,3,Blond vs. brown/black hair color; Brown vs. black hair color; Cutaneous melanoma or hair colour; Hair color,GCST006988; GCST006989; GCST007082; GCST010302,30531825; 30595370; 32341527,EFO_0003924-page-000.json; OBA_0002313-page-001.json,strict + broad,True,35792420; 35793232; 36096241; 61986461,https://www.ebi.ac.uk/gwas/rest/api/v2/associations/35792420; https://www.ebi.ac.uk/gwas/rest/api/v2/associations/35793232; https://www.ebi.ac.uk/gwas/rest/api/v2/associations/36096241; https://www.ebi.ac.uk/gwas/rest/api/v2/associations/61986461,https://www.ebi.ac.uk/gwas/rest/api/v2/associations?efo_id=EFO_0003924&show_child_trait=false&size=500&page=0; https://www.ebi.ac.uk/gwas/rest/api/v2/associations?efo_id=OBA_0002313&show_child_trait=false&size=500&page=1
pigmentation,LINC00158,EFO_0003924; OBA_0002313,hair color; strand of hair color,strict,strict,2,2,2,Blond vs. brown/black hair color; Hair color,GCST006988; GCST007082,30531825; 30595370,EFO_0003924-page-000.json; OBA_0002313-page-000.json,strict + broad,True,35792396; 36097506,https://www.ebi.ac.uk/gwas/rest/api/v2/associations/35792396; https://www.ebi.ac.uk/gwas/rest/api/v2/associations/36097506,https://www.ebi.ac.uk/gwas/rest/api/v2/associations?efo_id=EFO_0003924&show_child_trait=false&size=500&page=0; https://www.ebi.ac.uk/gwas/rest/api/v2/associations?efo_id=OBA_0002313&show_child_trait=false&size=500&page=0
pigmentation,LINC01117,EFO_0003924; OBA_0002313,hair color; strand of hair color,strict,strict,2,2,2,Blond vs. brown/black hair color; Hair color,GCST006988; GCST007082,30531825; 30595370,EFO_0003924-page-000.json; OBA_0002313-page-001.json,strict + broad,True,35792440; 36095609,https://www.ebi.ac.uk/gwas/rest/api/v2/associations/35792440; https://www.ebi.ac.uk/gwas/rest/api/v2/associations/36095609,https://www.ebi.ac.uk/gwas/rest/api/v2/associations?efo_id=EFO_0003924&show_child_trait=false&size=500&page=0; https://www.ebi.ac.uk/gwas/rest/api/v2/associations?efo_id=OBA_0002313&show_child_trait=false&size=500&page=1
pigmentation,LINC01381,EFO_0003924; OBA_0002313,hair color; strand of hair color,strict,strict,2,2,2,Hair color; Red vs. brown/black hair color,GCST006986; GCST007082,30531825; 30595370,EFO_0003924-page-000.json; OBA_0002313-page-001.json,strict + broad,True,36095539; 62419503,https://www.ebi.ac.uk/gwas/rest/api/v2/associations/36095539; https://www.ebi.ac.uk/gwas/rest/api/v2/associations/62419503,https://www.ebi.ac.uk/gwas/rest/api/v2/associations?efo_id=EFO_0003924&show_child_trait=false&size=500&page=0; https://www.ebi.ac.uk/gwas/rest/api/v2/associations?efo_id=OBA_0002313&show_child_trait=false&size=500&page=1
pigmentation,LINC01411,EFO_0003924; OBA_0002313,hair color; strand of hair color,strict,strict,3,3,2,Blond vs. brown/black hair color; Hair color; Red vs. brown/black hair color,GCST006986; GCST006988; GCST007082,30531825; 30595370,EFO_0003924-page-000.json; OBA_0002313-page-001.json,strict + broad,True,35792508; 36095993; 62419520,https://www.ebi.ac.uk/gwas/rest/api/v2/associations/35792508; https://www.ebi.ac.uk/gwas/rest/api/v2/associations/36095993; https://www.ebi.ac.uk/gwas/rest/api/v2/associations/62419520,https://www.ebi.ac.uk/gwas/rest/api/v2/associations?efo_id=EFO_0003924&show_child_trait=false&size=500&page=0; https://www.ebi.ac.uk/gwas/rest/api/v2/associations?efo_id=OBA_0002313&show_child_trait=false&size=500&page=1
pigmentation,LINC01449,EFO_0009764; OBA_0002313,eye colour measurement; strand of hair color,strict,strict,2,2,2,Hair color; Iris color (a* coordinate),GCST007082; GCST007740,30595370; 30895295,EFO_0009764-page-000.json; OBA_0002313-page-001.json,strict + broad,True,36096194; 41451181,https://www.ebi.ac.uk/gwas/rest/api/v2/associations/36096194; https://www.ebi.ac.uk/gwas/rest/api/v2/associations/41451181,https://www.ebi.ac.uk/gwas/rest/api/v2/associations?efo_id=EFO_0009764&show_child_trait=false&size=500&page=0; https://www.ebi.ac.uk/gwas/rest/api/v2/associations?efo_id=OBA_0002313&show_child_trait=false&size=500&page=1
pigmentation,LINC01491,EFO_0003924; OBA_VT0002095,hair color; skin pigmentation,strict,strict,26,6,4,Cutaneous melanoma or hair colour; Skin color in blue band; Skin color in green band; Skin color in red band; Skin reflectance (Melanin index),GCST007739; GCST010302; GCST011355; GCST90854270; GCST90854271; GCST90854272,30895295; 32341527; 33600456; 42586059,EFO_0003924-page-000.json; OBA_VT0002095-page-000.json; OBA_VT0002095-page-001.json,strict + broad,True,223072150; 223072155; 223072165; 223072170; 223072180; 223072200; 223072215; 223072230; 223072311; 223072316; 223072324; 223072332; 223072344; 223072360; 223072368; 223072394; 223072502; 223072506; 223072514; 223072523; 223072560; 223072655; 223072659; 41452493; 61986583; 77845307,https://www.ebi.ac.uk/gwas/rest/api/v2/associations/223072150; https://www.ebi.ac.uk/gwas/rest/api/v2/associations/223072155; https://www.ebi.ac.uk/gwas/rest/api/v2/associations/223072165; https://www.ebi.ac.uk/gwas/rest/api/v2/associations/223072170; https://www.ebi.ac.uk/gwas/rest/api/v2/associations/223072180; https://www.ebi.ac.uk/gwas/rest/api/v2/associations/223072200; https://www.ebi.ac.uk/gwas/rest/api/v2/associations/223072215; https://www.ebi.ac.uk/gwas/rest/api/v2/associations/223072230; https://www.ebi.ac.uk/gwas/rest/api/v2/associations/223072311; https://www.ebi.ac.uk/gwas/rest/api/v2/associations/223072316; https://www.ebi.ac.uk/gwas/rest/api/v2/associations/223072324; https://www.ebi.ac.uk/gwas/rest/api/v2/associations/223072332; https://www.ebi.ac.uk/gwas/rest/api/v2/associations/223072344; https://www.ebi.ac.uk/gwas/rest/api/v2/associations/223072360; https://www.ebi.ac.uk/gwas/rest/api/v2/associations/223072368; https://www.ebi.ac.uk/gwas/rest/api/v2/associations/223072394; https://www.ebi.ac.uk/gwas/rest/api/v2/associations/223072502; https://www.ebi.ac.uk/gwas/rest/api/v2/associations/223072506; https://www.ebi.ac.uk/gwas/rest/api/v2/associations/223072514; https://www.ebi.ac.uk/gwas/rest/api/v2/associations/223072523; https://www.ebi.ac.uk/gwas/rest/api/v2/associations/223072560; https://www.ebi.ac.uk/gwas/rest/api/v2/associations/223072655; https://www.ebi.ac.uk/gwas/rest/api/v2/associations/223072659; https://www.ebi.ac.uk/gwas/rest/api/v2/associations/41452493; https://www.ebi.ac.uk/gwas/rest/api/v2/associations/61986583; https://www.ebi.ac.uk/gwas/rest/api/v2/associations/77845307,https://www.ebi.ac.uk/gwas/rest/api/v2/associations?efo_id=EFO_0003924&show_child_trait=false&size=500&page=0; https://www.ebi.ac.uk/gwas/rest/api/v2/associations?efo_id=OBA_VT0002095&show_child_trait=false&size=500&page=0; https://www.ebi.ac.uk/gwas/rest/api/v2/associations?efo_id=OBA_VT0002095&show_child_trait=false&size=500&page=1
pigmentation,LINC01505,EFO_0003924; OBA_0002313,hair color; strand of hair color,strict,strict,3,3,3,Blond vs. brown/black hair color; Cutaneous melanoma or hair colour; Hair color,GCST006988; GCST007082; GCST010302,30531825; 30595370; 32341527,EFO_0003924-page-000.json; OBA_0002313-page-001.json,strict + broad,True,35792654; 36096388; 61986493,https://www.ebi.ac.uk/gwas/rest/api/v2/associations/35792654; https://www.ebi.ac.uk/gwas/rest/api/v2/associations/36096388; https://www.ebi.ac.uk/gwas/rest/api/v2/associations/61986493,https://www.ebi.ac.uk/gwas/rest/api/v2/associations?efo_id=EFO_0003924&show_child_trait=false&size=500&page=0; https://www.ebi.ac.uk/gwas/rest/api/v2/associations?efo_id=OBA_0002313&show_child_trait=false&size=500&page=1
pigmentation,LINC01622,MONDO_0005326; OBA_0002313,strand of hair color; sunburn,broad; strict,broad; strict,10,4,2,"Hair color; Hair colour (natural, before greying): Black (UKB data field 1747_5); Hair colour (natural, before greying): Blonde (UKB data field 1747_1); Sunburns",GCST007082; GCST007086; GCST90041836; GCST90041840,30595370; 34737426,MONDO_0005326-page-000.json; OBA_0002313-page-000.json; OBA_0002313-page-001.json,strict + broad,True,36096027; 36096032; 36096037; 36096042; 36099218; 36099223; 93413069; 93413075; 93414308; 93414314,https://www.ebi.ac.uk/gwas/rest/api/v2/associations/36096027; https://www.ebi.ac.uk/gwas/rest/api/v2/associations/36096032; https://www.ebi.ac.uk/gwas/rest/api/v2/associations/36096037; https://www.ebi.ac.uk/gwas/rest/api/v2/associations/36096042; https://www.ebi.ac.uk/gwas/rest/api/v2/associations/36099218; https://www.ebi.ac.uk/gwas/rest/api/v2/associations/36099223; https://www.ebi.ac.uk/gwas/rest/api/v2/associations/93413069; https://www.ebi.ac.uk/gwas/rest/api/v2/associations/93413075; https://www.ebi.ac.uk/gwas/rest/api/v2/associations/93414308; https://www.ebi.ac.uk/gwas/rest/api/v2/associations/93414314,https://www.ebi.ac.uk/gwas/rest/api/v2/associations?efo_id=MONDO_0005326&show_child_trait=false&size=500&page=0; https://www.ebi.ac.uk/gwas/rest/api/v2/associations?efo_id=OBA_0002313&show_child_trait=false&size=500&page=0; https://www.ebi.ac.uk/gwas/rest/api/v2/associations?efo_id=OBA_0002313&show_child_trait=false&size=500&page=1
pigmentation,LINC01679,EFO_0003924; EFO_0003949; OBA_0002313,eye color; hair color; strand of hair color,strict,strict,6,4,3,Blond vs. brown/black hair color; Eye color; Hair color; Red vs. brown/black hair color,GCST006986; GCST006988; GCST007082; GCST012219,30531825; 30595370; 33692100,EFO_0003924-page-000.json; EFO_0003949-page-000.json; OBA_0002313-page-000.json,strict + broad,True,35792637; 35792831; 36097515; 62419507; 95284509; 95284557,https://www.ebi.ac.uk/gwas/rest/api/v2/associations/35792637; https://www.ebi.ac.uk/gwas/rest/api/v2/associations/35792831; https://www.ebi.ac.uk/gwas/rest/api/v2/associations/36097515; https://www.ebi.ac.uk/gwas/rest/api/v2/associations/62419507; https://www.ebi.ac.uk/gwas/rest/api/v2/associations/95284509; https://www.ebi.ac.uk/gwas/rest/api/v2/associations/95284557,https://www.ebi.ac.uk/gwas/rest/api/v2/associations?efo_id=EFO_0003924&show_child_trait=false&size=500&page=0; https://www.ebi.ac.uk/gwas/rest/api/v2/associations?efo_id=EFO_0003949&show_child_trait=false&size=500&page=0; https://www.ebi.ac.uk/gwas/rest/api/v2/associations?efo_id=OBA_0002313&show_child_trait=false&size=500&page=0
pigmentation,LINC01877,OBA_2045282; OBA_VT0002095,facial pigmentation; skin pigmentation,strict,strict,4,4,2,Facial pigmentation measurement (UV light); Facial pigmentation measurement (polar light); Skin color in blue band; Skin color in green band,GCST90002283; GCST90002284; GCST90854271; GCST90854272,32835660; 42586059,OBA_2045282-page-000.json; OBA_VT0002095-page-000.json,strict + broad,True,223072423; 223072568; 62410552; 62410595,https://www.ebi.ac.uk/gwas/rest/api/v2/associations/223072423; https://www.ebi.ac.uk/gwas/rest/api/v2/associations/223072568; https://www.ebi.ac.uk/gwas/rest/api/v2/associations/62410552; https://www.ebi.ac.uk/gwas/rest/api/v2/associations/62410595,https://www.ebi.ac.uk/gwas/rest/api/v2/associations?efo_id=OBA_2045282&show_child_trait=false&size=500&page=0; https://www.ebi.ac.uk/gwas/rest/api/v2/associations?efo_id=OBA_VT0002095&show_child_trait=false&size=500&page=0
pigmentation,LINC01937,EFO_0003924; OBA_0002313,hair color; strand of hair color,strict,strict,2,2,2,Blond vs. brown/black hair color; Hair color,GCST006988; GCST007082,30531825; 30595370,EFO_0003924-page-000.json; OBA_0002313-page-001.json,strict + broad,True,35792629; 36095675,https://www.ebi.ac.uk/gwas/rest/api/v2/associations/35792629; https://www.ebi.ac.uk/gwas/rest/api/v2/associations/36095675,https://www.ebi.ac.uk/gwas/rest/api/v2/associations?efo_id=EFO_0003924&show_child_trait=false&size=500&page=0; https://www.ebi.ac.uk/gwas/rest/api/v2/associations?efo_id=OBA_0002313&show_child_trait=false&size=500&page=1
pigmentation,LINC01940,EFO_0003924; OBA_0002313,hair color; strand of hair color,strict,strict,2,2,2,Blond vs. brown/black hair color; Hair color,GCST006988; GCST007082,30531825; 30595370,EFO_0003924-page-000.json; OBA_0002313-page-001.json,strict + broad,True,35792662; 36095679,https://www.ebi.ac.uk/gwas/rest/api/v2/associations/35792662; https://www.ebi.ac.uk/gwas/rest/api/v2/associations/36095679,https://www.ebi.ac.uk/gwas/rest/api/v2/associations?efo_id=EFO_0003924&show_child_trait=false&size=500&page=0; https://www.ebi.ac.uk/gwas/rest/api/v2/associations?efo_id=OBA_0002313&show_child_trait=false&size=500&page=1
pigmentation,LINC01953,EFO_0003924; OBA_0002313; OBA_2045282,facial pigmentation; hair color; strand of hair color,strict,strict,3,3,3,Cutaneous melanoma or hair colour; Facial skin gloss; Hair color,GCST007082; GCST010302; GCST90104591,30595370; 32341527; 35313536,EFO_0003924-page-000.json; OBA_0002313-page-001.json; OBA_2045282-page-000.json,strict + broad,True,36095623; 61986563; 97365759,https://www.ebi.ac.uk/gwas/rest/api/v2/associations/36095623; https://www.ebi.ac.uk/gwas/rest/api/v2/associations/61986563; https://www.ebi.ac.uk/gwas/rest/api/v2/associations/97365759,https://www.ebi.ac.uk/gwas/rest/api/v2/associations?efo_id=EFO_0003924&show_child_trait=false&size=500&page=0; https://www.ebi.ac.uk/gwas/rest/api/v2/associations?efo_id=OBA_0002313&show_child_trait=false&size=500&page=1; https://www.ebi.ac.uk/gwas/rest/api/v2/associations?efo_id=OBA_2045282&show_child_trait=false&size=500&page=0
pigmentation,LINC01956,EFO_0003924; OBA_0002313,hair color; strand of hair color,strict,strict,2,2,2,Blond vs. brown/black hair color; Hair color,GCST006988; GCST007082,30531825; 30595370,EFO_0003924-page-000.json; OBA_0002313-page-001.json,strict + broad,True,35792448; 36095592,https://www.ebi.ac.uk/gwas/rest/api/v2/associations/35792448; https://www.ebi.ac.uk/gwas/rest/api/v2/associations/36095592,https://www.ebi.ac.uk/gwas/rest/api/v2/associations?efo_id=EFO_0003924&show_child_trait=false&size=500&page=0; https://www.ebi.ac.uk/gwas/rest/api/v2/associations?efo_id=OBA_0002313&show_child_trait=false&size=500&page=1
pigmentation,LINC02101,EFO_0003924; OBA_0002313,hair color; strand of hair color,strict,strict,2,2,2,Blond vs. brown/black hair color; Hair color,GCST006988; GCST007082,30531825; 30595370,EFO_0003924-page-000.json; OBA_0002313-page-001.json,strict + broad,True,35792492; 36095948,https://www.ebi.ac.uk/gwas/rest/api/v2/associations/35792492; https://www.ebi.ac.uk/gwas/rest/api/v2/associations/36095948,https://www.ebi.ac.uk/gwas/rest/api/v2/associations?efo_id=EFO_0003924&show_child_trait=false&size=500&page=0; https://www.ebi.ac.uk/gwas/rest/api/v2/associations?efo_id=OBA_0002313&show_child_trait=false&size=500&page=1
pigmentation,LINC02105,EFO_0003924; OBA_0002313,hair color; strand of hair color,strict,strict,5,3,2,Blond vs. brown/black hair color; Brown vs. black hair color; Hair color,GCST006988; GCST006989; GCST007082,30531825; 30595370,EFO_0003924-page-000.json; OBA_0002313-page-001.json,strict + broad,True,35792316; 35792324; 35792702; 35793223; 36095919,https://www.ebi.ac.uk/gwas/rest/api/v2/associations/35792316; https://www.ebi.ac.uk/gwas/rest/api/v2/associations/35792324; https://www.ebi.ac.uk/gwas/rest/api/v2/associations/35792702; https://www.ebi.ac.uk/gwas/rest/api/v2/associations/35793223; https://www.ebi.ac.uk/gwas/rest/api/v2/associations/36095919,https://www.ebi.ac.uk/gwas/rest/api/v2/associations?efo_id=EFO_0003924&show_child_trait=false&size=500&page=0; https://www.ebi.ac.uk/gwas/rest/api/v2/associations?efo_id=OBA_0002313&show_child_trait=false&size=500&page=1
pigmentation,LINC02120,EFO_0003924; OBA_VT0002095,hair color; skin pigmentation,strict,strict,3,3,2,Red vs non-red hair color; Skin color in blue band; Skin color in green band,GCST90255681; GCST90854271; GCST90854272,36672889; 42586059,EFO_0003924-page-000.json; OBA_VT0002095-page-000.json,strict + broad,True,104178628; 223072377; 223072543,https://www.ebi.ac.uk/gwas/rest/api/v2/associations/104178628; https://www.ebi.ac.uk/gwas/rest/api/v2/associations/223072377; https://www.ebi.ac.uk/gwas/rest/api/v2/associations/223072543,https://www.ebi.ac.uk/gwas/rest/api/v2/associations?efo_id=EFO_0003924&show_child_trait=false&size=500&page=0; https://www.ebi.ac.uk/gwas/rest/api/v2/associations?efo_id=OBA_VT0002095&show_child_trait=false&size=500&page=0
pigmentation,LINC02138,EFO_0003924; EFO_0004279,hair color; suntan,broad; strict,broad; strict,2,2,2,Low tan response; Red vs. brown/black hair color,GCST005897; GCST90095478,29739929; 34737440,EFO_0003924-page-000.json; EFO_0004279-page-000.json,strict + broad,True,30828014; 95175391,https://www.ebi.ac.uk/gwas/rest/api/v2/associations/30828014; https://www.ebi.ac.uk/gwas/rest/api/v2/associations/95175391,https://www.ebi.ac.uk/gwas/rest/api/v2/associations?efo_id=EFO_0003924&show_child_trait=false&size=500&page=0; https://www.ebi.ac.uk/gwas/rest/api/v2/associations?efo_id=EFO_0004279&show_child_trait=false&size=500&page=0
pigmentation,LINC02182,EFO_0009764; OBA_0002313,eye colour measurement; strand of hair color,strict,strict,5,4,3,"Hair color; Hair colour (natural, before greying): Dark brown (UKB data field 1747_4); Hair colour (natural, before greying): Red (UKB data field 1747_2); Iris color (a* coordinate)",GCST007082; GCST007740; GCST90041837; GCST90041839,30595370; 30895295; 34737426,EFO_0009764-page-000.json; OBA_0002313-page-000.json,strict + broad,True,36097167; 36097172; 41451267; 93413303; 93414116,https://www.ebi.ac.uk/gwas/rest/api/v2/associations/36097167; https://www.ebi.ac.uk/gwas/rest/api/v2/associations/36097172; https://www.ebi.ac.uk/gwas/rest/api/v2/associations/41451267; https://www.ebi.ac.uk/gwas/rest/api/v2/associations/93413303; https://www.ebi.ac.uk/gwas/rest/api/v2/associations/93414116,https://www.ebi.ac.uk/gwas/rest/api/v2/associations?efo_id=EFO_0009764&show_child_trait=false&size=500&page=0; https://www.ebi.ac.uk/gwas/rest/api/v2/associations?efo_id=OBA_0002313&show_child_trait=false&size=500&page=0
pigmentation,LINC02225,OBA_0002313; OBA_VT0002095,skin pigmentation; strand of hair color,strict,strict,5,4,2,Hair color; Skin color in blue band; Skin color in green band; Skin color in red band,GCST007082; GCST90854270; GCST90854271; GCST90854272,30595370; 42586059,OBA_0002313-page-001.json; OBA_VT0002095-page-000.json,strict + broad,True,223072205; 223072328; 223072498; 36095944; 36095948,https://www.ebi.ac.uk/gwas/rest/api/v2/associations/223072205; https://www.ebi.ac.uk/gwas/rest/api/v2/associations/223072328; https://www.ebi.ac.uk/gwas/rest/api/v2/associations/223072498; https://www.ebi.ac.uk/gwas/rest/api/v2/associations/36095944; https://www.ebi.ac.uk/gwas/rest/api/v2/associations/36095948,https://www.ebi.ac.uk/gwas/rest/api/v2/associations?efo_id=OBA_0002313&show_child_trait=false&size=500&page=1; https://www.ebi.ac.uk/gwas/rest/api/v2/associations?efo_id=OBA_VT0002095&show_child_trait=false&size=500&page=0
pigmentation,LINC02235,EFO_0003924; OBA_0002313,hair color; strand of hair color,strict,strict,2,2,2,Brown vs. black hair color; Hair color,GCST006989; GCST007082,30531825; 30595370,EFO_0003924-page-000.json; OBA_0002313-page-001.json,strict + broad,True,35793306; 36096289,https://www.ebi.ac.uk/gwas/rest/api/v2/associations/35793306; https://www.ebi.ac.uk/gwas/rest/api/v2/associations/36096289,https://www.ebi.ac.uk/gwas/rest/api/v2/associations?efo_id=EFO_0003924&show_child_trait=false&size=500&page=0; https://www.ebi.ac.uk/gwas/rest/api/v2/associations?efo_id=OBA_0002313&show_child_trait=false&size=500&page=1
pigmentation,LINC02458,EFO_0003924; EFO_0004279; OBA_0002313; OBA_2045282,facial pigmentation; hair color; strand of hair color; suntan,broad; strict,broad; strict,17,13,9,Blond vs non-blond hair color; Blond vs. brown hair color; Blond vs. brown/black hair color; Brown vs. black hair color; Brown vs. non-brown hair color; Facial skin colour (CIELAB index L* value); Facial skin colour (CIELAB index b* value); Hair color; Light vs. dark hair color; Low tan response,GCST000118; GCST001932; GCST003021; GCST003022; GCST003023; GCST005897; GCST006075; GCST006988; GCST006989; GCST007082; GCST90020054; GCST90020056; GCST90095476,17952075; 23548203; 26184321; 29662168; 29739929; 30531825; 30595370; 34648798; 34737440,EFO_0003924-page-000.json; EFO_0003924-page-001.json; EFO_0004279-page-000.json; OBA_0002313-page-000.json; OBA_0002313-page-001.json; OBA_2045282-page-000.json,strict + broad,True,14882492; 14882735; 14882872; 30548224; 30827984; 34058; 35792264; 35792924; 35793328; 36096794; 36096799; 36096804; 36096809; 5942; 93018960; 93018988; 95175266,https://www.ebi.ac.uk/gwas/rest/api/v2/associations/14882492; https://www.ebi.ac.uk/gwas/rest/api/v2/associations/14882735; https://www.ebi.ac.uk/gwas/rest/api/v2/associations/14882872; https://www.ebi.ac.uk/gwas/rest/api/v2/associations/30548224; https://www.ebi.ac.uk/gwas/rest/api/v2/associations/30827984; https://www.ebi.ac.uk/gwas/rest/api/v2/associations/34058; https://www.ebi.ac.uk/gwas/rest/api/v2/associations/35792264; https://www.ebi.ac.uk/gwas/rest/api/v2/associations/35792924; https://www.ebi.ac.uk/gwas/rest/api/v2/associations/35793328; https://www.ebi.ac.uk/gwas/rest/api/v2/associations/36096794; https://www.ebi.ac.uk/gwas/rest/api/v2/associations/36096799; https://www.ebi.ac.uk/gwas/rest/api/v2/associations/36096804; https://www.ebi.ac.uk/gwas/rest/api/v2/associations/36096809; https://www.ebi.ac.uk/gwas/rest/api/v2/associations/5942; https://www.ebi.ac.uk/gwas/rest/api/v2/associations/93018960; https://www.ebi.ac.uk/gwas/rest/api/v2/associations/93018988; https://www.ebi.ac.uk/gwas/rest/api/v2/associations/95175266,https://www.ebi.ac.uk/gwas/rest/api/v2/associations?efo_id=EFO_0003924&show_child_trait=false&size=500&page=0; https://www.ebi.ac.uk/gwas/rest/api/v2/associations?efo_id=EFO_0003924&show_child_trait=false&size=500&page=1; https://www.ebi.ac.uk/gwas/rest/api/v2/associations?efo_id=EFO_0004279&show_child_trait=false&size=500&page=0; https://www.ebi.ac.uk/gwas/rest/api/v2/associations?efo_id=OBA_0002313&show_child_trait=false&size=500&page=0; https://www.ebi.ac.uk/gwas/rest/api/v2/associations?efo_id=OBA_0002313&show_child_trait=false&size=500&page=1; https://www.ebi.ac.uk/gwas/rest/api/v2/associations?efo_id=OBA_2045282&show_child_trait=false&size=500&page=0
pigmentation,LINC02674,EFO_0003963; EFO_0004279; EFO_0009764; MONDO_0005326; OBA_0002313; OBA_2045282; OBA_VT0002095,eye colour measurement; facial pigmentation; freckles; skin pigmentation; strand of hair color; sunburn; suntan,broad; strict,broad; strict,10,8,6,"Facial pigmentation measurement (UV light); Facial pigmentation measurement (polar light); Freckles; Low tan response; Skin pigmentation; Skin reflectance; Skin, hair and eye pigmentation (multivariate analysis); Sunburns",GCST005897; GCST006091; GCST007086; GCST007451; GCST007452; GCST90002283; GCST90002284; GCST90246327,29739929; 29895819; 30595370; 30664655; 32835660; 36536295,EFO_0003963-page-000.json; EFO_0004279-page-000.json; EFO_0009764-page-000.json; MONDO_0005326-page-000.json; OBA_0002313-page-000.json; OBA_2045282-page-000.json; OBA_VT0002095-page-000.json; OBA_VT0002095-page-001.json,strict + broad,True,103607506; 30827823; 31658758; 31658769; 31658775; 36099300; 37790074; 37790423; 62410541; 62410585,https://www.ebi.ac.uk/gwas/rest/api/v2/associations/103607506; https://www.ebi.ac.uk/gwas/rest/api/v2/associations/30827823; https://www.ebi.ac.uk/gwas/rest/api/v2/associations/31658758; https://www.ebi.ac.uk/gwas/rest/api/v2/associations/31658769; https://www.ebi.ac.uk/gwas/rest/api/v2/associations/31658775; https://www.ebi.ac.uk/gwas/rest/api/v2/associations/36099300; https://www.ebi.ac.uk/gwas/rest/api/v2/associations/37790074; https://www.ebi.ac.uk/gwas/rest/api/v2/associations/37790423; https://www.ebi.ac.uk/gwas/rest/api/v2/associations/62410541; https://www.ebi.ac.uk/gwas/rest/api/v2/associations/62410585,https://www.ebi.ac.uk/gwas/rest/api/v2/associations?efo_id=EFO_0003963&show_child_trait=false&size=500&page=0; https://www.ebi.ac.uk/gwas/rest/api/v2/associations?efo_id=EFO_0004279&show_child_trait=false&size=500&page=0; https://www.ebi.ac.uk/gwas/rest/api/v2/associations?efo_id=EFO_0009764&show_child_trait=false&size=500&page=0; https://www.ebi.ac.uk/gwas/rest/api/v2/associations?efo_id=MONDO_0005326&show_child_trait=false&size=500&page=0; https://www.ebi.ac.uk/gwas/rest/api/v2/associations?efo_id=OBA_0002313&show_child_trait=false&size=500&page=0; https://www.ebi.ac.uk/gwas/rest/api/v2/associations?efo_id=OBA_2045282&show_child_trait=false&size=500&page=0; https://www.ebi.ac.uk/gwas/rest/api/v2/associations?efo_id=OBA_VT0002095&show_child_trait=false&size=500&page=0; https://www.ebi.ac.uk/gwas/rest/api/v2/associations?efo_id=OBA_VT0002095&show_child_trait=false&size=500&page=1
pigmentation,LINC02728,OBA_0002313,strand of hair color,strict,strict,2,2,2,Hair color,GCST006075; GCST007082,29662168; 30595370,OBA_0002313-page-000.json; OBA_0002313-page-001.json,strict + broad,True,30548216; 36096608,https://www.ebi.ac.uk/gwas/rest/api/v2/associations/30548216; https://www.ebi.ac.uk/gwas/rest/api/v2/associations/36096608,https://www.ebi.ac.uk/gwas/rest/api/v2/associations?efo_id=OBA_0002313&show_child_trait=false&size=500&page=0; https://www.ebi.ac.uk/gwas/rest/api/v2/associations?efo_id=OBA_0002313&show_child_trait=false&size=500&page=1
pigmentation,LINC02751,EFO_0003924; EFO_0003949; OBA_0002313,eye color; hair color; strand of hair color,strict,strict,4,3,3,Blond vs. brown/black hair color; Eye color; Hair color,GCST006988; GCST007082; GCST012219,30531825; 30595370; 33692100,EFO_0003924-page-000.json; EFO_0003949-page-000.json; OBA_0002313-page-000.json,strict + broad,True,35792360; 36096473; 36096478; 95284537,https://www.ebi.ac.uk/gwas/rest/api/v2/associations/35792360; https://www.ebi.ac.uk/gwas/rest/api/v2/associations/36096473; https://www.ebi.ac.uk/gwas/rest/api/v2/associations/36096478; https://www.ebi.ac.uk/gwas/rest/api/v2/associations/95284537,https://www.ebi.ac.uk/gwas/rest/api/v2/associations?efo_id=EFO_0003924&show_child_trait=false&size=500&page=0; https://www.ebi.ac.uk/gwas/rest/api/v2/associations?efo_id=EFO_0003949&show_child_trait=false&size=500&page=0; https://www.ebi.ac.uk/gwas/rest/api/v2/associations?efo_id=OBA_0002313&show_child_trait=false&size=500&page=0
pigmentation,LINC02756,EFO_0003924; OBA_0002313,hair color; strand of hair color,strict,strict,2,2,2,Cutaneous melanoma or hair colour; Hair color,GCST007082; GCST010302,30595370; 32341527,EFO_0003924-page-000.json; OBA_0002313-page-000.json,strict + broad,True,36096672; 61986573,https://www.ebi.ac.uk/gwas/rest/api/v2/associations/36096672; https://www.ebi.ac.uk/gwas/rest/api/v2/associations/61986573,https://www.ebi.ac.uk/gwas/rest/api/v2/associations?efo_id=EFO_0003924&show_child_trait=false&size=500&page=0; https://www.ebi.ac.uk/gwas/rest/api/v2/associations?efo_id=OBA_0002313&show_child_trait=false&size=500&page=0
pigmentation,LINC02917,EFO_0003924; OBA_0002313,hair color; strand of hair color,strict,strict,2,2,2,Blond vs. brown/black hair color; Hair color,GCST006988; GCST007082,30531825; 30595370,EFO_0003924-page-000.json; OBA_0002313-page-001.json,strict + broad,True,35792564; 36095768,https://www.ebi.ac.uk/gwas/rest/api/v2/associations/35792564; https://www.ebi.ac.uk/gwas/rest/api/v2/associations/36095768,https://www.ebi.ac.uk/gwas/rest/api/v2/associations?efo_id=EFO_0003924&show_child_trait=false&size=500&page=0; https://www.ebi.ac.uk/gwas/rest/api/v2/associations?efo_id=OBA_0002313&show_child_trait=false&size=500&page=1
pigmentation,LINC02932,EFO_0003924; OBA_0002313,hair color; strand of hair color,strict,strict,3,2,2,Blond vs. brown/black hair color; Hair color,GCST006988; GCST007082,30531825; 30595370,EFO_0003924-page-000.json; OBA_0002313-page-001.json,strict + broad,True,35792556; 36096214; 36096219,https://www.ebi.ac.uk/gwas/rest/api/v2/associations/35792556; https://www.ebi.ac.uk/gwas/rest/api/v2/associations/36096214; https://www.ebi.ac.uk/gwas/rest/api/v2/associations/36096219,https://www.ebi.ac.uk/gwas/rest/api/v2/associations?efo_id=EFO_0003924&show_child_trait=false&size=500&page=0; https://www.ebi.ac.uk/gwas/rest/api/v2/associations?efo_id=OBA_0002313&show_child_trait=false&size=500&page=1
pigmentation,LINC03066,EFO_0004279; MONDO_0005326; OBA_0002313,strand of hair color; sunburn; suntan,broad; strict,broad; strict,3,3,2,Hair color; Low tan response; Sunburns,GCST005897; GCST007082; GCST007086,29739929; 30595370,EFO_0004279-page-000.json; MONDO_0005326-page-000.json; OBA_0002313-page-001.json,strict + broad,True,30827914; 36096007; 36099199,https://www.ebi.ac.uk/gwas/rest/api/v2/associations/30827914; https://www.ebi.ac.uk/gwas/rest/api/v2/associations/36096007; https://www.ebi.ac.uk/gwas/rest/api/v2/associations/36099199,https://www.ebi.ac.uk/gwas/rest/api/v2/associations?efo_id=EFO_0004279&show_child_trait=false&size=500&page=0; https://www.ebi.ac.uk/gwas/rest/api/v2/associations?efo_id=MONDO_0005326&show_child_trait=false&size=500&page=0; https://www.ebi.ac.uk/gwas/rest/api/v2/associations?efo_id=OBA_0002313&show_child_trait=false&size=500&page=1
pigmentation,LNCBRM,OBA_0002313; OBA_VT0002095,skin pigmentation; strand of hair color,strict,strict,4,4,2,Hair color; Skin color in blue band; Skin color in green band; Skin color in red band,GCST007082; GCST90854270; GCST90854271; GCST90854272,30595370; 42586059,OBA_0002313-page-001.json; OBA_VT0002095-page-000.json,strict + broad,True,223072205; 223072328; 223072498; 36095944,https://www.ebi.ac.uk/gwas/rest/api/v2/associations/223072205; https://www.ebi.ac.uk/gwas/rest/api/v2/associations/223072328; https://www.ebi.ac.uk/gwas/rest/api/v2/associations/223072498; https://www.ebi.ac.uk/gwas/rest/api/v2/associations/36095944,https://www.ebi.ac.uk/gwas/rest/api/v2/associations?efo_id=OBA_0002313&show_child_trait=false&size=500&page=1; https://www.ebi.ac.uk/gwas/rest/api/v2/associations?efo_id=OBA_VT0002095&show_child_trait=false&size=500&page=0
pigmentation,LURAP1L-AS1,EFO_0003924; EFO_0003949; EFO_0004279; EFO_0009764; MONDO_0005326; OBA_0002313; OBA_VT0002095,eye color; eye colour measurement; hair color; skin pigmentation; strand of hair color; sunburn; suntan,broad; strict,broad; strict,22,17,12,Blond vs. brown/black hair color; Blue vs. green eyes; Cutaneous melanoma or hair colour; Eye color; Eye color (brightness); Eye color (saturation); Eye color traits; Hair color; Low tan response; Skin color (Fitzpatrick scale); Skin phototype score; Sunburns,GCST000192; GCST001507; GCST001929; GCST005897; GCST006075; GCST006988; GCST007082; GCST007086; GCST007453; GCST007455; GCST007457; GCST007489; GCST010302; GCST012219; GCST90255684; GCST90255688; GCST90255689,18488028; 22556244; 23548203; 29662168; 29739929; 30166351; 30531825; 30595370; 30664655; 32341527; 33692100; 36672889,EFO_0003924-page-000.json; EFO_0003924-page-001.json; EFO_0003949-page-000.json; EFO_0004279-page-000.json; EFO_0009764-page-000.json; MONDO_0005326-page-000.json; OBA_0002313-page-001.json; OBA_VT0002095-page-000.json,strict + broad,True,104178900; 104178906; 104178912; 104179242; 104179345; 104180073; 104180596; 21544; 30548191; 30827815; 34067; 35792268; 36096332; 36099281; 37790194; 37790237; 37790303; 41334187; 41334217; 6174; 61986447; 95284477,https://www.ebi.ac.uk/gwas/rest/api/v2/associations/104178900; https://www.ebi.ac.uk/gwas/rest/api/v2/associations/104178906; https://www.ebi.ac.uk/gwas/rest/api/v2/associations/104178912; https://www.ebi.ac.uk/gwas/rest/api/v2/associations/104179242; https://www.ebi.ac.uk/gwas/rest/api/v2/associations/104179345; https://www.ebi.ac.uk/gwas/rest/api/v2/associations/104180073; https://www.ebi.ac.uk/gwas/rest/api/v2/associations/104180596; https://www.ebi.ac.uk/gwas/rest/api/v2/associations/21544; https://www.ebi.ac.uk/gwas/rest/api/v2/associations/30548191; https://www.ebi.ac.uk/gwas/rest/api/v2/associations/30827815; https://www.ebi.ac.uk/gwas/rest/api/v2/associations/34067; https://www.ebi.ac.uk/gwas/rest/api/v2/associations/35792268; https://www.ebi.ac.uk/gwas/rest/api/v2/associations/36096332; https://www.ebi.ac.uk/gwas/rest/api/v2/associations/36099281; https://www.ebi.ac.uk/gwas/rest/api/v2/associations/37790194; https://www.ebi.ac.uk/gwas/rest/api/v2/associations/37790237; https://www.ebi.ac.uk/gwas/rest/api/v2/associations/37790303; https://www.ebi.ac.uk/gwas/rest/api/v2/associations/41334187; https://www.ebi.ac.uk/gwas/rest/api/v2/associations/41334217; https://www.ebi.ac.uk/gwas/rest/api/v2/associations/6174; https://www.ebi.ac.uk/gwas/rest/api/v2/associations/61986447; https://www.ebi.ac.uk/gwas/rest/api/v2/associations/95284477,https://www.ebi.ac.uk/gwas/rest/api/v2/associations?efo_id=EFO_0003924&show_child_trait=false&size=500&page=0; https://www.ebi.ac.uk/gwas/rest/api/v2/associations?efo_id=EFO_0003924&show_child_trait=false&size=500&page=1; https://www.ebi.ac.uk/gwas/rest/api/v2/associations?efo_id=EFO_0003949&show_child_trait=false&size=500&page=0; https://www.ebi.ac.uk/gwas/rest/api/v2/associations?efo_id=EFO_0004279&show_child_trait=false&size=500&page=0; https://www.ebi.ac.uk/gwas/rest/api/v2/associations?efo_id=EFO_0009764&show_child_trait=false&size=500&page=0; https://www.ebi.ac.uk/gwas/rest/api/v2/associations?efo_id=MONDO_0005326&show_child_trait=false&size=500&page=0; https://www.ebi.ac.uk/gwas/rest/api/v2/associations?efo_id=OBA_0002313&show_child_trait=false&size=500&page=1; https://www.ebi.ac.uk/gwas/rest/api/v2/associations?efo_id=OBA_VT0002095&show_child_trait=false&size=500&page=0
pigmentation,LYZL1,EFO_0009764; OBA_0002313,eye colour measurement; strand of hair color,strict,strict,3,3,2,Hair color; Iris color (a* coordinate); Iris color (b* coordinate),GCST007082; GCST007740; GCST007741,30595370; 30895295,EFO_0009764-page-000.json; OBA_0002313-page-001.json,strict + broad,True,36096431; 41451222; 41451470,https://www.ebi.ac.uk/gwas/rest/api/v2/associations/36096431; https://www.ebi.ac.uk/gwas/rest/api/v2/associations/41451222; https://www.ebi.ac.uk/gwas/rest/api/v2/associations/41451470,https://www.ebi.ac.uk/gwas/rest/api/v2/associations?efo_id=EFO_0009764&show_child_trait=false&size=500&page=0; https://www.ebi.ac.uk/gwas/rest/api/v2/associations?efo_id=OBA_0002313&show_child_trait=false&size=500&page=1
pigmentation,MAP3K1,EFO_0003924; OBA_0002313,hair color; strand of hair color,strict,strict,4,4,3,Blond vs. brown/black hair color; Brown vs. black hair color; Cutaneous melanoma or hair colour; Hair color,GCST006988; GCST006989; GCST007082; GCST010302,30531825; 30595370; 32341527,EFO_0003924-page-000.json; OBA_0002313-page-001.json,strict + broad,True,35792424; 35793227; 36095939; 61986502,https://www.ebi.ac.uk/gwas/rest/api/v2/associations/35792424; https://www.ebi.ac.uk/gwas/rest/api/v2/associations/35793227; https://www.ebi.ac.uk/gwas/rest/api/v2/associations/36095939; https://www.ebi.ac.uk/gwas/rest/api/v2/associations/61986502,https://www.ebi.ac.uk/gwas/rest/api/v2/associations?efo_id=EFO_0003924&show_child_trait=false&size=500&page=0; https://www.ebi.ac.uk/gwas/rest/api/v2/associations?efo_id=OBA_0002313&show_child_trait=false&size=500&page=1
pigmentation,MARK3,EFO_0003924; OBA_0002313,hair color; strand of hair color,strict,strict,3,3,3,Blond vs. brown/black hair color; Cutaneous melanoma or hair colour; Hair color,GCST006988; GCST007082; GCST010302,30531825; 30595370; 32341527,EFO_0003924-page-000.json; OBA_0002313-page-000.json,strict + broad,True,35792504; 36096995; 61986526,https://www.ebi.ac.uk/gwas/rest/api/v2/associations/35792504; https://www.ebi.ac.uk/gwas/rest/api/v2/associations/36096995; https://www.ebi.ac.uk/gwas/rest/api/v2/associations/61986526,https://www.ebi.ac.uk/gwas/rest/api/v2/associations?efo_id=EFO_0003924&show_child_trait=false&size=500&page=0; https://www.ebi.ac.uk/gwas/rest/api/v2/associations?efo_id=OBA_0002313&show_child_trait=false&size=500&page=0
pigmentation,MC1R,EFO_0003924; EFO_0003963; EFO_0004279; MONDO_0005326; MONDO_0005434; OBA_0002313; OBA_2045282; OBA_VT0002095,facial pigmentation; freckles; hair color; skin pigmentation; skin sensitivity to sun; strand of hair color; sunburn; suntan,broad; strict,broad; strict,69,28,12,"Blond vs. brown hair color; Blond vs. brown/black hair color; Brown vs. black hair color; Ease of skin tanning; Facial pigmentation measurement (UV light); Facial pigmentation measurement (polar light); Freckles; Hair color; Hair colour (natural, before greying): Dark brown (UKB data field 1747_4); Hair colour (natural, before greying): Red (UKB data field 1747_2); Hair morphology traits; Red vs non-red hair color; Red vs. brown/black hair color; Skin color; Skin color (Fitzpatrick scale); Skin phototype score; Skin pigmentation; Skin pigmentation traits; Skin reflectance; Skin sensitivity to sun; Sunburns; Tanning",GCST000115; GCST000116; GCST000118; GCST000119; GCST001932; GCST001933; GCST001939; GCST006075; GCST006986; GCST006988; GCST006989; GCST007086; GCST007452; GCST007486; GCST007488; GCST90002283; GCST90002284; GCST90041837; GCST90041839; GCST90095476; GCST90095478; GCST90246327; GCST90255681; GCST90255685; GCST90255687; GCST90255688; GCST90255689; GCST90255690,17952075; 23548203; 29662168; 30166351; 30531825; 30595370; 30664655; 32835660; 34737426; 34737440; 36536295; 36672889,EFO_0003924-page-000.json; EFO_0003924-page-001.json; EFO_0003963-page-000.json; EFO_0004279-page-000.json; MONDO_0005326-page-000.json; MONDO_0005434-page-000.json; OBA_0002313-page-000.json; OBA_0002313-page-001.json; OBA_2045282-page-000.json; OBA_VT0002095-page-000.json; OBA_VT0002095-page-001.json,strict + broad,True,103607399; 103607427; 103607437; 103607448; 103607453; 104178433; 104178444; 104178449; 104179458; 104179692; 104179697; 104180005; 104180010; 104180015; 104180531; 104180536; 104180541; 104180931; 104180936; 11755; 11759; 11763; 11788; 30548252; 34056; 34061; 34066; 35792852; 35792888; 35792937; 35792941; 35792949; 35792953; 35792961; 35792965; 35793373; 35793377; 35793381; 35793385; 35793389; 36099459; 37790110; 41334269; 41334511; 41334526; 41334556; 41334597; 62410546; 62410590; 62419475; 62419560; 62419577; 62419586; 62419590; 62419599; 62419603; 62419607; 62419611; 62419624; 62419633; 62419638; 93413722; 93413728; 93413733; 93413738; 93413743; 93414230; 95175319; 95175420,https://www.ebi.ac.uk/gwas/rest/api/v2/associations/103607399; https://www.ebi.ac.uk/gwas/rest/api/v2/associations/103607427; https://www.ebi.ac.uk/gwas/rest/api/v2/associations/103607437; https://www.ebi.ac.uk/gwas/rest/api/v2/associations/103607448; https://www.ebi.ac.uk/gwas/rest/api/v2/associations/103607453; https://www.ebi.ac.uk/gwas/rest/api/v2/associations/104178433; https://www.ebi.ac.uk/gwas/rest/api/v2/associations/104178444; https://www.ebi.ac.uk/gwas/rest/api/v2/associations/104178449; https://www.ebi.ac.uk/gwas/rest/api/v2/associations/104179458; https://www.ebi.ac.uk/gwas/rest/api/v2/associations/104179692; https://www.ebi.ac.uk/gwas/rest/api/v2/associations/104179697; https://www.ebi.ac.uk/gwas/rest/api/v2/associations/104180005; https://www.ebi.ac.uk/gwas/rest/api/v2/associations/104180010; https://www.ebi.ac.uk/gwas/rest/api/v2/associations/104180015; https://www.ebi.ac.uk/gwas/rest/api/v2/associations/104180531; https://www.ebi.ac.uk/gwas/rest/api/v2/associations/104180536; https://www.ebi.ac.uk/gwas/rest/api/v2/associations/104180541; https://www.ebi.ac.uk/gwas/rest/api/v2/associations/104180931; https://www.ebi.ac.uk/gwas/rest/api/v2/associations/104180936; https://www.ebi.ac.uk/gwas/rest/api/v2/associations/11755; https://www.ebi.ac.uk/gwas/rest/api/v2/associations/11759; https://www.ebi.ac.uk/gwas/rest/api/v2/associations/11763; https://www.ebi.ac.uk/gwas/rest/api/v2/associations/11788; https://www.ebi.ac.uk/gwas/rest/api/v2/associations/30548252; https://www.ebi.ac.uk/gwas/rest/api/v2/associations/34056; https://www.ebi.ac.uk/gwas/rest/api/v2/associations/34061; https://www.ebi.ac.uk/gwas/rest/api/v2/associations/34066; https://www.ebi.ac.uk/gwas/rest/api/v2/associations/35792852; https://www.ebi.ac.uk/gwas/rest/api/v2/associations/35792888; https://www.ebi.ac.uk/gwas/rest/api/v2/associations/35792937; https://www.ebi.ac.uk/gwas/rest/api/v2/associations/35792941; https://www.ebi.ac.uk/gwas/rest/api/v2/associations/35792949; https://www.ebi.ac.uk/gwas/rest/api/v2/associations/35792953; https://www.ebi.ac.uk/gwas/rest/api/v2/associations/35792961; https://www.ebi.ac.uk/gwas/rest/api/v2/associations/35792965; https://www.ebi.ac.uk/gwas/rest/api/v2/associations/35793373; https://www.ebi.ac.uk/gwas/rest/api/v2/associations/35793377; https://www.ebi.ac.uk/gwas/rest/api/v2/associations/35793381; https://www.ebi.ac.uk/gwas/rest/api/v2/associations/35793385; https://www.ebi.ac.uk/gwas/rest/api/v2/associations/35793389; https://www.ebi.ac.uk/gwas/rest/api/v2/associations/36099459; https://www.ebi.ac.uk/gwas/rest/api/v2/associations/37790110; https://www.ebi.ac.uk/gwas/rest/api/v2/associations/41334269; https://www.ebi.ac.uk/gwas/rest/api/v2/associations/41334511; https://www.ebi.ac.uk/gwas/rest/api/v2/associations/41334526; https://www.ebi.ac.uk/gwas/rest/api/v2/associations/41334556; https://www.ebi.ac.uk/gwas/rest/api/v2/associations/41334597; https://www.ebi.ac.uk/gwas/rest/api/v2/associations/62410546; https://www.ebi.ac.uk/gwas/rest/api/v2/associations/62410590; https://www.ebi.ac.uk/gwas/rest/api/v2/associations/62419475; https://www.ebi.ac.uk/gwas/rest/api/v2/associations/62419560; https://www.ebi.ac.uk/gwas/rest/api/v2/associations/62419577; https://www.ebi.ac.uk/gwas/rest/api/v2/associations/62419586; https://www.ebi.ac.uk/gwas/rest/api/v2/associations/62419590; https://www.ebi.ac.uk/gwas/rest/api/v2/associations/62419599; https://www.ebi.ac.uk/gwas/rest/api/v2/associations/62419603; https://www.ebi.ac.uk/gwas/rest/api/v2/associations/62419607; https://www.ebi.ac.uk/gwas/rest/api/v2/associations/62419611; https://www.ebi.ac.uk/gwas/rest/api/v2/associations/62419624; https://www.ebi.ac.uk/gwas/rest/api/v2/associations/62419633; https://www.ebi.ac.uk/gwas/rest/api/v2/associations/62419638; https://www.ebi.ac.uk/gwas/rest/api/v2/associations/93413722; https://www.ebi.ac.uk/gwas/rest/api/v2/associations/93413728; https://www.ebi.ac.uk/gwas/rest/api/v2/associations/93413733; https://www.ebi.ac.uk/gwas/rest/api/v2/associations/93413738; https://www.ebi.ac.uk/gwas/rest/api/v2/associations/93413743; https://www.ebi.ac.uk/gwas/rest/api/v2/associations/93414230; https://www.ebi.ac.uk/gwas/rest/api/v2/associations/95175319; https://www.ebi.ac.uk/gwas/rest/api/v2/associations/95175420,https://www.ebi.ac.uk/gwas/rest/api/v2/associations?efo_id=EFO_0003924&show_child_trait=false&size=500&page=0; https://www.ebi.ac.uk/gwas/rest/api/v2/associations?efo_id=EFO_0003924&show_child_trait=false&size=500&page=1; https://www.ebi.ac.uk/gwas/rest/api/v2/associations?efo_id=EFO_0003963&show_child_trait=false&size=500&page=0; https://www.ebi.ac.uk/gwas/rest/api/v2/associations?efo_id=EFO_0004279&show_child_trait=false&size=500&page=0; https://www.ebi.ac.uk/gwas/rest/api/v2/associations?efo_id=MONDO_0005326&show_child_trait=false&size=500&page=0; https://www.ebi.ac.uk/gwas/rest/api/v2/associations?efo_id=MONDO_0005434&show_child_trait=false&size=500&page=0; https://www.ebi.ac.uk/gwas/rest/api/v2/associations?efo_id=OBA_0002313&show_child_trait=false&size=500&page=0; https://www.ebi.ac.uk/gwas/rest/api/v2/associations?efo_id=OBA_0002313&show_child_trait=false&size=500&page=1; https://www.ebi.ac.uk/gwas/rest/api/v2/associations?efo_id=OBA_2045282&show_child_trait=false&size=500&page=0; https://www.ebi.ac.uk/gwas/rest/api/v2/associations?efo_id=OBA_VT0002095&show_child_trait=false&size=500&page=0; https://www.ebi.ac.uk/gwas/rest/api/v2/associations?efo_id=OBA_VT0002095&show_child_trait=false&size=500&page=1
pigmentation,MED13L,EFO_0003924,hair color,strict,strict,2,2,2,Blond vs. brown/black hair color; Cutaneous melanoma or hair colour,GCST006988; GCST010302,30531825; 32341527,EFO_0003924-page-000.json,strict + broad,True,35792707; 61986520,https://www.ebi.ac.uk/gwas/rest/api/v2/associations/35792707; https://www.ebi.ac.uk/gwas/rest/api/v2/associations/61986520,https://www.ebi.ac.uk/gwas/rest/api/v2/associations?efo_id=EFO_0003924&show_child_trait=false&size=500&page=0
pigmentation,MFSD12,OBA_2045282; OBA_VT0002095,facial pigmentation; skin pigmentation,strict,strict,7,6,4,Facial pigmentation measurement (UV light); Facial pigmentation measurement (polar light); Skin color in red band; Skin pigmentation; Skin pigmentation (conditioned on rs1426654 and rs35397),GCST007452; GCST008516; GCST008519; GCST90002283; GCST90002284; GCST90854270,30664655; 31315583; 32835660; 42586059,OBA_2045282-page-000.json; OBA_VT0002095-page-000.json; OBA_VT0002095-page-001.json,strict + broad,True,223072245; 37790114; 47687437; 47688409; 47688613; 62410565; 62410607,https://www.ebi.ac.uk/gwas/rest/api/v2/associations/223072245; https://www.ebi.ac.uk/gwas/rest/api/v2/associations/37790114; https://www.ebi.ac.uk/gwas/rest/api/v2/associations/47687437; https://www.ebi.ac.uk/gwas/rest/api/v2/associations/47688409; https://www.ebi.ac.uk/gwas/rest/api/v2/associations/47688613; https://www.ebi.ac.uk/gwas/rest/api/v2/associations/62410565; https://www.ebi.ac.uk/gwas/rest/api/v2/associations/62410607,https://www.ebi.ac.uk/gwas/rest/api/v2/associations?efo_id=OBA_2045282&show_child_trait=false&size=500&page=0; https://www.ebi.ac.uk/gwas/rest/api/v2/associations?efo_id=OBA_VT0002095&show_child_trait=false&size=500&page=0; https://www.ebi.ac.uk/gwas/rest/api/v2/associations?efo_id=OBA_VT0002095&show_child_trait=false&size=500&page=1
pigmentation,MFSD12-AS1,OBA_2045282; OBA_VT0002095,facial pigmentation; skin pigmentation,strict,strict,4,4,3,Facial pigmentation measurement (UV light); Facial pigmentation measurement (polar light); Skin color in red band; Skin pigmentation,GCST007452; GCST90002283; GCST90002284; GCST90854270,30664655; 32835660; 42586059,OBA_2045282-page-000.json; OBA_VT0002095-page-000.json; OBA_VT0002095-page-001.json,strict + broad,True,223072245; 37790114; 62410565; 62410607,https://www.ebi.ac.uk/gwas/rest/api/v2/associations/223072245; https://www.ebi.ac.uk/gwas/rest/api/v2/associations/37790114; https://www.ebi.ac.uk/gwas/rest/api/v2/associations/62410565; https://www.ebi.ac.uk/gwas/rest/api/v2/associations/62410607,https://www.ebi.ac.uk/gwas/rest/api/v2/associations?efo_id=OBA_2045282&show_child_trait=false&size=500&page=0; https://www.ebi.ac.uk/gwas/rest/api/v2/associations?efo_id=OBA_VT0002095&show_child_trait=false&size=500&page=0; https://www.ebi.ac.uk/gwas/rest/api/v2/associations?efo_id=OBA_VT0002095&show_child_trait=false&size=500&page=1
pigmentation,MIR155HG,EFO_0003924; OBA_0002313,hair color; strand of hair color,strict,strict,2,2,2,Blond vs. brown/black hair color; Hair color,GCST006988; GCST007082,30531825; 30595370,EFO_0003924-page-000.json; OBA_0002313-page-000.json,strict + broad,True,35792396; 36097506,https://www.ebi.ac.uk/gwas/rest/api/v2/associations/35792396; https://www.ebi.ac.uk/gwas/rest/api/v2/associations/36097506,https://www.ebi.ac.uk/gwas/rest/api/v2/associations?efo_id=EFO_0003924&show_child_trait=false&size=500&page=0; https://www.ebi.ac.uk/gwas/rest/api/v2/associations?efo_id=OBA_0002313&show_child_trait=false&size=500&page=0
pigmentation,MIR4268,EFO_0003924; OBA_0002313,hair color; strand of hair color,strict,strict,11,4,3,Blond vs. brown/black hair color; Brown vs. black hair color; Hair color,GCST006075; GCST006988; GCST006989; GCST007082,29662168; 30531825; 30595370,EFO_0003924-page-000.json; EFO_0003924-page-001.json; OBA_0002313-page-001.json,strict + broad,True,30548169; 35792276; 35792288; 35793048; 35793052; 35793265; 35793269; 36095632; 36095636; 36095641; 36095646,https://www.ebi.ac.uk/gwas/rest/api/v2/associations/30548169; https://www.ebi.ac.uk/gwas/rest/api/v2/associations/35792276; https://www.ebi.ac.uk/gwas/rest/api/v2/associations/35792288; https://www.ebi.ac.uk/gwas/rest/api/v2/associations/35793048; https://www.ebi.ac.uk/gwas/rest/api/v2/associations/35793052; https://www.ebi.ac.uk/gwas/rest/api/v2/associations/35793265; https://www.ebi.ac.uk/gwas/rest/api/v2/associations/35793269; https://www.ebi.ac.uk/gwas/rest/api/v2/associations/36095632; https://www.ebi.ac.uk/gwas/rest/api/v2/associations/36095636; https://www.ebi.ac.uk/gwas/rest/api/v2/associations/36095641; https://www.ebi.ac.uk/gwas/rest/api/v2/associations/36095646,https://www.ebi.ac.uk/gwas/rest/api/v2/associations?efo_id=EFO_0003924&show_child_trait=false&size=500&page=0; https://www.ebi.ac.uk/gwas/rest/api/v2/associations?efo_id=EFO_0003924&show_child_trait=false&size=500&page=1; https://www.ebi.ac.uk/gwas/rest/api/v2/associations?efo_id=OBA_0002313&show_child_trait=false&size=500&page=1
pigmentation,MIR663AHG,EFO_0003924; MONDO_0005326,hair color; sunburn,broad; strict,broad; strict,2,2,2,Cutaneous melanoma or hair colour; Sunburns,GCST007086; GCST010302,30595370; 32341527,EFO_0003924-page-000.json; MONDO_0005326-page-000.json,strict + broad,True,36099479; 61986627,https://www.ebi.ac.uk/gwas/rest/api/v2/associations/36099479; https://www.ebi.ac.uk/gwas/rest/api/v2/associations/61986627,https://www.ebi.ac.uk/gwas/rest/api/v2/associations?efo_id=EFO_0003924&show_child_trait=false&size=500&page=0; https://www.ebi.ac.uk/gwas/rest/api/v2/associations?efo_id=MONDO_0005326&show_child_trait=false&size=500&page=0
pigmentation,MITF,EFO_0003924; OBA_0002313,hair color; strand of hair color,strict,strict,2,2,2,Blond vs. brown/black hair color; Hair color,GCST006988; GCST007082,30531825; 30595370,EFO_0003924-page-000.json; OBA_0002313-page-001.json,strict + broad,True,35792621; 36095713,https://www.ebi.ac.uk/gwas/rest/api/v2/associations/35792621; https://www.ebi.ac.uk/gwas/rest/api/v2/associations/36095713,https://www.ebi.ac.uk/gwas/rest/api/v2/associations?efo_id=EFO_0003924&show_child_trait=false&size=500&page=0; https://www.ebi.ac.uk/gwas/rest/api/v2/associations?efo_id=OBA_0002313&show_child_trait=false&size=500&page=1
pigmentation,MLANA,OBA_0002313,strand of hair color,strict,strict,2,2,2,"Hair color; Hair colour (natural, before greying): Blonde (UKB data field 1747_1)",GCST007082; GCST90041836,30595370; 34737426,OBA_0002313-page-000.json; OBA_0002313-page-001.json,strict + broad,True,36096322; 93413086,https://www.ebi.ac.uk/gwas/rest/api/v2/associations/36096322; https://www.ebi.ac.uk/gwas/rest/api/v2/associations/93413086,https://www.ebi.ac.uk/gwas/rest/api/v2/associations?efo_id=OBA_0002313&show_child_trait=false&size=500&page=0; https://www.ebi.ac.uk/gwas/rest/api/v2/associations?efo_id=OBA_0002313&show_child_trait=false&size=500&page=1
pigmentation,MRAS,EFO_0003924; OBA_0002313,hair color; strand of hair color,strict,strict,2,2,2,Blond vs. brown/black hair color; Hair color,GCST006988; GCST007082,30531825; 30595370,EFO_0003924-page-000.json; OBA_0002313-page-001.json,strict + broad,True,35792552; 36095744,https://www.ebi.ac.uk/gwas/rest/api/v2/associations/35792552; https://www.ebi.ac.uk/gwas/rest/api/v2/associations/36095744,https://www.ebi.ac.uk/gwas/rest/api/v2/associations?efo_id=EFO_0003924&show_child_trait=false&size=500&page=0; https://www.ebi.ac.uk/gwas/rest/api/v2/associations?efo_id=OBA_0002313&show_child_trait=false&size=500&page=1
pigmentation,MRPL45P1,EFO_0003924; OBA_0002313,hair color; strand of hair color,strict,strict,2,2,2,Blond vs. brown/black hair color; Hair color,GCST006988; GCST007082,30531825; 30595370,EFO_0003924-page-000.json; OBA_0002313-page-001.json,strict + broad,True,35793040; 36095582,https://www.ebi.ac.uk/gwas/rest/api/v2/associations/35793040; https://www.ebi.ac.uk/gwas/rest/api/v2/associations/36095582,https://www.ebi.ac.uk/gwas/rest/api/v2/associations?efo_id=EFO_0003924&show_child_trait=false&size=500&page=0; https://www.ebi.ac.uk/gwas/rest/api/v2/associations?efo_id=OBA_0002313&show_child_trait=false&size=500&page=1
pigmentation,MSI2,EFO_0003924; EFO_0003963; OBA_0002313,freckles; hair color; strand of hair color,broad; strict,broad; strict,3,3,3,Blond vs. brown/black hair color; Freckles; Hair color,GCST006091; GCST006988; GCST007082,29895819; 30531825; 30595370,EFO_0003924-page-000.json; EFO_0003963-page-000.json; OBA_0002313-page-000.json,strict + broad,True,31658779; 35792674; 36097296,https://www.ebi.ac.uk/gwas/rest/api/v2/associations/31658779; https://www.ebi.ac.uk/gwas/rest/api/v2/associations/35792674; https://www.ebi.ac.uk/gwas/rest/api/v2/associations/36097296,https://www.ebi.ac.uk/gwas/rest/api/v2/associations?efo_id=EFO_0003924&show_child_trait=false&size=500&page=0; https://www.ebi.ac.uk/gwas/rest/api/v2/associations?efo_id=EFO_0003963&show_child_trait=false&size=500&page=0; https://www.ebi.ac.uk/gwas/rest/api/v2/associations?efo_id=OBA_0002313&show_child_trait=false&size=500&page=0
pigmentation,MSX2,EFO_0003924; OBA_0002313,hair color; strand of hair color,strict,strict,2,2,2,Blond vs. brown/black hair color; Hair color,GCST006988; GCST007082,30531825; 30595370,EFO_0003924-page-000.json; OBA_0002313-page-001.json,strict + broad,True,35792771; 36095997,https://www.ebi.ac.uk/gwas/rest/api/v2/associations/35792771; https://www.ebi.ac.uk/gwas/rest/api/v2/associations/36095997,https://www.ebi.ac.uk/gwas/rest/api/v2/associations?efo_id=EFO_0003924&show_child_trait=false&size=500&page=0; https://www.ebi.ac.uk/gwas/rest/api/v2/associations?efo_id=OBA_0002313&show_child_trait=false&size=500&page=1
pigmentation,MTCO1P57,EFO_0003949; EFO_0009764,eye color; eye colour measurement,strict,strict,3,3,2,Iris color (a* coordinate); Iris color (b* coordinate); Iris heterochromicity,GCST005093; GCST007741; GCST007742,29109912; 30895295,EFO_0003949-page-000.json; EFO_0009764-page-000.json,strict + broad,True,24956298; 41451441; 41451976,https://www.ebi.ac.uk/gwas/rest/api/v2/associations/24956298; https://www.ebi.ac.uk/gwas/rest/api/v2/associations/41451441; https://www.ebi.ac.uk/gwas/rest/api/v2/associations/41451976,https://www.ebi.ac.uk/gwas/rest/api/v2/associations?efo_id=EFO_0003949&show_child_trait=false&size=500&page=0; https://www.ebi.ac.uk/gwas/rest/api/v2/associations?efo_id=EFO_0009764&show_child_trait=false&size=500&page=0
pigmentation,MTCO3P41,EFO_0003949; EFO_0009764,eye color; eye colour measurement,strict,strict,3,3,2,Iris color (a* coordinate); Iris color (b* coordinate); Iris heterochromicity,GCST005093; GCST007741; GCST007742,29109912; 30895295,EFO_0003949-page-000.json; EFO_0009764-page-000.json,strict + broad,True,24956298; 41451441; 41451976,https://www.ebi.ac.uk/gwas/rest/api/v2/associations/24956298; https://www.ebi.ac.uk/gwas/rest/api/v2/associations/41451441; https://www.ebi.ac.uk/gwas/rest/api/v2/associations/41451976,https://www.ebi.ac.uk/gwas/rest/api/v2/associations?efo_id=EFO_0003949&show_child_trait=false&size=500&page=0; https://www.ebi.ac.uk/gwas/rest/api/v2/associations?efo_id=EFO_0009764&show_child_trait=false&size=500&page=0
pigmentation,MTERF1,EFO_0003924; OBA_0002313,hair color; strand of hair color,strict,strict,2,2,2,Blond vs. brown/black hair color; Hair color,GCST006988; GCST007082,30531825; 30595370,EFO_0003924-page-000.json; OBA_0002313-page-001.json,strict + broad,True,35792556; 36096219,https://www.ebi.ac.uk/gwas/rest/api/v2/associations/35792556; https://www.ebi.ac.uk/gwas/rest/api/v2/associations/36096219,https://www.ebi.ac.uk/gwas/rest/api/v2/associations?efo_id=EFO_0003924&show_child_trait=false&size=500&page=0; https://www.ebi.ac.uk/gwas/rest/api/v2/associations?efo_id=OBA_0002313&show_child_trait=false&size=500&page=1
pigmentation,MYADML2,EFO_0003924; OBA_0002313,hair color; strand of hair color,strict,strict,2,2,2,Blond vs. brown/black hair color; Hair color,GCST006988; GCST007082,30531825; 30595370,EFO_0003924-page-000.json; OBA_0002313-page-000.json,strict + broad,True,35792428; 36097329,https://www.ebi.ac.uk/gwas/rest/api/v2/associations/35792428; https://www.ebi.ac.uk/gwas/rest/api/v2/associations/36097329,https://www.ebi.ac.uk/gwas/rest/api/v2/associations?efo_id=EFO_0003924&show_child_trait=false&size=500&page=0; https://www.ebi.ac.uk/gwas/rest/api/v2/associations?efo_id=OBA_0002313&show_child_trait=false&size=500&page=0
pigmentation,MYEF2,OBA_0002313; OBA_VT0002095,skin pigmentation; strand of hair color,strict,strict,2,2,2,Hair color; Skin pigmentation,GCST005188; GCST007082,29195075; 30595370,OBA_0002313-page-000.json; OBA_VT0002095-page-001.json,strict + broad,True,27275220; 36097084,https://www.ebi.ac.uk/gwas/rest/api/v2/associations/27275220; https://www.ebi.ac.uk/gwas/rest/api/v2/associations/36097084,https://www.ebi.ac.uk/gwas/rest/api/v2/associations?efo_id=OBA_0002313&show_child_trait=false&size=500&page=0; https://www.ebi.ac.uk/gwas/rest/api/v2/associations?efo_id=OBA_VT0002095&show_child_trait=false&size=500&page=1
pigmentation,MYH7B,EFO_0004279; OBA_0002313,strand of hair color; suntan,broad; strict,broad; strict,2,2,2,Hair color; Low tan response,GCST005897; GCST007082,29739929; 30595370,EFO_0004279-page-000.json; OBA_0002313-page-000.json,strict + broad,True,30828112; 36097432,https://www.ebi.ac.uk/gwas/rest/api/v2/associations/30828112; https://www.ebi.ac.uk/gwas/rest/api/v2/associations/36097432,https://www.ebi.ac.uk/gwas/rest/api/v2/associations?efo_id=EFO_0004279&show_child_trait=false&size=500&page=0; https://www.ebi.ac.uk/gwas/rest/api/v2/associations?efo_id=OBA_0002313&show_child_trait=false&size=500&page=0
pigmentation,MYO1B-AS1,EFO_0003924; OBA_0002313,hair color; strand of hair color,strict,strict,2,2,2,Blond vs. brown/black hair color; Hair color,GCST006988; GCST007082,30531825; 30595370,EFO_0003924-page-000.json; OBA_0002313-page-001.json,strict + broad,True,35792516; 36095613,https://www.ebi.ac.uk/gwas/rest/api/v2/associations/35792516; https://www.ebi.ac.uk/gwas/rest/api/v2/associations/36095613,https://www.ebi.ac.uk/gwas/rest/api/v2/associations?efo_id=EFO_0003924&show_child_trait=false&size=500&page=0; https://www.ebi.ac.uk/gwas/rest/api/v2/associations?efo_id=OBA_0002313&show_child_trait=false&size=500&page=1
pigmentation,Metazoa_SRP,EFO_0003924; EFO_0009764; OBA_0002313,eye colour measurement; hair color; strand of hair color,strict,strict,4,3,3,Cutaneous melanoma or hair colour; Hair color; Iris color (b* coordinate),GCST007082; GCST007741; GCST010302,30595370; 30895295; 32341527,EFO_0003924-page-000.json; EFO_0009764-page-000.json; OBA_0002313-page-000.json; OBA_0002313-page-001.json,strict + broad,True,36095489; 36097349; 41451460; 61986568,https://www.ebi.ac.uk/gwas/rest/api/v2/associations/36095489; https://www.ebi.ac.uk/gwas/rest/api/v2/associations/36097349; https://www.ebi.ac.uk/gwas/rest/api/v2/associations/41451460; https://www.ebi.ac.uk/gwas/rest/api/v2/associations/61986568,https://www.ebi.ac.uk/gwas/rest/api/v2/associations?efo_id=EFO_0003924&show_child_trait=false&size=500&page=0; https://www.ebi.ac.uk/gwas/rest/api/v2/associations?efo_id=EFO_0009764&show_child_trait=false&size=500&page=0; https://www.ebi.ac.uk/gwas/rest/api/v2/associations?efo_id=OBA_0002313&show_child_trait=false&size=500&page=0; https://www.ebi.ac.uk/gwas/rest/api/v2/associations?efo_id=OBA_0002313&show_child_trait=false&size=500&page=1
pigmentation,NCOA6,EFO_0004279; OBA_VT0002095,skin pigmentation; suntan,broad; strict,broad; strict,2,2,2,Low tan response; Skin phototype score,GCST005897; GCST90255688,29739929; 36672889,EFO_0004279-page-000.json; OBA_VT0002095-page-000.json,strict + broad,True,104180270; 30828102,https://www.ebi.ac.uk/gwas/rest/api/v2/associations/104180270; https://www.ebi.ac.uk/gwas/rest/api/v2/associations/30828102,https://www.ebi.ac.uk/gwas/rest/api/v2/associations?efo_id=EFO_0004279&show_child_trait=false&size=500&page=0; https://www.ebi.ac.uk/gwas/rest/api/v2/associations?efo_id=OBA_VT0002095&show_child_trait=false&size=500&page=0
pigmentation,NEK6,EFO_0003924; OBA_0002313,hair color; strand of hair color,strict,strict,7,3,3,Blond vs. brown/black hair color; Hair color,GCST006075; GCST006988; GCST007082,29662168; 30531825; 30595370,EFO_0003924-page-000.json; EFO_0003924-page-001.json; OBA_0002313-page-001.json,strict + broad,True,30548201; 35792272; 35792356; 35792719; 35792860; 36096408; 36096412,https://www.ebi.ac.uk/gwas/rest/api/v2/associations/30548201; https://www.ebi.ac.uk/gwas/rest/api/v2/associations/35792272; https://www.ebi.ac.uk/gwas/rest/api/v2/associations/35792356; https://www.ebi.ac.uk/gwas/rest/api/v2/associations/35792719; https://www.ebi.ac.uk/gwas/rest/api/v2/associations/35792860; https://www.ebi.ac.uk/gwas/rest/api/v2/associations/36096408; https://www.ebi.ac.uk/gwas/rest/api/v2/associations/36096412,https://www.ebi.ac.uk/gwas/rest/api/v2/associations?efo_id=EFO_0003924&show_child_trait=false&size=500&page=0; https://www.ebi.ac.uk/gwas/rest/api/v2/associations?efo_id=EFO_0003924&show_child_trait=false&size=500&page=1; https://www.ebi.ac.uk/gwas/rest/api/v2/associations?efo_id=OBA_0002313&show_child_trait=false&size=500&page=1
pigmentation,NFIA,EFO_0003924; OBA_0002313,hair color; strand of hair color,strict,strict,2,2,2,Blond vs. brown/black hair color; Hair color,GCST006988; GCST007082,30531825; 30595370,EFO_0003924-page-000.json; OBA_0002313-page-001.json,strict + broad,True,35792340; 36095447,https://www.ebi.ac.uk/gwas/rest/api/v2/associations/35792340; https://www.ebi.ac.uk/gwas/rest/api/v2/associations/36095447,https://www.ebi.ac.uk/gwas/rest/api/v2/associations?efo_id=EFO_0003924&show_child_trait=false&size=500&page=0; https://www.ebi.ac.uk/gwas/rest/api/v2/associations?efo_id=OBA_0002313&show_child_trait=false&size=500&page=1
pigmentation,NIPAL3,EFO_0003924; OBA_0002313,hair color; strand of hair color,strict,strict,2,2,2,Cutaneous melanoma or hair colour; Hair color,GCST007082; GCST010302,30595370; 32341527,EFO_0003924-page-000.json; OBA_0002313-page-001.json,strict + broad,True,36095432; 61986544,https://www.ebi.ac.uk/gwas/rest/api/v2/associations/36095432; https://www.ebi.ac.uk/gwas/rest/api/v2/associations/61986544,https://www.ebi.ac.uk/gwas/rest/api/v2/associations?efo_id=EFO_0003924&show_child_trait=false&size=500&page=0; https://www.ebi.ac.uk/gwas/rest/api/v2/associations?efo_id=OBA_0002313&show_child_trait=false&size=500&page=1
pigmentation,NOX4,EFO_0004279; MONDO_0005326; OBA_0002313; OBA_VT0002095,skin pigmentation; strand of hair color; sunburn; suntan,broad; strict,broad; strict,6,6,3,Hair color; Low tan response; Skin color; Skin color (Fitzpatrick scale); Skin phototype score; Sunburns,GCST005897; GCST007082; GCST007086; GCST90255688; GCST90255689; GCST90255690,29739929; 30595370; 36672889,EFO_0004279-page-000.json; MONDO_0005326-page-000.json; OBA_0002313-page-000.json; OBA_VT0002095-page-000.json,strict + broad,True,104180170; 104180661; 104181048; 30827964; 36096652; 36099358,https://www.ebi.ac.uk/gwas/rest/api/v2/associations/104180170; https://www.ebi.ac.uk/gwas/rest/api/v2/associations/104180661; https://www.ebi.ac.uk/gwas/rest/api/v2/associations/104181048; https://www.ebi.ac.uk/gwas/rest/api/v2/associations/30827964; https://www.ebi.ac.uk/gwas/rest/api/v2/associations/36096652; https://www.ebi.ac.uk/gwas/rest/api/v2/associations/36099358,https://www.ebi.ac.uk/gwas/rest/api/v2/associations?efo_id=EFO_0004279&show_child_trait=false&size=500&page=0; https://www.ebi.ac.uk/gwas/rest/api/v2/associations?efo_id=MONDO_0005326&show_child_trait=false&size=500&page=0; https://www.ebi.ac.uk/gwas/rest/api/v2/associations?efo_id=OBA_0002313&show_child_trait=false&size=500&page=0; https://www.ebi.ac.uk/gwas/rest/api/v2/associations?efo_id=OBA_VT0002095&show_child_trait=false&size=500&page=0
pigmentation,NPLOC4,EFO_0003924; EFO_0003949; EFO_0009764; OBA_0002313,eye color; eye colour measurement; hair color; strand of hair color,strict,strict,8,7,6,Brown vs. black hair color; Eye color; Eye color traits; Hair color; Hair morphology traits; Red vs. brown/black hair color; Retina colour,GCST000685; GCST006986; GCST006989; GCST007082; GCST007486; GCST012219; GCST90939791,20463881; 30166351; 30531825; 30595370; 33692100; 38728357,EFO_0003924-page-000.json; EFO_0003949-page-000.json; EFO_0009764-page-000.json; OBA_0002313-page-000.json,strict + broad,True,15336; 222644377; 35793402; 36097324; 41334466; 41334566; 62419516; 95284505,https://www.ebi.ac.uk/gwas/rest/api/v2/associations/15336; https://www.ebi.ac.uk/gwas/rest/api/v2/associations/222644377; https://www.ebi.ac.uk/gwas/rest/api/v2/associations/35793402; https://www.ebi.ac.uk/gwas/rest/api/v2/associations/36097324; https://www.ebi.ac.uk/gwas/rest/api/v2/associations/41334466; https://www.ebi.ac.uk/gwas/rest/api/v2/associations/41334566; https://www.ebi.ac.uk/gwas/rest/api/v2/associations/62419516; https://www.ebi.ac.uk/gwas/rest/api/v2/associations/95284505,https://www.ebi.ac.uk/gwas/rest/api/v2/associations?efo_id=EFO_0003924&show_child_trait=false&size=500&page=0; https://www.ebi.ac.uk/gwas/rest/api/v2/associations?efo_id=EFO_0003949&show_child_trait=false&size=500&page=0; https://www.ebi.ac.uk/gwas/rest/api/v2/associations?efo_id=EFO_0009764&show_child_trait=false&size=500&page=0; https://www.ebi.ac.uk/gwas/rest/api/v2/associations?efo_id=OBA_0002313&show_child_trait=false&size=500&page=0
pigmentation,NYAP2,EFO_0009764; OBA_0002313,eye colour measurement; strand of hair color,strict,strict,2,2,2,Hair color; Iris color (L* coordinate),GCST007082; GCST007743,30595370; 30895295,EFO_0009764-page-000.json; OBA_0002313-page-001.json,strict + broad,True,36095666; 41451645,https://www.ebi.ac.uk/gwas/rest/api/v2/associations/36095666; https://www.ebi.ac.uk/gwas/rest/api/v2/associations/41451645,https://www.ebi.ac.uk/gwas/rest/api/v2/associations?efo_id=EFO_0009764&show_child_trait=false&size=500&page=0; https://www.ebi.ac.uk/gwas/rest/api/v2/associations?efo_id=OBA_0002313&show_child_trait=false&size=500&page=1
pigmentation,OBI1-AS1,EFO_0003924; OBA_0002313,hair color; strand of hair color,strict,strict,4,2,2,Blond vs. brown/black hair color; Hair color,GCST007082; GCST90095476,30595370; 34737440,EFO_0003924-page-000.json; OBA_0002313-page-000.json,strict + broad,True,36096882; 36096887; 36096892; 95175271,https://www.ebi.ac.uk/gwas/rest/api/v2/associations/36096882; https://www.ebi.ac.uk/gwas/rest/api/v2/associations/36096887; https://www.ebi.ac.uk/gwas/rest/api/v2/associations/36096892; https://www.ebi.ac.uk/gwas/rest/api/v2/associations/95175271,https://www.ebi.ac.uk/gwas/rest/api/v2/associations?efo_id=EFO_0003924&show_child_trait=false&size=500&page=0; https://www.ebi.ac.uk/gwas/rest/api/v2/associations?efo_id=OBA_0002313&show_child_trait=false&size=500&page=0
pigmentation,OCA2,EFO_0003924; EFO_0003949; EFO_0004279; EFO_0009764; MONDO_0005326; MONDO_0005434; OBA_0002313; OBA_2045282; OBA_VT0002095,eye color; eye colour measurement; facial pigmentation; hair color; skin pigmentation; skin sensitivity to sun; strand of hair color; sunburn; suntan,broad; strict,broad; strict,189,49,21,"Black vs. blond hair color; Black vs. red hair color; Blond vs non-blond hair color; Blond vs. brown/black hair color; Brown vs. black hair color; Brown vs. non-brown hair color; Ease of sunburn; Eye color; Eye color (brightness); Eye color (hue); Eye color (saturation); Eye color traits; Facial skin colour (CIELAB index L* value); Facial skin colour (CIELAB index b* value); Hair color; Hair colour (natural, before greying): Blonde (UKB data field 1747_1); Hair colour (natural, before greying): Dark brown (UKB data field 1747_4); Hair colour (natural, before greying): Light brown (UKB data field 1747_3); Iris color; Iris color (L* coordinate); Iris color (a* coordinate); Iris color (b* coordinate); Light vs. dark hair color; Low tan response; Red vs non-red hair color; Skin color; Skin color (Fitzpatrick scale); Skin color (cheek, ITA value); Skin color (cheek, L value); Skin color (forehead, ITA value); Skin color (forehead, L value); Skin color in green band; Skin color in red band; Skin phototype score; Skin pigmentation; Skin pigmentation (conditioned on rs1426654 and rs35397); Skin pigmentation traits; Skin reflectance; Skin reflectance (Melanin index); Skin, hair and eye pigmentation (multivariate analysis); Sunburn type; Sunburns",GCST000190; GCST000191; GCST001929; GCST003020; GCST003021; GCST003022; GCST003023; GCST005093; GCST005094; GCST005096; GCST005897; GCST006988; GCST006989; GCST007082; GCST007086; GCST007451; GCST007452; GCST007453; GCST007455; GCST007456; GCST007457; GCST007488; GCST007489; GCST008516; GCST011355; GCST012219; GCST90020054; GCST90020056; GCST90026489; GCST90026490; GCST90041836; GCST90041838; GCST90041839; GCST90095476; GCST90100219; GCST90246327; GCST90255682; GCST90255683; GCST90255684; GCST90255686; GCST90255688; GCST90255689; GCST90255690; GCST90502780; GCST90502781; GCST90502784; GCST90502785; GCST90854270; GCST90854271,18483556; 23548203; 26184321; 29109912; 29739929; 30166351; 30531825; 30595370; 30664655; 31315583; 33600456; 33692100; 34265127; 34570997; 34648798; 34737426; 34737440; 36536295; 36672889; 40010489; 42586059,EFO_0003924-page-000.json; EFO_0003924-page-001.json; EFO_0003949-page-000.json; EFO_0004279-page-000.json; EFO_0009764-page-000.json; MONDO_0005326-page-000.json; MONDO_0005434-page-000.json; OBA_0002313-page-000.json; OBA_2045282-page-000.json; OBA_VT0002095-page-000.json; OBA_VT0002095-page-001.json,strict + broad,True,103607522; 104178664; 104178670; 104178699; 104178704; 104178710; 104178716; 104178722; 104178728; 104178859; 104178934; 104178969; 104178975; 104179001; 104179017; 104179035; 104179088; 104179099; 104179111; 104179123; 104179129; 104179141; 104179147; 104179165; 104179182; 104179188; 104179212; 104179248; 104179254; 104179259; 104179264; 104179269; 104179304; 104179310; 104179316; 104179322; 104179327; 104179339; 104179351; 104179356; 104179362; 104179368; 104179374; 104179386; 104179409; 104179414; 104179431; 104179545; 104179951; 104179984; 104180000; 104180026; 104180031; 104180094; 104180110; 104180147; 104180207; 104180217; 104180222; 104180227; 104180255; 104180260; 104180265; 104180287; 104180298; 104180309; 104180335; 104180363; 104180373; 104180511; 104180526; 104180551; 104180556; 104180616; 104180626; 104180651; 104180691; 104180696; 104180701; 104180706; 104180721; 104180726; 104180741; 104180746; 104180756; 104180771; 104180791; 104180926; 104180998; 104181008; 104181068; 104181094; 11641; 11644; 14882495; 14882738; 14882875; 14882997; 191173944; 191173956; 191173982; 191173994; 223072240; 223072356; 24956208; 24956303; 24956350; 30827856; 34050; 35792256; 35792775; 35792823; 35792872; 35792900; 35792916; 35792981; 35792985; 35792989; 35792993; 35793210; 35793338; 35793343; 35793347; 35793351; 36097025; 36097030; 36097035; 36097040; 36097045; 36099378; 36099383; 37790090; 37790094; 37790118; 37790198; 37790202; 37790241; 37790257; 37790261; 37790311; 37790331; 37790335; 37790340; 37790435; 37790439; 41334167; 41334182; 41334207; 41334437; 47687412; 47687442; 47688566; 77845302; 93018944; 93018976; 93413155; 93413161; 93413167; 93413173; 93413179; 93413184; 93413189; 93413195; 93413201; 93413207; 93413844; 93413850; 93413856; 93413861; 93413998; 93414004; 93414010; 93414015; 93414020; 93414026; 93414032; 93414038; 93414043; 93414049; 93414054; 93414060; 93414066; 93453754; 93453766; 95175281; 95175286; 95175291; 95284493; 95937928,https://www.ebi.ac.uk/gwas/rest/api/v2/associations/103607522; https://www.ebi.ac.uk/gwas/rest/api/v2/associations/104178664; https://www.ebi.ac.uk/gwas/rest/api/v2/associations/104178670; https://www.ebi.ac.uk/gwas/rest/api/v2/associations/104178699; https://www.ebi.ac.uk/gwas/rest/api/v2/associations/104178704; https://www.ebi.ac.uk/gwas/rest/api/v2/associations/104178710; https://www.ebi.ac.uk/gwas/rest/api/v2/associations/104178716; https://www.ebi.ac.uk/gwas/rest/api/v2/associations/104178722; https://www.ebi.ac.uk/gwas/rest/api/v2/associations/104178728; https://www.ebi.ac.uk/gwas/rest/api/v2/associations/104178859; https://www.ebi.ac.uk/gwas/rest/api/v2/associations/104178934; https://www.ebi.ac.uk/gwas/rest/api/v2/associations/104178969; https://www.ebi.ac.uk/gwas/rest/api/v2/associations/104178975; https://www.ebi.ac.uk/gwas/rest/api/v2/associations/104179001; https://www.ebi.ac.uk/gwas/rest/api/v2/associations/104179017; https://www.ebi.ac.uk/gwas/rest/api/v2/associations/104179035; https://www.ebi.ac.uk/gwas/rest/api/v2/associations/104179088; https://www.ebi.ac.uk/gwas/rest/api/v2/associations/104179099; https://www.ebi.ac.uk/gwas/rest/api/v2/associations/104179111; https://www.ebi.ac.uk/gwas/rest/api/v2/associations/104179123; https://www.ebi.ac.uk/gwas/rest/api/v2/associations/104179129; https://www.ebi.ac.uk/gwas/rest/api/v2/associations/104179141; https://www.ebi.ac.uk/gwas/rest/api/v2/associations/104179147; https://www.ebi.ac.uk/gwas/rest/api/v2/associations/104179165; https://www.ebi.ac.uk/gwas/rest/api/v2/associations/104179182; https://www.ebi.ac.uk/gwas/rest/api/v2/associations/104179188; https://www.ebi.ac.uk/gwas/rest/api/v2/associations/104179212; https://www.ebi.ac.uk/gwas/rest/api/v2/associations/104179248; https://www.ebi.ac.uk/gwas/rest/api/v2/associations/104179254; https://www.ebi.ac.uk/gwas/rest/api/v2/associations/104179259; https://www.ebi.ac.uk/gwas/rest/api/v2/associations/104179264; https://www.ebi.ac.uk/gwas/rest/api/v2/associations/104179269; https://www.ebi.ac.uk/gwas/rest/api/v2/associations/104179304; https://www.ebi.ac.uk/gwas/rest/api/v2/associations/104179310; https://www.ebi.ac.uk/gwas/rest/api/v2/associations/104179316; https://www.ebi.ac.uk/gwas/rest/api/v2/associations/104179322; https://www.ebi.ac.uk/gwas/rest/api/v2/associations/104179327; https://www.ebi.ac.uk/gwas/rest/api/v2/associations/104179339; https://www.ebi.ac.uk/gwas/rest/api/v2/associations/104179351; https://www.ebi.ac.uk/gwas/rest/api/v2/associations/104179356; https://www.ebi.ac.uk/gwas/rest/api/v2/associations/104179362; https://www.ebi.ac.uk/gwas/rest/api/v2/associations/104179368; https://www.ebi.ac.uk/gwas/rest/api/v2/associations/104179374; https://www.ebi.ac.uk/gwas/rest/api/v2/associations/104179386; https://www.ebi.ac.uk/gwas/rest/api/v2/associations/104179409; https://www.ebi.ac.uk/gwas/rest/api/v2/associations/104179414; https://www.ebi.ac.uk/gwas/rest/api/v2/associations/104179431; https://www.ebi.ac.uk/gwas/rest/api/v2/associations/104179545; https://www.ebi.ac.uk/gwas/rest/api/v2/associations/104179951; https://www.ebi.ac.uk/gwas/rest/api/v2/associations/104179984; https://www.ebi.ac.uk/gwas/rest/api/v2/associations/104180000; https://www.ebi.ac.uk/gwas/rest/api/v2/associations/104180026; https://www.ebi.ac.uk/gwas/rest/api/v2/associations/104180031; https://www.ebi.ac.uk/gwas/rest/api/v2/associations/104180094; https://www.ebi.ac.uk/gwas/rest/api/v2/associations/104180110; https://www.ebi.ac.uk/gwas/rest/api/v2/associations/104180147; https://www.ebi.ac.uk/gwas/rest/api/v2/associations/104180207; https://www.ebi.ac.uk/gwas/rest/api/v2/associations/104180217; https://www.ebi.ac.uk/gwas/rest/api/v2/associations/104180222; https://www.ebi.ac.uk/gwas/rest/api/v2/associations/104180227; https://www.ebi.ac.uk/gwas/rest/api/v2/associations/104180255; https://www.ebi.ac.uk/gwas/rest/api/v2/associations/104180260; https://www.ebi.ac.uk/gwas/rest/api/v2/associations/104180265; https://www.ebi.ac.uk/gwas/rest/api/v2/associations/104180287; https://www.ebi.ac.uk/gwas/rest/api/v2/associations/104180298; https://www.ebi.ac.uk/gwas/rest/api/v2/associations/104180309; https://www.ebi.ac.uk/gwas/rest/api/v2/associations/104180335; https://www.ebi.ac.uk/gwas/rest/api/v2/associations/104180363; https://www.ebi.ac.uk/gwas/rest/api/v2/associations/104180373; https://www.ebi.ac.uk/gwas/rest/api/v2/associations/104180511; https://www.ebi.ac.uk/gwas/rest/api/v2/associations/104180526; https://www.ebi.ac.uk/gwas/rest/api/v2/associations/104180551; https://www.ebi.ac.uk/gwas/rest/api/v2/associations/104180556; https://www.ebi.ac.uk/gwas/rest/api/v2/associations/104180616; https://www.ebi.ac.uk/gwas/rest/api/v2/associations/104180626; https://www.ebi.ac.uk/gwas/rest/api/v2/associations/104180651; https://www.ebi.ac.uk/gwas/rest/api/v2/associations/104180691; https://www.ebi.ac.uk/gwas/rest/api/v2/associations/104180696; https://www.ebi.ac.uk/gwas/rest/api/v2/associations/104180701; https://www.ebi.ac.uk/gwas/rest/api/v2/associations/104180706; https://www.ebi.ac.uk/gwas/rest/api/v2/associations/104180721; https://www.ebi.ac.uk/gwas/rest/api/v2/associations/104180726; https://www.ebi.ac.uk/gwas/rest/api/v2/associations/104180741; https://www.ebi.ac.uk/gwas/rest/api/v2/associations/104180746; https://www.ebi.ac.uk/gwas/rest/api/v2/associations/104180756; https://www.ebi.ac.uk/gwas/rest/api/v2/associations/104180771; https://www.ebi.ac.uk/gwas/rest/api/v2/associations/104180791; https://www.ebi.ac.uk/gwas/rest/api/v2/associations/104180926; https://www.ebi.ac.uk/gwas/rest/api/v2/associations/104180998; https://www.ebi.ac.uk/gwas/rest/api/v2/associations/104181008; https://www.ebi.ac.uk/gwas/rest/api/v2/associations/104181068; https://www.ebi.ac.uk/gwas/rest/api/v2/associations/104181094; https://www.ebi.ac.uk/gwas/rest/api/v2/associations/11641; https://www.ebi.ac.uk/gwas/rest/api/v2/associations/11644; https://www.ebi.ac.uk/gwas/rest/api/v2/associations/14882495; https://www.ebi.ac.uk/gwas/rest/api/v2/associations/14882738; https://www.ebi.ac.uk/gwas/rest/api/v2/associations/14882875; https://www.ebi.ac.uk/gwas/rest/api/v2/associations/14882997; https://www.ebi.ac.uk/gwas/rest/api/v2/associations/191173944; https://www.ebi.ac.uk/gwas/rest/api/v2/associations/191173956; https://www.ebi.ac.uk/gwas/rest/api/v2/associations/191173982; https://www.ebi.ac.uk/gwas/rest/api/v2/associations/191173994; https://www.ebi.ac.uk/gwas/rest/api/v2/associations/223072240; https://www.ebi.ac.uk/gwas/rest/api/v2/associations/223072356; https://www.ebi.ac.uk/gwas/rest/api/v2/associations/24956208; https://www.ebi.ac.uk/gwas/rest/api/v2/associations/24956303; https://www.ebi.ac.uk/gwas/rest/api/v2/associations/24956350; https://www.ebi.ac.uk/gwas/rest/api/v2/associations/30827856; https://www.ebi.ac.uk/gwas/rest/api/v2/associations/34050; https://www.ebi.ac.uk/gwas/rest/api/v2/associations/35792256; https://www.ebi.ac.uk/gwas/rest/api/v2/associations/35792775; https://www.ebi.ac.uk/gwas/rest/api/v2/associations/35792823; https://www.ebi.ac.uk/gwas/rest/api/v2/associations/35792872; https://www.ebi.ac.uk/gwas/rest/api/v2/associations/35792900; https://www.ebi.ac.uk/gwas/rest/api/v2/associations/35792916; https://www.ebi.ac.uk/gwas/rest/api/v2/associations/35792981; https://www.ebi.ac.uk/gwas/rest/api/v2/associations/35792985; https://www.ebi.ac.uk/gwas/rest/api/v2/associations/35792989; https://www.ebi.ac.uk/gwas/rest/api/v2/associations/35792993; https://www.ebi.ac.uk/gwas/rest/api/v2/associations/35793210; https://www.ebi.ac.uk/gwas/rest/api/v2/associations/35793338; https://www.ebi.ac.uk/gwas/rest/api/v2/associations/35793343; https://www.ebi.ac.uk/gwas/rest/api/v2/associations/35793347; https://www.ebi.ac.uk/gwas/rest/api/v2/associations/35793351; https://www.ebi.ac.uk/gwas/rest/api/v2/associations/36097025; https://www.ebi.ac.uk/gwas/rest/api/v2/associations/36097030; https://www.ebi.ac.uk/gwas/rest/api/v2/associations/36097035; https://www.ebi.ac.uk/gwas/rest/api/v2/associations/36097040; https://www.ebi.ac.uk/gwas/rest/api/v2/associations/36097045; https://www.ebi.ac.uk/gwas/rest/api/v2/associations/36099378; https://www.ebi.ac.uk/gwas/rest/api/v2/associations/36099383; https://www.ebi.ac.uk/gwas/rest/api/v2/associations/37790090; https://www.ebi.ac.uk/gwas/rest/api/v2/associations/37790094; https://www.ebi.ac.uk/gwas/rest/api/v2/associations/37790118; https://www.ebi.ac.uk/gwas/rest/api/v2/associations/37790198; https://www.ebi.ac.uk/gwas/rest/api/v2/associations/37790202; https://www.ebi.ac.uk/gwas/rest/api/v2/associations/37790241; https://www.ebi.ac.uk/gwas/rest/api/v2/associations/37790257; https://www.ebi.ac.uk/gwas/rest/api/v2/associations/37790261; https://www.ebi.ac.uk/gwas/rest/api/v2/associations/37790311; https://www.ebi.ac.uk/gwas/rest/api/v2/associations/37790331; https://www.ebi.ac.uk/gwas/rest/api/v2/associations/37790335; https://www.ebi.ac.uk/gwas/rest/api/v2/associations/37790340; https://www.ebi.ac.uk/gwas/rest/api/v2/associations/37790435; https://www.ebi.ac.uk/gwas/rest/api/v2/associations/37790439; https://www.ebi.ac.uk/gwas/rest/api/v2/associations/41334167; https://www.ebi.ac.uk/gwas/rest/api/v2/associations/41334182; https://www.ebi.ac.uk/gwas/rest/api/v2/associations/41334207; https://www.ebi.ac.uk/gwas/rest/api/v2/associations/41334437; https://www.ebi.ac.uk/gwas/rest/api/v2/associations/47687412; https://www.ebi.ac.uk/gwas/rest/api/v2/associations/47687442; https://www.ebi.ac.uk/gwas/rest/api/v2/associations/47688566; https://www.ebi.ac.uk/gwas/rest/api/v2/associations/77845302; https://www.ebi.ac.uk/gwas/rest/api/v2/associations/93018944; https://www.ebi.ac.uk/gwas/rest/api/v2/associations/93018976; https://www.ebi.ac.uk/gwas/rest/api/v2/associations/93413155; https://www.ebi.ac.uk/gwas/rest/api/v2/associations/93413161; https://www.ebi.ac.uk/gwas/rest/api/v2/associations/93413167; https://www.ebi.ac.uk/gwas/rest/api/v2/associations/93413173; https://www.ebi.ac.uk/gwas/rest/api/v2/associations/93413179; https://www.ebi.ac.uk/gwas/rest/api/v2/associations/93413184; https://www.ebi.ac.uk/gwas/rest/api/v2/associations/93413189; https://www.ebi.ac.uk/gwas/rest/api/v2/associations/93413195; https://www.ebi.ac.uk/gwas/rest/api/v2/associations/93413201; https://www.ebi.ac.uk/gwas/rest/api/v2/associations/93413207; https://www.ebi.ac.uk/gwas/rest/api/v2/associations/93413844; https://www.ebi.ac.uk/gwas/rest/api/v2/associations/93413850; https://www.ebi.ac.uk/gwas/rest/api/v2/associations/93413856; https://www.ebi.ac.uk/gwas/rest/api/v2/associations/93413861; https://www.ebi.ac.uk/gwas/rest/api/v2/associations/93413998; https://www.ebi.ac.uk/gwas/rest/api/v2/associations/93414004; https://www.ebi.ac.uk/gwas/rest/api/v2/associations/93414010; https://www.ebi.ac.uk/gwas/rest/api/v2/associations/93414015; https://www.ebi.ac.uk/gwas/rest/api/v2/associations/93414020; https://www.ebi.ac.uk/gwas/rest/api/v2/associations/93414026; https://www.ebi.ac.uk/gwas/rest/api/v2/associations/93414032; https://www.ebi.ac.uk/gwas/rest/api/v2/associations/93414038; https://www.ebi.ac.uk/gwas/rest/api/v2/associations/93414043; https://www.ebi.ac.uk/gwas/rest/api/v2/associations/93414049; https://www.ebi.ac.uk/gwas/rest/api/v2/associations/93414054; https://www.ebi.ac.uk/gwas/rest/api/v2/associations/93414060; https://www.ebi.ac.uk/gwas/rest/api/v2/associations/93414066; https://www.ebi.ac.uk/gwas/rest/api/v2/associations/93453754; https://www.ebi.ac.uk/gwas/rest/api/v2/associations/93453766; https://www.ebi.ac.uk/gwas/rest/api/v2/associations/95175281; https://www.ebi.ac.uk/gwas/rest/api/v2/associations/95175286; https://www.ebi.ac.uk/gwas/rest/api/v2/associations/95175291; https://www.ebi.ac.uk/gwas/rest/api/v2/associations/95284493; https://www.ebi.ac.uk/gwas/rest/api/v2/associations/95937928,https://www.ebi.ac.uk/gwas/rest/api/v2/associations?efo_id=EFO_0003924&show_child_trait=false&size=500&page=0; https://www.ebi.ac.uk/gwas/rest/api/v2/associations?efo_id=EFO_0003924&show_child_trait=false&size=500&page=1; https://www.ebi.ac.uk/gwas/rest/api/v2/associations?efo_id=EFO_0003949&show_child_trait=false&size=500&page=0; https://www.ebi.ac.uk/gwas/rest/api/v2/associations?efo_id=EFO_0004279&show_child_trait=false&size=500&page=0; https://www.ebi.ac.uk/gwas/rest/api/v2/associations?efo_id=EFO_0009764&show_child_trait=false&size=500&page=0; https://www.ebi.ac.uk/gwas/rest/api/v2/associations?efo_id=MONDO_0005326&show_child_trait=false&size=500&page=0; https://www.ebi.ac.uk/gwas/rest/api/v2/associations?efo_id=MONDO_0005434&show_child_trait=false&size=500&page=0; https://www.ebi.ac.uk/gwas/rest/api/v2/associations?efo_id=OBA_0002313&show_child_trait=false&size=500&page=0; https://www.ebi.ac.uk/gwas/rest/api/v2/associations?efo_id=OBA_2045282&show_child_trait=false&size=500&page=0; https://www.ebi.ac.uk/gwas/rest/api/v2/associations?efo_id=OBA_VT0002095&show_child_trait=false&size=500&page=0; https://www.ebi.ac.uk/gwas/rest/api/v2/associations?efo_id=OBA_VT0002095&show_child_trait=false&size=500&page=1
pigmentation,OVOL1,EFO_0003924; OBA_0002313,hair color; strand of hair color,strict,strict,2,2,2,Blond vs. brown/black hair color; Hair color,GCST006988; GCST007082,30531825; 30595370,EFO_0003924-page-000.json; OBA_0002313-page-000.json,strict + broad,True,35792751; 36096561,https://www.ebi.ac.uk/gwas/rest/api/v2/associations/35792751; https://www.ebi.ac.uk/gwas/rest/api/v2/associations/36096561,https://www.ebi.ac.uk/gwas/rest/api/v2/associations?efo_id=EFO_0003924&show_child_trait=false&size=500&page=0; https://www.ebi.ac.uk/gwas/rest/api/v2/associations?efo_id=OBA_0002313&show_child_trait=false&size=500&page=0
pigmentation,PABPN1L,EFO_0003924; OBA_0002313,hair color; strand of hair color,strict,strict,2,2,2,"Hair colour (natural, before greying): Red (UKB data field 1747_2); Red vs. brown/black hair color",GCST90041837; GCST90095478,34737426; 34737440,EFO_0003924-page-000.json; OBA_0002313-page-000.json,strict + broad,True,93413399; 95175377,https://www.ebi.ac.uk/gwas/rest/api/v2/associations/93413399; https://www.ebi.ac.uk/gwas/rest/api/v2/associations/95175377,https://www.ebi.ac.uk/gwas/rest/api/v2/associations?efo_id=EFO_0003924&show_child_trait=false&size=500&page=0; https://www.ebi.ac.uk/gwas/rest/api/v2/associations?efo_id=OBA_0002313&show_child_trait=false&size=500&page=0
pigmentation,PADI3,EFO_0003924; OBA_0002313,hair color; strand of hair color,strict,strict,4,3,3,"Blond vs. brown/black hair color; Hair color; Hair colour (natural, before greying): Blonde (UKB data field 1747_1)",GCST006988; GCST007082; GCST90041836,30531825; 30595370; 34737426,EFO_0003924-page-000.json; OBA_0002313-page-000.json; OBA_0002313-page-001.json,strict + broad,True,35793019; 35793064; 36095427; 93413016,https://www.ebi.ac.uk/gwas/rest/api/v2/associations/35793019; https://www.ebi.ac.uk/gwas/rest/api/v2/associations/35793064; https://www.ebi.ac.uk/gwas/rest/api/v2/associations/36095427; https://www.ebi.ac.uk/gwas/rest/api/v2/associations/93413016,https://www.ebi.ac.uk/gwas/rest/api/v2/associations?efo_id=EFO_0003924&show_child_trait=false&size=500&page=0; https://www.ebi.ac.uk/gwas/rest/api/v2/associations?efo_id=OBA_0002313&show_child_trait=false&size=500&page=0; https://www.ebi.ac.uk/gwas/rest/api/v2/associations?efo_id=OBA_0002313&show_child_trait=false&size=500&page=1
pigmentation,PAX3,EFO_0003924; OBA_0002313,hair color; strand of hair color,strict,strict,5,2,2,Blond vs. brown/black hair color; Hair color,GCST006988; GCST007082,30531825; 30595370,EFO_0003924-page-000.json; OBA_0002313-page-001.json,strict + broad,True,35792384; 35792456; 35792601; 36095656; 36095661,https://www.ebi.ac.uk/gwas/rest/api/v2/associations/35792384; https://www.ebi.ac.uk/gwas/rest/api/v2/associations/35792456; https://www.ebi.ac.uk/gwas/rest/api/v2/associations/35792601; https://www.ebi.ac.uk/gwas/rest/api/v2/associations/36095656; https://www.ebi.ac.uk/gwas/rest/api/v2/associations/36095661,https://www.ebi.ac.uk/gwas/rest/api/v2/associations?efo_id=EFO_0003924&show_child_trait=false&size=500&page=0; https://www.ebi.ac.uk/gwas/rest/api/v2/associations?efo_id=OBA_0002313&show_child_trait=false&size=500&page=1
pigmentation,PCNX1,OBA_0002313,strand of hair color,strict,strict,2,2,2,Hair color; Hair greying,GCST003478; GCST007082,26926045; 30595370,OBA_0002313-page-000.json; OBA_0002313-page-001.json,strict + broad,True,16544452; 36096941,https://www.ebi.ac.uk/gwas/rest/api/v2/associations/16544452; https://www.ebi.ac.uk/gwas/rest/api/v2/associations/36096941,https://www.ebi.ac.uk/gwas/rest/api/v2/associations?efo_id=OBA_0002313&show_child_trait=false&size=500&page=0; https://www.ebi.ac.uk/gwas/rest/api/v2/associations?efo_id=OBA_0002313&show_child_trait=false&size=500&page=1
pigmentation,PDCD6IPP2,EFO_0003924; OBA_0002313,hair color; strand of hair color,strict,strict,3,3,2,Black vs. blond hair color; Black vs. red hair color; Hair color,GCST000190; GCST000191; GCST007082,18483556; 30595370,EFO_0003924-page-001.json; OBA_0002313-page-000.json,strict + broad,True,11639; 11642; 36097060,https://www.ebi.ac.uk/gwas/rest/api/v2/associations/11639; https://www.ebi.ac.uk/gwas/rest/api/v2/associations/11642; https://www.ebi.ac.uk/gwas/rest/api/v2/associations/36097060,https://www.ebi.ac.uk/gwas/rest/api/v2/associations?efo_id=EFO_0003924&show_child_trait=false&size=500&page=1; https://www.ebi.ac.uk/gwas/rest/api/v2/associations?efo_id=OBA_0002313&show_child_trait=false&size=500&page=0
pigmentation,PDE4B,EFO_0004279; MONDO_0005326,sunburn; suntan,broad,broad,2,2,2,Low tan response; Sunburns,GCST005897; GCST007086,29739929; 30595370,EFO_0004279-page-000.json; MONDO_0005326-page-000.json,strict + broad,True,30827795; 36099099,https://www.ebi.ac.uk/gwas/rest/api/v2/associations/30827795; https://www.ebi.ac.uk/gwas/rest/api/v2/associations/36099099,https://www.ebi.ac.uk/gwas/rest/api/v2/associations?efo_id=EFO_0004279&show_child_trait=false&size=500&page=0; https://www.ebi.ac.uk/gwas/rest/api/v2/associations?efo_id=MONDO_0005326&show_child_trait=false&size=500&page=0
pigmentation,PDE4D,EFO_0003949; MONDO_0005326; OBA_0002313,eye color; strand of hair color; sunburn,broad; strict,broad; strict,3,3,2,Eye color; Hair color; Sunburns,GCST007082; GCST007086; GCST012219,30595370; 33692100,EFO_0003949-page-000.json; MONDO_0005326-page-000.json; OBA_0002313-page-001.json,strict + broad,True,36095953; 36099185; 95284521,https://www.ebi.ac.uk/gwas/rest/api/v2/associations/36095953; https://www.ebi.ac.uk/gwas/rest/api/v2/associations/36099185; https://www.ebi.ac.uk/gwas/rest/api/v2/associations/95284521,https://www.ebi.ac.uk/gwas/rest/api/v2/associations?efo_id=EFO_0003949&show_child_trait=false&size=500&page=0; https://www.ebi.ac.uk/gwas/rest/api/v2/associations?efo_id=MONDO_0005326&show_child_trait=false&size=500&page=0; https://www.ebi.ac.uk/gwas/rest/api/v2/associations?efo_id=OBA_0002313&show_child_trait=false&size=500&page=1
pigmentation,PEBP4,EFO_0003924; OBA_0002313,hair color; strand of hair color,strict,strict,2,2,2,Blond vs. brown/black hair color; Hair color,GCST006988; GCST007082,30531825; 30595370,EFO_0003924-page-000.json; OBA_0002313-page-001.json,strict + broad,True,35792650; 36096266,https://www.ebi.ac.uk/gwas/rest/api/v2/associations/35792650; https://www.ebi.ac.uk/gwas/rest/api/v2/associations/36096266,https://www.ebi.ac.uk/gwas/rest/api/v2/associations?efo_id=EFO_0003924&show_child_trait=false&size=500&page=0; https://www.ebi.ac.uk/gwas/rest/api/v2/associations?efo_id=OBA_0002313&show_child_trait=false&size=500&page=1
pigmentation,PEX14,EFO_0003924; OBA_0002313,hair color; strand of hair color,strict,strict,2,2,2,Blond vs. brown/black hair color; Hair color,GCST006988; GCST007082,30531825; 30595370,EFO_0003924-page-000.json; OBA_0002313-page-001.json,strict + broad,True,35793002; 36095412,https://www.ebi.ac.uk/gwas/rest/api/v2/associations/35793002; https://www.ebi.ac.uk/gwas/rest/api/v2/associations/36095412,https://www.ebi.ac.uk/gwas/rest/api/v2/associations?efo_id=EFO_0003924&show_child_trait=false&size=500&page=0; https://www.ebi.ac.uk/gwas/rest/api/v2/associations?efo_id=OBA_0002313&show_child_trait=false&size=500&page=1
pigmentation,PIEZO1,OBA_0002313,strand of hair color,strict,strict,5,2,2,"Hair color; Hair colour (natural, before greying): Red (UKB data field 1747_2)",GCST007082; GCST90041837,30595370; 34737426,OBA_0002313-page-000.json,strict + broad,True,36097192; 93413351; 93413357; 93413363; 93413369,https://www.ebi.ac.uk/gwas/rest/api/v2/associations/36097192; https://www.ebi.ac.uk/gwas/rest/api/v2/associations/93413351; https://www.ebi.ac.uk/gwas/rest/api/v2/associations/93413357; https://www.ebi.ac.uk/gwas/rest/api/v2/associations/93413363; https://www.ebi.ac.uk/gwas/rest/api/v2/associations/93413369,https://www.ebi.ac.uk/gwas/rest/api/v2/associations?efo_id=OBA_0002313&show_child_trait=false&size=500&page=0
pigmentation,PIGPP3,EFO_0009764; MONDO_0005326,eye colour measurement; sunburn,broad; strict,broad; strict,2,2,2,Retina colour; Sunburns,GCST007086; GCST90939791,30595370; 38728357,EFO_0009764-page-000.json; MONDO_0005326-page-000.json,strict + broad,True,222644390; 36099484,https://www.ebi.ac.uk/gwas/rest/api/v2/associations/222644390; https://www.ebi.ac.uk/gwas/rest/api/v2/associations/36099484,https://www.ebi.ac.uk/gwas/rest/api/v2/associations?efo_id=EFO_0009764&show_child_trait=false&size=500&page=0; https://www.ebi.ac.uk/gwas/rest/api/v2/associations?efo_id=MONDO_0005326&show_child_trait=false&size=500&page=0
pigmentation,PIGU,EFO_0003924; EFO_0004279,hair color; suntan,broad; strict,broad; strict,3,3,3,Brown vs. black hair color; Cutaneous melanoma or hair colour; Low tan response,GCST005897; GCST006989; GCST010302,29739929; 30531825; 32341527,EFO_0003924-page-000.json; EFO_0004279-page-000.json,strict + broad,True,30828098; 35793407; 61986428,https://www.ebi.ac.uk/gwas/rest/api/v2/associations/30828098; https://www.ebi.ac.uk/gwas/rest/api/v2/associations/35793407; https://www.ebi.ac.uk/gwas/rest/api/v2/associations/61986428,https://www.ebi.ac.uk/gwas/rest/api/v2/associations?efo_id=EFO_0003924&show_child_trait=false&size=500&page=0; https://www.ebi.ac.uk/gwas/rest/api/v2/associations?efo_id=EFO_0004279&show_child_trait=false&size=500&page=0
pigmentation,PKHD1,EFO_0003924; OBA_0002313,hair color; strand of hair color,strict,strict,2,2,2,Hair color; Red vs. brown/black hair color,GCST006986; GCST007082,30531825; 30595370,EFO_0003924-page-000.json; OBA_0002313-page-001.json,strict + broad,True,36096098; 62419498,https://www.ebi.ac.uk/gwas/rest/api/v2/associations/36096098; https://www.ebi.ac.uk/gwas/rest/api/v2/associations/62419498,https://www.ebi.ac.uk/gwas/rest/api/v2/associations?efo_id=EFO_0003924&show_child_trait=false&size=500&page=0; https://www.ebi.ac.uk/gwas/rest/api/v2/associations?efo_id=OBA_0002313&show_child_trait=false&size=500&page=1
pigmentation,PLXNB2,EFO_0003924; OBA_0002313,hair color; strand of hair color,strict,strict,3,3,3,Blond vs. brown/black hair color; Cutaneous melanoma or hair colour; Hair color,GCST006988; GCST007082; GCST010302,30531825; 30595370; 32341527,EFO_0003924-page-000.json; OBA_0002313-page-000.json,strict + broad,True,35792641; 36097554; 61986506,https://www.ebi.ac.uk/gwas/rest/api/v2/associations/35792641; https://www.ebi.ac.uk/gwas/rest/api/v2/associations/36097554; https://www.ebi.ac.uk/gwas/rest/api/v2/associations/61986506,https://www.ebi.ac.uk/gwas/rest/api/v2/associations?efo_id=EFO_0003924&show_child_trait=false&size=500&page=0; https://www.ebi.ac.uk/gwas/rest/api/v2/associations?efo_id=OBA_0002313&show_child_trait=false&size=500&page=0
pigmentation,POMC,EFO_0003924; OBA_0002313,hair color; strand of hair color,strict,strict,2,2,2,Hair color; Red vs. brown/black hair color,GCST006986; GCST007082,30531825; 30595370,EFO_0003924-page-000.json; OBA_0002313-page-001.json,strict + broad,True,36095539; 62419503,https://www.ebi.ac.uk/gwas/rest/api/v2/associations/36095539; https://www.ebi.ac.uk/gwas/rest/api/v2/associations/62419503,https://www.ebi.ac.uk/gwas/rest/api/v2/associations?efo_id=EFO_0003924&show_child_trait=false&size=500&page=0; https://www.ebi.ac.uk/gwas/rest/api/v2/associations?efo_id=OBA_0002313&show_child_trait=false&size=500&page=1
pigmentation,PPARGC1B,EFO_0003963; EFO_0004279; MONDO_0005326; OBA_2045282; OBA_VT0002095,facial pigmentation; freckles; skin pigmentation; sunburn; suntan,broad; strict,broad; strict,8,8,7,Facial pigmentation measurement (UV light); Facial pigmentation measurement (polar light); Freckles; Low tan response; Skin reflectance; Sunburns; Tanning,GCST000371; GCST005897; GCST006091; GCST007086; GCST90002283; GCST90002284; GCST90146360; GCST90246327,19340012; 29739929; 29895819; 30595370; 32835660; 36035146; 36536295,EFO_0003963-page-000.json; EFO_0004279-page-000.json; MONDO_0005326-page-000.json; OBA_2045282-page-000.json; OBA_VT0002095-page-000.json,strict + broad,True,100653948; 103607486; 12867; 30827803; 31658746; 36099194; 62410536; 62410580,https://www.ebi.ac.uk/gwas/rest/api/v2/associations/100653948; https://www.ebi.ac.uk/gwas/rest/api/v2/associations/103607486; https://www.ebi.ac.uk/gwas/rest/api/v2/associations/12867; https://www.ebi.ac.uk/gwas/rest/api/v2/associations/30827803; https://www.ebi.ac.uk/gwas/rest/api/v2/associations/31658746; https://www.ebi.ac.uk/gwas/rest/api/v2/associations/36099194; https://www.ebi.ac.uk/gwas/rest/api/v2/associations/62410536; https://www.ebi.ac.uk/gwas/rest/api/v2/associations/62410580,https://www.ebi.ac.uk/gwas/rest/api/v2/associations?efo_id=EFO_0003963&show_child_trait=false&size=500&page=0; https://www.ebi.ac.uk/gwas/rest/api/v2/associations?efo_id=EFO_0004279&show_child_trait=false&size=500&page=0; https://www.ebi.ac.uk/gwas/rest/api/v2/associations?efo_id=MONDO_0005326&show_child_trait=false&size=500&page=0; https://www.ebi.ac.uk/gwas/rest/api/v2/associations?efo_id=OBA_2045282&show_child_trait=false&size=500&page=0; https://www.ebi.ac.uk/gwas/rest/api/v2/associations?efo_id=OBA_VT0002095&show_child_trait=false&size=500&page=0
pigmentation,PPFIBP2,EFO_0003924; OBA_0002313,hair color; strand of hair color,strict,strict,5,5,4,Blond vs. brown/black hair color; Brown vs. black hair color; Cutaneous melanoma or hair colour; Hair color,GCST006075; GCST006988; GCST006989; GCST007082; GCST010302,29662168; 30531825; 30595370; 32341527,EFO_0003924-page-000.json; OBA_0002313-page-001.json,strict + broad,True,30548206; 35792308; 35793256; 36096464; 61986474,https://www.ebi.ac.uk/gwas/rest/api/v2/associations/30548206; https://www.ebi.ac.uk/gwas/rest/api/v2/associations/35792308; https://www.ebi.ac.uk/gwas/rest/api/v2/associations/35793256; https://www.ebi.ac.uk/gwas/rest/api/v2/associations/36096464; https://www.ebi.ac.uk/gwas/rest/api/v2/associations/61986474,https://www.ebi.ac.uk/gwas/rest/api/v2/associations?efo_id=EFO_0003924&show_child_trait=false&size=500&page=0; https://www.ebi.ac.uk/gwas/rest/api/v2/associations?efo_id=OBA_0002313&show_child_trait=false&size=500&page=1
pigmentation,PPM1A,EFO_0003924; OBA_0002313,hair color; strand of hair color,strict,strict,3,3,3,Blond vs. brown/black hair color; Hair color,GCST006075; GCST006988; GCST007082,29662168; 30531825; 30595370,EFO_0003924-page-000.json; OBA_0002313-page-000.json; OBA_0002313-page-001.json,strict + broad,True,30548239; 35792625; 36096918,https://www.ebi.ac.uk/gwas/rest/api/v2/associations/30548239; https://www.ebi.ac.uk/gwas/rest/api/v2/associations/35792625; https://www.ebi.ac.uk/gwas/rest/api/v2/associations/36096918,https://www.ebi.ac.uk/gwas/rest/api/v2/associations?efo_id=EFO_0003924&show_child_trait=false&size=500&page=0; https://www.ebi.ac.uk/gwas/rest/api/v2/associations?efo_id=OBA_0002313&show_child_trait=false&size=500&page=0; https://www.ebi.ac.uk/gwas/rest/api/v2/associations?efo_id=OBA_0002313&show_child_trait=false&size=500&page=1
pigmentation,PRDM7,EFO_0003924; EFO_0004279; MONDO_0005326; OBA_0002313,hair color; strand of hair color; sunburn; suntan,broad; strict,broad; strict,8,6,4,"Hair color; Hair colour (natural, before greying): Dark brown (UKB data field 1747_4); Hair colour (natural, before greying): Red (UKB data field 1747_2); Low tan response; Red vs. brown/black hair color; Sunburns",GCST005897; GCST007082; GCST007086; GCST90041837; GCST90041839; GCST90095478,29739929; 30595370; 34737426; 34737440,EFO_0003924-page-000.json; EFO_0004279-page-000.json; MONDO_0005326-page-000.json; OBA_0002313-page-000.json,strict + broad,True,30827904; 30828051; 36097247; 36099464; 93413796; 93413802; 93414252; 95175428,https://www.ebi.ac.uk/gwas/rest/api/v2/associations/30827904; https://www.ebi.ac.uk/gwas/rest/api/v2/associations/30828051; https://www.ebi.ac.uk/gwas/rest/api/v2/associations/36097247; https://www.ebi.ac.uk/gwas/rest/api/v2/associations/36099464; https://www.ebi.ac.uk/gwas/rest/api/v2/associations/93413796; https://www.ebi.ac.uk/gwas/rest/api/v2/associations/93413802; https://www.ebi.ac.uk/gwas/rest/api/v2/associations/93414252; https://www.ebi.ac.uk/gwas/rest/api/v2/associations/95175428,https://www.ebi.ac.uk/gwas/rest/api/v2/associations?efo_id=EFO_0003924&show_child_trait=false&size=500&page=0; https://www.ebi.ac.uk/gwas/rest/api/v2/associations?efo_id=EFO_0004279&show_child_trait=false&size=500&page=0; https://www.ebi.ac.uk/gwas/rest/api/v2/associations?efo_id=MONDO_0005326&show_child_trait=false&size=500&page=0; https://www.ebi.ac.uk/gwas/rest/api/v2/associations?efo_id=OBA_0002313&show_child_trait=false&size=500&page=0
pigmentation,PRELID1P5,EFO_0003924; OBA_0002313,hair color; strand of hair color,strict,strict,2,2,2,Blond vs. brown/black hair color; Hair color,GCST006988; GCST007082,30531825; 30595370,EFO_0003924-page-000.json; OBA_0002313-page-001.json,strict + broad,True,35792484; 36095494,https://www.ebi.ac.uk/gwas/rest/api/v2/associations/35792484; https://www.ebi.ac.uk/gwas/rest/api/v2/associations/36095494,https://www.ebi.ac.uk/gwas/rest/api/v2/associations?efo_id=EFO_0003924&show_child_trait=false&size=500&page=0; https://www.ebi.ac.uk/gwas/rest/api/v2/associations?efo_id=OBA_0002313&show_child_trait=false&size=500&page=1
pigmentation,PTCH1,MONDO_0005326; OBA_VT0002095,skin pigmentation; sunburn,broad; strict,broad; strict,2,2,2,Skin reflectance (Melanin index); Sunburns,GCST007086; GCST007739,30595370; 30895295,MONDO_0005326-page-000.json; OBA_VT0002095-page-001.json,strict + broad,True,36099290; 41452373,https://www.ebi.ac.uk/gwas/rest/api/v2/associations/36099290; https://www.ebi.ac.uk/gwas/rest/api/v2/associations/41452373,https://www.ebi.ac.uk/gwas/rest/api/v2/associations?efo_id=MONDO_0005326&show_child_trait=false&size=500&page=0; https://www.ebi.ac.uk/gwas/rest/api/v2/associations?efo_id=OBA_VT0002095&show_child_trait=false&size=500&page=1
pigmentation,PTPN14,EFO_0003924; OBA_0002313,hair color; strand of hair color,strict,strict,2,2,2,Cutaneous melanoma or hair colour; Hair color,GCST007082; GCST010302,30595370; 32341527,EFO_0003924-page-000.json; OBA_0002313-page-001.json,strict + broad,True,36095504; 61986531,https://www.ebi.ac.uk/gwas/rest/api/v2/associations/36095504; https://www.ebi.ac.uk/gwas/rest/api/v2/associations/61986531,https://www.ebi.ac.uk/gwas/rest/api/v2/associations?efo_id=EFO_0003924&show_child_trait=false&size=500&page=0; https://www.ebi.ac.uk/gwas/rest/api/v2/associations?efo_id=OBA_0002313&show_child_trait=false&size=500&page=1
pigmentation,RAB11FIP2,EFO_0003963; EFO_0004279; EFO_0009764; MONDO_0005326; OBA_0002313; OBA_2045282; OBA_VT0002095,eye colour measurement; facial pigmentation; freckles; skin pigmentation; strand of hair color; sunburn; suntan,broad; strict,broad; strict,10,8,6,"Facial pigmentation measurement (UV light); Facial pigmentation measurement (polar light); Freckles; Low tan response; Skin pigmentation; Skin reflectance; Skin, hair and eye pigmentation (multivariate analysis); Sunburns",GCST005897; GCST006091; GCST007086; GCST007451; GCST007452; GCST90002283; GCST90002284; GCST90246327,29739929; 29895819; 30595370; 30664655; 32835660; 36536295,EFO_0003963-page-000.json; EFO_0004279-page-000.json; EFO_0009764-page-000.json; MONDO_0005326-page-000.json; OBA_0002313-page-000.json; OBA_2045282-page-000.json; OBA_VT0002095-page-000.json; OBA_VT0002095-page-001.json,strict + broad,True,103607506; 30827823; 31658758; 31658769; 31658775; 36099300; 37790074; 37790423; 62410541; 62410585,https://www.ebi.ac.uk/gwas/rest/api/v2/associations/103607506; https://www.ebi.ac.uk/gwas/rest/api/v2/associations/30827823; https://www.ebi.ac.uk/gwas/rest/api/v2/associations/31658758; https://www.ebi.ac.uk/gwas/rest/api/v2/associations/31658769; https://www.ebi.ac.uk/gwas/rest/api/v2/associations/31658775; https://www.ebi.ac.uk/gwas/rest/api/v2/associations/36099300; https://www.ebi.ac.uk/gwas/rest/api/v2/associations/37790074; https://www.ebi.ac.uk/gwas/rest/api/v2/associations/37790423; https://www.ebi.ac.uk/gwas/rest/api/v2/associations/62410541; https://www.ebi.ac.uk/gwas/rest/api/v2/associations/62410585,https://www.ebi.ac.uk/gwas/rest/api/v2/associations?efo_id=EFO_0003963&show_child_trait=false&size=500&page=0; https://www.ebi.ac.uk/gwas/rest/api/v2/associations?efo_id=EFO_0004279&show_child_trait=false&size=500&page=0; https://www.ebi.ac.uk/gwas/rest/api/v2/associations?efo_id=EFO_0009764&show_child_trait=false&size=500&page=0; https://www.ebi.ac.uk/gwas/rest/api/v2/associations?efo_id=MONDO_0005326&show_child_trait=false&size=500&page=0; https://www.ebi.ac.uk/gwas/rest/api/v2/associations?efo_id=OBA_0002313&show_child_trait=false&size=500&page=0; https://www.ebi.ac.uk/gwas/rest/api/v2/associations?efo_id=OBA_2045282&show_child_trait=false&size=500&page=0; https://www.ebi.ac.uk/gwas/rest/api/v2/associations?efo_id=OBA_VT0002095&show_child_trait=false&size=500&page=0; https://www.ebi.ac.uk/gwas/rest/api/v2/associations?efo_id=OBA_VT0002095&show_child_trait=false&size=500&page=1
pigmentation,RAD51B,EFO_0003924; OBA_0002313,hair color; strand of hair color,strict,strict,2,2,2,Blond vs. brown/black hair color; Hair color,GCST006988; GCST007082,30531825; 30595370,EFO_0003924-page-000.json; OBA_0002313-page-000.json,strict + broad,True,35792464; 36096932,https://www.ebi.ac.uk/gwas/rest/api/v2/associations/35792464; https://www.ebi.ac.uk/gwas/rest/api/v2/associations/36096932,https://www.ebi.ac.uk/gwas/rest/api/v2/associations?efo_id=EFO_0003924&show_child_trait=false&size=500&page=0; https://www.ebi.ac.uk/gwas/rest/api/v2/associations?efo_id=OBA_0002313&show_child_trait=false&size=500&page=0
pigmentation,RALY,EFO_0003924; EFO_0004279; MONDO_0005326; MONDO_0005434; OBA_0002313; OBA_2045282; OBA_VT0002095,facial pigmentation; hair color; skin pigmentation; skin sensitivity to sun; strand of hair color; sunburn; suntan,broad; strict,broad; strict,8,8,7,Blond vs. brown/black hair color; Facial pigmentation; Hair color; Low tan response; Red vs. brown/black hair color; Skin reflectance; Skin sensitivity to sun; Sunburns,GCST002785; GCST002908; GCST005897; GCST006075; GCST006986; GCST006988; GCST007086; GCST90246327,25705849; 25963972; 29662168; 29739929; 30531825; 30595370; 36536295,EFO_0003924-page-000.json; EFO_0004279-page-000.json; MONDO_0005326-page-000.json; MONDO_0005434-page-000.json; OBA_0002313-page-001.json; OBA_2045282-page-000.json; OBA_VT0002095-page-000.json,strict + broad,True,10095409; 103607527; 14947129; 30548262; 30827847; 35792896; 36099488; 62419533,https://www.ebi.ac.uk/gwas/rest/api/v2/associations/10095409; https://www.ebi.ac.uk/gwas/rest/api/v2/associations/103607527; https://www.ebi.ac.uk/gwas/rest/api/v2/associations/14947129; https://www.ebi.ac.uk/gwas/rest/api/v2/associations/30548262; https://www.ebi.ac.uk/gwas/rest/api/v2/associations/30827847; https://www.ebi.ac.uk/gwas/rest/api/v2/associations/35792896; https://www.ebi.ac.uk/gwas/rest/api/v2/associations/36099488; https://www.ebi.ac.uk/gwas/rest/api/v2/associations/62419533,https://www.ebi.ac.uk/gwas/rest/api/v2/associations?efo_id=EFO_0003924&show_child_trait=false&size=500&page=0; https://www.ebi.ac.uk/gwas/rest/api/v2/associations?efo_id=EFO_0004279&show_child_trait=false&size=500&page=0; https://www.ebi.ac.uk/gwas/rest/api/v2/associations?efo_id=MONDO_0005326&show_child_trait=false&size=500&page=0; https://www.ebi.ac.uk/gwas/rest/api/v2/associations?efo_id=MONDO_0005434&show_child_trait=false&size=500&page=0; https://www.ebi.ac.uk/gwas/rest/api/v2/associations?efo_id=OBA_0002313&show_child_trait=false&size=500&page=1; https://www.ebi.ac.uk/gwas/rest/api/v2/associations?efo_id=OBA_2045282&show_child_trait=false&size=500&page=0; https://www.ebi.ac.uk/gwas/rest/api/v2/associations?efo_id=OBA_VT0002095&show_child_trait=false&size=500&page=0
pigmentation,RASA3,EFO_0003924; OBA_0002313,hair color; strand of hair color,strict,strict,2,2,2,Cutaneous melanoma or hair colour; Hair color,GCST007082; GCST010302,30595370; 32341527,EFO_0003924-page-000.json; OBA_0002313-page-000.json,strict + broad,True,36096906; 61986554,https://www.ebi.ac.uk/gwas/rest/api/v2/associations/36096906; https://www.ebi.ac.uk/gwas/rest/api/v2/associations/61986554,https://www.ebi.ac.uk/gwas/rest/api/v2/associations?efo_id=EFO_0003924&show_child_trait=false&size=500&page=0; https://www.ebi.ac.uk/gwas/rest/api/v2/associations?efo_id=OBA_0002313&show_child_trait=false&size=500&page=0
pigmentation,RN7SL720P,EFO_0003924; EFO_0004279; MONDO_0005326; OBA_0002313; OBA_2045282; OBA_VT0002095,facial pigmentation; hair color; skin pigmentation; strand of hair color; sunburn; suntan,broad; strict,broad; strict,9,9,7,Blond vs. brown/black hair color; Brown vs. black hair color; Facial pigmentation; Hair color; Low tan response; Skin color; Skin reflectance; Sunburns,GCST002785; GCST005897; GCST006075; GCST006988; GCST006989; GCST007082; GCST007086; GCST90246327; GCST90255690,25705849; 29662168; 29739929; 30531825; 30595370; 36536295; 36672889,EFO_0003924-page-000.json; EFO_0004279-page-000.json; MONDO_0005326-page-000.json; OBA_0002313-page-001.json; OBA_2045282-page-000.json; OBA_VT0002095-page-000.json,strict + broad,True,10095339; 103607501; 104181063; 30548196; 30827819; 35792328; 35793218; 36096346; 36099285,https://www.ebi.ac.uk/gwas/rest/api/v2/associations/10095339; https://www.ebi.ac.uk/gwas/rest/api/v2/associations/103607501; https://www.ebi.ac.uk/gwas/rest/api/v2/associations/104181063; https://www.ebi.ac.uk/gwas/rest/api/v2/associations/30548196; https://www.ebi.ac.uk/gwas/rest/api/v2/associations/30827819; https://www.ebi.ac.uk/gwas/rest/api/v2/associations/35792328; https://www.ebi.ac.uk/gwas/rest/api/v2/associations/35793218; https://www.ebi.ac.uk/gwas/rest/api/v2/associations/36096346; https://www.ebi.ac.uk/gwas/rest/api/v2/associations/36099285,https://www.ebi.ac.uk/gwas/rest/api/v2/associations?efo_id=EFO_0003924&show_child_trait=false&size=500&page=0; https://www.ebi.ac.uk/gwas/rest/api/v2/associations?efo_id=EFO_0004279&show_child_trait=false&size=500&page=0; https://www.ebi.ac.uk/gwas/rest/api/v2/associations?efo_id=MONDO_0005326&show_child_trait=false&size=500&page=0; https://www.ebi.ac.uk/gwas/rest/api/v2/associations?efo_id=OBA_0002313&show_child_trait=false&size=500&page=1; https://www.ebi.ac.uk/gwas/rest/api/v2/associations?efo_id=OBA_2045282&show_child_trait=false&size=500&page=0; https://www.ebi.ac.uk/gwas/rest/api/v2/associations?efo_id=OBA_VT0002095&show_child_trait=false&size=500&page=0
pigmentation,RNF166,EFO_0003924; EFO_0004279; MONDO_0005326,hair color; sunburn; suntan,broad; strict,broad; strict,3,3,3,Low tan response; Red vs. brown/black hair color; Sunburns,GCST005897; GCST007086; GCST90095478,29739929; 30595370; 34737440,EFO_0003924-page-000.json; EFO_0004279-page-000.json; MONDO_0005326-page-000.json,strict + broad,True,30828009; 36099418; 95175372,https://www.ebi.ac.uk/gwas/rest/api/v2/associations/30828009; https://www.ebi.ac.uk/gwas/rest/api/v2/associations/36099418; https://www.ebi.ac.uk/gwas/rest/api/v2/associations/95175372,https://www.ebi.ac.uk/gwas/rest/api/v2/associations?efo_id=EFO_0003924&show_child_trait=false&size=500&page=0; https://www.ebi.ac.uk/gwas/rest/api/v2/associations?efo_id=EFO_0004279&show_child_trait=false&size=500&page=0; https://www.ebi.ac.uk/gwas/rest/api/v2/associations?efo_id=MONDO_0005326&show_child_trait=false&size=500&page=0
pigmentation,RNF5P1,EFO_0003924; OBA_0002313,hair color; strand of hair color,strict,strict,2,2,2,Blond vs. brown/black hair color; Hair color,GCST006988; GCST007082,30531825; 30595370,EFO_0003924-page-000.json; OBA_0002313-page-001.json,strict + broad,True,35792715; 36096279,https://www.ebi.ac.uk/gwas/rest/api/v2/associations/35792715; https://www.ebi.ac.uk/gwas/rest/api/v2/associations/36096279,https://www.ebi.ac.uk/gwas/rest/api/v2/associations?efo_id=EFO_0003924&show_child_trait=false&size=500&page=0; https://www.ebi.ac.uk/gwas/rest/api/v2/associations?efo_id=OBA_0002313&show_child_trait=false&size=500&page=1
pigmentation,RNU1-117P,EFO_0003924; EFO_0004279; OBA_0002313; OBA_2045282,facial pigmentation; hair color; strand of hair color; suntan,broad; strict,broad; strict,15,13,9,Blond vs non-blond hair color; Blond vs. brown hair color; Blond vs. brown/black hair color; Brown vs. black hair color; Brown vs. non-brown hair color; Facial skin colour (CIELAB index L* value); Facial skin colour (CIELAB index b* value); Hair color; Light vs. dark hair color; Low tan response,GCST000118; GCST001932; GCST003021; GCST003022; GCST003023; GCST005897; GCST006075; GCST006988; GCST006989; GCST007082; GCST90020054; GCST90020056; GCST90095476,17952075; 23548203; 26184321; 29662168; 29739929; 30531825; 30595370; 34648798; 34737440,EFO_0003924-page-000.json; EFO_0003924-page-001.json; EFO_0004279-page-000.json; OBA_0002313-page-000.json; OBA_0002313-page-001.json; OBA_2045282-page-000.json,strict + broad,True,14882492; 14882735; 14882872; 30548224; 30827984; 34058; 35792264; 35792924; 35793328; 36096794; 36096799; 5942; 93018960; 93018988; 95175266,https://www.ebi.ac.uk/gwas/rest/api/v2/associations/14882492; https://www.ebi.ac.uk/gwas/rest/api/v2/associations/14882735; https://www.ebi.ac.uk/gwas/rest/api/v2/associations/14882872; https://www.ebi.ac.uk/gwas/rest/api/v2/associations/30548224; https://www.ebi.ac.uk/gwas/rest/api/v2/associations/30827984; https://www.ebi.ac.uk/gwas/rest/api/v2/associations/34058; https://www.ebi.ac.uk/gwas/rest/api/v2/associations/35792264; https://www.ebi.ac.uk/gwas/rest/api/v2/associations/35792924; https://www.ebi.ac.uk/gwas/rest/api/v2/associations/35793328; https://www.ebi.ac.uk/gwas/rest/api/v2/associations/36096794; https://www.ebi.ac.uk/gwas/rest/api/v2/associations/36096799; https://www.ebi.ac.uk/gwas/rest/api/v2/associations/5942; https://www.ebi.ac.uk/gwas/rest/api/v2/associations/93018960; https://www.ebi.ac.uk/gwas/rest/api/v2/associations/93018988; https://www.ebi.ac.uk/gwas/rest/api/v2/associations/95175266,https://www.ebi.ac.uk/gwas/rest/api/v2/associations?efo_id=EFO_0003924&show_child_trait=false&size=500&page=0; https://www.ebi.ac.uk/gwas/rest/api/v2/associations?efo_id=EFO_0003924&show_child_trait=false&size=500&page=1; https://www.ebi.ac.uk/gwas/rest/api/v2/associations?efo_id=EFO_0004279&show_child_trait=false&size=500&page=0; https://www.ebi.ac.uk/gwas/rest/api/v2/associations?efo_id=OBA_0002313&show_child_trait=false&size=500&page=0; https://www.ebi.ac.uk/gwas/rest/api/v2/associations?efo_id=OBA_0002313&show_child_trait=false&size=500&page=1; https://www.ebi.ac.uk/gwas/rest/api/v2/associations?efo_id=OBA_2045282&show_child_trait=false&size=500&page=0
pigmentation,RNU4-64P,EFO_0009764; OBA_2045282,eye colour measurement; facial pigmentation,strict,strict,2,2,2,Facial skin melanin; Iris color (a* coordinate),GCST007740; GCST90104590,30895295; 35313536,EFO_0009764-page-000.json; OBA_2045282-page-000.json,strict + broad,True,41451171; 97365686,https://www.ebi.ac.uk/gwas/rest/api/v2/associations/41451171; https://www.ebi.ac.uk/gwas/rest/api/v2/associations/97365686,https://www.ebi.ac.uk/gwas/rest/api/v2/associations?efo_id=EFO_0009764&show_child_trait=false&size=500&page=0; https://www.ebi.ac.uk/gwas/rest/api/v2/associations?efo_id=OBA_2045282&show_child_trait=false&size=500&page=0
pigmentation,RNU6-1313P,EFO_0003924; OBA_0002313,hair color; strand of hair color,strict,strict,3,2,2,Blond vs. brown/black hair color; Hair color,GCST006988; GCST007082,30531825; 30595370,EFO_0003924-page-000.json; OBA_0002313-page-000.json,strict + broad,True,35792332; 35792500; 36097292,https://www.ebi.ac.uk/gwas/rest/api/v2/associations/35792332; https://www.ebi.ac.uk/gwas/rest/api/v2/associations/35792500; https://www.ebi.ac.uk/gwas/rest/api/v2/associations/36097292,https://www.ebi.ac.uk/gwas/rest/api/v2/associations?efo_id=EFO_0003924&show_child_trait=false&size=500&page=0; https://www.ebi.ac.uk/gwas/rest/api/v2/associations?efo_id=OBA_0002313&show_child_trait=false&size=500&page=0
pigmentation,RNU6-211P,EFO_0003924; OBA_0002313,hair color; strand of hair color,strict,strict,2,2,2,Blond vs. brown/black hair color; Hair color,GCST006988; GCST007082,30531825; 30595370,EFO_0003924-page-000.json; OBA_0002313-page-001.json,strict + broad,True,35792380; 36095963,https://www.ebi.ac.uk/gwas/rest/api/v2/associations/35792380; https://www.ebi.ac.uk/gwas/rest/api/v2/associations/36095963,https://www.ebi.ac.uk/gwas/rest/api/v2/associations?efo_id=EFO_0003924&show_child_trait=false&size=500&page=0; https://www.ebi.ac.uk/gwas/rest/api/v2/associations?efo_id=OBA_0002313&show_child_trait=false&size=500&page=1
pigmentation,RNU6-366P,EFO_0003924; EFO_0003949; EFO_0004279; EFO_0009764; OBA_0002313,eye color; eye colour measurement; hair color; strand of hair color; suntan,broad; strict,broad; strict,26,17,13,"Black vs. blond hair color; Blond vs. brown hair color; Blond vs. brown/black hair color; Blue vs. green eyes; Eye color; Hair color; Hair colour (natural, before greying): Blonde (UKB data field 1747_1); Hair colour (natural, before greying): Dark brown (UKB data field 1747_4); Hair morphology traits; Low tan response; Retina colour",GCST000117; GCST000118; GCST000190; GCST000707; GCST000710; GCST001929; GCST001932; GCST005897; GCST006075; GCST006988; GCST007082; GCST007486; GCST012219; GCST90041836; GCST90041839; GCST90095476; GCST90939791,17952075; 18483556; 20585627; 23548203; 29662168; 29739929; 30166351; 30531825; 30595370; 33692100; 34737426; 34737440; 38728357,EFO_0003924-page-000.json; EFO_0003924-page-001.json; EFO_0003949-page-000.json; EFO_0004279-page-000.json; EFO_0009764-page-000.json; OBA_0002313-page-000.json; OBA_0002313-page-001.json,strict + broad,True,11640; 15589; 15591; 15596; 222644355; 30548244; 30827994; 34059; 34068; 34070; 35792783; 35792928; 36096956; 36096961; 41334591; 5943; 5944; 93413131; 93413137; 93413143; 93413976; 93413981; 93413986; 93413992; 95175276; 95284489,https://www.ebi.ac.uk/gwas/rest/api/v2/associations/11640; https://www.ebi.ac.uk/gwas/rest/api/v2/associations/15589; https://www.ebi.ac.uk/gwas/rest/api/v2/associations/15591; https://www.ebi.ac.uk/gwas/rest/api/v2/associations/15596; https://www.ebi.ac.uk/gwas/rest/api/v2/associations/222644355; https://www.ebi.ac.uk/gwas/rest/api/v2/associations/30548244; https://www.ebi.ac.uk/gwas/rest/api/v2/associations/30827994; https://www.ebi.ac.uk/gwas/rest/api/v2/associations/34059; https://www.ebi.ac.uk/gwas/rest/api/v2/associations/34068; https://www.ebi.ac.uk/gwas/rest/api/v2/associations/34070; https://www.ebi.ac.uk/gwas/rest/api/v2/associations/35792783; https://www.ebi.ac.uk/gwas/rest/api/v2/associations/35792928; https://www.ebi.ac.uk/gwas/rest/api/v2/associations/36096956; https://www.ebi.ac.uk/gwas/rest/api/v2/associations/36096961; https://www.ebi.ac.uk/gwas/rest/api/v2/associations/41334591; https://www.ebi.ac.uk/gwas/rest/api/v2/associations/5943; https://www.ebi.ac.uk/gwas/rest/api/v2/associations/5944; https://www.ebi.ac.uk/gwas/rest/api/v2/associations/93413131; https://www.ebi.ac.uk/gwas/rest/api/v2/associations/93413137; https://www.ebi.ac.uk/gwas/rest/api/v2/associations/93413143; https://www.ebi.ac.uk/gwas/rest/api/v2/associations/93413976; https://www.ebi.ac.uk/gwas/rest/api/v2/associations/93413981; https://www.ebi.ac.uk/gwas/rest/api/v2/associations/93413986; https://www.ebi.ac.uk/gwas/rest/api/v2/associations/93413992; https://www.ebi.ac.uk/gwas/rest/api/v2/associations/95175276; https://www.ebi.ac.uk/gwas/rest/api/v2/associations/95284489,https://www.ebi.ac.uk/gwas/rest/api/v2/associations?efo_id=EFO_0003924&show_child_trait=false&size=500&page=0; https://www.ebi.ac.uk/gwas/rest/api/v2/associations?efo_id=EFO_0003924&show_child_trait=false&size=500&page=1; https://www.ebi.ac.uk/gwas/rest/api/v2/associations?efo_id=EFO_0003949&show_child_trait=false&size=500&page=0; https://www.ebi.ac.uk/gwas/rest/api/v2/associations?efo_id=EFO_0004279&show_child_trait=false&size=500&page=0; https://www.ebi.ac.uk/gwas/rest/api/v2/associations?efo_id=EFO_0009764&show_child_trait=false&size=500&page=0; https://www.ebi.ac.uk/gwas/rest/api/v2/associations?efo_id=OBA_0002313&show_child_trait=false&size=500&page=0; https://www.ebi.ac.uk/gwas/rest/api/v2/associations?efo_id=OBA_0002313&show_child_trait=false&size=500&page=1
pigmentation,RNU6-440P,EFO_0003924; OBA_0002313,hair color; strand of hair color,strict,strict,2,2,2,Blond vs. brown/black hair color; Hair color,GCST006988; GCST007082,30531825; 30595370,EFO_0003924-page-000.json; OBA_0002313-page-001.json,strict + broad,True,35792488; 36095618,https://www.ebi.ac.uk/gwas/rest/api/v2/associations/35792488; https://www.ebi.ac.uk/gwas/rest/api/v2/associations/36095618,https://www.ebi.ac.uk/gwas/rest/api/v2/associations?efo_id=EFO_0003924&show_child_trait=false&size=500&page=0; https://www.ebi.ac.uk/gwas/rest/api/v2/associations?efo_id=OBA_0002313&show_child_trait=false&size=500&page=1
pigmentation,RNU6-921P,EFO_0003924; OBA_0002313,hair color; strand of hair color,strict,strict,3,3,3,Blond vs. brown/black hair color; Cutaneous melanoma or hair colour; Hair color,GCST006988; GCST007082; GCST010302,30531825; 30595370; 32341527,EFO_0003924-page-000.json; OBA_0002313-page-000.json,strict + broad,True,35792416; 36096937; 61986510,https://www.ebi.ac.uk/gwas/rest/api/v2/associations/35792416; https://www.ebi.ac.uk/gwas/rest/api/v2/associations/36096937; https://www.ebi.ac.uk/gwas/rest/api/v2/associations/61986510,https://www.ebi.ac.uk/gwas/rest/api/v2/associations?efo_id=EFO_0003924&show_child_trait=false&size=500&page=0; https://www.ebi.ac.uk/gwas/rest/api/v2/associations?efo_id=OBA_0002313&show_child_trait=false&size=500&page=0
pigmentation,RNU6-929P,EFO_0003924; EFO_0003949; OBA_0002313,eye color; hair color; strand of hair color,strict,strict,3,3,3,Blond vs. brown/black hair color; Hair color; Iris color (L* coordinate),GCST005094; GCST006988; GCST007082,29109912; 30531825; 30595370,EFO_0003924-page-000.json; EFO_0003949-page-000.json; OBA_0002313-page-000.json,strict + broad,True,24956213; 35792767; 36097496,https://www.ebi.ac.uk/gwas/rest/api/v2/associations/24956213; https://www.ebi.ac.uk/gwas/rest/api/v2/associations/35792767; https://www.ebi.ac.uk/gwas/rest/api/v2/associations/36097496,https://www.ebi.ac.uk/gwas/rest/api/v2/associations?efo_id=EFO_0003924&show_child_trait=false&size=500&page=0; https://www.ebi.ac.uk/gwas/rest/api/v2/associations?efo_id=EFO_0003949&show_child_trait=false&size=500&page=0; https://www.ebi.ac.uk/gwas/rest/api/v2/associations?efo_id=OBA_0002313&show_child_trait=false&size=500&page=0
pigmentation,RNU7-197P,EFO_0003924; OBA_0002313,hair color; strand of hair color,strict,strict,2,2,2,Blond vs. brown/black hair color; Hair color,GCST006988; GCST007082,30531825; 30595370,EFO_0003924-page-000.json; OBA_0002313-page-001.json,strict + broad,True,35792735; 36095880,https://www.ebi.ac.uk/gwas/rest/api/v2/associations/35792735; https://www.ebi.ac.uk/gwas/rest/api/v2/associations/36095880,https://www.ebi.ac.uk/gwas/rest/api/v2/associations?efo_id=EFO_0003924&show_child_trait=false&size=500&page=0; https://www.ebi.ac.uk/gwas/rest/api/v2/associations?efo_id=OBA_0002313&show_child_trait=false&size=500&page=1
pigmentation,RPL13,EFO_0003924; OBA_0002313,hair color; strand of hair color,strict,strict,3,3,3,Hair morphology traits; Red vs non-red hair color; Red vs. brown/black hair color,GCST007486; GCST90095478; GCST90255681,30166351; 34737440; 36672889,EFO_0003924-page-000.json; OBA_0002313-page-000.json,strict + broad,True,104178551; 41334531; 95175404,https://www.ebi.ac.uk/gwas/rest/api/v2/associations/104178551; https://www.ebi.ac.uk/gwas/rest/api/v2/associations/41334531; https://www.ebi.ac.uk/gwas/rest/api/v2/associations/95175404,https://www.ebi.ac.uk/gwas/rest/api/v2/associations?efo_id=EFO_0003924&show_child_trait=false&size=500&page=0; https://www.ebi.ac.uk/gwas/rest/api/v2/associations?efo_id=OBA_0002313&show_child_trait=false&size=500&page=0
pigmentation,RPL18AP17,EFO_0009764,eye colour measurement,strict,strict,2,2,2,Iris heterochromicity; Retina colour,GCST007742; GCST90939791,30895295; 38728357,EFO_0009764-page-000.json,strict + broad,True,222644341; 41452036,https://www.ebi.ac.uk/gwas/rest/api/v2/associations/222644341; https://www.ebi.ac.uk/gwas/rest/api/v2/associations/41452036,https://www.ebi.ac.uk/gwas/rest/api/v2/associations?efo_id=EFO_0009764&show_child_trait=false&size=500&page=0
pigmentation,RPL23AP68,OBA_0002313; OBA_VT0002095,skin pigmentation; strand of hair color,strict,strict,3,2,2,Hair color; Skin reflectance (Melanin index),GCST007082; GCST007739,30595370; 30895295,OBA_0002313-page-000.json; OBA_VT0002095-page-001.json,strict + broad,True,36096764; 36096769; 41452535,https://www.ebi.ac.uk/gwas/rest/api/v2/associations/36096764; https://www.ebi.ac.uk/gwas/rest/api/v2/associations/36096769; https://www.ebi.ac.uk/gwas/rest/api/v2/associations/41452535,https://www.ebi.ac.uk/gwas/rest/api/v2/associations?efo_id=OBA_0002313&show_child_trait=false&size=500&page=0; https://www.ebi.ac.uk/gwas/rest/api/v2/associations?efo_id=OBA_VT0002095&show_child_trait=false&size=500&page=1
pigmentation,RPL3,EFO_0003924; OBA_0002313,hair color; strand of hair color,strict,strict,2,2,2,Blond vs. brown/black hair color; Hair color,GCST006988; GCST007082,30531825; 30595370,EFO_0003924-page-000.json; OBA_0002313-page-000.json,strict + broad,True,35792520; 36097540,https://www.ebi.ac.uk/gwas/rest/api/v2/associations/35792520; https://www.ebi.ac.uk/gwas/rest/api/v2/associations/36097540,https://www.ebi.ac.uk/gwas/rest/api/v2/associations?efo_id=EFO_0003924&show_child_trait=false&size=500&page=0; https://www.ebi.ac.uk/gwas/rest/api/v2/associations?efo_id=OBA_0002313&show_child_trait=false&size=500&page=0
pigmentation,RPL34-DT,EFO_0003924; OBA_0002313,hair color; strand of hair color,strict,strict,4,2,2,Blond vs. brown/black hair color; Hair color,GCST006988; GCST007082,30531825; 30595370,EFO_0003924-page-000.json; OBA_0002313-page-001.json,strict + broad,True,35792320; 35792711; 36095860; 36095865,https://www.ebi.ac.uk/gwas/rest/api/v2/associations/35792320; https://www.ebi.ac.uk/gwas/rest/api/v2/associations/35792711; https://www.ebi.ac.uk/gwas/rest/api/v2/associations/36095860; https://www.ebi.ac.uk/gwas/rest/api/v2/associations/36095865,https://www.ebi.ac.uk/gwas/rest/api/v2/associations?efo_id=EFO_0003924&show_child_trait=false&size=500&page=0; https://www.ebi.ac.uk/gwas/rest/api/v2/associations?efo_id=OBA_0002313&show_child_trait=false&size=500&page=1
pigmentation,RPL6P14,EFO_0003924; OBA_0002313,hair color; strand of hair color,strict,strict,2,2,2,Blond vs. brown/black hair color; Hair color,GCST006988; GCST007082,30531825; 30595370,EFO_0003924-page-000.json; OBA_0002313-page-001.json,strict + broad,True,35792605; 36095841,https://www.ebi.ac.uk/gwas/rest/api/v2/associations/35792605; https://www.ebi.ac.uk/gwas/rest/api/v2/associations/36095841,https://www.ebi.ac.uk/gwas/rest/api/v2/associations?efo_id=EFO_0003924&show_child_trait=false&size=500&page=0; https://www.ebi.ac.uk/gwas/rest/api/v2/associations?efo_id=OBA_0002313&show_child_trait=false&size=500&page=1
pigmentation,RPL7AP79,EFO_0003924; OBA_0002313,hair color; strand of hair color,strict,strict,2,2,2,Blond vs. brown/black hair color; Hair color,GCST006988; GCST007082,30531825; 30595370,EFO_0003924-page-000.json; OBA_0002313-page-000.json,strict + broad,True,35792658; 36096533,https://www.ebi.ac.uk/gwas/rest/api/v2/associations/35792658; https://www.ebi.ac.uk/gwas/rest/api/v2/associations/36096533,https://www.ebi.ac.uk/gwas/rest/api/v2/associations?efo_id=EFO_0003924&show_child_trait=false&size=500&page=0; https://www.ebi.ac.uk/gwas/rest/api/v2/associations?efo_id=OBA_0002313&show_child_trait=false&size=500&page=0
pigmentation,RPS2P1,EFO_0003924; EFO_0003963; EFO_0004279; MONDO_0005326; MONDO_0005434; OBA_0002313,freckles; hair color; skin sensitivity to sun; strand of hair color; sunburn; suntan,broad; strict,broad; strict,6,6,3,Burning and freckling; Freckles; Hair color; Red vs. non-red hair color; Skin sensitivity to sun; Tanning,GCST000193; GCST000195; GCST000196; GCST000197; GCST001939; GCST007082,18488028; 23548203; 30595370,EFO_0003924-page-001.json; EFO_0003963-page-000.json; EFO_0004279-page-000.json; MONDO_0005326-page-000.json; MONDO_0005434-page-000.json; OBA_0002313-page-000.json,strict + broad,True,11223; 11224; 34063; 36097422; 6221; 6223,https://www.ebi.ac.uk/gwas/rest/api/v2/associations/11223; https://www.ebi.ac.uk/gwas/rest/api/v2/associations/11224; https://www.ebi.ac.uk/gwas/rest/api/v2/associations/34063; https://www.ebi.ac.uk/gwas/rest/api/v2/associations/36097422; https://www.ebi.ac.uk/gwas/rest/api/v2/associations/6221; https://www.ebi.ac.uk/gwas/rest/api/v2/associations/6223,https://www.ebi.ac.uk/gwas/rest/api/v2/associations?efo_id=EFO_0003924&show_child_trait=false&size=500&page=1; https://www.ebi.ac.uk/gwas/rest/api/v2/associations?efo_id=EFO_0003963&show_child_trait=false&size=500&page=0; https://www.ebi.ac.uk/gwas/rest/api/v2/associations?efo_id=EFO_0004279&show_child_trait=false&size=500&page=0; https://www.ebi.ac.uk/gwas/rest/api/v2/associations?efo_id=MONDO_0005326&show_child_trait=false&size=500&page=0; https://www.ebi.ac.uk/gwas/rest/api/v2/associations?efo_id=MONDO_0005434&show_child_trait=false&size=500&page=0; https://www.ebi.ac.uk/gwas/rest/api/v2/associations?efo_id=OBA_0002313&show_child_trait=false&size=500&page=0
pigmentation,RSPO2,EFO_0003924; OBA_0002313,hair color; strand of hair color,strict,strict,4,2,2,Blond vs. brown/black hair color; Hair color,GCST006988; GCST007082,30531825; 30595370,EFO_0003924-page-000.json; OBA_0002313-page-001.json,strict + broad,True,35792476; 35792876; 36096294; 36096299,https://www.ebi.ac.uk/gwas/rest/api/v2/associations/35792476; https://www.ebi.ac.uk/gwas/rest/api/v2/associations/35792876; https://www.ebi.ac.uk/gwas/rest/api/v2/associations/36096294; https://www.ebi.ac.uk/gwas/rest/api/v2/associations/36096299,https://www.ebi.ac.uk/gwas/rest/api/v2/associations?efo_id=EFO_0003924&show_child_trait=false&size=500&page=0; https://www.ebi.ac.uk/gwas/rest/api/v2/associations?efo_id=OBA_0002313&show_child_trait=false&size=500&page=1
pigmentation,SAMHD1,EFO_0004279; OBA_0002313,strand of hair color; suntan,broad; strict,broad; strict,2,2,2,Hair color; Low tan response,GCST005897; GCST007082,29739929; 30595370,EFO_0004279-page-000.json; OBA_0002313-page-000.json,strict + broad,True,30828164; 36097456,https://www.ebi.ac.uk/gwas/rest/api/v2/associations/30828164; https://www.ebi.ac.uk/gwas/rest/api/v2/associations/36097456,https://www.ebi.ac.uk/gwas/rest/api/v2/associations?efo_id=EFO_0004279&show_child_trait=false&size=500&page=0; https://www.ebi.ac.uk/gwas/rest/api/v2/associations?efo_id=OBA_0002313&show_child_trait=false&size=500&page=0
pigmentation,SAMMSON,EFO_0003924; OBA_0002313,hair color; strand of hair color,strict,strict,2,2,2,"Cutaneous melanoma or hair colour; Hair colour (natural, before greying): Dark brown (UKB data field 1747_4)",GCST010302; GCST90041839,32341527; 34737426,EFO_0003924-page-000.json; OBA_0002313-page-000.json,strict + broad,True,61986484; 93413900,https://www.ebi.ac.uk/gwas/rest/api/v2/associations/61986484; https://www.ebi.ac.uk/gwas/rest/api/v2/associations/93413900,https://www.ebi.ac.uk/gwas/rest/api/v2/associations?efo_id=EFO_0003924&show_child_trait=false&size=500&page=0; https://www.ebi.ac.uk/gwas/rest/api/v2/associations?efo_id=OBA_0002313&show_child_trait=false&size=500&page=0
pigmentation,SCARB1,OBA_0002313; OBA_2045282,facial pigmentation; strand of hair color,strict,strict,2,2,2,Facial skin colour (CIELAB index b* value); Hair color,GCST007082; GCST90020056,30595370; 34648798,OBA_0002313-page-000.json; OBA_2045282-page-000.json,strict + broad,True,36096848; 93018982,https://www.ebi.ac.uk/gwas/rest/api/v2/associations/36096848; https://www.ebi.ac.uk/gwas/rest/api/v2/associations/93018982,https://www.ebi.ac.uk/gwas/rest/api/v2/associations?efo_id=OBA_0002313&show_child_trait=false&size=500&page=0; https://www.ebi.ac.uk/gwas/rest/api/v2/associations?efo_id=OBA_2045282&show_child_trait=false&size=500&page=0
pigmentation,SEMA6D,EFO_0003924; OBA_0002313; OBA_VT0002095,hair color; skin pigmentation; strand of hair color,strict,strict,3,3,3,Hair greying; Red vs non-red hair color; Skin reflectance (Melanin index),GCST003478; GCST007739; GCST90255681,26926045; 30895295; 36672889,EFO_0003924-page-000.json; OBA_0002313-page-001.json; OBA_VT0002095-page-001.json,strict + broad,True,104178403; 16544472; 41452510,https://www.ebi.ac.uk/gwas/rest/api/v2/associations/104178403; https://www.ebi.ac.uk/gwas/rest/api/v2/associations/16544472; https://www.ebi.ac.uk/gwas/rest/api/v2/associations/41452510,https://www.ebi.ac.uk/gwas/rest/api/v2/associations?efo_id=EFO_0003924&show_child_trait=false&size=500&page=0; https://www.ebi.ac.uk/gwas/rest/api/v2/associations?efo_id=OBA_0002313&show_child_trait=false&size=500&page=1; https://www.ebi.ac.uk/gwas/rest/api/v2/associations?efo_id=OBA_VT0002095&show_child_trait=false&size=500&page=1
pigmentation,SGIP1,EFO_0004279; MONDO_0005326,sunburn; suntan,broad,broad,2,2,2,Low tan response; Sunburns,GCST005897; GCST007086,29739929; 30595370,EFO_0004279-page-000.json; MONDO_0005326-page-000.json,strict + broad,True,30827795; 36099099,https://www.ebi.ac.uk/gwas/rest/api/v2/associations/30827795; https://www.ebi.ac.uk/gwas/rest/api/v2/associations/36099099,https://www.ebi.ac.uk/gwas/rest/api/v2/associations?efo_id=EFO_0004279&show_child_trait=false&size=500&page=0; https://www.ebi.ac.uk/gwas/rest/api/v2/associations?efo_id=MONDO_0005326&show_child_trait=false&size=500&page=0
pigmentation,SGK1,EFO_0003924; OBA_0002313,hair color; strand of hair color,strict,strict,2,2,2,Blond vs. brown/black hair color; Hair color,GCST006988; GCST007082,30531825; 30595370,EFO_0003924-page-000.json; OBA_0002313-page-001.json,strict + broad,True,35792589; 36096125,https://www.ebi.ac.uk/gwas/rest/api/v2/associations/35792589; https://www.ebi.ac.uk/gwas/rest/api/v2/associations/36096125,https://www.ebi.ac.uk/gwas/rest/api/v2/associations?efo_id=EFO_0003924&show_child_trait=false&size=500&page=0; https://www.ebi.ac.uk/gwas/rest/api/v2/associations?efo_id=OBA_0002313&show_child_trait=false&size=500&page=1
pigmentation,SH3GL3,EFO_0003924; OBA_0002313,hair color; strand of hair color,strict,strict,2,2,2,Blond vs. brown/black hair color; Hair color,GCST006988; GCST007082,30531825; 30595370,EFO_0003924-page-000.json; OBA_0002313-page-000.json,strict + broad,True,35792686; 36097109,https://www.ebi.ac.uk/gwas/rest/api/v2/associations/35792686; https://www.ebi.ac.uk/gwas/rest/api/v2/associations/36097109,https://www.ebi.ac.uk/gwas/rest/api/v2/associations?efo_id=EFO_0003924&show_child_trait=false&size=500&page=0; https://www.ebi.ac.uk/gwas/rest/api/v2/associations?efo_id=OBA_0002313&show_child_trait=false&size=500&page=0
pigmentation,SHC4,EFO_0009764; OBA_0002313,eye colour measurement; strand of hair color,strict,strict,2,2,2,Hair color; Iris color (b* coordinate),GCST007082; GCST007741,30595370; 30895295,EFO_0009764-page-000.json; OBA_0002313-page-000.json,strict + broad,True,36097089; 41451507,https://www.ebi.ac.uk/gwas/rest/api/v2/associations/36097089; https://www.ebi.ac.uk/gwas/rest/api/v2/associations/41451507,https://www.ebi.ac.uk/gwas/rest/api/v2/associations?efo_id=EFO_0009764&show_child_trait=false&size=500&page=0; https://www.ebi.ac.uk/gwas/rest/api/v2/associations?efo_id=OBA_0002313&show_child_trait=false&size=500&page=0
pigmentation,SIK1,EFO_0003924; EFO_0003949; OBA_0002313,eye color; hair color; strand of hair color,strict,strict,4,4,3,Blond vs. brown/black hair color; Eye color; Hair color; Red vs. brown/black hair color,GCST006986; GCST006988; GCST007082; GCST012219,30531825; 30595370; 33692100,EFO_0003924-page-000.json; EFO_0003949-page-000.json; OBA_0002313-page-000.json,strict + broad,True,35792637; 36097515; 62419507; 95284557,https://www.ebi.ac.uk/gwas/rest/api/v2/associations/35792637; https://www.ebi.ac.uk/gwas/rest/api/v2/associations/36097515; https://www.ebi.ac.uk/gwas/rest/api/v2/associations/62419507; https://www.ebi.ac.uk/gwas/rest/api/v2/associations/95284557,https://www.ebi.ac.uk/gwas/rest/api/v2/associations?efo_id=EFO_0003924&show_child_trait=false&size=500&page=0; https://www.ebi.ac.uk/gwas/rest/api/v2/associations?efo_id=EFO_0003949&show_child_trait=false&size=500&page=0; https://www.ebi.ac.uk/gwas/rest/api/v2/associations?efo_id=OBA_0002313&show_child_trait=false&size=500&page=0
pigmentation,SLA2,EFO_0004279; OBA_0002313,strand of hair color; suntan,broad; strict,broad; strict,2,2,2,Hair color; Low tan response,GCST005897; GCST007082,29739929; 30595370,EFO_0004279-page-000.json; OBA_0002313-page-000.json,strict + broad,True,30828154; 36097451,https://www.ebi.ac.uk/gwas/rest/api/v2/associations/30828154; https://www.ebi.ac.uk/gwas/rest/api/v2/associations/36097451,https://www.ebi.ac.uk/gwas/rest/api/v2/associations?efo_id=EFO_0004279&show_child_trait=false&size=500&page=0; https://www.ebi.ac.uk/gwas/rest/api/v2/associations?efo_id=OBA_0002313&show_child_trait=false&size=500&page=0
pigmentation,SLC12A1,OBA_VT0002095,skin pigmentation,strict,strict,16,4,2,Skin color in blue band; Skin color in green band; Skin color in red band; Skin reflectance (Melanin index),GCST007739; GCST90854270; GCST90854271; GCST90854272,30895295; 42586059,OBA_VT0002095-page-000.json; OBA_VT0002095-page-001.json,strict + broad,True,223072137; 223072145; 223072210; 223072220; 223072250; 223072260; 223072299; 223072307; 223072364; 223072381; 223072403; 223072486; 223072494; 223072619; 223072628; 41452506,https://www.ebi.ac.uk/gwas/rest/api/v2/associations/223072137; https://www.ebi.ac.uk/gwas/rest/api/v2/associations/223072145; https://www.ebi.ac.uk/gwas/rest/api/v2/associations/223072210; https://www.ebi.ac.uk/gwas/rest/api/v2/associations/223072220; https://www.ebi.ac.uk/gwas/rest/api/v2/associations/223072250; https://www.ebi.ac.uk/gwas/rest/api/v2/associations/223072260; https://www.ebi.ac.uk/gwas/rest/api/v2/associations/223072299; https://www.ebi.ac.uk/gwas/rest/api/v2/associations/223072307; https://www.ebi.ac.uk/gwas/rest/api/v2/associations/223072364; https://www.ebi.ac.uk/gwas/rest/api/v2/associations/223072381; https://www.ebi.ac.uk/gwas/rest/api/v2/associations/223072403; https://www.ebi.ac.uk/gwas/rest/api/v2/associations/223072486; https://www.ebi.ac.uk/gwas/rest/api/v2/associations/223072494; https://www.ebi.ac.uk/gwas/rest/api/v2/associations/223072619; https://www.ebi.ac.uk/gwas/rest/api/v2/associations/223072628; https://www.ebi.ac.uk/gwas/rest/api/v2/associations/41452506,https://www.ebi.ac.uk/gwas/rest/api/v2/associations?efo_id=OBA_VT0002095&show_child_trait=false&size=500&page=0; https://www.ebi.ac.uk/gwas/rest/api/v2/associations?efo_id=OBA_VT0002095&show_child_trait=false&size=500&page=1
pigmentation,SLC12A9,EFO_0003924; EFO_0003949; OBA_0002313,eye color; hair color; strand of hair color,strict,strict,6,5,4,"Blond vs. brown/black hair color; Eye color; Hair color; Hair colour (natural, before greying): Blonde (UKB data field 1747_1); Hair colour (natural, before greying): Dark brown (UKB data field 1747_4)",GCST006988; GCST007082; GCST012219; GCST90041836; GCST90041839,30531825; 30595370; 33692100; 34737426,EFO_0003924-page-000.json; EFO_0003949-page-000.json; OBA_0002313-page-000.json; OBA_0002313-page-001.json,strict + broad,True,35792682; 35792933; 36096228; 93413080; 93413954; 95284533,https://www.ebi.ac.uk/gwas/rest/api/v2/associations/35792682; https://www.ebi.ac.uk/gwas/rest/api/v2/associations/35792933; https://www.ebi.ac.uk/gwas/rest/api/v2/associations/36096228; https://www.ebi.ac.uk/gwas/rest/api/v2/associations/93413080; https://www.ebi.ac.uk/gwas/rest/api/v2/associations/93413954; https://www.ebi.ac.uk/gwas/rest/api/v2/associations/95284533,https://www.ebi.ac.uk/gwas/rest/api/v2/associations?efo_id=EFO_0003924&show_child_trait=false&size=500&page=0; https://www.ebi.ac.uk/gwas/rest/api/v2/associations?efo_id=EFO_0003949&show_child_trait=false&size=500&page=0; https://www.ebi.ac.uk/gwas/rest/api/v2/associations?efo_id=OBA_0002313&show_child_trait=false&size=500&page=0; https://www.ebi.ac.uk/gwas/rest/api/v2/associations?efo_id=OBA_0002313&show_child_trait=false&size=500&page=1
pigmentation,SLC24A4,EFO_0003924; EFO_0003949; EFO_0004279; EFO_0009764; OBA_0002313,eye color; eye colour measurement; hair color; strand of hair color; suntan,broad; strict,broad; strict,34,22,15,"Black vs. blond hair color; Blond vs non-blond hair color; Blond vs. brown hair color; Blond vs. brown/black hair color; Blue vs. green eyes; Brown vs. black hair color; Brown vs. non-brown hair color; Cutaneous melanoma or hair colour; Eye color; Hair color; Hair colour (natural, before greying): Blonde (UKB data field 1747_1); Hair colour (natural, before greying): Dark brown (UKB data field 1747_4); Hair morphology traits; Light vs. dark hair color; Low tan response; Retina colour",GCST000117; GCST000118; GCST000190; GCST000707; GCST000710; GCST001929; GCST001932; GCST003021; GCST003022; GCST003023; GCST005897; GCST006075; GCST006988; GCST006989; GCST007082; GCST007486; GCST010302; GCST012219; GCST90041836; GCST90041839; GCST90095476; GCST90939791,17952075; 18483556; 20585627; 23548203; 26184321; 29662168; 29739929; 30166351; 30531825; 30595370; 32341527; 33692100; 34737426; 34737440; 38728357,EFO_0003924-page-000.json; EFO_0003924-page-001.json; EFO_0003949-page-000.json; EFO_0004279-page-000.json; EFO_0009764-page-000.json; OBA_0002313-page-000.json; OBA_0002313-page-001.json,strict + broad,True,11640; 14882493; 14882736; 14882873; 15589; 15591; 15596; 222644355; 30548244; 30827994; 34059; 34068; 34070; 35792581; 35792633; 35792928; 35793333; 36096961; 36096966; 36096971; 36096975; 41334591; 5943; 5944; 61986433; 93413131; 93413137; 93413143; 93413149; 93413981; 93413986; 93413992; 95175276; 95284489,https://www.ebi.ac.uk/gwas/rest/api/v2/associations/11640; https://www.ebi.ac.uk/gwas/rest/api/v2/associations/14882493; https://www.ebi.ac.uk/gwas/rest/api/v2/associations/14882736; https://www.ebi.ac.uk/gwas/rest/api/v2/associations/14882873; https://www.ebi.ac.uk/gwas/rest/api/v2/associations/15589; https://www.ebi.ac.uk/gwas/rest/api/v2/associations/15591; https://www.ebi.ac.uk/gwas/rest/api/v2/associations/15596; https://www.ebi.ac.uk/gwas/rest/api/v2/associations/222644355; https://www.ebi.ac.uk/gwas/rest/api/v2/associations/30548244; https://www.ebi.ac.uk/gwas/rest/api/v2/associations/30827994; https://www.ebi.ac.uk/gwas/rest/api/v2/associations/34059; https://www.ebi.ac.uk/gwas/rest/api/v2/associations/34068; https://www.ebi.ac.uk/gwas/rest/api/v2/associations/34070; https://www.ebi.ac.uk/gwas/rest/api/v2/associations/35792581; https://www.ebi.ac.uk/gwas/rest/api/v2/associations/35792633; https://www.ebi.ac.uk/gwas/rest/api/v2/associations/35792928; https://www.ebi.ac.uk/gwas/rest/api/v2/associations/35793333; https://www.ebi.ac.uk/gwas/rest/api/v2/associations/36096961; https://www.ebi.ac.uk/gwas/rest/api/v2/associations/36096966; https://www.ebi.ac.uk/gwas/rest/api/v2/associations/36096971; https://www.ebi.ac.uk/gwas/rest/api/v2/associations/36096975; https://www.ebi.ac.uk/gwas/rest/api/v2/associations/41334591; https://www.ebi.ac.uk/gwas/rest/api/v2/associations/5943; https://www.ebi.ac.uk/gwas/rest/api/v2/associations/5944; https://www.ebi.ac.uk/gwas/rest/api/v2/associations/61986433; https://www.ebi.ac.uk/gwas/rest/api/v2/associations/93413131; https://www.ebi.ac.uk/gwas/rest/api/v2/associations/93413137; https://www.ebi.ac.uk/gwas/rest/api/v2/associations/93413143; https://www.ebi.ac.uk/gwas/rest/api/v2/associations/93413149; https://www.ebi.ac.uk/gwas/rest/api/v2/associations/93413981; https://www.ebi.ac.uk/gwas/rest/api/v2/associations/93413986; https://www.ebi.ac.uk/gwas/rest/api/v2/associations/93413992; https://www.ebi.ac.uk/gwas/rest/api/v2/associations/95175276; https://www.ebi.ac.uk/gwas/rest/api/v2/associations/95284489,https://www.ebi.ac.uk/gwas/rest/api/v2/associations?efo_id=EFO_0003924&show_child_trait=false&size=500&page=0; https://www.ebi.ac.uk/gwas/rest/api/v2/associations?efo_id=EFO_0003924&show_child_trait=false&size=500&page=1; https://www.ebi.ac.uk/gwas/rest/api/v2/associations?efo_id=EFO_0003949&show_child_trait=false&size=500&page=0; https://www.ebi.ac.uk/gwas/rest/api/v2/associations?efo_id=EFO_0004279&show_child_trait=false&size=500&page=0; https://www.ebi.ac.uk/gwas/rest/api/v2/associations?efo_id=EFO_0009764&show_child_trait=false&size=500&page=0; https://www.ebi.ac.uk/gwas/rest/api/v2/associations?efo_id=OBA_0002313&show_child_trait=false&size=500&page=0; https://www.ebi.ac.uk/gwas/rest/api/v2/associations?efo_id=OBA_0002313&show_child_trait=false&size=500&page=1
pigmentation,SLC24A5,EFO_0003924; EFO_0003949; EFO_0009764; OBA_0002313; OBA_VT0002095,eye color; eye colour measurement; hair color; skin pigmentation; strand of hair color,strict,strict,44,24,12,"Cutaneous melanoma or hair colour; Eye color; Eye color (brightness); Eye color (saturation); Hair color; Hair colour (natural, before greying): Black (UKB data field 1747_5); Hair colour (natural, before greying): Blonde (UKB data field 1747_1); Hair colour (natural, before greying): Dark brown (UKB data field 1747_4); Iris color (a* coordinate); Iris color (b* coordinate); Skin color in blue band; Skin color in green band; Skin color in red band; Skin pigmentation; Skin reflectance (Melanin index); Skin, hair and eye pigmentation (multivariate analysis)",GCST003479; GCST005188; GCST007082; GCST007451; GCST007452; GCST007453; GCST007454; GCST007455; GCST007457; GCST007739; GCST007740; GCST007741; GCST008518; GCST008519; GCST010302; GCST011355; GCST012219; GCST90041836; GCST90041839; GCST90041840; GCST90100219; GCST90854270; GCST90854271; GCST90854272,26926045; 29195075; 30595370; 30664655; 30895295; 31315583; 32341527; 33600456; 33692100; 34570997; 34737426; 42586059,EFO_0003924-page-000.json; EFO_0003949-page-000.json; EFO_0009764-page-000.json; OBA_0002313-page-000.json; OBA_0002313-page-001.json; OBA_VT0002095-page-000.json; OBA_VT0002095-page-001.json,strict + broad,True,16544585; 223072150; 223072155; 223072165; 223072170; 223072180; 223072200; 223072215; 223072311; 223072316; 223072324; 223072332; 223072344; 223072360; 223072368; 223072502; 223072506; 223072514; 223072523; 223072560; 223072655; 223072659; 27275220; 27275252; 36097084; 37790106; 37790214; 37790253; 37790290; 37790323; 37790451; 41451247; 41451502; 41452461; 41452493; 47462287; 47687928; 61986583; 77845307; 93413248; 93414110; 93414340; 95284549; 95937934,https://www.ebi.ac.uk/gwas/rest/api/v2/associations/16544585; https://www.ebi.ac.uk/gwas/rest/api/v2/associations/223072150; https://www.ebi.ac.uk/gwas/rest/api/v2/associations/223072155; https://www.ebi.ac.uk/gwas/rest/api/v2/associations/223072165; https://www.ebi.ac.uk/gwas/rest/api/v2/associations/223072170; https://www.ebi.ac.uk/gwas/rest/api/v2/associations/223072180; https://www.ebi.ac.uk/gwas/rest/api/v2/associations/223072200; https://www.ebi.ac.uk/gwas/rest/api/v2/associations/223072215; https://www.ebi.ac.uk/gwas/rest/api/v2/associations/223072311; https://www.ebi.ac.uk/gwas/rest/api/v2/associations/223072316; https://www.ebi.ac.uk/gwas/rest/api/v2/associations/223072324; https://www.ebi.ac.uk/gwas/rest/api/v2/associations/223072332; https://www.ebi.ac.uk/gwas/rest/api/v2/associations/223072344; https://www.ebi.ac.uk/gwas/rest/api/v2/associations/223072360; https://www.ebi.ac.uk/gwas/rest/api/v2/associations/223072368; https://www.ebi.ac.uk/gwas/rest/api/v2/associations/223072502; https://www.ebi.ac.uk/gwas/rest/api/v2/associations/223072506; https://www.ebi.ac.uk/gwas/rest/api/v2/associations/223072514; https://www.ebi.ac.uk/gwas/rest/api/v2/associations/223072523; https://www.ebi.ac.uk/gwas/rest/api/v2/associations/223072560; https://www.ebi.ac.uk/gwas/rest/api/v2/associations/223072655; https://www.ebi.ac.uk/gwas/rest/api/v2/associations/223072659; https://www.ebi.ac.uk/gwas/rest/api/v2/associations/27275220; https://www.ebi.ac.uk/gwas/rest/api/v2/associations/27275252; https://www.ebi.ac.uk/gwas/rest/api/v2/associations/36097084; https://www.ebi.ac.uk/gwas/rest/api/v2/associations/37790106; https://www.ebi.ac.uk/gwas/rest/api/v2/associations/37790214; https://www.ebi.ac.uk/gwas/rest/api/v2/associations/37790253; https://www.ebi.ac.uk/gwas/rest/api/v2/associations/37790290; https://www.ebi.ac.uk/gwas/rest/api/v2/associations/37790323; https://www.ebi.ac.uk/gwas/rest/api/v2/associations/37790451; https://www.ebi.ac.uk/gwas/rest/api/v2/associations/41451247; https://www.ebi.ac.uk/gwas/rest/api/v2/associations/41451502; https://www.ebi.ac.uk/gwas/rest/api/v2/associations/41452461; https://www.ebi.ac.uk/gwas/rest/api/v2/associations/41452493; https://www.ebi.ac.uk/gwas/rest/api/v2/associations/47462287; https://www.ebi.ac.uk/gwas/rest/api/v2/associations/47687928; https://www.ebi.ac.uk/gwas/rest/api/v2/associations/61986583; https://www.ebi.ac.uk/gwas/rest/api/v2/associations/77845307; https://www.ebi.ac.uk/gwas/rest/api/v2/associations/93413248; https://www.ebi.ac.uk/gwas/rest/api/v2/associations/93414110; https://www.ebi.ac.uk/gwas/rest/api/v2/associations/93414340; https://www.ebi.ac.uk/gwas/rest/api/v2/associations/95284549; https://www.ebi.ac.uk/gwas/rest/api/v2/associations/95937934,https://www.ebi.ac.uk/gwas/rest/api/v2/associations?efo_id=EFO_0003924&show_child_trait=false&size=500&page=0; https://www.ebi.ac.uk/gwas/rest/api/v2/associations?efo_id=EFO_0003949&show_child_trait=false&size=500&page=0; https://www.ebi.ac.uk/gwas/rest/api/v2/associations?efo_id=EFO_0009764&show_child_trait=false&size=500&page=0; https://www.ebi.ac.uk/gwas/rest/api/v2/associations?efo_id=OBA_0002313&show_child_trait=false&size=500&page=0; https://www.ebi.ac.uk/gwas/rest/api/v2/associations?efo_id=OBA_0002313&show_child_trait=false&size=500&page=1; https://www.ebi.ac.uk/gwas/rest/api/v2/associations?efo_id=OBA_VT0002095&show_child_trait=false&size=500&page=0; https://www.ebi.ac.uk/gwas/rest/api/v2/associations?efo_id=OBA_VT0002095&show_child_trait=false&size=500&page=1
pigmentation,SLC38A2,EFO_0003924; OBA_0002313,hair color; strand of hair color,strict,strict,2,2,2,Blond vs. brown/black hair color; Hair color,GCST006988; GCST007082,30531825; 30595370,EFO_0003924-page-000.json; OBA_0002313-page-000.json,strict + broad,True,35792560; 36096705,https://www.ebi.ac.uk/gwas/rest/api/v2/associations/35792560; https://www.ebi.ac.uk/gwas/rest/api/v2/associations/36096705,https://www.ebi.ac.uk/gwas/rest/api/v2/associations?efo_id=EFO_0003924&show_child_trait=false&size=500&page=0; https://www.ebi.ac.uk/gwas/rest/api/v2/associations?efo_id=OBA_0002313&show_child_trait=false&size=500&page=0
pigmentation,SLC45A2,EFO_0003924; EFO_0003949; EFO_0003963; EFO_0004279; EFO_0009764; MONDO_0005326; MONDO_0005434; OBA_0002313; OBA_VT0002095,eye color; eye colour measurement; freckles; hair color; skin pigmentation; skin sensitivity to sun; strand of hair color; sunburn; suntan,broad; strict,broad; strict,139,44,21,"Black vs. blond hair color; Black vs. non-black hair color; Black vs. red hair color; Blond vs. brown/black hair color; Brown vs. black hair color; Cutaneous melanoma or hair colour; Ease of skin tanning; Ease of sunburn; Eye color; Eye color (brightness); Eye color (saturation); Eye color traits; Freckles; Hair color; Hair colour (natural, before greying): Black (UKB data field 1747_5); Hair colour (natural, before greying): Blonde (UKB data field 1747_1); Hair colour (natural, before greying): Dark brown (UKB data field 1747_4); Hair morphology traits; Low tan response; Retina colour; Skin color; Skin color (Fitzpatrick scale); Skin phototype score; Skin pigmentation; Skin pigmentation traits; Skin reflectance; Skin reflectance (Melanin index); Skin sensitivity to sun; Skin, hair and eye pigmentation (multivariate analysis); Sunburns; Tanning",GCST000190; GCST000191; GCST000371; GCST000707; GCST000710; GCST002908; GCST003019; GCST003479; GCST005897; GCST006075; GCST006988; GCST006989; GCST007082; GCST007086; GCST007451; GCST007452; GCST007453; GCST007454; GCST007455; GCST007457; GCST007486; GCST007488; GCST007489; GCST008518; GCST008519; GCST010302; GCST011355; GCST012219; GCST90041836; GCST90041839; GCST90041840; GCST90095476; GCST90095477; GCST90246327; GCST90255682; GCST90255683; GCST90255684; GCST90255685; GCST90255686; GCST90255687; GCST90255688; GCST90255689; GCST90255690; GCST90939791,18483556; 19340012; 20585627; 25963972; 26184321; 26926045; 29662168; 29739929; 30166351; 30531825; 30595370; 30664655; 31315583; 32341527; 33600456; 33692100; 34737426; 34737440; 36536295; 36672889; 38728357,EFO_0003924-page-000.json; EFO_0003924-page-001.json; EFO_0003949-page-000.json; EFO_0003963-page-000.json; EFO_0004279-page-000.json; EFO_0009764-page-000.json; MONDO_0005326-page-000.json; MONDO_0005434-page-000.json; OBA_0002313-page-000.json; OBA_0002313-page-001.json; OBA_VT0002095-page-000.json; OBA_VT0002095-page-001.json,strict + broad,True,103607481; 104178681; 104178747; 104178764; 104178801; 104178812; 104178818; 104178830; 104178842; 104179093; 104179206; 104179453; 104179463; 104179487; 104179509; 104179535; 104179540; 104179580; 104179585; 104179590; 104179602; 104179608; 104179614; 104179661; 104179687; 104179709; 104179715; 104179735; 104179740; 104179745; 104179751; 104179761; 104179767; 104179827; 104179833; 104179839; 104179915; 104179921; 104179968; 104179995; 104180036; 104180047; 104180121; 104180126; 104180131; 104180136; 104180141; 104180153; 104180191; 104180239; 104180250; 104180275; 104180281; 104180314; 104180405; 104180410; 104180476; 104180501; 104180521; 104180561; 104180571; 104180601; 104180636; 104180641; 104180646; 104180656; 104180681; 104180716; 104180731; 104180736; 104180761; 104180824; 104180829; 104180865; 104180870; 104180906; 104180921; 104180952; 104180962; 104181013; 104181018; 104181023; 104181028; 104181033; 104181038; 104181058; 104181073; 104181084; 104181089; 104181104; 104181109; 12863; 14883049; 14947132; 15574; 15593; 15612; 16544514; 222644287; 30548177; 30827799; 35792220; 35792973; 35792977; 35793166; 36095895; 36099180; 37790066; 37790189; 37790229; 37790266; 37790295; 37790415; 41334192; 41334212; 41334284; 41334382; 41334397; 41334417; 41334442; 41334461; 41334481; 41334491; 41334516; 41334561; 41334602; 47462259; 47462263; 47687909; 6178; 61986415; 6205; 77845284; 93413027; 93413910; 93414271; 95175250; 95175339; 95284465,https://www.ebi.ac.uk/gwas/rest/api/v2/associations/103607481; https://www.ebi.ac.uk/gwas/rest/api/v2/associations/104178681; https://www.ebi.ac.uk/gwas/rest/api/v2/associations/104178747; https://www.ebi.ac.uk/gwas/rest/api/v2/associations/104178764; https://www.ebi.ac.uk/gwas/rest/api/v2/associations/104178801; https://www.ebi.ac.uk/gwas/rest/api/v2/associations/104178812; https://www.ebi.ac.uk/gwas/rest/api/v2/associations/104178818; https://www.ebi.ac.uk/gwas/rest/api/v2/associations/104178830; https://www.ebi.ac.uk/gwas/rest/api/v2/associations/104178842; https://www.ebi.ac.uk/gwas/rest/api/v2/associations/104179093; https://www.ebi.ac.uk/gwas/rest/api/v2/associations/104179206; https://www.ebi.ac.uk/gwas/rest/api/v2/associations/104179453; https://www.ebi.ac.uk/gwas/rest/api/v2/associations/104179463; https://www.ebi.ac.uk/gwas/rest/api/v2/associations/104179487; https://www.ebi.ac.uk/gwas/rest/api/v2/associations/104179509; https://www.ebi.ac.uk/gwas/rest/api/v2/associations/104179535; https://www.ebi.ac.uk/gwas/rest/api/v2/associations/104179540; https://www.ebi.ac.uk/gwas/rest/api/v2/associations/104179580; https://www.ebi.ac.uk/gwas/rest/api/v2/associations/104179585; https://www.ebi.ac.uk/gwas/rest/api/v2/associations/104179590; https://www.ebi.ac.uk/gwas/rest/api/v2/associations/104179602; https://www.ebi.ac.uk/gwas/rest/api/v2/associations/104179608; https://www.ebi.ac.uk/gwas/rest/api/v2/associations/104179614; https://www.ebi.ac.uk/gwas/rest/api/v2/associations/104179661; https://www.ebi.ac.uk/gwas/rest/api/v2/associations/104179687; https://www.ebi.ac.uk/gwas/rest/api/v2/associations/104179709; https://www.ebi.ac.uk/gwas/rest/api/v2/associations/104179715; https://www.ebi.ac.uk/gwas/rest/api/v2/associations/104179735; https://www.ebi.ac.uk/gwas/rest/api/v2/associations/104179740; https://www.ebi.ac.uk/gwas/rest/api/v2/associations/104179745; https://www.ebi.ac.uk/gwas/rest/api/v2/associations/104179751; https://www.ebi.ac.uk/gwas/rest/api/v2/associations/104179761; https://www.ebi.ac.uk/gwas/rest/api/v2/associations/104179767; https://www.ebi.ac.uk/gwas/rest/api/v2/associations/104179827; https://www.ebi.ac.uk/gwas/rest/api/v2/associations/104179833; https://www.ebi.ac.uk/gwas/rest/api/v2/associations/104179839; https://www.ebi.ac.uk/gwas/rest/api/v2/associations/104179915; https://www.ebi.ac.uk/gwas/rest/api/v2/associations/104179921; https://www.ebi.ac.uk/gwas/rest/api/v2/associations/104179968; https://www.ebi.ac.uk/gwas/rest/api/v2/associations/104179995; https://www.ebi.ac.uk/gwas/rest/api/v2/associations/104180036; https://www.ebi.ac.uk/gwas/rest/api/v2/associations/104180047; https://www.ebi.ac.uk/gwas/rest/api/v2/associations/104180121; https://www.ebi.ac.uk/gwas/rest/api/v2/associations/104180126; https://www.ebi.ac.uk/gwas/rest/api/v2/associations/104180131; https://www.ebi.ac.uk/gwas/rest/api/v2/associations/104180136; https://www.ebi.ac.uk/gwas/rest/api/v2/associations/104180141; https://www.ebi.ac.uk/gwas/rest/api/v2/associations/104180153; https://www.ebi.ac.uk/gwas/rest/api/v2/associations/104180191; https://www.ebi.ac.uk/gwas/rest/api/v2/associations/104180239; https://www.ebi.ac.uk/gwas/rest/api/v2/associations/104180250; https://www.ebi.ac.uk/gwas/rest/api/v2/associations/104180275; https://www.ebi.ac.uk/gwas/rest/api/v2/associations/104180281; https://www.ebi.ac.uk/gwas/rest/api/v2/associations/104180314; https://www.ebi.ac.uk/gwas/rest/api/v2/associations/104180405; https://www.ebi.ac.uk/gwas/rest/api/v2/associations/104180410; https://www.ebi.ac.uk/gwas/rest/api/v2/associations/104180476; https://www.ebi.ac.uk/gwas/rest/api/v2/associations/104180501; https://www.ebi.ac.uk/gwas/rest/api/v2/associations/104180521; https://www.ebi.ac.uk/gwas/rest/api/v2/associations/104180561; https://www.ebi.ac.uk/gwas/rest/api/v2/associations/104180571; https://www.ebi.ac.uk/gwas/rest/api/v2/associations/104180601; https://www.ebi.ac.uk/gwas/rest/api/v2/associations/104180636; https://www.ebi.ac.uk/gwas/rest/api/v2/associations/104180641; https://www.ebi.ac.uk/gwas/rest/api/v2/associations/104180646; https://www.ebi.ac.uk/gwas/rest/api/v2/associations/104180656; https://www.ebi.ac.uk/gwas/rest/api/v2/associations/104180681; https://www.ebi.ac.uk/gwas/rest/api/v2/associations/104180716; https://www.ebi.ac.uk/gwas/rest/api/v2/associations/104180731; https://www.ebi.ac.uk/gwas/rest/api/v2/associations/104180736; https://www.ebi.ac.uk/gwas/rest/api/v2/associations/104180761; https://www.ebi.ac.uk/gwas/rest/api/v2/associations/104180824; https://www.ebi.ac.uk/gwas/rest/api/v2/associations/104180829; https://www.ebi.ac.uk/gwas/rest/api/v2/associations/104180865; https://www.ebi.ac.uk/gwas/rest/api/v2/associations/104180870; https://www.ebi.ac.uk/gwas/rest/api/v2/associations/104180906; https://www.ebi.ac.uk/gwas/rest/api/v2/associations/104180921; https://www.ebi.ac.uk/gwas/rest/api/v2/associations/104180952; https://www.ebi.ac.uk/gwas/rest/api/v2/associations/104180962; https://www.ebi.ac.uk/gwas/rest/api/v2/associations/104181013; https://www.ebi.ac.uk/gwas/rest/api/v2/associations/104181018; https://www.ebi.ac.uk/gwas/rest/api/v2/associations/104181023; https://www.ebi.ac.uk/gwas/rest/api/v2/associations/104181028; https://www.ebi.ac.uk/gwas/rest/api/v2/associations/104181033; https://www.ebi.ac.uk/gwas/rest/api/v2/associations/104181038; https://www.ebi.ac.uk/gwas/rest/api/v2/associations/104181058; https://www.ebi.ac.uk/gwas/rest/api/v2/associations/104181073; https://www.ebi.ac.uk/gwas/rest/api/v2/associations/104181084; https://www.ebi.ac.uk/gwas/rest/api/v2/associations/104181089; https://www.ebi.ac.uk/gwas/rest/api/v2/associations/104181104; https://www.ebi.ac.uk/gwas/rest/api/v2/associations/104181109; https://www.ebi.ac.uk/gwas/rest/api/v2/associations/12863; https://www.ebi.ac.uk/gwas/rest/api/v2/associations/14883049; https://www.ebi.ac.uk/gwas/rest/api/v2/associations/14947132; https://www.ebi.ac.uk/gwas/rest/api/v2/associations/15574; https://www.ebi.ac.uk/gwas/rest/api/v2/associations/15593; https://www.ebi.ac.uk/gwas/rest/api/v2/associations/15612; https://www.ebi.ac.uk/gwas/rest/api/v2/associations/16544514; https://www.ebi.ac.uk/gwas/rest/api/v2/associations/222644287; https://www.ebi.ac.uk/gwas/rest/api/v2/associations/30548177; https://www.ebi.ac.uk/gwas/rest/api/v2/associations/30827799; https://www.ebi.ac.uk/gwas/rest/api/v2/associations/35792220; https://www.ebi.ac.uk/gwas/rest/api/v2/associations/35792973; https://www.ebi.ac.uk/gwas/rest/api/v2/associations/35792977; https://www.ebi.ac.uk/gwas/rest/api/v2/associations/35793166; https://www.ebi.ac.uk/gwas/rest/api/v2/associations/36095895; https://www.ebi.ac.uk/gwas/rest/api/v2/associations/36099180; https://www.ebi.ac.uk/gwas/rest/api/v2/associations/37790066; https://www.ebi.ac.uk/gwas/rest/api/v2/associations/37790189; https://www.ebi.ac.uk/gwas/rest/api/v2/associations/37790229; https://www.ebi.ac.uk/gwas/rest/api/v2/associations/37790266; https://www.ebi.ac.uk/gwas/rest/api/v2/associations/37790295; https://www.ebi.ac.uk/gwas/rest/api/v2/associations/37790415; https://www.ebi.ac.uk/gwas/rest/api/v2/associations/41334192; https://www.ebi.ac.uk/gwas/rest/api/v2/associations/41334212; https://www.ebi.ac.uk/gwas/rest/api/v2/associations/41334284; https://www.ebi.ac.uk/gwas/rest/api/v2/associations/41334382; https://www.ebi.ac.uk/gwas/rest/api/v2/associations/41334397; https://www.ebi.ac.uk/gwas/rest/api/v2/associations/41334417; https://www.ebi.ac.uk/gwas/rest/api/v2/associations/41334442; https://www.ebi.ac.uk/gwas/rest/api/v2/associations/41334461; https://www.ebi.ac.uk/gwas/rest/api/v2/associations/41334481; https://www.ebi.ac.uk/gwas/rest/api/v2/associations/41334491; https://www.ebi.ac.uk/gwas/rest/api/v2/associations/41334516; https://www.ebi.ac.uk/gwas/rest/api/v2/associations/41334561; https://www.ebi.ac.uk/gwas/rest/api/v2/associations/41334602; https://www.ebi.ac.uk/gwas/rest/api/v2/associations/47462259; https://www.ebi.ac.uk/gwas/rest/api/v2/associations/47462263; https://www.ebi.ac.uk/gwas/rest/api/v2/associations/47687909; https://www.ebi.ac.uk/gwas/rest/api/v2/associations/6178; https://www.ebi.ac.uk/gwas/rest/api/v2/associations/61986415; https://www.ebi.ac.uk/gwas/rest/api/v2/associations/6205; https://www.ebi.ac.uk/gwas/rest/api/v2/associations/77845284; https://www.ebi.ac.uk/gwas/rest/api/v2/associations/93413027; https://www.ebi.ac.uk/gwas/rest/api/v2/associations/93413910; https://www.ebi.ac.uk/gwas/rest/api/v2/associations/93414271; https://www.ebi.ac.uk/gwas/rest/api/v2/associations/95175250; https://www.ebi.ac.uk/gwas/rest/api/v2/associations/95175339; https://www.ebi.ac.uk/gwas/rest/api/v2/associations/95284465,https://www.ebi.ac.uk/gwas/rest/api/v2/associations?efo_id=EFO_0003924&show_child_trait=false&size=500&page=0; https://www.ebi.ac.uk/gwas/rest/api/v2/associations?efo_id=EFO_0003924&show_child_trait=false&size=500&page=1; https://www.ebi.ac.uk/gwas/rest/api/v2/associations?efo_id=EFO_0003949&show_child_trait=false&size=500&page=0; https://www.ebi.ac.uk/gwas/rest/api/v2/associations?efo_id=EFO_0003963&show_child_trait=false&size=500&page=0; https://www.ebi.ac.uk/gwas/rest/api/v2/associations?efo_id=EFO_0004279&show_child_trait=false&size=500&page=0; https://www.ebi.ac.uk/gwas/rest/api/v2/associations?efo_id=EFO_0009764&show_child_trait=false&size=500&page=0; https://www.ebi.ac.uk/gwas/rest/api/v2/associations?efo_id=MONDO_0005326&show_child_trait=false&size=500&page=0; https://www.ebi.ac.uk/gwas/rest/api/v2/associations?efo_id=MONDO_0005434&show_child_trait=false&size=500&page=0; https://www.ebi.ac.uk/gwas/rest/api/v2/associations?efo_id=OBA_0002313&show_child_trait=false&size=500&page=0; https://www.ebi.ac.uk/gwas/rest/api/v2/associations?efo_id=OBA_0002313&show_child_trait=false&size=500&page=1; https://www.ebi.ac.uk/gwas/rest/api/v2/associations?efo_id=OBA_VT0002095&show_child_trait=false&size=500&page=0; https://www.ebi.ac.uk/gwas/rest/api/v2/associations?efo_id=OBA_VT0002095&show_child_trait=false&size=500&page=1
pigmentation,SLC49A4,EFO_0003924; OBA_0002313,hair color; strand of hair color,strict,strict,2,2,2,Blond vs. brown/black hair color; Hair color,GCST006988; GCST007082,30531825; 30595370,EFO_0003924-page-000.json; OBA_0002313-page-001.json,strict + broad,True,35792348; 36095730,https://www.ebi.ac.uk/gwas/rest/api/v2/associations/35792348; https://www.ebi.ac.uk/gwas/rest/api/v2/associations/36095730,https://www.ebi.ac.uk/gwas/rest/api/v2/associations?efo_id=EFO_0003924&show_child_trait=false&size=500&page=0; https://www.ebi.ac.uk/gwas/rest/api/v2/associations?efo_id=OBA_0002313&show_child_trait=false&size=500&page=1
pigmentation,SLC6A17,MONDO_0005326; OBA_VT0002095,skin pigmentation; sunburn,broad; strict,broad; strict,2,2,2,Skin reflectance; Sunburns,GCST007086; GCST90246327,30595370; 36536295,MONDO_0005326-page-000.json; OBA_VT0002095-page-000.json,strict + broad,True,103607464; 36099109,https://www.ebi.ac.uk/gwas/rest/api/v2/associations/103607464; https://www.ebi.ac.uk/gwas/rest/api/v2/associations/36099109,https://www.ebi.ac.uk/gwas/rest/api/v2/associations?efo_id=MONDO_0005326&show_child_trait=false&size=500&page=0; https://www.ebi.ac.uk/gwas/rest/api/v2/associations?efo_id=OBA_VT0002095&show_child_trait=false&size=500&page=0
pigmentation,SMIM38,EFO_0003924; EFO_0004279,hair color; suntan,broad; strict,broad; strict,2,2,2,Blond vs. brown/black hair color; Low tan response,GCST005897; GCST90095476,29739929; 34737440,EFO_0003924-page-000.json; EFO_0004279-page-000.json,strict + broad,True,30827934; 95175262,https://www.ebi.ac.uk/gwas/rest/api/v2/associations/30827934; https://www.ebi.ac.uk/gwas/rest/api/v2/associations/95175262,https://www.ebi.ac.uk/gwas/rest/api/v2/associations?efo_id=EFO_0003924&show_child_trait=false&size=500&page=0; https://www.ebi.ac.uk/gwas/rest/api/v2/associations?efo_id=EFO_0004279&show_child_trait=false&size=500&page=0
pigmentation,SNX16,EFO_0003924; OBA_0002313,hair color; strand of hair color,strict,strict,2,2,2,Blond vs. brown/black hair color; Hair color,GCST006988; GCST007082,30531825; 30595370,EFO_0003924-page-000.json; OBA_0002313-page-001.json,strict + broad,True,35792747; 36096289,https://www.ebi.ac.uk/gwas/rest/api/v2/associations/35792747; https://www.ebi.ac.uk/gwas/rest/api/v2/associations/36096289,https://www.ebi.ac.uk/gwas/rest/api/v2/associations?efo_id=EFO_0003924&show_child_trait=false&size=500&page=0; https://www.ebi.ac.uk/gwas/rest/api/v2/associations?efo_id=OBA_0002313&show_child_trait=false&size=500&page=1
pigmentation,SORBS2,EFO_0009764; OBA_2045282,eye colour measurement; facial pigmentation,strict,strict,3,2,2,Facial skin melanin; Iris color (a* coordinate),GCST007740; GCST90104590,30895295; 35313536,EFO_0009764-page-000.json; OBA_2045282-page-000.json,strict + broad,True,41451171; 97365680; 97365686,https://www.ebi.ac.uk/gwas/rest/api/v2/associations/41451171; https://www.ebi.ac.uk/gwas/rest/api/v2/associations/97365680; https://www.ebi.ac.uk/gwas/rest/api/v2/associations/97365686,https://www.ebi.ac.uk/gwas/rest/api/v2/associations?efo_id=EFO_0009764&show_child_trait=false&size=500&page=0; https://www.ebi.ac.uk/gwas/rest/api/v2/associations?efo_id=OBA_2045282&show_child_trait=false&size=500&page=0
pigmentation,SOX5,EFO_0003949; OBA_0002313,eye color; strand of hair color,strict,strict,2,2,2,Eye color; Hair color,GCST007082; GCST012219,30595370; 33692100,EFO_0003949-page-000.json; OBA_0002313-page-000.json,strict + broad,True,36096690; 95284485,https://www.ebi.ac.uk/gwas/rest/api/v2/associations/36096690; https://www.ebi.ac.uk/gwas/rest/api/v2/associations/95284485,https://www.ebi.ac.uk/gwas/rest/api/v2/associations?efo_id=EFO_0003949&show_child_trait=false&size=500&page=0; https://www.ebi.ac.uk/gwas/rest/api/v2/associations?efo_id=OBA_0002313&show_child_trait=false&size=500&page=0
pigmentation,SOX6,EFO_0003924; MONDO_0005326; OBA_0002313,hair color; strand of hair color; sunburn,broad; strict,broad; strict,11,5,3,"Blond vs. brown/black hair color; Hair color; Hair colour (natural, before greying): Blonde (UKB data field 1747_1); Hair colour (natural, before greying): Dark brown (UKB data field 1747_4); Sunburns",GCST006988; GCST007082; GCST007086; GCST90041836; GCST90041839,30531825; 30595370; 34737426,EFO_0003924-page-000.json; MONDO_0005326-page-000.json; OBA_0002313-page-000.json,strict + broad,True,35792436; 35792666; 36096483; 36096488; 36096493; 36096498; 36099305; 36099310; 36099315; 93413091; 93413959,https://www.ebi.ac.uk/gwas/rest/api/v2/associations/35792436; https://www.ebi.ac.uk/gwas/rest/api/v2/associations/35792666; https://www.ebi.ac.uk/gwas/rest/api/v2/associations/36096483; https://www.ebi.ac.uk/gwas/rest/api/v2/associations/36096488; https://www.ebi.ac.uk/gwas/rest/api/v2/associations/36096493; https://www.ebi.ac.uk/gwas/rest/api/v2/associations/36096498; https://www.ebi.ac.uk/gwas/rest/api/v2/associations/36099305; https://www.ebi.ac.uk/gwas/rest/api/v2/associations/36099310; https://www.ebi.ac.uk/gwas/rest/api/v2/associations/36099315; https://www.ebi.ac.uk/gwas/rest/api/v2/associations/93413091; https://www.ebi.ac.uk/gwas/rest/api/v2/associations/93413959,https://www.ebi.ac.uk/gwas/rest/api/v2/associations?efo_id=EFO_0003924&show_child_trait=false&size=500&page=0; https://www.ebi.ac.uk/gwas/rest/api/v2/associations?efo_id=MONDO_0005326&show_child_trait=false&size=500&page=0; https://www.ebi.ac.uk/gwas/rest/api/v2/associations?efo_id=OBA_0002313&show_child_trait=false&size=500&page=0
pigmentation,SP2-AS1,EFO_0003924; OBA_0002313,hair color; strand of hair color,strict,strict,6,4,3,Blond vs. brown/black hair color; Brown vs. black hair color; Hair color,GCST006075; GCST006988; GCST006989; GCST007082,29662168; 30531825; 30595370,EFO_0003924-page-000.json; OBA_0002313-page-000.json; OBA_0002313-page-001.json,strict + broad,True,30548257; 35792400; 35792835; 35793398; 36097273; 36097278,https://www.ebi.ac.uk/gwas/rest/api/v2/associations/30548257; https://www.ebi.ac.uk/gwas/rest/api/v2/associations/35792400; https://www.ebi.ac.uk/gwas/rest/api/v2/associations/35792835; https://www.ebi.ac.uk/gwas/rest/api/v2/associations/35793398; https://www.ebi.ac.uk/gwas/rest/api/v2/associations/36097273; https://www.ebi.ac.uk/gwas/rest/api/v2/associations/36097278,https://www.ebi.ac.uk/gwas/rest/api/v2/associations?efo_id=EFO_0003924&show_child_trait=false&size=500&page=0; https://www.ebi.ac.uk/gwas/rest/api/v2/associations?efo_id=OBA_0002313&show_child_trait=false&size=500&page=0; https://www.ebi.ac.uk/gwas/rest/api/v2/associations?efo_id=OBA_0002313&show_child_trait=false&size=500&page=1
pigmentation,SP6,EFO_0003924; OBA_0002313,hair color; strand of hair color,strict,strict,4,4,3,Blond vs. brown/black hair color; Brown vs. black hair color; Hair color,GCST006075; GCST006988; GCST006989; GCST007082,29662168; 30531825; 30595370,EFO_0003924-page-000.json; OBA_0002313-page-000.json; OBA_0002313-page-001.json,strict + broad,True,30548257; 35792835; 35793398; 36097273,https://www.ebi.ac.uk/gwas/rest/api/v2/associations/30548257; https://www.ebi.ac.uk/gwas/rest/api/v2/associations/35792835; https://www.ebi.ac.uk/gwas/rest/api/v2/associations/35793398; https://www.ebi.ac.uk/gwas/rest/api/v2/associations/36097273,https://www.ebi.ac.uk/gwas/rest/api/v2/associations?efo_id=EFO_0003924&show_child_trait=false&size=500&page=0; https://www.ebi.ac.uk/gwas/rest/api/v2/associations?efo_id=OBA_0002313&show_child_trait=false&size=500&page=0; https://www.ebi.ac.uk/gwas/rest/api/v2/associations?efo_id=OBA_0002313&show_child_trait=false&size=500&page=1
pigmentation,SPAG16-DT,EFO_0003924; OBA_0002313; OBA_2045282,facial pigmentation; hair color; strand of hair color,strict,strict,3,3,3,Cutaneous melanoma or hair colour; Facial skin gloss; Hair color,GCST007082; GCST010302; GCST90104591,30595370; 32341527; 35313536,EFO_0003924-page-000.json; OBA_0002313-page-001.json; OBA_2045282-page-000.json,strict + broad,True,36095623; 61986563; 97365759,https://www.ebi.ac.uk/gwas/rest/api/v2/associations/36095623; https://www.ebi.ac.uk/gwas/rest/api/v2/associations/61986563; https://www.ebi.ac.uk/gwas/rest/api/v2/associations/97365759,https://www.ebi.ac.uk/gwas/rest/api/v2/associations?efo_id=EFO_0003924&show_child_trait=false&size=500&page=0; https://www.ebi.ac.uk/gwas/rest/api/v2/associations?efo_id=OBA_0002313&show_child_trait=false&size=500&page=1; https://www.ebi.ac.uk/gwas/rest/api/v2/associations?efo_id=OBA_2045282&show_child_trait=false&size=500&page=0
pigmentation,SPATA2L,EFO_0003924; OBA_0002313,hair color; strand of hair color,strict,strict,3,3,3,"Blond vs. brown/black hair color; Hair colour (natural, before greying): Red (UKB data field 1747_2); Red vs non-red hair color",GCST006988; GCST90041837; GCST90255681,30531825; 34737426; 36672889,EFO_0003924-page-000.json; OBA_0002313-page-000.json,strict + broad,True,104178523; 35792799; 93413662,https://www.ebi.ac.uk/gwas/rest/api/v2/associations/104178523; https://www.ebi.ac.uk/gwas/rest/api/v2/associations/35792799; https://www.ebi.ac.uk/gwas/rest/api/v2/associations/93413662,https://www.ebi.ac.uk/gwas/rest/api/v2/associations?efo_id=EFO_0003924&show_child_trait=false&size=500&page=0; https://www.ebi.ac.uk/gwas/rest/api/v2/associations?efo_id=OBA_0002313&show_child_trait=false&size=500&page=0
pigmentation,SPATA33,EFO_0003924; EFO_0003963; OBA_0002313; OBA_2045282,facial pigmentation; freckles; hair color; strand of hair color,broad; strict,broad; strict,10,9,5,"Blond vs. brown/black hair color; Brown vs. black hair color; Facial pigmentation; Hair colour (natural, before greying): Black (UKB data field 1747_5); Hair colour (natural, before greying): Dark brown (UKB data field 1747_4); Hair colour (natural, before greying): Light brown (UKB data field 1747_3); Red vs. brown/black hair color; Skin pigmentation traits",GCST002785; GCST006986; GCST006988; GCST006989; GCST007488; GCST90041838; GCST90041839; GCST90041840; GCST90095476,25705849; 30166351; 30531825; 34737426; 34737440,EFO_0003924-page-000.json; EFO_0003963-page-000.json; OBA_0002313-page-000.json; OBA_2045282-page-000.json,strict + broad,True,10095403; 35792957; 35793360; 41334274; 62419619; 93413888; 93414179; 93414184; 93414345; 95175311,https://www.ebi.ac.uk/gwas/rest/api/v2/associations/10095403; https://www.ebi.ac.uk/gwas/rest/api/v2/associations/35792957; https://www.ebi.ac.uk/gwas/rest/api/v2/associations/35793360; https://www.ebi.ac.uk/gwas/rest/api/v2/associations/41334274; https://www.ebi.ac.uk/gwas/rest/api/v2/associations/62419619; https://www.ebi.ac.uk/gwas/rest/api/v2/associations/93413888; https://www.ebi.ac.uk/gwas/rest/api/v2/associations/93414179; https://www.ebi.ac.uk/gwas/rest/api/v2/associations/93414184; https://www.ebi.ac.uk/gwas/rest/api/v2/associations/93414345; https://www.ebi.ac.uk/gwas/rest/api/v2/associations/95175311,https://www.ebi.ac.uk/gwas/rest/api/v2/associations?efo_id=EFO_0003924&show_child_trait=false&size=500&page=0; https://www.ebi.ac.uk/gwas/rest/api/v2/associations?efo_id=EFO_0003963&show_child_trait=false&size=500&page=0; https://www.ebi.ac.uk/gwas/rest/api/v2/associations?efo_id=OBA_0002313&show_child_trait=false&size=500&page=0; https://www.ebi.ac.uk/gwas/rest/api/v2/associations?efo_id=OBA_2045282&show_child_trait=false&size=500&page=0
pigmentation,SPG7,EFO_0003924; OBA_0002313,hair color; strand of hair color,strict,strict,11,6,5,"Cutaneous melanoma or hair colour; Hair colour (natural, before greying): Dark brown (UKB data field 1747_4); Hair colour (natural, before greying): Red (UKB data field 1747_2); Hair morphology traits; Red vs non-red hair color; Red vs. brown/black hair color",GCST007486; GCST010302; GCST90041837; GCST90041839; GCST90095478; GCST90255681,30166351; 32341527; 34737426; 34737440; 36672889,EFO_0003924-page-000.json; OBA_0002313-page-000.json,strict + broad,True,104178367; 104178598; 41334531; 61986424; 93413602; 93413608; 93413614; 93413620; 93413626; 93414167; 95175404,https://www.ebi.ac.uk/gwas/rest/api/v2/associations/104178367; https://www.ebi.ac.uk/gwas/rest/api/v2/associations/104178598; https://www.ebi.ac.uk/gwas/rest/api/v2/associations/41334531; https://www.ebi.ac.uk/gwas/rest/api/v2/associations/61986424; https://www.ebi.ac.uk/gwas/rest/api/v2/associations/93413602; https://www.ebi.ac.uk/gwas/rest/api/v2/associations/93413608; https://www.ebi.ac.uk/gwas/rest/api/v2/associations/93413614; https://www.ebi.ac.uk/gwas/rest/api/v2/associations/93413620; https://www.ebi.ac.uk/gwas/rest/api/v2/associations/93413626; https://www.ebi.ac.uk/gwas/rest/api/v2/associations/93414167; https://www.ebi.ac.uk/gwas/rest/api/v2/associations/95175404,https://www.ebi.ac.uk/gwas/rest/api/v2/associations?efo_id=EFO_0003924&show_child_trait=false&size=500&page=0; https://www.ebi.ac.uk/gwas/rest/api/v2/associations?efo_id=OBA_0002313&show_child_trait=false&size=500&page=0
pigmentation,SPIRE2,EFO_0003924; EFO_0004279; OBA_0002313; OBA_VT0002095,hair color; skin pigmentation; strand of hair color; suntan,broad; strict,broad; strict,17,10,6,"Blond vs. brown/black hair color; Brown vs. black hair color; Hair color; Hair colour (natural, before greying): Red (UKB data field 1747_2); Low tan response; Red vs non-red hair color; Red vs. brown/black hair color; Skin color (Fitzpatrick scale); Skin phototype score; Skin reflectance",GCST005897; GCST006986; GCST006988; GCST006989; GCST007082; GCST90041837; GCST90246327; GCST90255681; GCST90255688; GCST90255689,29739929; 30531825; 30595370; 34737426; 36536295; 36672889,EFO_0003924-page-000.json; EFO_0004279-page-000.json; OBA_0002313-page-000.json; OBA_VT0002095-page-000.json,strict + broad,True,103607388; 103607417; 104178471; 104178477; 104180304; 104180751; 30827880; 30827884; 35792827; 35792912; 35793364; 36097237; 62419485; 62419582; 93413704; 93413710; 93413716,https://www.ebi.ac.uk/gwas/rest/api/v2/associations/103607388; https://www.ebi.ac.uk/gwas/rest/api/v2/associations/103607417; https://www.ebi.ac.uk/gwas/rest/api/v2/associations/104178471; https://www.ebi.ac.uk/gwas/rest/api/v2/associations/104178477; https://www.ebi.ac.uk/gwas/rest/api/v2/associations/104180304; https://www.ebi.ac.uk/gwas/rest/api/v2/associations/104180751; https://www.ebi.ac.uk/gwas/rest/api/v2/associations/30827880; https://www.ebi.ac.uk/gwas/rest/api/v2/associations/30827884; https://www.ebi.ac.uk/gwas/rest/api/v2/associations/35792827; https://www.ebi.ac.uk/gwas/rest/api/v2/associations/35792912; https://www.ebi.ac.uk/gwas/rest/api/v2/associations/35793364; https://www.ebi.ac.uk/gwas/rest/api/v2/associations/36097237; https://www.ebi.ac.uk/gwas/rest/api/v2/associations/62419485; https://www.ebi.ac.uk/gwas/rest/api/v2/associations/62419582; https://www.ebi.ac.uk/gwas/rest/api/v2/associations/93413704; https://www.ebi.ac.uk/gwas/rest/api/v2/associations/93413710; https://www.ebi.ac.uk/gwas/rest/api/v2/associations/93413716,https://www.ebi.ac.uk/gwas/rest/api/v2/associations?efo_id=EFO_0003924&show_child_trait=false&size=500&page=0; https://www.ebi.ac.uk/gwas/rest/api/v2/associations?efo_id=EFO_0004279&show_child_trait=false&size=500&page=0; https://www.ebi.ac.uk/gwas/rest/api/v2/associations?efo_id=OBA_0002313&show_child_trait=false&size=500&page=0; https://www.ebi.ac.uk/gwas/rest/api/v2/associations?efo_id=OBA_VT0002095&show_child_trait=false&size=500&page=0
pigmentation,SRC,EFO_0004279; OBA_0002313,strand of hair color; suntan,broad; strict,broad; strict,2,2,2,Hair color; Low tan response,GCST005897; GCST007082,29739929; 30595370,EFO_0004279-page-000.json; OBA_0002313-page-000.json,strict + broad,True,30828174; 36097461,https://www.ebi.ac.uk/gwas/rest/api/v2/associations/30828174; https://www.ebi.ac.uk/gwas/rest/api/v2/associations/36097461,https://www.ebi.ac.uk/gwas/rest/api/v2/associations?efo_id=EFO_0004279&show_child_trait=false&size=500&page=0; https://www.ebi.ac.uk/gwas/rest/api/v2/associations?efo_id=OBA_0002313&show_child_trait=false&size=500&page=0
pigmentation,SYNE2,EFO_0003924; OBA_0002313,hair color; strand of hair color,strict,strict,3,3,3,Blond vs. brown/black hair color; Cutaneous melanoma or hair colour; Hair color,GCST006988; GCST007082; GCST010302,30531825; 30595370; 32341527,EFO_0003924-page-000.json; OBA_0002313-page-000.json,strict + broad,True,35792670; 36096922; 61986489,https://www.ebi.ac.uk/gwas/rest/api/v2/associations/35792670; https://www.ebi.ac.uk/gwas/rest/api/v2/associations/36096922; https://www.ebi.ac.uk/gwas/rest/api/v2/associations/61986489,https://www.ebi.ac.uk/gwas/rest/api/v2/associations?efo_id=EFO_0003924&show_child_trait=false&size=500&page=0; https://www.ebi.ac.uk/gwas/rest/api/v2/associations?efo_id=OBA_0002313&show_child_trait=false&size=500&page=0
pigmentation,TAC4-AS1,EFO_0003924; OBA_0002313,hair color; strand of hair color,strict,strict,3,2,2,Blond vs. brown/black hair color; Hair color,GCST006988; GCST007082,30531825; 30595370,EFO_0003924-page-000.json; OBA_0002313-page-000.json,strict + broad,True,35792332; 35792500; 36097292,https://www.ebi.ac.uk/gwas/rest/api/v2/associations/35792332; https://www.ebi.ac.uk/gwas/rest/api/v2/associations/35792500; https://www.ebi.ac.uk/gwas/rest/api/v2/associations/36097292,https://www.ebi.ac.uk/gwas/rest/api/v2/associations?efo_id=EFO_0003924&show_child_trait=false&size=500&page=0; https://www.ebi.ac.uk/gwas/rest/api/v2/associations?efo_id=OBA_0002313&show_child_trait=false&size=500&page=0
pigmentation,TACC1,EFO_0003924; OBA_0002313,hair color; strand of hair color,strict,strict,2,2,2,Blond vs. brown/black hair color; Hair color,GCST006988; GCST007082,30531825; 30595370,EFO_0003924-page-000.json; OBA_0002313-page-001.json,strict + broad,True,35792715; 36096279,https://www.ebi.ac.uk/gwas/rest/api/v2/associations/35792715; https://www.ebi.ac.uk/gwas/rest/api/v2/associations/36096279,https://www.ebi.ac.uk/gwas/rest/api/v2/associations?efo_id=EFO_0003924&show_child_trait=false&size=500&page=0; https://www.ebi.ac.uk/gwas/rest/api/v2/associations?efo_id=OBA_0002313&show_child_trait=false&size=500&page=1
pigmentation,TBCD,EFO_0003924; OBA_0002313,hair color; strand of hair color,strict,strict,2,2,2,Blond vs. brown/black hair color; Hair color,GCST006988; GCST007082,30531825; 30595370,EFO_0003924-page-000.json; OBA_0002313-page-000.json,strict + broad,True,35792731; 36097334,https://www.ebi.ac.uk/gwas/rest/api/v2/associations/35792731; https://www.ebi.ac.uk/gwas/rest/api/v2/associations/36097334,https://www.ebi.ac.uk/gwas/rest/api/v2/associations?efo_id=EFO_0003924&show_child_trait=false&size=500&page=0; https://www.ebi.ac.uk/gwas/rest/api/v2/associations?efo_id=OBA_0002313&show_child_trait=false&size=500&page=0
pigmentation,TCF25,EFO_0003924; OBA_0002313; OBA_VT0002095,hair color; skin pigmentation; strand of hair color,strict,strict,14,7,3,"Blond vs. brown/black hair color; Brown vs. black hair color; Hair colour (natural, before greying): Blonde (UKB data field 1747_1); Hair colour (natural, before greying): Dark brown (UKB data field 1747_4); Hair colour (natural, before greying): Red (UKB data field 1747_2); Red vs. brown/black hair color; Skin reflectance",GCST006986; GCST006988; GCST006989; GCST90041836; GCST90041837; GCST90041839; GCST90246327,30531825; 34737426; 36536295,EFO_0003924-page-000.json; OBA_0002313-page-000.json; OBA_VT0002095-page-000.json,strict + broad,True,103607443; 35792827; 35792912; 35793364; 35793369; 62419471; 62419537; 62419551; 62419565; 62419577; 93413260; 93413716; 93414219; 93414225,https://www.ebi.ac.uk/gwas/rest/api/v2/associations/103607443; https://www.ebi.ac.uk/gwas/rest/api/v2/associations/35792827; https://www.ebi.ac.uk/gwas/rest/api/v2/associations/35792912; https://www.ebi.ac.uk/gwas/rest/api/v2/associations/35793364; https://www.ebi.ac.uk/gwas/rest/api/v2/associations/35793369; https://www.ebi.ac.uk/gwas/rest/api/v2/associations/62419471; https://www.ebi.ac.uk/gwas/rest/api/v2/associations/62419537; https://www.ebi.ac.uk/gwas/rest/api/v2/associations/62419551; https://www.ebi.ac.uk/gwas/rest/api/v2/associations/62419565; https://www.ebi.ac.uk/gwas/rest/api/v2/associations/62419577; https://www.ebi.ac.uk/gwas/rest/api/v2/associations/93413260; https://www.ebi.ac.uk/gwas/rest/api/v2/associations/93413716; https://www.ebi.ac.uk/gwas/rest/api/v2/associations/93414219; https://www.ebi.ac.uk/gwas/rest/api/v2/associations/93414225,https://www.ebi.ac.uk/gwas/rest/api/v2/associations?efo_id=EFO_0003924&show_child_trait=false&size=500&page=0; https://www.ebi.ac.uk/gwas/rest/api/v2/associations?efo_id=OBA_0002313&show_child_trait=false&size=500&page=0; https://www.ebi.ac.uk/gwas/rest/api/v2/associations?efo_id=OBA_VT0002095&show_child_trait=false&size=500&page=0
pigmentation,TESHL,EFO_0003924; OBA_0002313,hair color; strand of hair color,strict,strict,2,2,2,Hair color; Red vs non-red hair color,GCST007082; GCST90255681,30595370; 36672889,EFO_0003924-page-000.json; OBA_0002313-page-001.json,strict + broad,True,104178373; 36095627,https://www.ebi.ac.uk/gwas/rest/api/v2/associations/104178373; https://www.ebi.ac.uk/gwas/rest/api/v2/associations/36095627,https://www.ebi.ac.uk/gwas/rest/api/v2/associations?efo_id=EFO_0003924&show_child_trait=false&size=500&page=0; https://www.ebi.ac.uk/gwas/rest/api/v2/associations?efo_id=OBA_0002313&show_child_trait=false&size=500&page=1
pigmentation,TGDS,EFO_0003924; EFO_0004279; OBA_0002313,hair color; strand of hair color; suntan,broad; strict,broad; strict,4,4,4,Blond vs. brown/black hair color; Hair color; Low tan response,GCST005897; GCST006075; GCST006988; GCST007082,29662168; 29739929; 30531825; 30595370,EFO_0003924-page-000.json; EFO_0004279-page-000.json; OBA_0002313-page-000.json; OBA_0002313-page-001.json,strict + broad,True,30548234; 30827835; 35792856; 36096896,https://www.ebi.ac.uk/gwas/rest/api/v2/associations/30548234; https://www.ebi.ac.uk/gwas/rest/api/v2/associations/30827835; https://www.ebi.ac.uk/gwas/rest/api/v2/associations/35792856; https://www.ebi.ac.uk/gwas/rest/api/v2/associations/36096896,https://www.ebi.ac.uk/gwas/rest/api/v2/associations?efo_id=EFO_0003924&show_child_trait=false&size=500&page=0; https://www.ebi.ac.uk/gwas/rest/api/v2/associations?efo_id=EFO_0004279&show_child_trait=false&size=500&page=0; https://www.ebi.ac.uk/gwas/rest/api/v2/associations?efo_id=OBA_0002313&show_child_trait=false&size=500&page=0; https://www.ebi.ac.uk/gwas/rest/api/v2/associations?efo_id=OBA_0002313&show_child_trait=false&size=500&page=1
pigmentation,THNSL2,EFO_0003924; OBA_0002313,hair color; strand of hair color,strict,strict,2,2,2,Blond vs. brown/black hair color; Hair color,GCST006988; GCST007082,30531825; 30595370,EFO_0003924-page-000.json; OBA_0002313-page-001.json,strict + broad,True,35793040; 36095582,https://www.ebi.ac.uk/gwas/rest/api/v2/associations/35793040; https://www.ebi.ac.uk/gwas/rest/api/v2/associations/36095582,https://www.ebi.ac.uk/gwas/rest/api/v2/associations?efo_id=EFO_0003924&show_child_trait=false&size=500&page=0; https://www.ebi.ac.uk/gwas/rest/api/v2/associations?efo_id=OBA_0002313&show_child_trait=false&size=500&page=1
pigmentation,TIPARP-AS1,MONDO_0005326; OBA_VT0002095,skin pigmentation; sunburn,broad; strict,broad; strict,2,2,2,Skin reflectance; Sunburns,GCST007086; GCST90246327,30595370; 36536295,MONDO_0005326-page-000.json; OBA_VT0002095-page-000.json,strict + broad,True,103607476; 36099161,https://www.ebi.ac.uk/gwas/rest/api/v2/associations/103607476; https://www.ebi.ac.uk/gwas/rest/api/v2/associations/36099161,https://www.ebi.ac.uk/gwas/rest/api/v2/associations?efo_id=MONDO_0005326&show_child_trait=false&size=500&page=0; https://www.ebi.ac.uk/gwas/rest/api/v2/associations?efo_id=OBA_VT0002095&show_child_trait=false&size=500&page=0
pigmentation,TMCC2,EFO_0003924; EFO_0009764; OBA_0002313,eye colour measurement; hair color; strand of hair color,strict,strict,3,3,3,Blond vs. brown/black hair color; Hair color; Retina colour,GCST006075; GCST006988; GCST90939791,29662168; 30531825; 38728357,EFO_0003924-page-000.json; EFO_0009764-page-000.json; OBA_0002313-page-001.json,strict + broad,True,222644246; 30548164; 35793056,https://www.ebi.ac.uk/gwas/rest/api/v2/associations/222644246; https://www.ebi.ac.uk/gwas/rest/api/v2/associations/30548164; https://www.ebi.ac.uk/gwas/rest/api/v2/associations/35793056,https://www.ebi.ac.uk/gwas/rest/api/v2/associations?efo_id=EFO_0003924&show_child_trait=false&size=500&page=0; https://www.ebi.ac.uk/gwas/rest/api/v2/associations?efo_id=EFO_0009764&show_child_trait=false&size=500&page=0; https://www.ebi.ac.uk/gwas/rest/api/v2/associations?efo_id=OBA_0002313&show_child_trait=false&size=500&page=1
pigmentation,TMEM163,EFO_0003924; OBA_0002313,hair color; strand of hair color,strict,strict,3,3,3,Blond vs. brown/black hair color; Cutaneous melanoma or hair colour; Hair color,GCST006988; GCST007082; GCST010302,30531825; 30595370; 32341527,EFO_0003924-page-000.json; OBA_0002313-page-001.json,strict + broad,True,35793010; 36095601; 61986536,https://www.ebi.ac.uk/gwas/rest/api/v2/associations/35793010; https://www.ebi.ac.uk/gwas/rest/api/v2/associations/36095601; https://www.ebi.ac.uk/gwas/rest/api/v2/associations/61986536,https://www.ebi.ac.uk/gwas/rest/api/v2/associations?efo_id=EFO_0003924&show_child_trait=false&size=500&page=0; https://www.ebi.ac.uk/gwas/rest/api/v2/associations?efo_id=OBA_0002313&show_child_trait=false&size=500&page=1
pigmentation,TMEM258,EFO_0003924; OBA_0002313,hair color; strand of hair color,strict,strict,2,2,2,Blond vs. brown/black hair color; Hair color,GCST006988; GCST007082,30531825; 30595370,EFO_0003924-page-000.json; OBA_0002313-page-000.json,strict + broad,True,35792759; 36096547,https://www.ebi.ac.uk/gwas/rest/api/v2/associations/35792759; https://www.ebi.ac.uk/gwas/rest/api/v2/associations/36096547,https://www.ebi.ac.uk/gwas/rest/api/v2/associations?efo_id=EFO_0003924&show_child_trait=false&size=500&page=0; https://www.ebi.ac.uk/gwas/rest/api/v2/associations?efo_id=OBA_0002313&show_child_trait=false&size=500&page=0
pigmentation,TMTC3,EFO_0003924; OBA_0002313; OBA_VT0002095,hair color; skin pigmentation; strand of hair color,strict,strict,6,4,3,Blond vs. brown/black hair color; Brown vs. black hair color; Hair color; Skin reflectance (Melanin index),GCST006988; GCST006989; GCST007082; GCST007739,30531825; 30595370; 30895295,EFO_0003924-page-000.json; EFO_0003924-page-001.json; OBA_0002313-page-000.json; OBA_VT0002095-page-001.json,strict + broad,True,35792248; 35792795; 35792839; 35793188; 36096784; 41452365,https://www.ebi.ac.uk/gwas/rest/api/v2/associations/35792248; https://www.ebi.ac.uk/gwas/rest/api/v2/associations/35792795; https://www.ebi.ac.uk/gwas/rest/api/v2/associations/35792839; https://www.ebi.ac.uk/gwas/rest/api/v2/associations/35793188; https://www.ebi.ac.uk/gwas/rest/api/v2/associations/36096784; https://www.ebi.ac.uk/gwas/rest/api/v2/associations/41452365,https://www.ebi.ac.uk/gwas/rest/api/v2/associations?efo_id=EFO_0003924&show_child_trait=false&size=500&page=0; https://www.ebi.ac.uk/gwas/rest/api/v2/associations?efo_id=EFO_0003924&show_child_trait=false&size=500&page=1; https://www.ebi.ac.uk/gwas/rest/api/v2/associations?efo_id=OBA_0002313&show_child_trait=false&size=500&page=0; https://www.ebi.ac.uk/gwas/rest/api/v2/associations?efo_id=OBA_VT0002095&show_child_trait=false&size=500&page=1
pigmentation,TP63,EFO_0009764; MONDO_0005326; OBA_0002313,eye colour measurement; strand of hair color; sunburn,broad; strict,broad; strict,3,3,2,Hair color; Iris heterochromicity; Sunburns,GCST007082; GCST007086; GCST007742,30595370; 30895295,EFO_0009764-page-000.json; MONDO_0005326-page-000.json; OBA_0002313-page-001.json,strict + broad,True,36095788; 36099166; 41451890,https://www.ebi.ac.uk/gwas/rest/api/v2/associations/36095788; https://www.ebi.ac.uk/gwas/rest/api/v2/associations/36099166; https://www.ebi.ac.uk/gwas/rest/api/v2/associations/41451890,https://www.ebi.ac.uk/gwas/rest/api/v2/associations?efo_id=EFO_0009764&show_child_trait=false&size=500&page=0; https://www.ebi.ac.uk/gwas/rest/api/v2/associations?efo_id=MONDO_0005326&show_child_trait=false&size=500&page=0; https://www.ebi.ac.uk/gwas/rest/api/v2/associations?efo_id=OBA_0002313&show_child_trait=false&size=500&page=1
pigmentation,TPCN2,EFO_0003924; EFO_0004279; EFO_0009764; MONDO_0005326; OBA_0002313,eye colour measurement; hair color; strand of hair color; sunburn; suntan,broad; strict,broad; strict,23,16,11,"Blond vs non-blond hair color; Blond vs. brown hair color; Blond vs. brown/black hair color; Brown vs. black hair color; Brown vs. non-brown hair color; Cutaneous melanoma or hair colour; Hair color; Hair colour (natural, before greying): Blonde (UKB data field 1747_1); Hair colour (natural, before greying): Dark brown (UKB data field 1747_4); Light vs. dark hair color; Low tan response; Retina colour; Sunburns",GCST000194; GCST000707; GCST003021; GCST003022; GCST003023; GCST005897; GCST006075; GCST006988; GCST006989; GCST007082; GCST007086; GCST010302; GCST90041836; GCST90041839; GCST90095476; GCST90939791,18488028; 20585627; 26184321; 29662168; 29739929; 30531825; 30595370; 32341527; 34737426; 34737440; 38728357,EFO_0003924-page-000.json; EFO_0003924-page-001.json; EFO_0004279-page-000.json; EFO_0009764-page-000.json; MONDO_0005326-page-000.json; OBA_0002313-page-000.json; OBA_0002313-page-001.json,strict + broad,True,14882491; 14882734; 14882871; 15614; 222644317; 30548211; 30827827; 30827934; 35792880; 35792920; 35792969; 35793311; 35793316; 36096589; 36099325; 61986437; 6222; 93413097; 93413103; 93413108; 93413965; 93413970; 95175262,https://www.ebi.ac.uk/gwas/rest/api/v2/associations/14882491; https://www.ebi.ac.uk/gwas/rest/api/v2/associations/14882734; https://www.ebi.ac.uk/gwas/rest/api/v2/associations/14882871; https://www.ebi.ac.uk/gwas/rest/api/v2/associations/15614; https://www.ebi.ac.uk/gwas/rest/api/v2/associations/222644317; https://www.ebi.ac.uk/gwas/rest/api/v2/associations/30548211; https://www.ebi.ac.uk/gwas/rest/api/v2/associations/30827827; https://www.ebi.ac.uk/gwas/rest/api/v2/associations/30827934; https://www.ebi.ac.uk/gwas/rest/api/v2/associations/35792880; https://www.ebi.ac.uk/gwas/rest/api/v2/associations/35792920; https://www.ebi.ac.uk/gwas/rest/api/v2/associations/35792969; https://www.ebi.ac.uk/gwas/rest/api/v2/associations/35793311; https://www.ebi.ac.uk/gwas/rest/api/v2/associations/35793316; https://www.ebi.ac.uk/gwas/rest/api/v2/associations/36096589; https://www.ebi.ac.uk/gwas/rest/api/v2/associations/36099325; https://www.ebi.ac.uk/gwas/rest/api/v2/associations/61986437; https://www.ebi.ac.uk/gwas/rest/api/v2/associations/6222; https://www.ebi.ac.uk/gwas/rest/api/v2/associations/93413097; https://www.ebi.ac.uk/gwas/rest/api/v2/associations/93413103; https://www.ebi.ac.uk/gwas/rest/api/v2/associations/93413108; https://www.ebi.ac.uk/gwas/rest/api/v2/associations/93413965; https://www.ebi.ac.uk/gwas/rest/api/v2/associations/93413970; https://www.ebi.ac.uk/gwas/rest/api/v2/associations/95175262,https://www.ebi.ac.uk/gwas/rest/api/v2/associations?efo_id=EFO_0003924&show_child_trait=false&size=500&page=0; https://www.ebi.ac.uk/gwas/rest/api/v2/associations?efo_id=EFO_0003924&show_child_trait=false&size=500&page=1; https://www.ebi.ac.uk/gwas/rest/api/v2/associations?efo_id=EFO_0004279&show_child_trait=false&size=500&page=0; https://www.ebi.ac.uk/gwas/rest/api/v2/associations?efo_id=EFO_0009764&show_child_trait=false&size=500&page=0; https://www.ebi.ac.uk/gwas/rest/api/v2/associations?efo_id=MONDO_0005326&show_child_trait=false&size=500&page=0; https://www.ebi.ac.uk/gwas/rest/api/v2/associations?efo_id=OBA_0002313&show_child_trait=false&size=500&page=0; https://www.ebi.ac.uk/gwas/rest/api/v2/associations?efo_id=OBA_0002313&show_child_trait=false&size=500&page=1
pigmentation,TPM3P2,EFO_0009764; MONDO_0005326; OBA_0002313,eye colour measurement; strand of hair color; sunburn,broad; strict,broad; strict,3,3,2,Hair color; Retina colour; Sunburns,GCST007082; GCST007086; GCST90939791,30595370; 38728357,EFO_0009764-page-000.json; MONDO_0005326-page-000.json; OBA_0002313-page-000.json,strict + broad,True,222644390; 36097417; 36099484,https://www.ebi.ac.uk/gwas/rest/api/v2/associations/222644390; https://www.ebi.ac.uk/gwas/rest/api/v2/associations/36097417; https://www.ebi.ac.uk/gwas/rest/api/v2/associations/36099484,https://www.ebi.ac.uk/gwas/rest/api/v2/associations?efo_id=EFO_0009764&show_child_trait=false&size=500&page=0; https://www.ebi.ac.uk/gwas/rest/api/v2/associations?efo_id=MONDO_0005326&show_child_trait=false&size=500&page=0; https://www.ebi.ac.uk/gwas/rest/api/v2/associations?efo_id=OBA_0002313&show_child_trait=false&size=500&page=0
pigmentation,TPRG1,EFO_0009764; MONDO_0005326; OBA_0002313,eye colour measurement; strand of hair color; sunburn,broad; strict,broad; strict,3,3,3,Hair color; Iris heterochromicity; Sunburns,GCST003479; GCST007086; GCST007742,26926045; 30595370; 30895295,EFO_0009764-page-000.json; MONDO_0005326-page-000.json; OBA_0002313-page-001.json,strict + broad,True,16544606; 36099166; 41451890,https://www.ebi.ac.uk/gwas/rest/api/v2/associations/16544606; https://www.ebi.ac.uk/gwas/rest/api/v2/associations/36099166; https://www.ebi.ac.uk/gwas/rest/api/v2/associations/41451890,https://www.ebi.ac.uk/gwas/rest/api/v2/associations?efo_id=EFO_0009764&show_child_trait=false&size=500&page=0; https://www.ebi.ac.uk/gwas/rest/api/v2/associations?efo_id=MONDO_0005326&show_child_trait=false&size=500&page=0; https://www.ebi.ac.uk/gwas/rest/api/v2/associations?efo_id=OBA_0002313&show_child_trait=false&size=500&page=1
pigmentation,TRPC4AP,EFO_0004279; OBA_0002313,strand of hair color; suntan,broad; strict,broad; strict,2,2,2,Hair color; Low tan response,GCST005897; GCST007082,29739929; 30595370,EFO_0004279-page-000.json; OBA_0002313-page-000.json,strict + broad,True,30828116; 36097432,https://www.ebi.ac.uk/gwas/rest/api/v2/associations/30828116; https://www.ebi.ac.uk/gwas/rest/api/v2/associations/36097432,https://www.ebi.ac.uk/gwas/rest/api/v2/associations?efo_id=EFO_0004279&show_child_trait=false&size=500&page=0; https://www.ebi.ac.uk/gwas/rest/api/v2/associations?efo_id=OBA_0002313&show_child_trait=false&size=500&page=0
pigmentation,TRPS1,EFO_0004279; MONDO_0005326; OBA_0002313; OBA_VT0002095,skin pigmentation; strand of hair color; sunburn; suntan,broad; strict,broad; strict,4,4,3,Hair color; Low tan response; Skin reflectance; Sunburns,GCST005897; GCST007082; GCST007086; GCST90246327,29739929; 30595370; 36536295,EFO_0004279-page-000.json; MONDO_0005326-page-000.json; OBA_0002313-page-001.json; OBA_VT0002095-page-000.json,strict + broad,True,103607496; 30827811; 36096308; 36099276,https://www.ebi.ac.uk/gwas/rest/api/v2/associations/103607496; https://www.ebi.ac.uk/gwas/rest/api/v2/associations/30827811; https://www.ebi.ac.uk/gwas/rest/api/v2/associations/36096308; https://www.ebi.ac.uk/gwas/rest/api/v2/associations/36099276,https://www.ebi.ac.uk/gwas/rest/api/v2/associations?efo_id=EFO_0004279&show_child_trait=false&size=500&page=0; https://www.ebi.ac.uk/gwas/rest/api/v2/associations?efo_id=MONDO_0005326&show_child_trait=false&size=500&page=0; https://www.ebi.ac.uk/gwas/rest/api/v2/associations?efo_id=OBA_0002313&show_child_trait=false&size=500&page=1; https://www.ebi.ac.uk/gwas/rest/api/v2/associations?efo_id=OBA_VT0002095&show_child_trait=false&size=500&page=0
pigmentation,TSPAN10,EFO_0003924; EFO_0003949; OBA_0002313,eye color; hair color; strand of hair color,strict,strict,6,5,4,Brown vs. black hair color; Eye color; Hair color; Hair morphology traits; Red vs. brown/black hair color,GCST006986; GCST006989; GCST007082; GCST007486; GCST012219,30166351; 30531825; 30595370; 33692100,EFO_0003924-page-000.json; EFO_0003949-page-000.json; OBA_0002313-page-000.json,strict + broad,True,35793402; 36097324; 41334466; 41334566; 62419516; 95284505,https://www.ebi.ac.uk/gwas/rest/api/v2/associations/35793402; https://www.ebi.ac.uk/gwas/rest/api/v2/associations/36097324; https://www.ebi.ac.uk/gwas/rest/api/v2/associations/41334466; https://www.ebi.ac.uk/gwas/rest/api/v2/associations/41334566; https://www.ebi.ac.uk/gwas/rest/api/v2/associations/62419516; https://www.ebi.ac.uk/gwas/rest/api/v2/associations/95284505,https://www.ebi.ac.uk/gwas/rest/api/v2/associations?efo_id=EFO_0003924&show_child_trait=false&size=500&page=0; https://www.ebi.ac.uk/gwas/rest/api/v2/associations?efo_id=EFO_0003949&show_child_trait=false&size=500&page=0; https://www.ebi.ac.uk/gwas/rest/api/v2/associations?efo_id=OBA_0002313&show_child_trait=false&size=500&page=0
pigmentation,TUBB3,EFO_0003924; OBA_0002313; OBA_VT0002095,hair color; skin pigmentation; strand of hair color,strict,strict,8,5,4,"Hair color; Hair colour (natural, before greying): Dark brown (UKB data field 1747_4); Hair colour (natural, before greying): Red (UKB data field 1747_2); Red vs. brown/black hair color; Skin reflectance",GCST006986; GCST007082; GCST90041837; GCST90041839; GCST90246327,30531825; 30595370; 34737426; 36536295,EFO_0003924-page-000.json; OBA_0002313-page-000.json; OBA_VT0002095-page-000.json,strict + broad,True,103607405; 36097242; 62419466; 62419541; 93413749; 93413755; 93414236; 93414241,https://www.ebi.ac.uk/gwas/rest/api/v2/associations/103607405; https://www.ebi.ac.uk/gwas/rest/api/v2/associations/36097242; https://www.ebi.ac.uk/gwas/rest/api/v2/associations/62419466; https://www.ebi.ac.uk/gwas/rest/api/v2/associations/62419541; https://www.ebi.ac.uk/gwas/rest/api/v2/associations/93413749; https://www.ebi.ac.uk/gwas/rest/api/v2/associations/93413755; https://www.ebi.ac.uk/gwas/rest/api/v2/associations/93414236; https://www.ebi.ac.uk/gwas/rest/api/v2/associations/93414241,https://www.ebi.ac.uk/gwas/rest/api/v2/associations?efo_id=EFO_0003924&show_child_trait=false&size=500&page=0; https://www.ebi.ac.uk/gwas/rest/api/v2/associations?efo_id=OBA_0002313&show_child_trait=false&size=500&page=0; https://www.ebi.ac.uk/gwas/rest/api/v2/associations?efo_id=OBA_VT0002095&show_child_trait=false&size=500&page=0
pigmentation,TUBB4BP4,EFO_0003924; OBA_0002313,hair color; strand of hair color,strict,strict,2,2,2,Cutaneous melanoma or hair colour; Hair color,GCST007082; GCST010302,30595370; 32341527,EFO_0003924-page-000.json; OBA_0002313-page-000.json,strict + broad,True,36096672; 61986573,https://www.ebi.ac.uk/gwas/rest/api/v2/associations/36096672; https://www.ebi.ac.uk/gwas/rest/api/v2/associations/61986573,https://www.ebi.ac.uk/gwas/rest/api/v2/associations?efo_id=EFO_0003924&show_child_trait=false&size=500&page=0; https://www.ebi.ac.uk/gwas/rest/api/v2/associations?efo_id=OBA_0002313&show_child_trait=false&size=500&page=0
pigmentation,TWIST2,EFO_0003924; OBA_0002313,hair color; strand of hair color,strict,strict,2,2,2,Blond vs. brown/black hair color; Hair color,GCST006988; GCST007082,30531825; 30595370,EFO_0003924-page-000.json; OBA_0002313-page-001.json,strict + broad,True,35792629; 36095675,https://www.ebi.ac.uk/gwas/rest/api/v2/associations/35792629; https://www.ebi.ac.uk/gwas/rest/api/v2/associations/36095675,https://www.ebi.ac.uk/gwas/rest/api/v2/associations?efo_id=EFO_0003924&show_child_trait=false&size=500&page=0; https://www.ebi.ac.uk/gwas/rest/api/v2/associations?efo_id=OBA_0002313&show_child_trait=false&size=500&page=1
pigmentation,TYR,EFO_0003924; EFO_0003949; EFO_0003963; EFO_0004279; EFO_0009764; MONDO_0005326; MONDO_0005434; OBA_0002313; OBA_VT0002095,eye color; eye colour measurement; freckles; hair color; skin pigmentation; skin sensitivity to sun; strand of hair color; sunburn; suntan,broad; strict,broad; strict,40,25,14,"Blond vs. brown/black hair color; Blue vs. green eyes; Brown vs. black hair color; Cutaneous melanoma or hair colour; Ease of sunburn; Eye color; Eye color (brightness); Freckles; Hair color; Low tan response; Skin color; Skin color (Fitzpatrick scale); Skin phototype score; Skin pigmentation; Skin reflectance; Skin sensitivity to sun; Skin, hair and eye pigmentation (multivariate analysis); Sunburns; Tanning",GCST000116; GCST000117; GCST000119; GCST000371; GCST000710; GCST001933; GCST001939; GCST005897; GCST006075; GCST006988; GCST006989; GCST007082; GCST007086; GCST007451; GCST007452; GCST007454; GCST007455; GCST008519; GCST010302; GCST012219; GCST90246327; GCST90255686; GCST90255688; GCST90255689; GCST90255690,17952075; 19340012; 20585627; 23548203; 29662168; 29739929; 30531825; 30595370; 30664655; 31315583; 32341527; 33692100; 36536295; 36672889,EFO_0003924-page-000.json; EFO_0003949-page-000.json; EFO_0003963-page-000.json; EFO_0004279-page-000.json; EFO_0009764-page-000.json; MONDO_0005326-page-000.json; MONDO_0005434-page-000.json; OBA_0002313-page-000.json; OBA_0002313-page-001.json; OBA_VT0002095-page-000.json; OBA_VT0002095-page-001.json,strict + broad,True,103607511; 104179492; 104179854; 104180042; 104180170; 104180293; 104180425; 104180566; 104180661; 104180819; 104180957; 104181048; 104181099; 11754; 11764; 11787; 12892; 15594; 15597; 30548220; 30827831; 30827959; 34054; 34065; 35792848; 35792892; 35793320; 35793324; 36096647; 36099349; 36099353; 37790082; 37790086; 37790278; 37790282; 37790307; 37790431; 47688506; 61986442; 95284481,https://www.ebi.ac.uk/gwas/rest/api/v2/associations/103607511; https://www.ebi.ac.uk/gwas/rest/api/v2/associations/104179492; https://www.ebi.ac.uk/gwas/rest/api/v2/associations/104179854; https://www.ebi.ac.uk/gwas/rest/api/v2/associations/104180042; https://www.ebi.ac.uk/gwas/rest/api/v2/associations/104180170; https://www.ebi.ac.uk/gwas/rest/api/v2/associations/104180293; https://www.ebi.ac.uk/gwas/rest/api/v2/associations/104180425; https://www.ebi.ac.uk/gwas/rest/api/v2/associations/104180566; https://www.ebi.ac.uk/gwas/rest/api/v2/associations/104180661; https://www.ebi.ac.uk/gwas/rest/api/v2/associations/104180819; https://www.ebi.ac.uk/gwas/rest/api/v2/associations/104180957; https://www.ebi.ac.uk/gwas/rest/api/v2/associations/104181048; https://www.ebi.ac.uk/gwas/rest/api/v2/associations/104181099; https://www.ebi.ac.uk/gwas/rest/api/v2/associations/11754; https://www.ebi.ac.uk/gwas/rest/api/v2/associations/11764; https://www.ebi.ac.uk/gwas/rest/api/v2/associations/11787; https://www.ebi.ac.uk/gwas/rest/api/v2/associations/12892; https://www.ebi.ac.uk/gwas/rest/api/v2/associations/15594; https://www.ebi.ac.uk/gwas/rest/api/v2/associations/15597; https://www.ebi.ac.uk/gwas/rest/api/v2/associations/30548220; https://www.ebi.ac.uk/gwas/rest/api/v2/associations/30827831; https://www.ebi.ac.uk/gwas/rest/api/v2/associations/30827959; https://www.ebi.ac.uk/gwas/rest/api/v2/associations/34054; https://www.ebi.ac.uk/gwas/rest/api/v2/associations/34065; https://www.ebi.ac.uk/gwas/rest/api/v2/associations/35792848; https://www.ebi.ac.uk/gwas/rest/api/v2/associations/35792892; https://www.ebi.ac.uk/gwas/rest/api/v2/associations/35793320; https://www.ebi.ac.uk/gwas/rest/api/v2/associations/35793324; https://www.ebi.ac.uk/gwas/rest/api/v2/associations/36096647; https://www.ebi.ac.uk/gwas/rest/api/v2/associations/36099349; https://www.ebi.ac.uk/gwas/rest/api/v2/associations/36099353; https://www.ebi.ac.uk/gwas/rest/api/v2/associations/37790082; https://www.ebi.ac.uk/gwas/rest/api/v2/associations/37790086; https://www.ebi.ac.uk/gwas/rest/api/v2/associations/37790278; https://www.ebi.ac.uk/gwas/rest/api/v2/associations/37790282; https://www.ebi.ac.uk/gwas/rest/api/v2/associations/37790307; https://www.ebi.ac.uk/gwas/rest/api/v2/associations/37790431; https://www.ebi.ac.uk/gwas/rest/api/v2/associations/47688506; https://www.ebi.ac.uk/gwas/rest/api/v2/associations/61986442; https://www.ebi.ac.uk/gwas/rest/api/v2/associations/95284481,https://www.ebi.ac.uk/gwas/rest/api/v2/associations?efo_id=EFO_0003924&show_child_trait=false&size=500&page=0; https://www.ebi.ac.uk/gwas/rest/api/v2/associations?efo_id=EFO_0003949&show_child_trait=false&size=500&page=0; https://www.ebi.ac.uk/gwas/rest/api/v2/associations?efo_id=EFO_0003963&show_child_trait=false&size=500&page=0; https://www.ebi.ac.uk/gwas/rest/api/v2/associations?efo_id=EFO_0004279&show_child_trait=false&size=500&page=0; https://www.ebi.ac.uk/gwas/rest/api/v2/associations?efo_id=EFO_0009764&show_child_trait=false&size=500&page=0; https://www.ebi.ac.uk/gwas/rest/api/v2/associations?efo_id=MONDO_0005326&show_child_trait=false&size=500&page=0; https://www.ebi.ac.uk/gwas/rest/api/v2/associations?efo_id=MONDO_0005434&show_child_trait=false&size=500&page=0; https://www.ebi.ac.uk/gwas/rest/api/v2/associations?efo_id=OBA_0002313&show_child_trait=false&size=500&page=0; https://www.ebi.ac.uk/gwas/rest/api/v2/associations?efo_id=OBA_0002313&show_child_trait=false&size=500&page=1; https://www.ebi.ac.uk/gwas/rest/api/v2/associations?efo_id=OBA_VT0002095&show_child_trait=false&size=500&page=0; https://www.ebi.ac.uk/gwas/rest/api/v2/associations?efo_id=OBA_VT0002095&show_child_trait=false&size=500&page=1
pigmentation,TYRP1,EFO_0003924; OBA_VT0002095,hair color; skin pigmentation,strict,strict,3,3,2,Cutaneous melanoma or hair colour; Skin color (Fitzpatrick scale); Skin phototype score,GCST010302; GCST90255688; GCST90255689,32341527; 36672889,EFO_0003924-page-000.json; OBA_VT0002095-page-000.json,strict + broad,True,104180073; 104180596; 61986447,https://www.ebi.ac.uk/gwas/rest/api/v2/associations/104180073; https://www.ebi.ac.uk/gwas/rest/api/v2/associations/104180596; https://www.ebi.ac.uk/gwas/rest/api/v2/associations/61986447,https://www.ebi.ac.uk/gwas/rest/api/v2/associations?efo_id=EFO_0003924&show_child_trait=false&size=500&page=0; https://www.ebi.ac.uk/gwas/rest/api/v2/associations?efo_id=OBA_VT0002095&show_child_trait=false&size=500&page=0
pigmentation,U6,EFO_0004279; OBA_VT0002095,skin pigmentation; suntan,broad; strict,broad; strict,2,2,2,Low tan response; Skin reflectance (Melanin index),GCST005897; GCST007739,29739929; 30895295,EFO_0004279-page-000.json; OBA_VT0002095-page-001.json,strict + broad,True,30828134; 41452518,https://www.ebi.ac.uk/gwas/rest/api/v2/associations/30828134; https://www.ebi.ac.uk/gwas/rest/api/v2/associations/41452518,https://www.ebi.ac.uk/gwas/rest/api/v2/associations?efo_id=EFO_0004279&show_child_trait=false&size=500&page=0; https://www.ebi.ac.uk/gwas/rest/api/v2/associations?efo_id=OBA_VT0002095&show_child_trait=false&size=500&page=1
pigmentation,VGLL4,EFO_0003924; OBA_0002313,hair color; strand of hair color,strict,strict,2,2,2,Blond vs. brown/black hair color; Hair color,GCST006988; GCST007082,30531825; 30595370,EFO_0003924-page-000.json; OBA_0002313-page-001.json,strict + broad,True,35792444; 36095688,https://www.ebi.ac.uk/gwas/rest/api/v2/associations/35792444; https://www.ebi.ac.uk/gwas/rest/api/v2/associations/36095688,https://www.ebi.ac.uk/gwas/rest/api/v2/associations?efo_id=EFO_0003924&show_child_trait=false&size=500&page=0; https://www.ebi.ac.uk/gwas/rest/api/v2/associations?efo_id=OBA_0002313&show_child_trait=false&size=500&page=1
pigmentation,VPS9D1,EFO_0003924; EFO_0004279; OBA_0002313; OBA_VT0002095,hair color; skin pigmentation; strand of hair color; suntan,broad; strict,broad; strict,5,4,4,"Hair colour (natural, before greying): Dark brown (UKB data field 1747_4); Low tan response; Red vs non-red hair color; Skin reflectance",GCST005897; GCST90041839; GCST90246327; GCST90255681,29739929; 34737426; 36536295; 36672889,EFO_0003924-page-000.json; EFO_0004279-page-000.json; OBA_0002313-page-000.json; OBA_VT0002095-page-000.json,strict + broad,True,103607411; 104178466; 104178523; 30828035; 93414202,https://www.ebi.ac.uk/gwas/rest/api/v2/associations/103607411; https://www.ebi.ac.uk/gwas/rest/api/v2/associations/104178466; https://www.ebi.ac.uk/gwas/rest/api/v2/associations/104178523; https://www.ebi.ac.uk/gwas/rest/api/v2/associations/30828035; https://www.ebi.ac.uk/gwas/rest/api/v2/associations/93414202,https://www.ebi.ac.uk/gwas/rest/api/v2/associations?efo_id=EFO_0003924&show_child_trait=false&size=500&page=0; https://www.ebi.ac.uk/gwas/rest/api/v2/associations?efo_id=EFO_0004279&show_child_trait=false&size=500&page=0; https://www.ebi.ac.uk/gwas/rest/api/v2/associations?efo_id=OBA_0002313&show_child_trait=false&size=500&page=0; https://www.ebi.ac.uk/gwas/rest/api/v2/associations?efo_id=OBA_VT0002095&show_child_trait=false&size=500&page=0
pigmentation,VPS9D1-AS1,EFO_0003924; OBA_0002313,hair color; strand of hair color,strict,strict,2,2,2,"Hair colour (natural, before greying): Dark brown (UKB data field 1747_4); Red vs non-red hair color",GCST90041839; GCST90255681,34737426; 36672889,EFO_0003924-page-000.json; OBA_0002313-page-000.json,strict + broad,True,104178466; 93414202,https://www.ebi.ac.uk/gwas/rest/api/v2/associations/104178466; https://www.ebi.ac.uk/gwas/rest/api/v2/associations/93414202,https://www.ebi.ac.uk/gwas/rest/api/v2/associations?efo_id=EFO_0003924&show_child_trait=false&size=500&page=0; https://www.ebi.ac.uk/gwas/rest/api/v2/associations?efo_id=OBA_0002313&show_child_trait=false&size=500&page=0
pigmentation,WHAMMP2,EFO_0003924; OBA_0002313,hair color; strand of hair color,strict,strict,3,3,2,Black vs. blond hair color; Black vs. red hair color; Hair color,GCST000190; GCST000191; GCST007082,18483556; 30595370,EFO_0003924-page-001.json; OBA_0002313-page-000.json,strict + broad,True,11639; 11642; 36097060,https://www.ebi.ac.uk/gwas/rest/api/v2/associations/11639; https://www.ebi.ac.uk/gwas/rest/api/v2/associations/11642; https://www.ebi.ac.uk/gwas/rest/api/v2/associations/36097060,https://www.ebi.ac.uk/gwas/rest/api/v2/associations?efo_id=EFO_0003924&show_child_trait=false&size=500&page=1; https://www.ebi.ac.uk/gwas/rest/api/v2/associations?efo_id=OBA_0002313&show_child_trait=false&size=500&page=0
pigmentation,WNT7B,EFO_0003924; EFO_0009764,eye colour measurement; hair color,strict,strict,2,2,2,Blond vs. brown/black hair color; Retina colour,GCST006988; GCST90939791,30531825; 38728357,EFO_0003924-page-001.json; EFO_0009764-page-000.json,strict + broad,True,222644394; 35792284,https://www.ebi.ac.uk/gwas/rest/api/v2/associations/222644394; https://www.ebi.ac.uk/gwas/rest/api/v2/associations/35792284,https://www.ebi.ac.uk/gwas/rest/api/v2/associations?efo_id=EFO_0003924&show_child_trait=false&size=500&page=1; https://www.ebi.ac.uk/gwas/rest/api/v2/associations?efo_id=EFO_0009764&show_child_trait=false&size=500&page=0
pigmentation,Y_RNA,EFO_0003924; OBA_0002313; OBA_VT0002095,hair color; skin pigmentation; strand of hair color,strict,strict,12,5,4,Blond vs. brown/black hair color; Brown vs. black hair color; Hair color; Red vs non-red hair color; Skin reflectance (Melanin index),GCST006988; GCST006989; GCST007082; GCST007739; GCST90255681,30531825; 30595370; 30895295; 36672889,EFO_0003924-page-000.json; EFO_0003924-page-001.json; OBA_0002313-page-000.json; OBA_0002313-page-001.json; OBA_VT0002095-page-001.json,strict + broad,True,104178379; 35792248; 35792795; 35792839; 35793188; 36096251; 36096613; 36096784; 36096789; 36097306; 36097545; 41452365,https://www.ebi.ac.uk/gwas/rest/api/v2/associations/104178379; https://www.ebi.ac.uk/gwas/rest/api/v2/associations/35792248; https://www.ebi.ac.uk/gwas/rest/api/v2/associations/35792795; https://www.ebi.ac.uk/gwas/rest/api/v2/associations/35792839; https://www.ebi.ac.uk/gwas/rest/api/v2/associations/35793188; https://www.ebi.ac.uk/gwas/rest/api/v2/associations/36096251; https://www.ebi.ac.uk/gwas/rest/api/v2/associations/36096613; https://www.ebi.ac.uk/gwas/rest/api/v2/associations/36096784; https://www.ebi.ac.uk/gwas/rest/api/v2/associations/36096789; https://www.ebi.ac.uk/gwas/rest/api/v2/associations/36097306; https://www.ebi.ac.uk/gwas/rest/api/v2/associations/36097545; https://www.ebi.ac.uk/gwas/rest/api/v2/associations/41452365,https://www.ebi.ac.uk/gwas/rest/api/v2/associations?efo_id=EFO_0003924&show_child_trait=false&size=500&page=0; https://www.ebi.ac.uk/gwas/rest/api/v2/associations?efo_id=EFO_0003924&show_child_trait=false&size=500&page=1; https://www.ebi.ac.uk/gwas/rest/api/v2/associations?efo_id=OBA_0002313&show_child_trait=false&size=500&page=0; https://www.ebi.ac.uk/gwas/rest/api/v2/associations?efo_id=OBA_0002313&show_child_trait=false&size=500&page=1; https://www.ebi.ac.uk/gwas/rest/api/v2/associations?efo_id=OBA_VT0002095&show_child_trait=false&size=500&page=1
pigmentation,ZBTB38,EFO_0003924; OBA_0002313,hair color; strand of hair color,strict,strict,4,4,3,Blond vs. brown/black hair color; Brown vs. black hair color; Hair color,GCST006075; GCST006988; GCST006989; GCST007082,29662168; 30531825; 30595370,EFO_0003924-page-000.json; OBA_0002313-page-001.json,strict + broad,True,30548173; 35792807; 35793274; 36095748,https://www.ebi.ac.uk/gwas/rest/api/v2/associations/30548173; https://www.ebi.ac.uk/gwas/rest/api/v2/associations/35792807; https://www.ebi.ac.uk/gwas/rest/api/v2/associations/35793274; https://www.ebi.ac.uk/gwas/rest/api/v2/associations/36095748,https://www.ebi.ac.uk/gwas/rest/api/v2/associations?efo_id=EFO_0003924&show_child_trait=false&size=500&page=0; https://www.ebi.ac.uk/gwas/rest/api/v2/associations?efo_id=OBA_0002313&show_child_trait=false&size=500&page=1
pigmentation,ZC3H18,OBA_0002313,strand of hair color,strict,strict,3,2,2,"Hair color; Hair colour (natural, before greying): Red (UKB data field 1747_2)",GCST007082; GCST90041837,30595370; 34737426,OBA_0002313-page-000.json,strict + broad,True,36097187; 93413333; 93413339,https://www.ebi.ac.uk/gwas/rest/api/v2/associations/36097187; https://www.ebi.ac.uk/gwas/rest/api/v2/associations/93413333; https://www.ebi.ac.uk/gwas/rest/api/v2/associations/93413339,https://www.ebi.ac.uk/gwas/rest/api/v2/associations?efo_id=OBA_0002313&show_child_trait=false&size=500&page=0
pigmentation,ZFP36L1,EFO_0003924; OBA_0002313,hair color; strand of hair color,strict,strict,3,3,3,Blond vs. brown/black hair color; Cutaneous melanoma or hair colour; Hair color,GCST006988; GCST007082; GCST010302,30531825; 30595370; 32341527,EFO_0003924-page-000.json; OBA_0002313-page-000.json,strict + broad,True,35792416; 36096937; 61986510,https://www.ebi.ac.uk/gwas/rest/api/v2/associations/35792416; https://www.ebi.ac.uk/gwas/rest/api/v2/associations/36096937; https://www.ebi.ac.uk/gwas/rest/api/v2/associations/61986510,https://www.ebi.ac.uk/gwas/rest/api/v2/associations?efo_id=EFO_0003924&show_child_trait=false&size=500&page=0; https://www.ebi.ac.uk/gwas/rest/api/v2/associations?efo_id=OBA_0002313&show_child_trait=false&size=500&page=0
pigmentation,ZFPM1,OBA_0002313,strand of hair color,strict,strict,5,2,2,"Hair color; Hair colour (natural, before greying): Red (UKB data field 1747_2)",GCST007082; GCST90041837,30595370; 34737426,OBA_0002313-page-000.json,strict + broad,True,36097177; 36097182; 93413321; 93413327; 93413333,https://www.ebi.ac.uk/gwas/rest/api/v2/associations/36097177; https://www.ebi.ac.uk/gwas/rest/api/v2/associations/36097182; https://www.ebi.ac.uk/gwas/rest/api/v2/associations/93413321; https://www.ebi.ac.uk/gwas/rest/api/v2/associations/93413327; https://www.ebi.ac.uk/gwas/rest/api/v2/associations/93413333,https://www.ebi.ac.uk/gwas/rest/api/v2/associations?efo_id=OBA_0002313&show_child_trait=false&size=500&page=0
pigmentation,ZFYVE16,EFO_0003924; OBA_0002313,hair color; strand of hair color,strict,strict,2,2,2,Blond vs. brown/black hair color; Hair color,GCST006988; GCST007082,30531825; 30595370,EFO_0003924-page-000.json; OBA_0002313-page-001.json,strict + broad,True,35792380; 36095963,https://www.ebi.ac.uk/gwas/rest/api/v2/associations/35792380; https://www.ebi.ac.uk/gwas/rest/api/v2/associations/36095963,https://www.ebi.ac.uk/gwas/rest/api/v2/associations?efo_id=EFO_0003924&show_child_trait=false&size=500&page=0; https://www.ebi.ac.uk/gwas/rest/api/v2/associations?efo_id=OBA_0002313&show_child_trait=false&size=500&page=1
pigmentation,ZMIZ1,EFO_0003924; OBA_0002313,hair color; strand of hair color,strict,strict,3,3,2,Blond vs. brown/black hair color; Brown vs. black hair color; Hair color,GCST006988; GCST006989; GCST007082,30531825; 30595370,EFO_0003924-page-000.json; OBA_0002313-page-001.json,strict + broad,True,35792388; 35793246; 36096450,https://www.ebi.ac.uk/gwas/rest/api/v2/associations/35792388; https://www.ebi.ac.uk/gwas/rest/api/v2/associations/35793246; https://www.ebi.ac.uk/gwas/rest/api/v2/associations/36096450,https://www.ebi.ac.uk/gwas/rest/api/v2/associations?efo_id=EFO_0003924&show_child_trait=false&size=500&page=0; https://www.ebi.ac.uk/gwas/rest/api/v2/associations?efo_id=OBA_0002313&show_child_trait=false&size=500&page=1
pigmentation,ZNF276,EFO_0003924; OBA_0002313; OBA_VT0002095,hair color; skin pigmentation; strand of hair color,strict,strict,6,6,3,"Hair colour (natural, before greying): Red (UKB data field 1747_2); Red vs non-red hair color; Skin color; Skin color (Fitzpatrick scale); Skin phototype score; Skin reflectance",GCST90041837; GCST90246327; GCST90255681; GCST90255688; GCST90255689; GCST90255690,34737426; 36536295; 36672889,EFO_0003924-page-000.json; OBA_0002313-page-000.json; OBA_VT0002095-page-000.json,strict + broad,True,103607411; 104178562; 104179895; 104180455; 104180855; 93413668,https://www.ebi.ac.uk/gwas/rest/api/v2/associations/103607411; https://www.ebi.ac.uk/gwas/rest/api/v2/associations/104178562; https://www.ebi.ac.uk/gwas/rest/api/v2/associations/104179895; https://www.ebi.ac.uk/gwas/rest/api/v2/associations/104180455; https://www.ebi.ac.uk/gwas/rest/api/v2/associations/104180855; https://www.ebi.ac.uk/gwas/rest/api/v2/associations/93413668,https://www.ebi.ac.uk/gwas/rest/api/v2/associations?efo_id=EFO_0003924&show_child_trait=false&size=500&page=0; https://www.ebi.ac.uk/gwas/rest/api/v2/associations?efo_id=OBA_0002313&show_child_trait=false&size=500&page=0; https://www.ebi.ac.uk/gwas/rest/api/v2/associations?efo_id=OBA_VT0002095&show_child_trait=false&size=500&page=0
pigmentation,ZNF778,OBA_0002313,strand of hair color,strict,strict,4,3,2,"Hair color; Hair colour (natural, before greying): Dark brown (UKB data field 1747_4); Hair colour (natural, before greying): Red (UKB data field 1747_2)",GCST007082; GCST90041837; GCST90041839,30595370; 34737426,OBA_0002313-page-000.json,strict + broad,True,36097212; 93413500; 93413506; 93414162,https://www.ebi.ac.uk/gwas/rest/api/v2/associations/36097212; https://www.ebi.ac.uk/gwas/rest/api/v2/associations/93413500; https://www.ebi.ac.uk/gwas/rest/api/v2/associations/93413506; https://www.ebi.ac.uk/gwas/rest/api/v2/associations/93414162,https://www.ebi.ac.uk/gwas/rest/api/v2/associations?efo_id=OBA_0002313&show_child_trait=false&size=500&page=0
pigmentation,ZNF831,EFO_0003924; OBA_0002313,hair color; strand of hair color,strict,strict,3,3,2,Blond vs. brown/black hair color; Brown vs. black hair color; Hair color,GCST006988; GCST006989; GCST007082,30531825; 30595370,EFO_0003924-page-000.json; OBA_0002313-page-000.json,strict + broad,True,35792452; 35793412; 36097501,https://www.ebi.ac.uk/gwas/rest/api/v2/associations/35792452; https://www.ebi.ac.uk/gwas/rest/api/v2/associations/35793412; https://www.ebi.ac.uk/gwas/rest/api/v2/associations/36097501,https://www.ebi.ac.uk/gwas/rest/api/v2/associations?efo_id=EFO_0003924&show_child_trait=false&size=500&page=0; https://www.ebi.ac.uk/gwas/rest/api/v2/associations?efo_id=OBA_0002313&show_child_trait=false&size=500&page=0
pigmentation,ZNG1A,EFO_0003924; OBA_0002313,hair color; strand of hair color,strict,strict,4,4,3,Blond vs. brown/black hair color; Brown vs. black hair color; Cutaneous melanoma or hair colour; Hair color,GCST006988; GCST006989; GCST007082; GCST010302,30531825; 30595370; 32341527,EFO_0003924-page-000.json; OBA_0002313-page-001.json,strict + broad,True,35792364; 35793251; 36096317; 61986465,https://www.ebi.ac.uk/gwas/rest/api/v2/associations/35792364; https://www.ebi.ac.uk/gwas/rest/api/v2/associations/35793251; https://www.ebi.ac.uk/gwas/rest/api/v2/associations/36096317; https://www.ebi.ac.uk/gwas/rest/api/v2/associations/61986465,https://www.ebi.ac.uk/gwas/rest/api/v2/associations?efo_id=EFO_0003924&show_child_trait=false&size=500&page=0; https://www.ebi.ac.uk/gwas/rest/api/v2/associations?efo_id=OBA_0002313&show_child_trait=false&size=500&page=1
