group,association_id,study_id,pubmed_id,mapped_genes,reported_trait,mapped_labels,association_url,query_ids,analysis_scopes,response_files,source_urls,discovery_n
hair,19567245,GCST003996,27182965,[],Monobrow,synophrys measurement,https://www.ebi.ac.uk/gwas/rest/api/v2/associations/19567245,"[""EFO_0007906""]","[""broad""]","[""EFO_0007906-page-000.json""]","[""https://www.ebi.ac.uk/gwas/rest/api/v2/associations?efo_id=EFO_0007906&show_child_trait=false&size=500&page=0""]",69284
hair,19567271,GCST003996,27182965,[],Monobrow,synophrys measurement,https://www.ebi.ac.uk/gwas/rest/api/v2/associations/19567271,"[""EFO_0007906""]","[""broad""]","[""EFO_0007906-page-000.json""]","[""https://www.ebi.ac.uk/gwas/rest/api/v2/associations?efo_id=EFO_0007906&show_child_trait=false&size=500&page=0""]",69284
hair,19567387,GCST003996,27182965,[],Monobrow,synophrys measurement,https://www.ebi.ac.uk/gwas/rest/api/v2/associations/19567387,"[""EFO_0007906""]","[""broad""]","[""EFO_0007906-page-000.json""]","[""https://www.ebi.ac.uk/gwas/rest/api/v2/associations?efo_id=EFO_0007906&show_child_trait=false&size=500&page=0""]",69284
pigmentation,100392773,GCST90134452,35888748,[],Melanin levels,melanin measurement,https://www.ebi.ac.uk/gwas/rest/api/v2/associations/100392773,"[""EFO_0021835""]","[""strict""]","[""EFO_0021835-page-000.json""]","[""https://www.ebi.ac.uk/gwas/rest/api/v2/associations?efo_id=EFO_0021835&show_child_trait=false&size=500&page=0""]",998
pigmentation,103607459,GCST90246327,36536295,[],Skin reflectance,skin pigmentation,https://www.ebi.ac.uk/gwas/rest/api/v2/associations/103607459,"[""OBA_VT0002095""]","[""strict""]","[""OBA_VT0002095-page-000.json""]","[""https://www.ebi.ac.uk/gwas/rest/api/v2/associations?efo_id=OBA_VT0002095&show_child_trait=false&size=500&page=0""]",27254
pigmentation,104178320,GCST90255681,36672889,[],Red vs non-red hair color,hair color,https://www.ebi.ac.uk/gwas/rest/api/v2/associations/104178320,"[""EFO_0003924""]","[""strict""]","[""EFO_0003924-page-000.json""]","[""https://www.ebi.ac.uk/gwas/rest/api/v2/associations?efo_id=EFO_0003924&show_child_trait=false&size=500&page=0""]",4979
pigmentation,104178326,GCST90255681,36672889,[],Red vs non-red hair color,hair color,https://www.ebi.ac.uk/gwas/rest/api/v2/associations/104178326,"[""EFO_0003924""]","[""strict""]","[""EFO_0003924-page-000.json""]","[""https://www.ebi.ac.uk/gwas/rest/api/v2/associations?efo_id=EFO_0003924&show_child_trait=false&size=500&page=0""]",4979
pigmentation,104178332,GCST90255681,36672889,[],Red vs non-red hair color,hair color,https://www.ebi.ac.uk/gwas/rest/api/v2/associations/104178332,"[""EFO_0003924""]","[""strict""]","[""EFO_0003924-page-000.json""]","[""https://www.ebi.ac.uk/gwas/rest/api/v2/associations?efo_id=EFO_0003924&show_child_trait=false&size=500&page=0""]",4979
pigmentation,104178338,GCST90255681,36672889,[],Red vs non-red hair color,hair color,https://www.ebi.ac.uk/gwas/rest/api/v2/associations/104178338,"[""EFO_0003924""]","[""strict""]","[""EFO_0003924-page-000.json""]","[""https://www.ebi.ac.uk/gwas/rest/api/v2/associations?efo_id=EFO_0003924&show_child_trait=false&size=500&page=0""]",4979
pigmentation,104178344,GCST90255681,36672889,[],Red vs non-red hair color,hair color,https://www.ebi.ac.uk/gwas/rest/api/v2/associations/104178344,"[""EFO_0003924""]","[""strict""]","[""EFO_0003924-page-000.json""]","[""https://www.ebi.ac.uk/gwas/rest/api/v2/associations?efo_id=EFO_0003924&show_child_trait=false&size=500&page=0""]",4979
pigmentation,104178350,GCST90255681,36672889,[],Red vs non-red hair color,hair color,https://www.ebi.ac.uk/gwas/rest/api/v2/associations/104178350,"[""EFO_0003924""]","[""strict""]","[""EFO_0003924-page-000.json""]","[""https://www.ebi.ac.uk/gwas/rest/api/v2/associations?efo_id=EFO_0003924&show_child_trait=false&size=500&page=0""]",4979
pigmentation,104178586,GCST90255681,36672889,[],Red vs non-red hair color,hair color,https://www.ebi.ac.uk/gwas/rest/api/v2/associations/104178586,"[""EFO_0003924""]","[""strict""]","[""EFO_0003924-page-000.json""]","[""https://www.ebi.ac.uk/gwas/rest/api/v2/associations?efo_id=EFO_0003924&show_child_trait=false&size=500&page=0""]",4979
pigmentation,104178824,GCST90255683,36672889,[],Brown vs. black hair color,hair color,https://www.ebi.ac.uk/gwas/rest/api/v2/associations/104178824,"[""EFO_0003924""]","[""strict""]","[""EFO_0003924-page-000.json""]","[""https://www.ebi.ac.uk/gwas/rest/api/v2/associations?efo_id=EFO_0003924&show_child_trait=false&size=500&page=0""]",4702
pigmentation,104178877,GCST90255684,36672889,[],Eye color,eye color,https://www.ebi.ac.uk/gwas/rest/api/v2/associations/104178877,"[""EFO_0003949""]","[""strict""]","[""EFO_0003949-page-000.json""]","[""https://www.ebi.ac.uk/gwas/rest/api/v2/associations?efo_id=EFO_0003949&show_child_trait=false&size=500&page=0""]",4987
pigmentation,104178882,GCST90255684,36672889,[],Eye color,eye color,https://www.ebi.ac.uk/gwas/rest/api/v2/associations/104178882,"[""EFO_0003949""]","[""strict""]","[""EFO_0003949-page-000.json""]","[""https://www.ebi.ac.uk/gwas/rest/api/v2/associations?efo_id=EFO_0003949&show_child_trait=false&size=500&page=0""]",4987
pigmentation,104178888,GCST90255684,36672889,[],Eye color,eye color,https://www.ebi.ac.uk/gwas/rest/api/v2/associations/104178888,"[""EFO_0003949""]","[""strict""]","[""EFO_0003949-page-000.json""]","[""https://www.ebi.ac.uk/gwas/rest/api/v2/associations?efo_id=EFO_0003949&show_child_trait=false&size=500&page=0""]",4987
pigmentation,104178894,GCST90255684,36672889,[],Eye color,eye color,https://www.ebi.ac.uk/gwas/rest/api/v2/associations/104178894,"[""EFO_0003949""]","[""strict""]","[""EFO_0003949-page-000.json""]","[""https://www.ebi.ac.uk/gwas/rest/api/v2/associations?efo_id=EFO_0003949&show_child_trait=false&size=500&page=0""]",4987
pigmentation,104179650,GCST90255687,36672889,[],Ease of skin tanning,skin sensitivity to sun,https://www.ebi.ac.uk/gwas/rest/api/v2/associations/104179650,"[""MONDO_0005434""]","[""broad""]","[""MONDO_0005434-page-000.json""]","[""https://www.ebi.ac.uk/gwas/rest/api/v2/associations?efo_id=MONDO_0005434&show_child_trait=false&size=500&page=0""]",4973
pigmentation,104179790,GCST90255688,36672889,[],Skin phototype score,skin pigmentation,https://www.ebi.ac.uk/gwas/rest/api/v2/associations/104179790,"[""OBA_VT0002095""]","[""strict""]","[""OBA_VT0002095-page-000.json""]","[""https://www.ebi.ac.uk/gwas/rest/api/v2/associations?efo_id=OBA_VT0002095&show_child_trait=false&size=500&page=0""]",4933
pigmentation,104179795,GCST90255688,36672889,[],Skin phototype score,skin pigmentation,https://www.ebi.ac.uk/gwas/rest/api/v2/associations/104179795,"[""OBA_VT0002095""]","[""strict""]","[""OBA_VT0002095-page-000.json""]","[""https://www.ebi.ac.uk/gwas/rest/api/v2/associations?efo_id=OBA_VT0002095&show_child_trait=false&size=500&page=0""]",4933
pigmentation,104179800,GCST90255688,36672889,[],Skin phototype score,skin pigmentation,https://www.ebi.ac.uk/gwas/rest/api/v2/associations/104179800,"[""OBA_VT0002095""]","[""strict""]","[""OBA_VT0002095-page-000.json""]","[""https://www.ebi.ac.uk/gwas/rest/api/v2/associations?efo_id=OBA_VT0002095&show_child_trait=false&size=500&page=0""]",4933
pigmentation,104179805,GCST90255688,36672889,[],Skin phototype score,skin pigmentation,https://www.ebi.ac.uk/gwas/rest/api/v2/associations/104179805,"[""OBA_VT0002095""]","[""strict""]","[""OBA_VT0002095-page-000.json""]","[""https://www.ebi.ac.uk/gwas/rest/api/v2/associations?efo_id=OBA_VT0002095&show_child_trait=false&size=500&page=0""]",4933
pigmentation,104179811,GCST90255688,36672889,[],Skin phototype score,skin pigmentation,https://www.ebi.ac.uk/gwas/rest/api/v2/associations/104179811,"[""OBA_VT0002095""]","[""strict""]","[""OBA_VT0002095-page-000.json""]","[""https://www.ebi.ac.uk/gwas/rest/api/v2/associations?efo_id=OBA_VT0002095&show_child_trait=false&size=500&page=0""]",4933
pigmentation,104179816,GCST90255688,36672889,[],Skin phototype score,skin pigmentation,https://www.ebi.ac.uk/gwas/rest/api/v2/associations/104179816,"[""OBA_VT0002095""]","[""strict""]","[""OBA_VT0002095-page-000.json""]","[""https://www.ebi.ac.uk/gwas/rest/api/v2/associations?efo_id=OBA_VT0002095&show_child_trait=false&size=500&page=0""]",4933
pigmentation,104179822,GCST90255688,36672889,[],Skin phototype score,skin pigmentation,https://www.ebi.ac.uk/gwas/rest/api/v2/associations/104179822,"[""OBA_VT0002095""]","[""strict""]","[""OBA_VT0002095-page-000.json""]","[""https://www.ebi.ac.uk/gwas/rest/api/v2/associations?efo_id=OBA_VT0002095&show_child_trait=false&size=500&page=0""]",4933
pigmentation,104180385,GCST90255689,36672889,[],Skin color (Fitzpatrick scale),skin pigmentation,https://www.ebi.ac.uk/gwas/rest/api/v2/associations/104180385,"[""OBA_VT0002095""]","[""strict""]","[""OBA_VT0002095-page-000.json""]","[""https://www.ebi.ac.uk/gwas/rest/api/v2/associations?efo_id=OBA_VT0002095&show_child_trait=false&size=500&page=0""]",4933
pigmentation,104180390,GCST90255689,36672889,[],Skin color (Fitzpatrick scale),skin pigmentation,https://www.ebi.ac.uk/gwas/rest/api/v2/associations/104180390,"[""OBA_VT0002095""]","[""strict""]","[""OBA_VT0002095-page-000.json""]","[""https://www.ebi.ac.uk/gwas/rest/api/v2/associations?efo_id=OBA_VT0002095&show_child_trait=false&size=500&page=0""]",4933
pigmentation,104180395,GCST90255689,36672889,[],Skin color (Fitzpatrick scale),skin pigmentation,https://www.ebi.ac.uk/gwas/rest/api/v2/associations/104180395,"[""OBA_VT0002095""]","[""strict""]","[""OBA_VT0002095-page-000.json""]","[""https://www.ebi.ac.uk/gwas/rest/api/v2/associations?efo_id=OBA_VT0002095&show_child_trait=false&size=500&page=0""]",4933
pigmentation,104180400,GCST90255689,36672889,[],Skin color (Fitzpatrick scale),skin pigmentation,https://www.ebi.ac.uk/gwas/rest/api/v2/associations/104180400,"[""OBA_VT0002095""]","[""strict""]","[""OBA_VT0002095-page-000.json""]","[""https://www.ebi.ac.uk/gwas/rest/api/v2/associations?efo_id=OBA_VT0002095&show_child_trait=false&size=500&page=0""]",4933
pigmentation,104180803,GCST90255690,36672889,[],Skin color,skin pigmentation,https://www.ebi.ac.uk/gwas/rest/api/v2/associations/104180803,"[""OBA_VT0002095""]","[""strict""]","[""OBA_VT0002095-page-000.json""]","[""https://www.ebi.ac.uk/gwas/rest/api/v2/associations?efo_id=OBA_VT0002095&show_child_trait=false&size=500&page=0""]",4985
pigmentation,104180808,GCST90255690,36672889,[],Skin color,skin pigmentation,https://www.ebi.ac.uk/gwas/rest/api/v2/associations/104180808,"[""OBA_VT0002095""]","[""strict""]","[""OBA_VT0002095-page-000.json""]","[""https://www.ebi.ac.uk/gwas/rest/api/v2/associations?efo_id=OBA_VT0002095&show_child_trait=false&size=500&page=0""]",4985
pigmentation,104180835,GCST90255690,36672889,[],Skin color,skin pigmentation,https://www.ebi.ac.uk/gwas/rest/api/v2/associations/104180835,"[""OBA_VT0002095""]","[""strict""]","[""OBA_VT0002095-page-000.json""]","[""https://www.ebi.ac.uk/gwas/rest/api/v2/associations?efo_id=OBA_VT0002095&show_child_trait=false&size=500&page=0""]",4985
pigmentation,217673496,GCST90077600,34662886,[],Skin colour - Dark olive (UKB data field 1717),skin pigmentation,https://www.ebi.ac.uk/gwas/rest/api/v2/associations/217673496,"[""OBA_VT0002095""]","[""strict""]","[""OBA_VT0002095-page-000.json""]","[""https://www.ebi.ac.uk/gwas/rest/api/v2/associations?efo_id=OBA_VT0002095&show_child_trait=false&size=500&page=0""]",425361
pigmentation,217673567,GCST90077598,34662886,[],Skin colour - Fair (UKB data field 1717),skin pigmentation,https://www.ebi.ac.uk/gwas/rest/api/v2/associations/217673567,"[""OBA_VT0002095""]","[""strict""]","[""OBA_VT0002095-page-000.json""]","[""https://www.ebi.ac.uk/gwas/rest/api/v2/associations?efo_id=OBA_VT0002095&show_child_trait=false&size=500&page=0""]",425361
pigmentation,217673643,GCST90077599,34662886,[],Skin colour - Light olive (UKB data field 1717),skin pigmentation,https://www.ebi.ac.uk/gwas/rest/api/v2/associations/217673643,"[""OBA_VT0002095""]","[""strict""]","[""OBA_VT0002095-page-000.json""]","[""https://www.ebi.ac.uk/gwas/rest/api/v2/associations?efo_id=OBA_VT0002095&show_child_trait=false&size=500&page=0""]",425361
pigmentation,217673672,GCST90077599,34662886,[],Skin colour - Light olive (UKB data field 1717),skin pigmentation,https://www.ebi.ac.uk/gwas/rest/api/v2/associations/217673672,"[""OBA_VT0002095""]","[""strict""]","[""OBA_VT0002095-page-000.json""]","[""https://www.ebi.ac.uk/gwas/rest/api/v2/associations?efo_id=OBA_VT0002095&show_child_trait=false&size=500&page=0""]",425361
pigmentation,217673697,GCST90077599,34662886,[],Skin colour - Light olive (UKB data field 1717),skin pigmentation,https://www.ebi.ac.uk/gwas/rest/api/v2/associations/217673697,"[""OBA_VT0002095""]","[""strict""]","[""OBA_VT0002095-page-000.json""]","[""https://www.ebi.ac.uk/gwas/rest/api/v2/associations?efo_id=OBA_VT0002095&show_child_trait=false&size=500&page=0""]",425361
pigmentation,217673716,GCST90077599,34662886,[],Skin colour - Light olive (UKB data field 1717),skin pigmentation,https://www.ebi.ac.uk/gwas/rest/api/v2/associations/217673716,"[""OBA_VT0002095""]","[""strict""]","[""OBA_VT0002095-page-000.json""]","[""https://www.ebi.ac.uk/gwas/rest/api/v2/associations?efo_id=OBA_VT0002095&show_child_trait=false&size=500&page=0""]",425361
pigmentation,217673743,GCST90077599,34662886,[],Skin colour - Light olive (UKB data field 1717),skin pigmentation,https://www.ebi.ac.uk/gwas/rest/api/v2/associations/217673743,"[""OBA_VT0002095""]","[""strict""]","[""OBA_VT0002095-page-000.json""]","[""https://www.ebi.ac.uk/gwas/rest/api/v2/associations?efo_id=OBA_VT0002095&show_child_trait=false&size=500&page=0""]",425361
pigmentation,217673770,GCST90077599,34662886,[],Skin colour - Light olive (UKB data field 1717),skin pigmentation,https://www.ebi.ac.uk/gwas/rest/api/v2/associations/217673770,"[""OBA_VT0002095""]","[""strict""]","[""OBA_VT0002095-page-000.json""]","[""https://www.ebi.ac.uk/gwas/rest/api/v2/associations?efo_id=OBA_VT0002095&show_child_trait=false&size=500&page=0""]",425361
pigmentation,217673798,GCST90077599,34662886,[],Skin colour - Light olive (UKB data field 1717),skin pigmentation,https://www.ebi.ac.uk/gwas/rest/api/v2/associations/217673798,"[""OBA_VT0002095""]","[""strict""]","[""OBA_VT0002095-page-000.json""]","[""https://www.ebi.ac.uk/gwas/rest/api/v2/associations?efo_id=OBA_VT0002095&show_child_trait=false&size=500&page=0""]",425361
pigmentation,217673828,GCST90077599,34662886,[],Skin colour - Light olive (UKB data field 1717),skin pigmentation,https://www.ebi.ac.uk/gwas/rest/api/v2/associations/217673828,"[""OBA_VT0002095""]","[""strict""]","[""OBA_VT0002095-page-000.json""]","[""https://www.ebi.ac.uk/gwas/rest/api/v2/associations?efo_id=OBA_VT0002095&show_child_trait=false&size=500&page=0""]",425361
pigmentation,217673859,GCST90077599,34662886,[],Skin colour - Light olive (UKB data field 1717),skin pigmentation,https://www.ebi.ac.uk/gwas/rest/api/v2/associations/217673859,"[""OBA_VT0002095""]","[""strict""]","[""OBA_VT0002095-page-000.json""]","[""https://www.ebi.ac.uk/gwas/rest/api/v2/associations?efo_id=OBA_VT0002095&show_child_trait=false&size=500&page=0""]",425361
pigmentation,217673894,GCST90077599,34662886,[],Skin colour - Light olive (UKB data field 1717),skin pigmentation,https://www.ebi.ac.uk/gwas/rest/api/v2/associations/217673894,"[""OBA_VT0002095""]","[""strict""]","[""OBA_VT0002095-page-000.json""]","[""https://www.ebi.ac.uk/gwas/rest/api/v2/associations?efo_id=OBA_VT0002095&show_child_trait=false&size=500&page=0""]",425361
pigmentation,217673945,GCST90077605,34662886,[],Ease of skin tanning - Never tan only burn (UKB data field 1727),skin sensitivity to sun,https://www.ebi.ac.uk/gwas/rest/api/v2/associations/217673945,"[""MONDO_0005434""]","[""broad""]","[""MONDO_0005434-page-000.json""]","[""https://www.ebi.ac.uk/gwas/rest/api/v2/associations?efo_id=MONDO_0005434&show_child_trait=false&size=500&page=0""]",422570
pigmentation,217673984,GCST90077605,34662886,[],Ease of skin tanning - Never tan only burn (UKB data field 1727),skin sensitivity to sun,https://www.ebi.ac.uk/gwas/rest/api/v2/associations/217673984,"[""MONDO_0005434""]","[""broad""]","[""MONDO_0005434-page-000.json""]","[""https://www.ebi.ac.uk/gwas/rest/api/v2/associations?efo_id=MONDO_0005434&show_child_trait=false&size=500&page=0""]",422570
pigmentation,217674013,GCST90077597,34662886,[],Skin colour - Very fair (UKB data field 1717),skin pigmentation,https://www.ebi.ac.uk/gwas/rest/api/v2/associations/217674013,"[""OBA_VT0002095""]","[""strict""]","[""OBA_VT0002095-page-000.json""]","[""https://www.ebi.ac.uk/gwas/rest/api/v2/associations?efo_id=OBA_VT0002095&show_child_trait=false&size=500&page=0""]",425361
pigmentation,217674020,GCST90077605,34662886,[],Ease of skin tanning - Never tan only burn (UKB data field 1727),skin sensitivity to sun,https://www.ebi.ac.uk/gwas/rest/api/v2/associations/217674020,"[""MONDO_0005434""]","[""broad""]","[""MONDO_0005434-page-000.json""]","[""https://www.ebi.ac.uk/gwas/rest/api/v2/associations?efo_id=MONDO_0005434&show_child_trait=false&size=500&page=0""]",422570
pigmentation,217674041,GCST90077597,34662886,[],Skin colour - Very fair (UKB data field 1717),skin pigmentation,https://www.ebi.ac.uk/gwas/rest/api/v2/associations/217674041,"[""OBA_VT0002095""]","[""strict""]","[""OBA_VT0002095-page-000.json""]","[""https://www.ebi.ac.uk/gwas/rest/api/v2/associations?efo_id=OBA_VT0002095&show_child_trait=false&size=500&page=0""]",425361
pigmentation,217674051,GCST90077605,34662886,[],Ease of skin tanning - Never tan only burn (UKB data field 1727),skin sensitivity to sun,https://www.ebi.ac.uk/gwas/rest/api/v2/associations/217674051,"[""MONDO_0005434""]","[""broad""]","[""MONDO_0005434-page-000.json""]","[""https://www.ebi.ac.uk/gwas/rest/api/v2/associations?efo_id=MONDO_0005434&show_child_trait=false&size=500&page=0""]",422570
pigmentation,217674074,GCST90077597,34662886,[],Skin colour - Very fair (UKB data field 1717),skin pigmentation,https://www.ebi.ac.uk/gwas/rest/api/v2/associations/217674074,"[""OBA_VT0002095""]","[""strict""]","[""OBA_VT0002095-page-000.json""]","[""https://www.ebi.ac.uk/gwas/rest/api/v2/associations?efo_id=OBA_VT0002095&show_child_trait=false&size=500&page=0""]",425361
pigmentation,217674083,GCST90077605,34662886,[],Ease of skin tanning - Never tan only burn (UKB data field 1727),skin sensitivity to sun,https://www.ebi.ac.uk/gwas/rest/api/v2/associations/217674083,"[""MONDO_0005434""]","[""broad""]","[""MONDO_0005434-page-000.json""]","[""https://www.ebi.ac.uk/gwas/rest/api/v2/associations?efo_id=MONDO_0005434&show_child_trait=false&size=500&page=0""]",422570
pigmentation,217674105,GCST90077597,34662886,[],Skin colour - Very fair (UKB data field 1717),skin pigmentation,https://www.ebi.ac.uk/gwas/rest/api/v2/associations/217674105,"[""OBA_VT0002095""]","[""strict""]","[""OBA_VT0002095-page-000.json""]","[""https://www.ebi.ac.uk/gwas/rest/api/v2/associations?efo_id=OBA_VT0002095&show_child_trait=false&size=500&page=0""]",425361
pigmentation,217674120,GCST90077605,34662886,[],Ease of skin tanning - Never tan only burn (UKB data field 1727),skin sensitivity to sun,https://www.ebi.ac.uk/gwas/rest/api/v2/associations/217674120,"[""MONDO_0005434""]","[""broad""]","[""MONDO_0005434-page-000.json""]","[""https://www.ebi.ac.uk/gwas/rest/api/v2/associations?efo_id=MONDO_0005434&show_child_trait=false&size=500&page=0""]",422570
pigmentation,217674131,GCST90077597,34662886,[],Skin colour - Very fair (UKB data field 1717),skin pigmentation,https://www.ebi.ac.uk/gwas/rest/api/v2/associations/217674131,"[""OBA_VT0002095""]","[""strict""]","[""OBA_VT0002095-page-000.json""]","[""https://www.ebi.ac.uk/gwas/rest/api/v2/associations?efo_id=OBA_VT0002095&show_child_trait=false&size=500&page=0""]",425361
pigmentation,217674145,GCST90077605,34662886,[],Ease of skin tanning - Never tan only burn (UKB data field 1727),skin sensitivity to sun,https://www.ebi.ac.uk/gwas/rest/api/v2/associations/217674145,"[""MONDO_0005434""]","[""broad""]","[""MONDO_0005434-page-000.json""]","[""https://www.ebi.ac.uk/gwas/rest/api/v2/associations?efo_id=MONDO_0005434&show_child_trait=false&size=500&page=0""]",422570
pigmentation,217674154,GCST90077597,34662886,[],Skin colour - Very fair (UKB data field 1717),skin pigmentation,https://www.ebi.ac.uk/gwas/rest/api/v2/associations/217674154,"[""OBA_VT0002095""]","[""strict""]","[""OBA_VT0002095-page-000.json""]","[""https://www.ebi.ac.uk/gwas/rest/api/v2/associations?efo_id=OBA_VT0002095&show_child_trait=false&size=500&page=0""]",425361
pigmentation,217674169,GCST90077605,34662886,[],Ease of skin tanning - Never tan only burn (UKB data field 1727),skin sensitivity to sun,https://www.ebi.ac.uk/gwas/rest/api/v2/associations/217674169,"[""MONDO_0005434""]","[""broad""]","[""MONDO_0005434-page-000.json""]","[""https://www.ebi.ac.uk/gwas/rest/api/v2/associations?efo_id=MONDO_0005434&show_child_trait=false&size=500&page=0""]",422570
pigmentation,217674199,GCST90077605,34662886,[],Ease of skin tanning - Never tan only burn (UKB data field 1727),skin sensitivity to sun,https://www.ebi.ac.uk/gwas/rest/api/v2/associations/217674199,"[""MONDO_0005434""]","[""broad""]","[""MONDO_0005434-page-000.json""]","[""https://www.ebi.ac.uk/gwas/rest/api/v2/associations?efo_id=MONDO_0005434&show_child_trait=false&size=500&page=0""]",422570
pigmentation,217674231,GCST90077605,34662886,[],Ease of skin tanning - Never tan only burn (UKB data field 1727),skin sensitivity to sun,https://www.ebi.ac.uk/gwas/rest/api/v2/associations/217674231,"[""MONDO_0005434""]","[""broad""]","[""MONDO_0005434-page-000.json""]","[""https://www.ebi.ac.uk/gwas/rest/api/v2/associations?efo_id=MONDO_0005434&show_child_trait=false&size=500&page=0""]",422570
pigmentation,217674254,GCST90077605,34662886,[],Ease of skin tanning - Never tan only burn (UKB data field 1727),skin sensitivity to sun,https://www.ebi.ac.uk/gwas/rest/api/v2/associations/217674254,"[""MONDO_0005434""]","[""broad""]","[""MONDO_0005434-page-000.json""]","[""https://www.ebi.ac.uk/gwas/rest/api/v2/associations?efo_id=MONDO_0005434&show_child_trait=false&size=500&page=0""]",422570
pigmentation,217674492,GCST90077606,34662886,[],Hair colour natural before greying - Blonde (UKB data field 1747),hair color,https://www.ebi.ac.uk/gwas/rest/api/v2/associations/217674492,"[""EFO_0003924""]","[""strict""]","[""EFO_0003924-page-000.json""]","[""https://www.ebi.ac.uk/gwas/rest/api/v2/associations?efo_id=EFO_0003924&show_child_trait=false&size=500&page=0""]",429979
pigmentation,217674525,GCST90077606,34662886,[],Hair colour natural before greying - Blonde (UKB data field 1747),hair color,https://www.ebi.ac.uk/gwas/rest/api/v2/associations/217674525,"[""EFO_0003924""]","[""strict""]","[""EFO_0003924-page-000.json""]","[""https://www.ebi.ac.uk/gwas/rest/api/v2/associations?efo_id=EFO_0003924&show_child_trait=false&size=500&page=0""]",429979
pigmentation,217674554,GCST90077606,34662886,[],Hair colour natural before greying - Blonde (UKB data field 1747),hair color,https://www.ebi.ac.uk/gwas/rest/api/v2/associations/217674554,"[""EFO_0003924""]","[""strict""]","[""EFO_0003924-page-000.json""]","[""https://www.ebi.ac.uk/gwas/rest/api/v2/associations?efo_id=EFO_0003924&show_child_trait=false&size=500&page=0""]",429979
pigmentation,217674579,GCST90077606,34662886,[],Hair colour natural before greying - Blonde (UKB data field 1747),hair color,https://www.ebi.ac.uk/gwas/rest/api/v2/associations/217674579,"[""EFO_0003924""]","[""strict""]","[""EFO_0003924-page-000.json""]","[""https://www.ebi.ac.uk/gwas/rest/api/v2/associations?efo_id=EFO_0003924&show_child_trait=false&size=500&page=0""]",429979
pigmentation,217674614,GCST90077606,34662886,[],Hair colour natural before greying - Blonde (UKB data field 1747),hair color,https://www.ebi.ac.uk/gwas/rest/api/v2/associations/217674614,"[""EFO_0003924""]","[""strict""]","[""EFO_0003924-page-000.json""]","[""https://www.ebi.ac.uk/gwas/rest/api/v2/associations?efo_id=EFO_0003924&show_child_trait=false&size=500&page=0""]",429979
pigmentation,217674645,GCST90077606,34662886,[],Hair colour natural before greying - Blonde (UKB data field 1747),hair color,https://www.ebi.ac.uk/gwas/rest/api/v2/associations/217674645,"[""EFO_0003924""]","[""strict""]","[""EFO_0003924-page-000.json""]","[""https://www.ebi.ac.uk/gwas/rest/api/v2/associations?efo_id=EFO_0003924&show_child_trait=false&size=500&page=0""]",429979
pigmentation,217674683,GCST90077606,34662886,[],Hair colour natural before greying - Blonde (UKB data field 1747),hair color,https://www.ebi.ac.uk/gwas/rest/api/v2/associations/217674683,"[""EFO_0003924""]","[""strict""]","[""EFO_0003924-page-000.json""]","[""https://www.ebi.ac.uk/gwas/rest/api/v2/associations?efo_id=EFO_0003924&show_child_trait=false&size=500&page=0""]",429979
pigmentation,217674796,GCST90077609,34662886,[],Hair colour natural before greying - Dark brown (UKB data field 1747),hair color,https://www.ebi.ac.uk/gwas/rest/api/v2/associations/217674796,"[""EFO_0003924""]","[""strict""]","[""EFO_0003924-page-000.json""]","[""https://www.ebi.ac.uk/gwas/rest/api/v2/associations?efo_id=EFO_0003924&show_child_trait=false&size=500&page=0""]",429979
pigmentation,217674822,GCST90077609,34662886,[],Hair colour natural before greying - Dark brown (UKB data field 1747),hair color,https://www.ebi.ac.uk/gwas/rest/api/v2/associations/217674822,"[""EFO_0003924""]","[""strict""]","[""EFO_0003924-page-000.json""]","[""https://www.ebi.ac.uk/gwas/rest/api/v2/associations?efo_id=EFO_0003924&show_child_trait=false&size=500&page=0""]",429979
pigmentation,217674853,GCST90077609,34662886,[],Hair colour natural before greying - Dark brown (UKB data field 1747),hair color,https://www.ebi.ac.uk/gwas/rest/api/v2/associations/217674853,"[""EFO_0003924""]","[""strict""]","[""EFO_0003924-page-000.json""]","[""https://www.ebi.ac.uk/gwas/rest/api/v2/associations?efo_id=EFO_0003924&show_child_trait=false&size=500&page=0""]",429979
pigmentation,217674886,GCST90077609,34662886,[],Hair colour natural before greying - Dark brown (UKB data field 1747),hair color,https://www.ebi.ac.uk/gwas/rest/api/v2/associations/217674886,"[""EFO_0003924""]","[""strict""]","[""EFO_0003924-page-000.json""]","[""https://www.ebi.ac.uk/gwas/rest/api/v2/associations?efo_id=EFO_0003924&show_child_trait=false&size=500&page=0""]",429979
pigmentation,217674915,GCST90077609,34662886,[],Hair colour natural before greying - Dark brown (UKB data field 1747),hair color,https://www.ebi.ac.uk/gwas/rest/api/v2/associations/217674915,"[""EFO_0003924""]","[""strict""]","[""EFO_0003924-page-000.json""]","[""https://www.ebi.ac.uk/gwas/rest/api/v2/associations?efo_id=EFO_0003924&show_child_trait=false&size=500&page=0""]",429979
pigmentation,217674947,GCST90077609,34662886,[],Hair colour natural before greying - Dark brown (UKB data field 1747),hair color,https://www.ebi.ac.uk/gwas/rest/api/v2/associations/217674947,"[""EFO_0003924""]","[""strict""]","[""EFO_0003924-page-000.json""]","[""https://www.ebi.ac.uk/gwas/rest/api/v2/associations?efo_id=EFO_0003924&show_child_trait=false&size=500&page=0""]",429979
pigmentation,217674974,GCST90077609,34662886,[],Hair colour natural before greying - Dark brown (UKB data field 1747),hair color,https://www.ebi.ac.uk/gwas/rest/api/v2/associations/217674974,"[""EFO_0003924""]","[""strict""]","[""EFO_0003924-page-000.json""]","[""https://www.ebi.ac.uk/gwas/rest/api/v2/associations?efo_id=EFO_0003924&show_child_trait=false&size=500&page=0""]",429979
pigmentation,217675000,GCST90077609,34662886,[],Hair colour natural before greying - Dark brown (UKB data field 1747),hair color,https://www.ebi.ac.uk/gwas/rest/api/v2/associations/217675000,"[""EFO_0003924""]","[""strict""]","[""EFO_0003924-page-000.json""]","[""https://www.ebi.ac.uk/gwas/rest/api/v2/associations?efo_id=EFO_0003924&show_child_trait=false&size=500&page=0""]",429979
pigmentation,217675024,GCST90077609,34662886,[],Hair colour natural before greying - Dark brown (UKB data field 1747),hair color,https://www.ebi.ac.uk/gwas/rest/api/v2/associations/217675024,"[""EFO_0003924""]","[""strict""]","[""EFO_0003924-page-000.json""]","[""https://www.ebi.ac.uk/gwas/rest/api/v2/associations?efo_id=EFO_0003924&show_child_trait=false&size=500&page=0""]",429979
pigmentation,217675049,GCST90077609,34662886,[],Hair colour natural before greying - Dark brown (UKB data field 1747),hair color,https://www.ebi.ac.uk/gwas/rest/api/v2/associations/217675049,"[""EFO_0003924""]","[""strict""]","[""EFO_0003924-page-000.json""]","[""https://www.ebi.ac.uk/gwas/rest/api/v2/associations?efo_id=EFO_0003924&show_child_trait=false&size=500&page=0""]",429979
pigmentation,217675073,GCST90077609,34662886,[],Hair colour natural before greying - Dark brown (UKB data field 1747),hair color,https://www.ebi.ac.uk/gwas/rest/api/v2/associations/217675073,"[""EFO_0003924""]","[""strict""]","[""EFO_0003924-page-000.json""]","[""https://www.ebi.ac.uk/gwas/rest/api/v2/associations?efo_id=EFO_0003924&show_child_trait=false&size=500&page=0""]",429979
pigmentation,217675155,GCST90077608,34662886,[],Hair colour natural before greying - Light brown (UKB data field 1747),hair color,https://www.ebi.ac.uk/gwas/rest/api/v2/associations/217675155,"[""EFO_0003924""]","[""strict""]","[""EFO_0003924-page-000.json""]","[""https://www.ebi.ac.uk/gwas/rest/api/v2/associations?efo_id=EFO_0003924&show_child_trait=false&size=500&page=0""]",429979
pigmentation,217675259,GCST90077607,34662886,[],Hair colour natural before greying - Red (UKB data field 1747),hair color,https://www.ebi.ac.uk/gwas/rest/api/v2/associations/217675259,"[""EFO_0003924""]","[""strict""]","[""EFO_0003924-page-000.json""]","[""https://www.ebi.ac.uk/gwas/rest/api/v2/associations?efo_id=EFO_0003924&show_child_trait=false&size=500&page=0""]",429979
pigmentation,217675276,GCST90077607,34662886,[],Hair colour natural before greying - Red (UKB data field 1747),hair color,https://www.ebi.ac.uk/gwas/rest/api/v2/associations/217675276,"[""EFO_0003924""]","[""strict""]","[""EFO_0003924-page-000.json""]","[""https://www.ebi.ac.uk/gwas/rest/api/v2/associations?efo_id=EFO_0003924&show_child_trait=false&size=500&page=0""]",429979
pigmentation,217675302,GCST90077607,34662886,[],Hair colour natural before greying - Red (UKB data field 1747),hair color,https://www.ebi.ac.uk/gwas/rest/api/v2/associations/217675302,"[""EFO_0003924""]","[""strict""]","[""EFO_0003924-page-000.json""]","[""https://www.ebi.ac.uk/gwas/rest/api/v2/associations?efo_id=EFO_0003924&show_child_trait=false&size=500&page=0""]",429979
pigmentation,217675320,GCST90077607,34662886,[],Hair colour natural before greying - Red (UKB data field 1747),hair color,https://www.ebi.ac.uk/gwas/rest/api/v2/associations/217675320,"[""EFO_0003924""]","[""strict""]","[""EFO_0003924-page-000.json""]","[""https://www.ebi.ac.uk/gwas/rest/api/v2/associations?efo_id=EFO_0003924&show_child_trait=false&size=500&page=0""]",429979
pigmentation,217675340,GCST90077607,34662886,[],Hair colour natural before greying - Red (UKB data field 1747),hair color,https://www.ebi.ac.uk/gwas/rest/api/v2/associations/217675340,"[""EFO_0003924""]","[""strict""]","[""EFO_0003924-page-000.json""]","[""https://www.ebi.ac.uk/gwas/rest/api/v2/associations?efo_id=EFO_0003924&show_child_trait=false&size=500&page=0""]",429979
pigmentation,217675355,GCST90077607,34662886,[],Hair colour natural before greying - Red (UKB data field 1747),hair color,https://www.ebi.ac.uk/gwas/rest/api/v2/associations/217675355,"[""EFO_0003924""]","[""strict""]","[""EFO_0003924-page-000.json""]","[""https://www.ebi.ac.uk/gwas/rest/api/v2/associations?efo_id=EFO_0003924&show_child_trait=false&size=500&page=0""]",429979
pigmentation,217675371,GCST90077607,34662886,[],Hair colour natural before greying - Red (UKB data field 1747),hair color,https://www.ebi.ac.uk/gwas/rest/api/v2/associations/217675371,"[""EFO_0003924""]","[""strict""]","[""EFO_0003924-page-000.json""]","[""https://www.ebi.ac.uk/gwas/rest/api/v2/associations?efo_id=EFO_0003924&show_child_trait=false&size=500&page=0""]",429979
pigmentation,217675404,GCST90077610,34662886,[],Hair colour natural before greying - Black (UKB data field 1747),hair color,https://www.ebi.ac.uk/gwas/rest/api/v2/associations/217675404,"[""EFO_0003924""]","[""strict""]","[""EFO_0003924-page-000.json""]","[""https://www.ebi.ac.uk/gwas/rest/api/v2/associations?efo_id=EFO_0003924&show_child_trait=false&size=500&page=0""]",429979
pigmentation,217675412,GCST90077610,34662886,[],Hair colour natural before greying - Black (UKB data field 1747),hair color,https://www.ebi.ac.uk/gwas/rest/api/v2/associations/217675412,"[""EFO_0003924""]","[""strict""]","[""EFO_0003924-page-000.json""]","[""https://www.ebi.ac.uk/gwas/rest/api/v2/associations?efo_id=EFO_0003924&show_child_trait=false&size=500&page=0""]",429979
pigmentation,217675424,GCST90077610,34662886,[],Hair colour natural before greying - Black (UKB data field 1747),hair color,https://www.ebi.ac.uk/gwas/rest/api/v2/associations/217675424,"[""EFO_0003924""]","[""strict""]","[""EFO_0003924-page-000.json""]","[""https://www.ebi.ac.uk/gwas/rest/api/v2/associations?efo_id=EFO_0003924&show_child_trait=false&size=500&page=0""]",429979
pigmentation,217675859,GCST90077604,34662886,[],Ease of skin tanning - Get mildly or occasionally tanned (UKB data field 1727),skin sensitivity to sun,https://www.ebi.ac.uk/gwas/rest/api/v2/associations/217675859,"[""MONDO_0005434""]","[""broad""]","[""MONDO_0005434-page-000.json""]","[""https://www.ebi.ac.uk/gwas/rest/api/v2/associations?efo_id=MONDO_0005434&show_child_trait=false&size=500&page=0""]",422570
pigmentation,217675878,GCST90077604,34662886,[],Ease of skin tanning - Get mildly or occasionally tanned (UKB data field 1727),skin sensitivity to sun,https://www.ebi.ac.uk/gwas/rest/api/v2/associations/217675878,"[""MONDO_0005434""]","[""broad""]","[""MONDO_0005434-page-000.json""]","[""https://www.ebi.ac.uk/gwas/rest/api/v2/associations?efo_id=MONDO_0005434&show_child_trait=false&size=500&page=0""]",422570
pigmentation,217675897,GCST90077604,34662886,[],Ease of skin tanning - Get mildly or occasionally tanned (UKB data field 1727),skin sensitivity to sun,https://www.ebi.ac.uk/gwas/rest/api/v2/associations/217675897,"[""MONDO_0005434""]","[""broad""]","[""MONDO_0005434-page-000.json""]","[""https://www.ebi.ac.uk/gwas/rest/api/v2/associations?efo_id=MONDO_0005434&show_child_trait=false&size=500&page=0""]",422570
pigmentation,217675921,GCST90077604,34662886,[],Ease of skin tanning - Get mildly or occasionally tanned (UKB data field 1727),skin sensitivity to sun,https://www.ebi.ac.uk/gwas/rest/api/v2/associations/217675921,"[""MONDO_0005434""]","[""broad""]","[""MONDO_0005434-page-000.json""]","[""https://www.ebi.ac.uk/gwas/rest/api/v2/associations?efo_id=MONDO_0005434&show_child_trait=false&size=500&page=0""]",422570
pigmentation,217675996,GCST90077603,34662886,[],Ease of skin tanning - Get moderately tanned (UKB data field 1727),skin sensitivity to sun,https://www.ebi.ac.uk/gwas/rest/api/v2/associations/217675996,"[""MONDO_0005434""]","[""broad""]","[""MONDO_0005434-page-000.json""]","[""https://www.ebi.ac.uk/gwas/rest/api/v2/associations?efo_id=MONDO_0005434&show_child_trait=false&size=500&page=0""]",422570
pigmentation,217676026,GCST90077603,34662886,[],Ease of skin tanning - Get moderately tanned (UKB data field 1727),skin sensitivity to sun,https://www.ebi.ac.uk/gwas/rest/api/v2/associations/217676026,"[""MONDO_0005434""]","[""broad""]","[""MONDO_0005434-page-000.json""]","[""https://www.ebi.ac.uk/gwas/rest/api/v2/associations?efo_id=MONDO_0005434&show_child_trait=false&size=500&page=0""]",422570
pigmentation,217676052,GCST90077603,34662886,[],Ease of skin tanning - Get moderately tanned (UKB data field 1727),skin sensitivity to sun,https://www.ebi.ac.uk/gwas/rest/api/v2/associations/217676052,"[""MONDO_0005434""]","[""broad""]","[""MONDO_0005434-page-000.json""]","[""https://www.ebi.ac.uk/gwas/rest/api/v2/associations?efo_id=MONDO_0005434&show_child_trait=false&size=500&page=0""]",422570
pigmentation,217676079,GCST90077603,34662886,[],Ease of skin tanning - Get moderately tanned (UKB data field 1727),skin sensitivity to sun,https://www.ebi.ac.uk/gwas/rest/api/v2/associations/217676079,"[""MONDO_0005434""]","[""broad""]","[""MONDO_0005434-page-000.json""]","[""https://www.ebi.ac.uk/gwas/rest/api/v2/associations?efo_id=MONDO_0005434&show_child_trait=false&size=500&page=0""]",422570
pigmentation,217676154,GCST90077602,34662886,[],Ease of skin tanning - Get very tanned (UKB data field 1727),skin sensitivity to sun,https://www.ebi.ac.uk/gwas/rest/api/v2/associations/217676154,"[""MONDO_0005434""]","[""broad""]","[""MONDO_0005434-page-000.json""]","[""https://www.ebi.ac.uk/gwas/rest/api/v2/associations?efo_id=MONDO_0005434&show_child_trait=false&size=500&page=0""]",422570
pigmentation,217676186,GCST90077602,34662886,[],Ease of skin tanning - Get very tanned (UKB data field 1727),skin sensitivity to sun,https://www.ebi.ac.uk/gwas/rest/api/v2/associations/217676186,"[""MONDO_0005434""]","[""broad""]","[""MONDO_0005434-page-000.json""]","[""https://www.ebi.ac.uk/gwas/rest/api/v2/associations?efo_id=MONDO_0005434&show_child_trait=false&size=500&page=0""]",422570
pigmentation,217676216,GCST90077602,34662886,[],Ease of skin tanning - Get very tanned (UKB data field 1727),skin sensitivity to sun,https://www.ebi.ac.uk/gwas/rest/api/v2/associations/217676216,"[""MONDO_0005434""]","[""broad""]","[""MONDO_0005434-page-000.json""]","[""https://www.ebi.ac.uk/gwas/rest/api/v2/associations?efo_id=MONDO_0005434&show_child_trait=false&size=500&page=0""]",422570
pigmentation,217676245,GCST90077602,34662886,[],Ease of skin tanning - Get very tanned (UKB data field 1727),skin sensitivity to sun,https://www.ebi.ac.uk/gwas/rest/api/v2/associations/217676245,"[""MONDO_0005434""]","[""broad""]","[""MONDO_0005434-page-000.json""]","[""https://www.ebi.ac.uk/gwas/rest/api/v2/associations?efo_id=MONDO_0005434&show_child_trait=false&size=500&page=0""]",422570
pigmentation,217676277,GCST90077602,34662886,[],Ease of skin tanning - Get very tanned (UKB data field 1727),skin sensitivity to sun,https://www.ebi.ac.uk/gwas/rest/api/v2/associations/217676277,"[""MONDO_0005434""]","[""broad""]","[""MONDO_0005434-page-000.json""]","[""https://www.ebi.ac.uk/gwas/rest/api/v2/associations?efo_id=MONDO_0005434&show_child_trait=false&size=500&page=0""]",422570
pigmentation,217676303,GCST90077602,34662886,[],Ease of skin tanning - Get very tanned (UKB data field 1727),skin sensitivity to sun,https://www.ebi.ac.uk/gwas/rest/api/v2/associations/217676303,"[""MONDO_0005434""]","[""broad""]","[""MONDO_0005434-page-000.json""]","[""https://www.ebi.ac.uk/gwas/rest/api/v2/associations?efo_id=MONDO_0005434&show_child_trait=false&size=500&page=0""]",422570
pigmentation,223072160,GCST90854270,42586059,[],Skin color in red band,skin pigmentation,https://www.ebi.ac.uk/gwas/rest/api/v2/associations/223072160,"[""OBA_VT0002095""]","[""strict""]","[""OBA_VT0002095-page-000.json""]","[""https://www.ebi.ac.uk/gwas/rest/api/v2/associations?efo_id=OBA_VT0002095&show_child_trait=false&size=500&page=0""]",1544
pigmentation,223072175,GCST90854270,42586059,[],Skin color in red band,skin pigmentation,https://www.ebi.ac.uk/gwas/rest/api/v2/associations/223072175,"[""OBA_VT0002095""]","[""strict""]","[""OBA_VT0002095-page-000.json""]","[""https://www.ebi.ac.uk/gwas/rest/api/v2/associations?efo_id=OBA_VT0002095&show_child_trait=false&size=500&page=0""]",1544
pigmentation,223072185,GCST90854270,42586059,[],Skin color in red band,skin pigmentation,https://www.ebi.ac.uk/gwas/rest/api/v2/associations/223072185,"[""OBA_VT0002095""]","[""strict""]","[""OBA_VT0002095-page-000.json""]","[""https://www.ebi.ac.uk/gwas/rest/api/v2/associations?efo_id=OBA_VT0002095&show_child_trait=false&size=500&page=0""]",1544
pigmentation,223072265,GCST90854270,42586059,[],Skin color in red band,skin pigmentation,https://www.ebi.ac.uk/gwas/rest/api/v2/associations/223072265,"[""OBA_VT0002095""]","[""strict""]","[""OBA_VT0002095-page-000.json""]","[""https://www.ebi.ac.uk/gwas/rest/api/v2/associations?efo_id=OBA_VT0002095&show_child_trait=false&size=500&page=0""]",1544
pigmentation,223072270,GCST90854270,42586059,[],Skin color in red band,skin pigmentation,https://www.ebi.ac.uk/gwas/rest/api/v2/associations/223072270,"[""OBA_VT0002095""]","[""strict""]","[""OBA_VT0002095-page-000.json""]","[""https://www.ebi.ac.uk/gwas/rest/api/v2/associations?efo_id=OBA_VT0002095&show_child_trait=false&size=500&page=0""]",1544
pigmentation,223072275,GCST90854270,42586059,[],Skin color in red band,skin pigmentation,https://www.ebi.ac.uk/gwas/rest/api/v2/associations/223072275,"[""OBA_VT0002095""]","[""strict""]","[""OBA_VT0002095-page-000.json""]","[""https://www.ebi.ac.uk/gwas/rest/api/v2/associations?efo_id=OBA_VT0002095&show_child_trait=false&size=500&page=0""]",1544
pigmentation,223072280,GCST90854270,42586059,[],Skin color in red band,skin pigmentation,https://www.ebi.ac.uk/gwas/rest/api/v2/associations/223072280,"[""OBA_VT0002095""]","[""strict""]","[""OBA_VT0002095-page-000.json""]","[""https://www.ebi.ac.uk/gwas/rest/api/v2/associations?efo_id=OBA_VT0002095&show_child_trait=false&size=500&page=0""]",1544
pigmentation,223072290,GCST90854270,42586059,[],Skin color in red band,skin pigmentation,https://www.ebi.ac.uk/gwas/rest/api/v2/associations/223072290,"[""OBA_VT0002095""]","[""strict""]","[""OBA_VT0002095-page-000.json""]","[""https://www.ebi.ac.uk/gwas/rest/api/v2/associations?efo_id=OBA_VT0002095&show_child_trait=false&size=500&page=0""]",1544
pigmentation,223072320,GCST90854271,42586059,[],Skin color in green band,skin pigmentation,https://www.ebi.ac.uk/gwas/rest/api/v2/associations/223072320,"[""OBA_VT0002095""]","[""strict""]","[""OBA_VT0002095-page-000.json""]","[""https://www.ebi.ac.uk/gwas/rest/api/v2/associations?efo_id=OBA_VT0002095&show_child_trait=false&size=500&page=0""]",1544
pigmentation,223072352,GCST90854271,42586059,[],Skin color in green band,skin pigmentation,https://www.ebi.ac.uk/gwas/rest/api/v2/associations/223072352,"[""OBA_VT0002095""]","[""strict""]","[""OBA_VT0002095-page-000.json""]","[""https://www.ebi.ac.uk/gwas/rest/api/v2/associations?efo_id=OBA_VT0002095&show_child_trait=false&size=500&page=0""]",1544
pigmentation,223072408,GCST90854271,42586059,[],Skin color in green band,skin pigmentation,https://www.ebi.ac.uk/gwas/rest/api/v2/associations/223072408,"[""OBA_VT0002095""]","[""strict""]","[""OBA_VT0002095-page-000.json""]","[""https://www.ebi.ac.uk/gwas/rest/api/v2/associations?efo_id=OBA_VT0002095&show_child_trait=false&size=500&page=0""]",1544
pigmentation,223072433,GCST90854271,42586059,[],Skin color in green band,skin pigmentation,https://www.ebi.ac.uk/gwas/rest/api/v2/associations/223072433,"[""OBA_VT0002095""]","[""strict""]","[""OBA_VT0002095-page-000.json""]","[""https://www.ebi.ac.uk/gwas/rest/api/v2/associations?efo_id=OBA_VT0002095&show_child_trait=false&size=500&page=0""]",1544
pigmentation,223072437,GCST90854271,42586059,[],Skin color in green band,skin pigmentation,https://www.ebi.ac.uk/gwas/rest/api/v2/associations/223072437,"[""OBA_VT0002095""]","[""strict""]","[""OBA_VT0002095-page-000.json""]","[""https://www.ebi.ac.uk/gwas/rest/api/v2/associations?efo_id=OBA_VT0002095&show_child_trait=false&size=500&page=0""]",1544
pigmentation,223072442,GCST90854271,42586059,[],Skin color in green band,skin pigmentation,https://www.ebi.ac.uk/gwas/rest/api/v2/associations/223072442,"[""OBA_VT0002095""]","[""strict""]","[""OBA_VT0002095-page-000.json""]","[""https://www.ebi.ac.uk/gwas/rest/api/v2/associations?efo_id=OBA_VT0002095&show_child_trait=false&size=500&page=0""]",1544
pigmentation,223072447,GCST90854271,42586059,[],Skin color in green band,skin pigmentation,https://www.ebi.ac.uk/gwas/rest/api/v2/associations/223072447,"[""OBA_VT0002095""]","[""strict""]","[""OBA_VT0002095-page-000.json""]","[""https://www.ebi.ac.uk/gwas/rest/api/v2/associations?efo_id=OBA_VT0002095&show_child_trait=false&size=500&page=0""]",1544
pigmentation,223072452,GCST90854271,42586059,[],Skin color in green band,skin pigmentation,https://www.ebi.ac.uk/gwas/rest/api/v2/associations/223072452,"[""OBA_VT0002095""]","[""strict""]","[""OBA_VT0002095-page-000.json""]","[""https://www.ebi.ac.uk/gwas/rest/api/v2/associations?efo_id=OBA_VT0002095&show_child_trait=false&size=500&page=0""]",1544
pigmentation,223072457,GCST90854271,42586059,[],Skin color in green band,skin pigmentation,https://www.ebi.ac.uk/gwas/rest/api/v2/associations/223072457,"[""OBA_VT0002095""]","[""strict""]","[""OBA_VT0002095-page-000.json""]","[""https://www.ebi.ac.uk/gwas/rest/api/v2/associations?efo_id=OBA_VT0002095&show_child_trait=false&size=500&page=0""]",1544
pigmentation,223072467,GCST90854271,42586059,[],Skin color in green band,skin pigmentation,https://www.ebi.ac.uk/gwas/rest/api/v2/associations/223072467,"[""OBA_VT0002095""]","[""strict""]","[""OBA_VT0002095-page-000.json""]","[""https://www.ebi.ac.uk/gwas/rest/api/v2/associations?efo_id=OBA_VT0002095&show_child_trait=false&size=500&page=0""]",1544
pigmentation,223072472,GCST90854271,42586059,[],Skin color in green band,skin pigmentation,https://www.ebi.ac.uk/gwas/rest/api/v2/associations/223072472,"[""OBA_VT0002095""]","[""strict""]","[""OBA_VT0002095-page-000.json""]","[""https://www.ebi.ac.uk/gwas/rest/api/v2/associations?efo_id=OBA_VT0002095&show_child_trait=false&size=500&page=0""]",1544
pigmentation,223072477,GCST90854271,42586059,[],Skin color in green band,skin pigmentation,https://www.ebi.ac.uk/gwas/rest/api/v2/associations/223072477,"[""OBA_VT0002095""]","[""strict""]","[""OBA_VT0002095-page-000.json""]","[""https://www.ebi.ac.uk/gwas/rest/api/v2/associations?efo_id=OBA_VT0002095&show_child_trait=false&size=500&page=0""]",1544
pigmentation,223072510,GCST90854272,42586059,[],Skin color in blue band,skin pigmentation,https://www.ebi.ac.uk/gwas/rest/api/v2/associations/223072510,"[""OBA_VT0002095""]","[""strict""]","[""OBA_VT0002095-page-000.json""]","[""https://www.ebi.ac.uk/gwas/rest/api/v2/associations?efo_id=OBA_VT0002095&show_child_trait=false&size=500&page=0""]",1544
pigmentation,223072519,GCST90854272,42586059,[],Skin color in blue band,skin pigmentation,https://www.ebi.ac.uk/gwas/rest/api/v2/associations/223072519,"[""OBA_VT0002095""]","[""strict""]","[""OBA_VT0002095-page-000.json""]","[""https://www.ebi.ac.uk/gwas/rest/api/v2/associations?efo_id=OBA_VT0002095&show_child_trait=false&size=500&page=0""]",1544
pigmentation,223072572,GCST90854272,42586059,[],Skin color in blue band,skin pigmentation,https://www.ebi.ac.uk/gwas/rest/api/v2/associations/223072572,"[""OBA_VT0002095""]","[""strict""]","[""OBA_VT0002095-page-000.json""]","[""https://www.ebi.ac.uk/gwas/rest/api/v2/associations?efo_id=OBA_VT0002095&show_child_trait=false&size=500&page=0""]",1544
pigmentation,223072576,GCST90854272,42586059,[],Skin color in blue band,skin pigmentation,https://www.ebi.ac.uk/gwas/rest/api/v2/associations/223072576,"[""OBA_VT0002095""]","[""strict""]","[""OBA_VT0002095-page-000.json""]","[""https://www.ebi.ac.uk/gwas/rest/api/v2/associations?efo_id=OBA_VT0002095&show_child_trait=false&size=500&page=0""]",1544
pigmentation,223072580,GCST90854272,42586059,[],Skin color in blue band,skin pigmentation,https://www.ebi.ac.uk/gwas/rest/api/v2/associations/223072580,"[""OBA_VT0002095""]","[""strict""]","[""OBA_VT0002095-page-000.json""]","[""https://www.ebi.ac.uk/gwas/rest/api/v2/associations?efo_id=OBA_VT0002095&show_child_trait=false&size=500&page=0""]",1544
pigmentation,223072584,GCST90854272,42586059,[],Skin color in blue band,skin pigmentation,https://www.ebi.ac.uk/gwas/rest/api/v2/associations/223072584,"[""OBA_VT0002095""]","[""strict""]","[""OBA_VT0002095-page-000.json""]","[""https://www.ebi.ac.uk/gwas/rest/api/v2/associations?efo_id=OBA_VT0002095&show_child_trait=false&size=500&page=0""]",1544
pigmentation,223072593,GCST90854272,42586059,[],Skin color in blue band,skin pigmentation,https://www.ebi.ac.uk/gwas/rest/api/v2/associations/223072593,"[""OBA_VT0002095""]","[""strict""]","[""OBA_VT0002095-page-000.json""]","[""https://www.ebi.ac.uk/gwas/rest/api/v2/associations?efo_id=OBA_VT0002095&show_child_trait=false&size=500&page=0""]",1544
pigmentation,223072598,GCST90854272,42586059,[],Skin color in blue band,skin pigmentation,https://www.ebi.ac.uk/gwas/rest/api/v2/associations/223072598,"[""OBA_VT0002095""]","[""strict""]","[""OBA_VT0002095-page-000.json""]","[""https://www.ebi.ac.uk/gwas/rest/api/v2/associations?efo_id=OBA_VT0002095&show_child_trait=false&size=500&page=0""]",1544
pigmentation,223072603,GCST90854272,42586059,[],Skin color in blue band,skin pigmentation,https://www.ebi.ac.uk/gwas/rest/api/v2/associations/223072603,"[""OBA_VT0002095""]","[""strict""]","[""OBA_VT0002095-page-000.json""]","[""https://www.ebi.ac.uk/gwas/rest/api/v2/associations?efo_id=OBA_VT0002095&show_child_trait=false&size=500&page=0""]",1544
pigmentation,223072611,GCST90854272,42586059,[],Skin color in blue band,skin pigmentation,https://www.ebi.ac.uk/gwas/rest/api/v2/associations/223072611,"[""OBA_VT0002095""]","[""strict""]","[""OBA_VT0002095-page-000.json""]","[""https://www.ebi.ac.uk/gwas/rest/api/v2/associations?efo_id=OBA_VT0002095&show_child_trait=false&size=500&page=0""]",1544
pigmentation,223072624,GCST90854272,42586059,[],Skin color in blue band,skin pigmentation,https://www.ebi.ac.uk/gwas/rest/api/v2/associations/223072624,"[""OBA_VT0002095""]","[""strict""]","[""OBA_VT0002095-page-000.json""]","[""https://www.ebi.ac.uk/gwas/rest/api/v2/associations?efo_id=OBA_VT0002095&show_child_trait=false&size=500&page=0""]",1544
pigmentation,223072632,GCST90854272,42586059,[],Skin color in blue band,skin pigmentation,https://www.ebi.ac.uk/gwas/rest/api/v2/associations/223072632,"[""OBA_VT0002095""]","[""strict""]","[""OBA_VT0002095-page-000.json""]","[""https://www.ebi.ac.uk/gwas/rest/api/v2/associations?efo_id=OBA_VT0002095&show_child_trait=false&size=500&page=0""]",1544
pigmentation,223072637,GCST90854272,42586059,[],Skin color in blue band,skin pigmentation,https://www.ebi.ac.uk/gwas/rest/api/v2/associations/223072637,"[""OBA_VT0002095""]","[""strict""]","[""OBA_VT0002095-page-000.json""]","[""https://www.ebi.ac.uk/gwas/rest/api/v2/associations?efo_id=OBA_VT0002095&show_child_trait=false&size=500&page=0""]",1544
pigmentation,223072641,GCST90854272,42586059,[],Skin color in blue band,skin pigmentation,https://www.ebi.ac.uk/gwas/rest/api/v2/associations/223072641,"[""OBA_VT0002095""]","[""strict""]","[""OBA_VT0002095-page-000.json""]","[""https://www.ebi.ac.uk/gwas/rest/api/v2/associations?efo_id=OBA_VT0002095&show_child_trait=false&size=500&page=0""]",1544
pigmentation,223072651,GCST90854272,42586059,[],Skin color in blue band,skin pigmentation,https://www.ebi.ac.uk/gwas/rest/api/v2/associations/223072651,"[""OBA_VT0002095""]","[""strict""]","[""OBA_VT0002095-page-000.json""]","[""https://www.ebi.ac.uk/gwas/rest/api/v2/associations?efo_id=OBA_VT0002095&show_child_trait=false&size=500&page=0""]",1544
pigmentation,223072664,GCST90854272,42586059,[],Skin color in blue band,skin pigmentation,https://www.ebi.ac.uk/gwas/rest/api/v2/associations/223072664,"[""OBA_VT0002095""]","[""strict""]","[""OBA_VT0002095-page-000.json""]","[""https://www.ebi.ac.uk/gwas/rest/api/v2/associations?efo_id=OBA_VT0002095&show_child_trait=false&size=500&page=0""]",1544
pigmentation,223072669,GCST90854272,42586059,[],Skin color in blue band,skin pigmentation,https://www.ebi.ac.uk/gwas/rest/api/v2/associations/223072669,"[""OBA_VT0002095""]","[""strict""]","[""OBA_VT0002095-page-000.json""]","[""https://www.ebi.ac.uk/gwas/rest/api/v2/associations?efo_id=OBA_VT0002095&show_child_trait=false&size=500&page=0""]",1544
pigmentation,223072674,GCST90854272,42586059,[],Skin color in blue band,skin pigmentation,https://www.ebi.ac.uk/gwas/rest/api/v2/associations/223072674,"[""OBA_VT0002095""]","[""strict""]","[""OBA_VT0002095-page-000.json""]","[""https://www.ebi.ac.uk/gwas/rest/api/v2/associations?efo_id=OBA_VT0002095&show_child_trait=false&size=500&page=0""]",1544
pigmentation,24956182,GCST005094,29109912,[],Iris color (L* coordinate),eye color,https://www.ebi.ac.uk/gwas/rest/api/v2/associations/24956182,"[""EFO_0003949""]","[""strict""]","[""EFO_0003949-page-000.json""]","[""https://www.ebi.ac.uk/gwas/rest/api/v2/associations?efo_id=EFO_0003949&show_child_trait=false&size=500&page=0""]",377
pigmentation,24956393,GCST005095,29109912,[],Iris heterochromicity,eye color,https://www.ebi.ac.uk/gwas/rest/api/v2/associations/24956393,"[""EFO_0003949""]","[""strict""]","[""EFO_0003949-page-000.json""]","[""https://www.ebi.ac.uk/gwas/rest/api/v2/associations?efo_id=EFO_0003949&show_child_trait=false&size=500&page=0""]",377
pigmentation,27275226,GCST005188,29195075,[],Skin pigmentation,skin pigmentation,https://www.ebi.ac.uk/gwas/rest/api/v2/associations/27275226,"[""OBA_VT0002095""]","[""strict""]","[""OBA_VT0002095-page-001.json""]","[""https://www.ebi.ac.uk/gwas/rest/api/v2/associations?efo_id=OBA_VT0002095&show_child_trait=false&size=500&page=1""]",216
pigmentation,27275258,GCST005189,29195075,[],Tanning,suntan,https://www.ebi.ac.uk/gwas/rest/api/v2/associations/27275258,"[""EFO_0004279""]","[""broad""]","[""EFO_0004279-page-000.json""]","[""https://www.ebi.ac.uk/gwas/rest/api/v2/associations?efo_id=EFO_0004279&show_child_trait=false&size=500&page=0""]",216
pigmentation,30828094,GCST005897,29739929,[],Low tan response,suntan,https://www.ebi.ac.uk/gwas/rest/api/v2/associations/30828094,"[""EFO_0004279""]","[""broad""]","[""EFO_0004279-page-000.json""]","[""https://www.ebi.ac.uk/gwas/rest/api/v2/associations?efo_id=EFO_0004279&show_child_trait=false&size=500&page=0""]",121296
pigmentation,35792997,GCST006988,30531825,[],Blond vs. brown/black hair color,hair color,https://www.ebi.ac.uk/gwas/rest/api/v2/associations/35792997,"[""EFO_0003924""]","[""strict""]","[""EFO_0003924-page-000.json""]","[""https://www.ebi.ac.uk/gwas/rest/api/v2/associations?efo_id=EFO_0003924&show_child_trait=false&size=500&page=0""]",323317
pigmentation,41451166,GCST007740,30895295,[],Iris color (a* coordinate),eye colour measurement,https://www.ebi.ac.uk/gwas/rest/api/v2/associations/41451166,"[""EFO_0009764""]","[""strict""]","[""EFO_0009764-page-000.json""]","[""https://www.ebi.ac.uk/gwas/rest/api/v2/associations?efo_id=EFO_0009764&show_child_trait=false&size=500&page=0""]",329
pigmentation,41451242,GCST007740,30895295,[],Iris color (a* coordinate),eye colour measurement,https://www.ebi.ac.uk/gwas/rest/api/v2/associations/41451242,"[""EFO_0009764""]","[""strict""]","[""EFO_0009764-page-000.json""]","[""https://www.ebi.ac.uk/gwas/rest/api/v2/associations?efo_id=EFO_0009764&show_child_trait=false&size=500&page=0""]",329
pigmentation,41451272,GCST007740,30895295,[],Iris color (a* coordinate),eye colour measurement,https://www.ebi.ac.uk/gwas/rest/api/v2/associations/41451272,"[""EFO_0009764""]","[""strict""]","[""EFO_0009764-page-000.json""]","[""https://www.ebi.ac.uk/gwas/rest/api/v2/associations?efo_id=EFO_0009764&show_child_trait=false&size=500&page=0""]",329
pigmentation,41451352,GCST007741,30895295,[],Iris color (b* coordinate),eye colour measurement,https://www.ebi.ac.uk/gwas/rest/api/v2/associations/41451352,"[""EFO_0009764""]","[""strict""]","[""EFO_0009764-page-000.json""]","[""https://www.ebi.ac.uk/gwas/rest/api/v2/associations?efo_id=EFO_0009764&show_child_trait=false&size=500&page=0""]",329
pigmentation,41451376,GCST007741,30895295,[],Iris color (b* coordinate),eye colour measurement,https://www.ebi.ac.uk/gwas/rest/api/v2/associations/41451376,"[""EFO_0009764""]","[""strict""]","[""EFO_0009764-page-000.json""]","[""https://www.ebi.ac.uk/gwas/rest/api/v2/associations?efo_id=EFO_0009764&show_child_trait=false&size=500&page=0""]",329
pigmentation,41451483,GCST007741,30895295,[],Iris color (b* coordinate),eye colour measurement,https://www.ebi.ac.uk/gwas/rest/api/v2/associations/41451483,"[""EFO_0009764""]","[""strict""]","[""EFO_0009764-page-000.json""]","[""https://www.ebi.ac.uk/gwas/rest/api/v2/associations?efo_id=EFO_0009764&show_child_trait=false&size=500&page=0""]",329
pigmentation,41451618,GCST007743,30895295,[],Iris color (L* coordinate),eye colour measurement,https://www.ebi.ac.uk/gwas/rest/api/v2/associations/41451618,"[""EFO_0009764""]","[""strict""]","[""EFO_0009764-page-000.json""]","[""https://www.ebi.ac.uk/gwas/rest/api/v2/associations?efo_id=EFO_0009764&show_child_trait=false&size=500&page=0""]",329
pigmentation,41451721,GCST007743,30895295,[],Iris color (L* coordinate),eye colour measurement,https://www.ebi.ac.uk/gwas/rest/api/v2/associations/41451721,"[""EFO_0009764""]","[""strict""]","[""EFO_0009764-page-000.json""]","[""https://www.ebi.ac.uk/gwas/rest/api/v2/associations?efo_id=EFO_0009764&show_child_trait=false&size=500&page=0""]",329
pigmentation,41451793,GCST007743,30895295,[],Iris color (L* coordinate),eye colour measurement,https://www.ebi.ac.uk/gwas/rest/api/v2/associations/41451793,"[""EFO_0009764""]","[""strict""]","[""EFO_0009764-page-000.json""]","[""https://www.ebi.ac.uk/gwas/rest/api/v2/associations?efo_id=EFO_0009764&show_child_trait=false&size=500&page=0""]",329
pigmentation,41452019,GCST007742,30895295,[],Iris heterochromicity,eye colour measurement,https://www.ebi.ac.uk/gwas/rest/api/v2/associations/41452019,"[""EFO_0009764""]","[""strict""]","[""EFO_0009764-page-000.json""]","[""https://www.ebi.ac.uk/gwas/rest/api/v2/associations?efo_id=EFO_0009764&show_child_trait=false&size=500&page=0""]",329
pigmentation,41452397,GCST007739,30895295,[],Skin reflectance (Melanin index),skin pigmentation,https://www.ebi.ac.uk/gwas/rest/api/v2/associations/41452397,"[""OBA_VT0002095""]","[""strict""]","[""OBA_VT0002095-page-001.json""]","[""https://www.ebi.ac.uk/gwas/rest/api/v2/associations?efo_id=OBA_VT0002095&show_child_trait=false&size=500&page=1""]",720
pigmentation,41452426,GCST007739,30895295,[],Skin reflectance (Melanin index),skin pigmentation,https://www.ebi.ac.uk/gwas/rest/api/v2/associations/41452426,"[""OBA_VT0002095""]","[""strict""]","[""OBA_VT0002095-page-001.json""]","[""https://www.ebi.ac.uk/gwas/rest/api/v2/associations?efo_id=OBA_VT0002095&show_child_trait=false&size=500&page=1""]",720
pigmentation,41452431,GCST007739,30895295,[],Skin reflectance (Melanin index),skin pigmentation,https://www.ebi.ac.uk/gwas/rest/api/v2/associations/41452431,"[""OBA_VT0002095""]","[""strict""]","[""OBA_VT0002095-page-001.json""]","[""https://www.ebi.ac.uk/gwas/rest/api/v2/associations?efo_id=OBA_VT0002095&show_child_trait=false&size=500&page=1""]",720
pigmentation,41452452,GCST007739,30895295,[],Skin reflectance (Melanin index),skin pigmentation,https://www.ebi.ac.uk/gwas/rest/api/v2/associations/41452452,"[""OBA_VT0002095""]","[""strict""]","[""OBA_VT0002095-page-001.json""]","[""https://www.ebi.ac.uk/gwas/rest/api/v2/associations?efo_id=OBA_VT0002095&show_child_trait=false&size=500&page=1""]",720
pigmentation,41452497,GCST007739,30895295,[],Skin reflectance (Melanin index),skin pigmentation,https://www.ebi.ac.uk/gwas/rest/api/v2/associations/41452497,"[""OBA_VT0002095""]","[""strict""]","[""OBA_VT0002095-page-001.json""]","[""https://www.ebi.ac.uk/gwas/rest/api/v2/associations?efo_id=OBA_VT0002095&show_child_trait=false&size=500&page=1""]",720
pigmentation,41452526,GCST007739,30895295,[],Skin reflectance (Melanin index),skin pigmentation,https://www.ebi.ac.uk/gwas/rest/api/v2/associations/41452526,"[""OBA_VT0002095""]","[""strict""]","[""OBA_VT0002095-page-001.json""]","[""https://www.ebi.ac.uk/gwas/rest/api/v2/associations?efo_id=OBA_VT0002095&show_child_trait=false&size=500&page=1""]",720
pigmentation,41452567,GCST007739,30895295,[],Skin reflectance (Melanin index),skin pigmentation,https://www.ebi.ac.uk/gwas/rest/api/v2/associations/41452567,"[""OBA_VT0002095""]","[""strict""]","[""OBA_VT0002095-page-001.json""]","[""https://www.ebi.ac.uk/gwas/rest/api/v2/associations?efo_id=OBA_VT0002095&show_child_trait=false&size=500&page=1""]",720
pigmentation,41452576,GCST007739,30895295,[],Skin reflectance (Melanin index),skin pigmentation,https://www.ebi.ac.uk/gwas/rest/api/v2/associations/41452576,"[""OBA_VT0002095""]","[""strict""]","[""OBA_VT0002095-page-001.json""]","[""https://www.ebi.ac.uk/gwas/rest/api/v2/associations?efo_id=OBA_VT0002095&show_child_trait=false&size=500&page=1""]",720
pigmentation,41452585,GCST007739,30895295,[],Skin reflectance (Melanin index),skin pigmentation,https://www.ebi.ac.uk/gwas/rest/api/v2/associations/41452585,"[""OBA_VT0002095""]","[""strict""]","[""OBA_VT0002095-page-001.json""]","[""https://www.ebi.ac.uk/gwas/rest/api/v2/associations?efo_id=OBA_VT0002095&show_child_trait=false&size=500&page=1""]",720
pigmentation,41452590,GCST007739,30895295,[],Skin reflectance (Melanin index),skin pigmentation,https://www.ebi.ac.uk/gwas/rest/api/v2/associations/41452590,"[""OBA_VT0002095""]","[""strict""]","[""OBA_VT0002095-page-001.json""]","[""https://www.ebi.ac.uk/gwas/rest/api/v2/associations?efo_id=OBA_VT0002095&show_child_trait=false&size=500&page=1""]",720
pigmentation,41452595,GCST007739,30895295,[],Skin reflectance (Melanin index),skin pigmentation,https://www.ebi.ac.uk/gwas/rest/api/v2/associations/41452595,"[""OBA_VT0002095""]","[""strict""]","[""OBA_VT0002095-page-001.json""]","[""https://www.ebi.ac.uk/gwas/rest/api/v2/associations?efo_id=OBA_VT0002095&show_child_trait=false&size=500&page=1""]",720
pigmentation,41452600,GCST007739,30895295,[],Skin reflectance (Melanin index),skin pigmentation,https://www.ebi.ac.uk/gwas/rest/api/v2/associations/41452600,"[""OBA_VT0002095""]","[""strict""]","[""OBA_VT0002095-page-001.json""]","[""https://www.ebi.ac.uk/gwas/rest/api/v2/associations?efo_id=OBA_VT0002095&show_child_trait=false&size=500&page=1""]",720
pigmentation,47687427,GCST008516,31315583,[],Skin pigmentation (conditioned on rs1426654 and rs35397),skin pigmentation,https://www.ebi.ac.uk/gwas/rest/api/v2/associations/47687427,"[""OBA_VT0002095""]","[""strict""]","[""OBA_VT0002095-page-001.json""]","[""https://www.ebi.ac.uk/gwas/rest/api/v2/associations?efo_id=OBA_VT0002095&show_child_trait=false&size=500&page=1""]",2104
pigmentation,47687447,GCST008516,31315583,[],Skin pigmentation (conditioned on rs1426654 and rs35397),skin pigmentation,https://www.ebi.ac.uk/gwas/rest/api/v2/associations/47687447,"[""OBA_VT0002095""]","[""strict""]","[""OBA_VT0002095-page-001.json""]","[""https://www.ebi.ac.uk/gwas/rest/api/v2/associations?efo_id=OBA_VT0002095&show_child_trait=false&size=500&page=1""]",2104
pigmentation,47687453,GCST008516,31315583,[],Skin pigmentation (conditioned on rs1426654 and rs35397),skin pigmentation,https://www.ebi.ac.uk/gwas/rest/api/v2/associations/47687453,"[""OBA_VT0002095""]","[""strict""]","[""OBA_VT0002095-page-001.json""]","[""https://www.ebi.ac.uk/gwas/rest/api/v2/associations?efo_id=OBA_VT0002095&show_child_trait=false&size=500&page=1""]",2104
pigmentation,47687459,GCST008516,31315583,[],Skin pigmentation (conditioned on rs1426654 and rs35397),skin pigmentation,https://www.ebi.ac.uk/gwas/rest/api/v2/associations/47687459,"[""OBA_VT0002095""]","[""strict""]","[""OBA_VT0002095-page-001.json""]","[""https://www.ebi.ac.uk/gwas/rest/api/v2/associations?efo_id=OBA_VT0002095&show_child_trait=false&size=500&page=1""]",2104
pigmentation,47687465,GCST008516,31315583,[],Skin pigmentation (conditioned on rs1426654 and rs35397),skin pigmentation,https://www.ebi.ac.uk/gwas/rest/api/v2/associations/47687465,"[""OBA_VT0002095""]","[""strict""]","[""OBA_VT0002095-page-001.json""]","[""https://www.ebi.ac.uk/gwas/rest/api/v2/associations?efo_id=OBA_VT0002095&show_child_trait=false&size=500&page=1""]",2104
pigmentation,47687471,GCST008516,31315583,[],Skin pigmentation (conditioned on rs1426654 and rs35397),skin pigmentation,https://www.ebi.ac.uk/gwas/rest/api/v2/associations/47687471,"[""OBA_VT0002095""]","[""strict""]","[""OBA_VT0002095-page-001.json""]","[""https://www.ebi.ac.uk/gwas/rest/api/v2/associations?efo_id=OBA_VT0002095&show_child_trait=false&size=500&page=1""]",2104
pigmentation,47687477,GCST008516,31315583,[],Skin pigmentation (conditioned on rs1426654 and rs35397),skin pigmentation,https://www.ebi.ac.uk/gwas/rest/api/v2/associations/47687477,"[""OBA_VT0002095""]","[""strict""]","[""OBA_VT0002095-page-001.json""]","[""https://www.ebi.ac.uk/gwas/rest/api/v2/associations?efo_id=OBA_VT0002095&show_child_trait=false&size=500&page=1""]",2104
pigmentation,47687483,GCST008516,31315583,[],Skin pigmentation (conditioned on rs1426654 and rs35397),skin pigmentation,https://www.ebi.ac.uk/gwas/rest/api/v2/associations/47687483,"[""OBA_VT0002095""]","[""strict""]","[""OBA_VT0002095-page-001.json""]","[""https://www.ebi.ac.uk/gwas/rest/api/v2/associations?efo_id=OBA_VT0002095&show_child_trait=false&size=500&page=1""]",2104
pigmentation,47687489,GCST008516,31315583,[],Skin pigmentation (conditioned on rs1426654 and rs35397),skin pigmentation,https://www.ebi.ac.uk/gwas/rest/api/v2/associations/47687489,"[""OBA_VT0002095""]","[""strict""]","[""OBA_VT0002095-page-001.json""]","[""https://www.ebi.ac.uk/gwas/rest/api/v2/associations?efo_id=OBA_VT0002095&show_child_trait=false&size=500&page=1""]",2104
pigmentation,47687495,GCST008516,31315583,[],Skin pigmentation (conditioned on rs1426654 and rs35397),skin pigmentation,https://www.ebi.ac.uk/gwas/rest/api/v2/associations/47687495,"[""OBA_VT0002095""]","[""strict""]","[""OBA_VT0002095-page-001.json""]","[""https://www.ebi.ac.uk/gwas/rest/api/v2/associations?efo_id=OBA_VT0002095&show_child_trait=false&size=500&page=1""]",2104
pigmentation,47687501,GCST008516,31315583,[],Skin pigmentation (conditioned on rs1426654 and rs35397),skin pigmentation,https://www.ebi.ac.uk/gwas/rest/api/v2/associations/47687501,"[""OBA_VT0002095""]","[""strict""]","[""OBA_VT0002095-page-001.json""]","[""https://www.ebi.ac.uk/gwas/rest/api/v2/associations?efo_id=OBA_VT0002095&show_child_trait=false&size=500&page=1""]",2104
pigmentation,47687507,GCST008516,31315583,[],Skin pigmentation (conditioned on rs1426654 and rs35397),skin pigmentation,https://www.ebi.ac.uk/gwas/rest/api/v2/associations/47687507,"[""OBA_VT0002095""]","[""strict""]","[""OBA_VT0002095-page-001.json""]","[""https://www.ebi.ac.uk/gwas/rest/api/v2/associations?efo_id=OBA_VT0002095&show_child_trait=false&size=500&page=1""]",2104
pigmentation,47687513,GCST008516,31315583,[],Skin pigmentation (conditioned on rs1426654 and rs35397),skin pigmentation,https://www.ebi.ac.uk/gwas/rest/api/v2/associations/47687513,"[""OBA_VT0002095""]","[""strict""]","[""OBA_VT0002095-page-001.json""]","[""https://www.ebi.ac.uk/gwas/rest/api/v2/associations?efo_id=OBA_VT0002095&show_child_trait=false&size=500&page=1""]",2104
pigmentation,47687519,GCST008516,31315583,[],Skin pigmentation (conditioned on rs1426654 and rs35397),skin pigmentation,https://www.ebi.ac.uk/gwas/rest/api/v2/associations/47687519,"[""OBA_VT0002095""]","[""strict""]","[""OBA_VT0002095-page-001.json""]","[""https://www.ebi.ac.uk/gwas/rest/api/v2/associations?efo_id=OBA_VT0002095&show_child_trait=false&size=500&page=1""]",2104
pigmentation,47687525,GCST008516,31315583,[],Skin pigmentation (conditioned on rs1426654 and rs35397),skin pigmentation,https://www.ebi.ac.uk/gwas/rest/api/v2/associations/47687525,"[""OBA_VT0002095""]","[""strict""]","[""OBA_VT0002095-page-001.json""]","[""https://www.ebi.ac.uk/gwas/rest/api/v2/associations?efo_id=OBA_VT0002095&show_child_trait=false&size=500&page=1""]",2104
pigmentation,47687531,GCST008516,31315583,[],Skin pigmentation (conditioned on rs1426654 and rs35397),skin pigmentation,https://www.ebi.ac.uk/gwas/rest/api/v2/associations/47687531,"[""OBA_VT0002095""]","[""strict""]","[""OBA_VT0002095-page-001.json""]","[""https://www.ebi.ac.uk/gwas/rest/api/v2/associations?efo_id=OBA_VT0002095&show_child_trait=false&size=500&page=1""]",2104
pigmentation,47687537,GCST008516,31315583,[],Skin pigmentation (conditioned on rs1426654 and rs35397),skin pigmentation,https://www.ebi.ac.uk/gwas/rest/api/v2/associations/47687537,"[""OBA_VT0002095""]","[""strict""]","[""OBA_VT0002095-page-001.json""]","[""https://www.ebi.ac.uk/gwas/rest/api/v2/associations?efo_id=OBA_VT0002095&show_child_trait=false&size=500&page=1""]",2104
pigmentation,47687543,GCST008516,31315583,[],Skin pigmentation (conditioned on rs1426654 and rs35397),skin pigmentation,https://www.ebi.ac.uk/gwas/rest/api/v2/associations/47687543,"[""OBA_VT0002095""]","[""strict""]","[""OBA_VT0002095-page-001.json""]","[""https://www.ebi.ac.uk/gwas/rest/api/v2/associations?efo_id=OBA_VT0002095&show_child_trait=false&size=500&page=1""]",2104
pigmentation,47687549,GCST008516,31315583,[],Skin pigmentation (conditioned on rs1426654 and rs35397),skin pigmentation,https://www.ebi.ac.uk/gwas/rest/api/v2/associations/47687549,"[""OBA_VT0002095""]","[""strict""]","[""OBA_VT0002095-page-001.json""]","[""https://www.ebi.ac.uk/gwas/rest/api/v2/associations?efo_id=OBA_VT0002095&show_child_trait=false&size=500&page=1""]",2104
pigmentation,47687555,GCST008516,31315583,[],Skin pigmentation (conditioned on rs1426654 and rs35397),skin pigmentation,https://www.ebi.ac.uk/gwas/rest/api/v2/associations/47687555,"[""OBA_VT0002095""]","[""strict""]","[""OBA_VT0002095-page-001.json""]","[""https://www.ebi.ac.uk/gwas/rest/api/v2/associations?efo_id=OBA_VT0002095&show_child_trait=false&size=500&page=1""]",2104
pigmentation,47687561,GCST008516,31315583,[],Skin pigmentation (conditioned on rs1426654 and rs35397),skin pigmentation,https://www.ebi.ac.uk/gwas/rest/api/v2/associations/47687561,"[""OBA_VT0002095""]","[""strict""]","[""OBA_VT0002095-page-001.json""]","[""https://www.ebi.ac.uk/gwas/rest/api/v2/associations?efo_id=OBA_VT0002095&show_child_trait=false&size=500&page=1""]",2104
pigmentation,47687567,GCST008516,31315583,[],Skin pigmentation (conditioned on rs1426654 and rs35397),skin pigmentation,https://www.ebi.ac.uk/gwas/rest/api/v2/associations/47687567,"[""OBA_VT0002095""]","[""strict""]","[""OBA_VT0002095-page-001.json""]","[""https://www.ebi.ac.uk/gwas/rest/api/v2/associations?efo_id=OBA_VT0002095&show_child_trait=false&size=500&page=1""]",2104
pigmentation,47687573,GCST008516,31315583,[],Skin pigmentation (conditioned on rs1426654 and rs35397),skin pigmentation,https://www.ebi.ac.uk/gwas/rest/api/v2/associations/47687573,"[""OBA_VT0002095""]","[""strict""]","[""OBA_VT0002095-page-001.json""]","[""https://www.ebi.ac.uk/gwas/rest/api/v2/associations?efo_id=OBA_VT0002095&show_child_trait=false&size=500&page=1""]",2104
pigmentation,47687579,GCST008516,31315583,[],Skin pigmentation (conditioned on rs1426654 and rs35397),skin pigmentation,https://www.ebi.ac.uk/gwas/rest/api/v2/associations/47687579,"[""OBA_VT0002095""]","[""strict""]","[""OBA_VT0002095-page-001.json""]","[""https://www.ebi.ac.uk/gwas/rest/api/v2/associations?efo_id=OBA_VT0002095&show_child_trait=false&size=500&page=1""]",2104
pigmentation,47687585,GCST008516,31315583,[],Skin pigmentation (conditioned on rs1426654 and rs35397),skin pigmentation,https://www.ebi.ac.uk/gwas/rest/api/v2/associations/47687585,"[""OBA_VT0002095""]","[""strict""]","[""OBA_VT0002095-page-001.json""]","[""https://www.ebi.ac.uk/gwas/rest/api/v2/associations?efo_id=OBA_VT0002095&show_child_trait=false&size=500&page=1""]",2104
pigmentation,47687591,GCST008516,31315583,[],Skin pigmentation (conditioned on rs1426654 and rs35397),skin pigmentation,https://www.ebi.ac.uk/gwas/rest/api/v2/associations/47687591,"[""OBA_VT0002095""]","[""strict""]","[""OBA_VT0002095-page-001.json""]","[""https://www.ebi.ac.uk/gwas/rest/api/v2/associations?efo_id=OBA_VT0002095&show_child_trait=false&size=500&page=1""]",2104
pigmentation,47687597,GCST008516,31315583,[],Skin pigmentation (conditioned on rs1426654 and rs35397),skin pigmentation,https://www.ebi.ac.uk/gwas/rest/api/v2/associations/47687597,"[""OBA_VT0002095""]","[""strict""]","[""OBA_VT0002095-page-001.json""]","[""https://www.ebi.ac.uk/gwas/rest/api/v2/associations?efo_id=OBA_VT0002095&show_child_trait=false&size=500&page=1""]",2104
pigmentation,47687603,GCST008516,31315583,[],Skin pigmentation (conditioned on rs1426654 and rs35397),skin pigmentation,https://www.ebi.ac.uk/gwas/rest/api/v2/associations/47687603,"[""OBA_VT0002095""]","[""strict""]","[""OBA_VT0002095-page-001.json""]","[""https://www.ebi.ac.uk/gwas/rest/api/v2/associations?efo_id=OBA_VT0002095&show_child_trait=false&size=500&page=1""]",2104
pigmentation,47687609,GCST008516,31315583,[],Skin pigmentation (conditioned on rs1426654 and rs35397),skin pigmentation,https://www.ebi.ac.uk/gwas/rest/api/v2/associations/47687609,"[""OBA_VT0002095""]","[""strict""]","[""OBA_VT0002095-page-001.json""]","[""https://www.ebi.ac.uk/gwas/rest/api/v2/associations?efo_id=OBA_VT0002095&show_child_trait=false&size=500&page=1""]",2104
pigmentation,47687615,GCST008516,31315583,[],Skin pigmentation (conditioned on rs1426654 and rs35397),skin pigmentation,https://www.ebi.ac.uk/gwas/rest/api/v2/associations/47687615,"[""OBA_VT0002095""]","[""strict""]","[""OBA_VT0002095-page-001.json""]","[""https://www.ebi.ac.uk/gwas/rest/api/v2/associations?efo_id=OBA_VT0002095&show_child_trait=false&size=500&page=1""]",2104
pigmentation,47687621,GCST008516,31315583,[],Skin pigmentation (conditioned on rs1426654 and rs35397),skin pigmentation,https://www.ebi.ac.uk/gwas/rest/api/v2/associations/47687621,"[""OBA_VT0002095""]","[""strict""]","[""OBA_VT0002095-page-001.json""]","[""https://www.ebi.ac.uk/gwas/rest/api/v2/associations?efo_id=OBA_VT0002095&show_child_trait=false&size=500&page=1""]",2104
pigmentation,47687627,GCST008516,31315583,[],Skin pigmentation (conditioned on rs1426654 and rs35397),skin pigmentation,https://www.ebi.ac.uk/gwas/rest/api/v2/associations/47687627,"[""OBA_VT0002095""]","[""strict""]","[""OBA_VT0002095-page-001.json""]","[""https://www.ebi.ac.uk/gwas/rest/api/v2/associations?efo_id=OBA_VT0002095&show_child_trait=false&size=500&page=1""]",2104
pigmentation,47687633,GCST008516,31315583,[],Skin pigmentation (conditioned on rs1426654 and rs35397),skin pigmentation,https://www.ebi.ac.uk/gwas/rest/api/v2/associations/47687633,"[""OBA_VT0002095""]","[""strict""]","[""OBA_VT0002095-page-001.json""]","[""https://www.ebi.ac.uk/gwas/rest/api/v2/associations?efo_id=OBA_VT0002095&show_child_trait=false&size=500&page=1""]",2104
pigmentation,47687639,GCST008516,31315583,[],Skin pigmentation (conditioned on rs1426654 and rs35397),skin pigmentation,https://www.ebi.ac.uk/gwas/rest/api/v2/associations/47687639,"[""OBA_VT0002095""]","[""strict""]","[""OBA_VT0002095-page-001.json""]","[""https://www.ebi.ac.uk/gwas/rest/api/v2/associations?efo_id=OBA_VT0002095&show_child_trait=false&size=500&page=1""]",2104
pigmentation,47687645,GCST008516,31315583,[],Skin pigmentation (conditioned on rs1426654 and rs35397),skin pigmentation,https://www.ebi.ac.uk/gwas/rest/api/v2/associations/47687645,"[""OBA_VT0002095""]","[""strict""]","[""OBA_VT0002095-page-001.json""]","[""https://www.ebi.ac.uk/gwas/rest/api/v2/associations?efo_id=OBA_VT0002095&show_child_trait=false&size=500&page=1""]",2104
pigmentation,47687651,GCST008516,31315583,[],Skin pigmentation (conditioned on rs1426654 and rs35397),skin pigmentation,https://www.ebi.ac.uk/gwas/rest/api/v2/associations/47687651,"[""OBA_VT0002095""]","[""strict""]","[""OBA_VT0002095-page-001.json""]","[""https://www.ebi.ac.uk/gwas/rest/api/v2/associations?efo_id=OBA_VT0002095&show_child_trait=false&size=500&page=1""]",2104
pigmentation,47687657,GCST008516,31315583,[],Skin pigmentation (conditioned on rs1426654 and rs35397),skin pigmentation,https://www.ebi.ac.uk/gwas/rest/api/v2/associations/47687657,"[""OBA_VT0002095""]","[""strict""]","[""OBA_VT0002095-page-001.json""]","[""https://www.ebi.ac.uk/gwas/rest/api/v2/associations?efo_id=OBA_VT0002095&show_child_trait=false&size=500&page=1""]",2104
pigmentation,47687668,GCST008516,31315583,[],Skin pigmentation (conditioned on rs1426654 and rs35397),skin pigmentation,https://www.ebi.ac.uk/gwas/rest/api/v2/associations/47687668,"[""OBA_VT0002095""]","[""strict""]","[""OBA_VT0002095-page-001.json""]","[""https://www.ebi.ac.uk/gwas/rest/api/v2/associations?efo_id=OBA_VT0002095&show_child_trait=false&size=500&page=1""]",2104
pigmentation,47687674,GCST008516,31315583,[],Skin pigmentation (conditioned on rs1426654 and rs35397),skin pigmentation,https://www.ebi.ac.uk/gwas/rest/api/v2/associations/47687674,"[""OBA_VT0002095""]","[""strict""]","[""OBA_VT0002095-page-001.json""]","[""https://www.ebi.ac.uk/gwas/rest/api/v2/associations?efo_id=OBA_VT0002095&show_child_trait=false&size=500&page=1""]",2104
pigmentation,47687680,GCST008516,31315583,[],Skin pigmentation (conditioned on rs1426654 and rs35397),skin pigmentation,https://www.ebi.ac.uk/gwas/rest/api/v2/associations/47687680,"[""OBA_VT0002095""]","[""strict""]","[""OBA_VT0002095-page-001.json""]","[""https://www.ebi.ac.uk/gwas/rest/api/v2/associations?efo_id=OBA_VT0002095&show_child_trait=false&size=500&page=1""]",2104
pigmentation,47687686,GCST008516,31315583,[],Skin pigmentation (conditioned on rs1426654 and rs35397),skin pigmentation,https://www.ebi.ac.uk/gwas/rest/api/v2/associations/47687686,"[""OBA_VT0002095""]","[""strict""]","[""OBA_VT0002095-page-001.json""]","[""https://www.ebi.ac.uk/gwas/rest/api/v2/associations?efo_id=OBA_VT0002095&show_child_trait=false&size=500&page=1""]",2104
pigmentation,47687692,GCST008516,31315583,[],Skin pigmentation (conditioned on rs1426654 and rs35397),skin pigmentation,https://www.ebi.ac.uk/gwas/rest/api/v2/associations/47687692,"[""OBA_VT0002095""]","[""strict""]","[""OBA_VT0002095-page-001.json""]","[""https://www.ebi.ac.uk/gwas/rest/api/v2/associations?efo_id=OBA_VT0002095&show_child_trait=false&size=500&page=1""]",2104
pigmentation,47687698,GCST008516,31315583,[],Skin pigmentation (conditioned on rs1426654 and rs35397),skin pigmentation,https://www.ebi.ac.uk/gwas/rest/api/v2/associations/47687698,"[""OBA_VT0002095""]","[""strict""]","[""OBA_VT0002095-page-001.json""]","[""https://www.ebi.ac.uk/gwas/rest/api/v2/associations?efo_id=OBA_VT0002095&show_child_trait=false&size=500&page=1""]",2104
pigmentation,47687704,GCST008516,31315583,[],Skin pigmentation (conditioned on rs1426654 and rs35397),skin pigmentation,https://www.ebi.ac.uk/gwas/rest/api/v2/associations/47687704,"[""OBA_VT0002095""]","[""strict""]","[""OBA_VT0002095-page-001.json""]","[""https://www.ebi.ac.uk/gwas/rest/api/v2/associations?efo_id=OBA_VT0002095&show_child_trait=false&size=500&page=1""]",2104
pigmentation,47687710,GCST008516,31315583,[],Skin pigmentation (conditioned on rs1426654 and rs35397),skin pigmentation,https://www.ebi.ac.uk/gwas/rest/api/v2/associations/47687710,"[""OBA_VT0002095""]","[""strict""]","[""OBA_VT0002095-page-001.json""]","[""https://www.ebi.ac.uk/gwas/rest/api/v2/associations?efo_id=OBA_VT0002095&show_child_trait=false&size=500&page=1""]",2104
pigmentation,47687716,GCST008516,31315583,[],Skin pigmentation (conditioned on rs1426654 and rs35397),skin pigmentation,https://www.ebi.ac.uk/gwas/rest/api/v2/associations/47687716,"[""OBA_VT0002095""]","[""strict""]","[""OBA_VT0002095-page-001.json""]","[""https://www.ebi.ac.uk/gwas/rest/api/v2/associations?efo_id=OBA_VT0002095&show_child_trait=false&size=500&page=1""]",2104
pigmentation,47687722,GCST008516,31315583,[],Skin pigmentation (conditioned on rs1426654 and rs35397),skin pigmentation,https://www.ebi.ac.uk/gwas/rest/api/v2/associations/47687722,"[""OBA_VT0002095""]","[""strict""]","[""OBA_VT0002095-page-001.json""]","[""https://www.ebi.ac.uk/gwas/rest/api/v2/associations?efo_id=OBA_VT0002095&show_child_trait=false&size=500&page=1""]",2104
pigmentation,47687728,GCST008516,31315583,[],Skin pigmentation (conditioned on rs1426654 and rs35397),skin pigmentation,https://www.ebi.ac.uk/gwas/rest/api/v2/associations/47687728,"[""OBA_VT0002095""]","[""strict""]","[""OBA_VT0002095-page-001.json""]","[""https://www.ebi.ac.uk/gwas/rest/api/v2/associations?efo_id=OBA_VT0002095&show_child_trait=false&size=500&page=1""]",2104
pigmentation,47687734,GCST008516,31315583,[],Skin pigmentation (conditioned on rs1426654 and rs35397),skin pigmentation,https://www.ebi.ac.uk/gwas/rest/api/v2/associations/47687734,"[""OBA_VT0002095""]","[""strict""]","[""OBA_VT0002095-page-001.json""]","[""https://www.ebi.ac.uk/gwas/rest/api/v2/associations?efo_id=OBA_VT0002095&show_child_trait=false&size=500&page=1""]",2104
pigmentation,47687740,GCST008516,31315583,[],Skin pigmentation (conditioned on rs1426654 and rs35397),skin pigmentation,https://www.ebi.ac.uk/gwas/rest/api/v2/associations/47687740,"[""OBA_VT0002095""]","[""strict""]","[""OBA_VT0002095-page-001.json""]","[""https://www.ebi.ac.uk/gwas/rest/api/v2/associations?efo_id=OBA_VT0002095&show_child_trait=false&size=500&page=1""]",2104
pigmentation,47687746,GCST008516,31315583,[],Skin pigmentation (conditioned on rs1426654 and rs35397),skin pigmentation,https://www.ebi.ac.uk/gwas/rest/api/v2/associations/47687746,"[""OBA_VT0002095""]","[""strict""]","[""OBA_VT0002095-page-001.json""]","[""https://www.ebi.ac.uk/gwas/rest/api/v2/associations?efo_id=OBA_VT0002095&show_child_trait=false&size=500&page=1""]",2104
pigmentation,47687752,GCST008516,31315583,[],Skin pigmentation (conditioned on rs1426654 and rs35397),skin pigmentation,https://www.ebi.ac.uk/gwas/rest/api/v2/associations/47687752,"[""OBA_VT0002095""]","[""strict""]","[""OBA_VT0002095-page-001.json""]","[""https://www.ebi.ac.uk/gwas/rest/api/v2/associations?efo_id=OBA_VT0002095&show_child_trait=false&size=500&page=1""]",2104
pigmentation,47687758,GCST008516,31315583,[],Skin pigmentation (conditioned on rs1426654 and rs35397),skin pigmentation,https://www.ebi.ac.uk/gwas/rest/api/v2/associations/47687758,"[""OBA_VT0002095""]","[""strict""]","[""OBA_VT0002095-page-001.json""]","[""https://www.ebi.ac.uk/gwas/rest/api/v2/associations?efo_id=OBA_VT0002095&show_child_trait=false&size=500&page=1""]",2104
pigmentation,47687764,GCST008516,31315583,[],Skin pigmentation (conditioned on rs1426654 and rs35397),skin pigmentation,https://www.ebi.ac.uk/gwas/rest/api/v2/associations/47687764,"[""OBA_VT0002095""]","[""strict""]","[""OBA_VT0002095-page-001.json""]","[""https://www.ebi.ac.uk/gwas/rest/api/v2/associations?efo_id=OBA_VT0002095&show_child_trait=false&size=500&page=1""]",2104
pigmentation,47687770,GCST008516,31315583,[],Skin pigmentation (conditioned on rs1426654 and rs35397),skin pigmentation,https://www.ebi.ac.uk/gwas/rest/api/v2/associations/47687770,"[""OBA_VT0002095""]","[""strict""]","[""OBA_VT0002095-page-001.json""]","[""https://www.ebi.ac.uk/gwas/rest/api/v2/associations?efo_id=OBA_VT0002095&show_child_trait=false&size=500&page=1""]",2104
pigmentation,47687776,GCST008516,31315583,[],Skin pigmentation (conditioned on rs1426654 and rs35397),skin pigmentation,https://www.ebi.ac.uk/gwas/rest/api/v2/associations/47687776,"[""OBA_VT0002095""]","[""strict""]","[""OBA_VT0002095-page-001.json""]","[""https://www.ebi.ac.uk/gwas/rest/api/v2/associations?efo_id=OBA_VT0002095&show_child_trait=false&size=500&page=1""]",2104
pigmentation,47687782,GCST008516,31315583,[],Skin pigmentation (conditioned on rs1426654 and rs35397),skin pigmentation,https://www.ebi.ac.uk/gwas/rest/api/v2/associations/47687782,"[""OBA_VT0002095""]","[""strict""]","[""OBA_VT0002095-page-001.json""]","[""https://www.ebi.ac.uk/gwas/rest/api/v2/associations?efo_id=OBA_VT0002095&show_child_trait=false&size=500&page=1""]",2104
pigmentation,47687788,GCST008516,31315583,[],Skin pigmentation (conditioned on rs1426654 and rs35397),skin pigmentation,https://www.ebi.ac.uk/gwas/rest/api/v2/associations/47687788,"[""OBA_VT0002095""]","[""strict""]","[""OBA_VT0002095-page-001.json""]","[""https://www.ebi.ac.uk/gwas/rest/api/v2/associations?efo_id=OBA_VT0002095&show_child_trait=false&size=500&page=1""]",2104
pigmentation,47687794,GCST008516,31315583,[],Skin pigmentation (conditioned on rs1426654 and rs35397),skin pigmentation,https://www.ebi.ac.uk/gwas/rest/api/v2/associations/47687794,"[""OBA_VT0002095""]","[""strict""]","[""OBA_VT0002095-page-001.json""]","[""https://www.ebi.ac.uk/gwas/rest/api/v2/associations?efo_id=OBA_VT0002095&show_child_trait=false&size=500&page=1""]",2104
pigmentation,47687800,GCST008516,31315583,[],Skin pigmentation (conditioned on rs1426654 and rs35397),skin pigmentation,https://www.ebi.ac.uk/gwas/rest/api/v2/associations/47687800,"[""OBA_VT0002095""]","[""strict""]","[""OBA_VT0002095-page-001.json""]","[""https://www.ebi.ac.uk/gwas/rest/api/v2/associations?efo_id=OBA_VT0002095&show_child_trait=false&size=500&page=1""]",2104
pigmentation,47687806,GCST008516,31315583,[],Skin pigmentation (conditioned on rs1426654 and rs35397),skin pigmentation,https://www.ebi.ac.uk/gwas/rest/api/v2/associations/47687806,"[""OBA_VT0002095""]","[""strict""]","[""OBA_VT0002095-page-001.json""]","[""https://www.ebi.ac.uk/gwas/rest/api/v2/associations?efo_id=OBA_VT0002095&show_child_trait=false&size=500&page=1""]",2104
pigmentation,47687811,GCST008516,31315583,[],Skin pigmentation (conditioned on rs1426654 and rs35397),skin pigmentation,https://www.ebi.ac.uk/gwas/rest/api/v2/associations/47687811,"[""OBA_VT0002095""]","[""strict""]","[""OBA_VT0002095-page-001.json""]","[""https://www.ebi.ac.uk/gwas/rest/api/v2/associations?efo_id=OBA_VT0002095&show_child_trait=false&size=500&page=1""]",2104
pigmentation,47687817,GCST008516,31315583,[],Skin pigmentation (conditioned on rs1426654 and rs35397),skin pigmentation,https://www.ebi.ac.uk/gwas/rest/api/v2/associations/47687817,"[""OBA_VT0002095""]","[""strict""]","[""OBA_VT0002095-page-001.json""]","[""https://www.ebi.ac.uk/gwas/rest/api/v2/associations?efo_id=OBA_VT0002095&show_child_trait=false&size=500&page=1""]",2104
pigmentation,47687823,GCST008516,31315583,[],Skin pigmentation (conditioned on rs1426654 and rs35397),skin pigmentation,https://www.ebi.ac.uk/gwas/rest/api/v2/associations/47687823,"[""OBA_VT0002095""]","[""strict""]","[""OBA_VT0002095-page-001.json""]","[""https://www.ebi.ac.uk/gwas/rest/api/v2/associations?efo_id=OBA_VT0002095&show_child_trait=false&size=500&page=1""]",2104
pigmentation,47687829,GCST008516,31315583,[],Skin pigmentation (conditioned on rs1426654 and rs35397),skin pigmentation,https://www.ebi.ac.uk/gwas/rest/api/v2/associations/47687829,"[""OBA_VT0002095""]","[""strict""]","[""OBA_VT0002095-page-001.json""]","[""https://www.ebi.ac.uk/gwas/rest/api/v2/associations?efo_id=OBA_VT0002095&show_child_trait=false&size=500&page=1""]",2104
pigmentation,47687835,GCST008516,31315583,[],Skin pigmentation (conditioned on rs1426654 and rs35397),skin pigmentation,https://www.ebi.ac.uk/gwas/rest/api/v2/associations/47687835,"[""OBA_VT0002095""]","[""strict""]","[""OBA_VT0002095-page-001.json""]","[""https://www.ebi.ac.uk/gwas/rest/api/v2/associations?efo_id=OBA_VT0002095&show_child_trait=false&size=500&page=1""]",2104
pigmentation,47687841,GCST008516,31315583,[],Skin pigmentation (conditioned on rs1426654 and rs35397),skin pigmentation,https://www.ebi.ac.uk/gwas/rest/api/v2/associations/47687841,"[""OBA_VT0002095""]","[""strict""]","[""OBA_VT0002095-page-001.json""]","[""https://www.ebi.ac.uk/gwas/rest/api/v2/associations?efo_id=OBA_VT0002095&show_child_trait=false&size=500&page=1""]",2104
pigmentation,47687847,GCST008516,31315583,[],Skin pigmentation (conditioned on rs1426654 and rs35397),skin pigmentation,https://www.ebi.ac.uk/gwas/rest/api/v2/associations/47687847,"[""OBA_VT0002095""]","[""strict""]","[""OBA_VT0002095-page-001.json""]","[""https://www.ebi.ac.uk/gwas/rest/api/v2/associations?efo_id=OBA_VT0002095&show_child_trait=false&size=500&page=1""]",2104
pigmentation,47687913,GCST008518,31315583,[],Skin pigmentation,skin pigmentation,https://www.ebi.ac.uk/gwas/rest/api/v2/associations/47687913,"[""OBA_VT0002095""]","[""strict""]","[""OBA_VT0002095-page-001.json""]","[""https://www.ebi.ac.uk/gwas/rest/api/v2/associations?efo_id=OBA_VT0002095&show_child_trait=false&size=500&page=1""]",762
pigmentation,47687918,GCST008518,31315583,[],Skin pigmentation,skin pigmentation,https://www.ebi.ac.uk/gwas/rest/api/v2/associations/47687918,"[""OBA_VT0002095""]","[""strict""]","[""OBA_VT0002095-page-001.json""]","[""https://www.ebi.ac.uk/gwas/rest/api/v2/associations?efo_id=OBA_VT0002095&show_child_trait=false&size=500&page=1""]",762
pigmentation,47687923,GCST008518,31315583,[],Skin pigmentation,skin pigmentation,https://www.ebi.ac.uk/gwas/rest/api/v2/associations/47687923,"[""OBA_VT0002095""]","[""strict""]","[""OBA_VT0002095-page-001.json""]","[""https://www.ebi.ac.uk/gwas/rest/api/v2/associations?efo_id=OBA_VT0002095&show_child_trait=false&size=500&page=1""]",762
pigmentation,47687932,GCST008518,31315583,[],Skin pigmentation,skin pigmentation,https://www.ebi.ac.uk/gwas/rest/api/v2/associations/47687932,"[""OBA_VT0002095""]","[""strict""]","[""OBA_VT0002095-page-001.json""]","[""https://www.ebi.ac.uk/gwas/rest/api/v2/associations?efo_id=OBA_VT0002095&show_child_trait=false&size=500&page=1""]",762
pigmentation,47687937,GCST008518,31315583,[],Skin pigmentation,skin pigmentation,https://www.ebi.ac.uk/gwas/rest/api/v2/associations/47687937,"[""OBA_VT0002095""]","[""strict""]","[""OBA_VT0002095-page-001.json""]","[""https://www.ebi.ac.uk/gwas/rest/api/v2/associations?efo_id=OBA_VT0002095&show_child_trait=false&size=500&page=1""]",762
pigmentation,47687942,GCST008518,31315583,[],Skin pigmentation,skin pigmentation,https://www.ebi.ac.uk/gwas/rest/api/v2/associations/47687942,"[""OBA_VT0002095""]","[""strict""]","[""OBA_VT0002095-page-000.json""]","[""https://www.ebi.ac.uk/gwas/rest/api/v2/associations?efo_id=OBA_VT0002095&show_child_trait=false&size=500&page=0""]",762
pigmentation,47687947,GCST008518,31315583,[],Skin pigmentation,skin pigmentation,https://www.ebi.ac.uk/gwas/rest/api/v2/associations/47687947,"[""OBA_VT0002095""]","[""strict""]","[""OBA_VT0002095-page-000.json""]","[""https://www.ebi.ac.uk/gwas/rest/api/v2/associations?efo_id=OBA_VT0002095&show_child_trait=false&size=500&page=0""]",762
pigmentation,47687952,GCST008518,31315583,[],Skin pigmentation,skin pigmentation,https://www.ebi.ac.uk/gwas/rest/api/v2/associations/47687952,"[""OBA_VT0002095""]","[""strict""]","[""OBA_VT0002095-page-000.json""]","[""https://www.ebi.ac.uk/gwas/rest/api/v2/associations?efo_id=OBA_VT0002095&show_child_trait=false&size=500&page=0""]",762
pigmentation,47687957,GCST008518,31315583,[],Skin pigmentation,skin pigmentation,https://www.ebi.ac.uk/gwas/rest/api/v2/associations/47687957,"[""OBA_VT0002095""]","[""strict""]","[""OBA_VT0002095-page-000.json""]","[""https://www.ebi.ac.uk/gwas/rest/api/v2/associations?efo_id=OBA_VT0002095&show_child_trait=false&size=500&page=0""]",762
pigmentation,47687962,GCST008518,31315583,[],Skin pigmentation,skin pigmentation,https://www.ebi.ac.uk/gwas/rest/api/v2/associations/47687962,"[""OBA_VT0002095""]","[""strict""]","[""OBA_VT0002095-page-000.json""]","[""https://www.ebi.ac.uk/gwas/rest/api/v2/associations?efo_id=OBA_VT0002095&show_child_trait=false&size=500&page=0""]",762
pigmentation,47687967,GCST008518,31315583,[],Skin pigmentation,skin pigmentation,https://www.ebi.ac.uk/gwas/rest/api/v2/associations/47687967,"[""OBA_VT0002095""]","[""strict""]","[""OBA_VT0002095-page-000.json""]","[""https://www.ebi.ac.uk/gwas/rest/api/v2/associations?efo_id=OBA_VT0002095&show_child_trait=false&size=500&page=0""]",762
pigmentation,47687972,GCST008518,31315583,[],Skin pigmentation,skin pigmentation,https://www.ebi.ac.uk/gwas/rest/api/v2/associations/47687972,"[""OBA_VT0002095""]","[""strict""]","[""OBA_VT0002095-page-000.json""]","[""https://www.ebi.ac.uk/gwas/rest/api/v2/associations?efo_id=OBA_VT0002095&show_child_trait=false&size=500&page=0""]",762
pigmentation,47687977,GCST008518,31315583,[],Skin pigmentation,skin pigmentation,https://www.ebi.ac.uk/gwas/rest/api/v2/associations/47687977,"[""OBA_VT0002095""]","[""strict""]","[""OBA_VT0002095-page-000.json""]","[""https://www.ebi.ac.uk/gwas/rest/api/v2/associations?efo_id=OBA_VT0002095&show_child_trait=false&size=500&page=0""]",762
pigmentation,47687982,GCST008518,31315583,[],Skin pigmentation,skin pigmentation,https://www.ebi.ac.uk/gwas/rest/api/v2/associations/47687982,"[""OBA_VT0002095""]","[""strict""]","[""OBA_VT0002095-page-000.json""]","[""https://www.ebi.ac.uk/gwas/rest/api/v2/associations?efo_id=OBA_VT0002095&show_child_trait=false&size=500&page=0""]",762
pigmentation,47687987,GCST008518,31315583,[],Skin pigmentation,skin pigmentation,https://www.ebi.ac.uk/gwas/rest/api/v2/associations/47687987,"[""OBA_VT0002095""]","[""strict""]","[""OBA_VT0002095-page-000.json""]","[""https://www.ebi.ac.uk/gwas/rest/api/v2/associations?efo_id=OBA_VT0002095&show_child_trait=false&size=500&page=0""]",762
pigmentation,47687992,GCST008518,31315583,[],Skin pigmentation,skin pigmentation,https://www.ebi.ac.uk/gwas/rest/api/v2/associations/47687992,"[""OBA_VT0002095""]","[""strict""]","[""OBA_VT0002095-page-000.json""]","[""https://www.ebi.ac.uk/gwas/rest/api/v2/associations?efo_id=OBA_VT0002095&show_child_trait=false&size=500&page=0""]",762
pigmentation,47687997,GCST008518,31315583,[],Skin pigmentation,skin pigmentation,https://www.ebi.ac.uk/gwas/rest/api/v2/associations/47687997,"[""OBA_VT0002095""]","[""strict""]","[""OBA_VT0002095-page-000.json""]","[""https://www.ebi.ac.uk/gwas/rest/api/v2/associations?efo_id=OBA_VT0002095&show_child_trait=false&size=500&page=0""]",762
pigmentation,47688002,GCST008518,31315583,[],Skin pigmentation,skin pigmentation,https://www.ebi.ac.uk/gwas/rest/api/v2/associations/47688002,"[""OBA_VT0002095""]","[""strict""]","[""OBA_VT0002095-page-000.json""]","[""https://www.ebi.ac.uk/gwas/rest/api/v2/associations?efo_id=OBA_VT0002095&show_child_trait=false&size=500&page=0""]",762
pigmentation,47688007,GCST008518,31315583,[],Skin pigmentation,skin pigmentation,https://www.ebi.ac.uk/gwas/rest/api/v2/associations/47688007,"[""OBA_VT0002095""]","[""strict""]","[""OBA_VT0002095-page-000.json""]","[""https://www.ebi.ac.uk/gwas/rest/api/v2/associations?efo_id=OBA_VT0002095&show_child_trait=false&size=500&page=0""]",762
pigmentation,47688012,GCST008518,31315583,[],Skin pigmentation,skin pigmentation,https://www.ebi.ac.uk/gwas/rest/api/v2/associations/47688012,"[""OBA_VT0002095""]","[""strict""]","[""OBA_VT0002095-page-000.json""]","[""https://www.ebi.ac.uk/gwas/rest/api/v2/associations?efo_id=OBA_VT0002095&show_child_trait=false&size=500&page=0""]",762
pigmentation,47688017,GCST008518,31315583,[],Skin pigmentation,skin pigmentation,https://www.ebi.ac.uk/gwas/rest/api/v2/associations/47688017,"[""OBA_VT0002095""]","[""strict""]","[""OBA_VT0002095-page-000.json""]","[""https://www.ebi.ac.uk/gwas/rest/api/v2/associations?efo_id=OBA_VT0002095&show_child_trait=false&size=500&page=0""]",762
pigmentation,47688022,GCST008518,31315583,[],Skin pigmentation,skin pigmentation,https://www.ebi.ac.uk/gwas/rest/api/v2/associations/47688022,"[""OBA_VT0002095""]","[""strict""]","[""OBA_VT0002095-page-000.json""]","[""https://www.ebi.ac.uk/gwas/rest/api/v2/associations?efo_id=OBA_VT0002095&show_child_trait=false&size=500&page=0""]",762
pigmentation,47688027,GCST008518,31315583,[],Skin pigmentation,skin pigmentation,https://www.ebi.ac.uk/gwas/rest/api/v2/associations/47688027,"[""OBA_VT0002095""]","[""strict""]","[""OBA_VT0002095-page-000.json""]","[""https://www.ebi.ac.uk/gwas/rest/api/v2/associations?efo_id=OBA_VT0002095&show_child_trait=false&size=500&page=0""]",762
pigmentation,47688032,GCST008518,31315583,[],Skin pigmentation,skin pigmentation,https://www.ebi.ac.uk/gwas/rest/api/v2/associations/47688032,"[""OBA_VT0002095""]","[""strict""]","[""OBA_VT0002095-page-000.json""]","[""https://www.ebi.ac.uk/gwas/rest/api/v2/associations?efo_id=OBA_VT0002095&show_child_trait=false&size=500&page=0""]",762
pigmentation,47688037,GCST008518,31315583,[],Skin pigmentation,skin pigmentation,https://www.ebi.ac.uk/gwas/rest/api/v2/associations/47688037,"[""OBA_VT0002095""]","[""strict""]","[""OBA_VT0002095-page-000.json""]","[""https://www.ebi.ac.uk/gwas/rest/api/v2/associations?efo_id=OBA_VT0002095&show_child_trait=false&size=500&page=0""]",762
pigmentation,47688042,GCST008518,31315583,[],Skin pigmentation,skin pigmentation,https://www.ebi.ac.uk/gwas/rest/api/v2/associations/47688042,"[""OBA_VT0002095""]","[""strict""]","[""OBA_VT0002095-page-000.json""]","[""https://www.ebi.ac.uk/gwas/rest/api/v2/associations?efo_id=OBA_VT0002095&show_child_trait=false&size=500&page=0""]",762
pigmentation,47688047,GCST008518,31315583,[],Skin pigmentation,skin pigmentation,https://www.ebi.ac.uk/gwas/rest/api/v2/associations/47688047,"[""OBA_VT0002095""]","[""strict""]","[""OBA_VT0002095-page-000.json""]","[""https://www.ebi.ac.uk/gwas/rest/api/v2/associations?efo_id=OBA_VT0002095&show_child_trait=false&size=500&page=0""]",762
pigmentation,47688052,GCST008518,31315583,[],Skin pigmentation,skin pigmentation,https://www.ebi.ac.uk/gwas/rest/api/v2/associations/47688052,"[""OBA_VT0002095""]","[""strict""]","[""OBA_VT0002095-page-000.json""]","[""https://www.ebi.ac.uk/gwas/rest/api/v2/associations?efo_id=OBA_VT0002095&show_child_trait=false&size=500&page=0""]",762
pigmentation,47688057,GCST008518,31315583,[],Skin pigmentation,skin pigmentation,https://www.ebi.ac.uk/gwas/rest/api/v2/associations/47688057,"[""OBA_VT0002095""]","[""strict""]","[""OBA_VT0002095-page-000.json""]","[""https://www.ebi.ac.uk/gwas/rest/api/v2/associations?efo_id=OBA_VT0002095&show_child_trait=false&size=500&page=0""]",762
pigmentation,47688062,GCST008518,31315583,[],Skin pigmentation,skin pigmentation,https://www.ebi.ac.uk/gwas/rest/api/v2/associations/47688062,"[""OBA_VT0002095""]","[""strict""]","[""OBA_VT0002095-page-000.json""]","[""https://www.ebi.ac.uk/gwas/rest/api/v2/associations?efo_id=OBA_VT0002095&show_child_trait=false&size=500&page=0""]",762
pigmentation,47688067,GCST008518,31315583,[],Skin pigmentation,skin pigmentation,https://www.ebi.ac.uk/gwas/rest/api/v2/associations/47688067,"[""OBA_VT0002095""]","[""strict""]","[""OBA_VT0002095-page-000.json""]","[""https://www.ebi.ac.uk/gwas/rest/api/v2/associations?efo_id=OBA_VT0002095&show_child_trait=false&size=500&page=0""]",762
pigmentation,47688072,GCST008518,31315583,[],Skin pigmentation,skin pigmentation,https://www.ebi.ac.uk/gwas/rest/api/v2/associations/47688072,"[""OBA_VT0002095""]","[""strict""]","[""OBA_VT0002095-page-000.json""]","[""https://www.ebi.ac.uk/gwas/rest/api/v2/associations?efo_id=OBA_VT0002095&show_child_trait=false&size=500&page=0""]",762
pigmentation,47688077,GCST008518,31315583,[],Skin pigmentation,skin pigmentation,https://www.ebi.ac.uk/gwas/rest/api/v2/associations/47688077,"[""OBA_VT0002095""]","[""strict""]","[""OBA_VT0002095-page-000.json""]","[""https://www.ebi.ac.uk/gwas/rest/api/v2/associations?efo_id=OBA_VT0002095&show_child_trait=false&size=500&page=0""]",762
pigmentation,47688082,GCST008518,31315583,[],Skin pigmentation,skin pigmentation,https://www.ebi.ac.uk/gwas/rest/api/v2/associations/47688082,"[""OBA_VT0002095""]","[""strict""]","[""OBA_VT0002095-page-000.json""]","[""https://www.ebi.ac.uk/gwas/rest/api/v2/associations?efo_id=OBA_VT0002095&show_child_trait=false&size=500&page=0""]",762
pigmentation,47688087,GCST008518,31315583,[],Skin pigmentation,skin pigmentation,https://www.ebi.ac.uk/gwas/rest/api/v2/associations/47688087,"[""OBA_VT0002095""]","[""strict""]","[""OBA_VT0002095-page-000.json""]","[""https://www.ebi.ac.uk/gwas/rest/api/v2/associations?efo_id=OBA_VT0002095&show_child_trait=false&size=500&page=0""]",762
pigmentation,47688092,GCST008518,31315583,[],Skin pigmentation,skin pigmentation,https://www.ebi.ac.uk/gwas/rest/api/v2/associations/47688092,"[""OBA_VT0002095""]","[""strict""]","[""OBA_VT0002095-page-000.json""]","[""https://www.ebi.ac.uk/gwas/rest/api/v2/associations?efo_id=OBA_VT0002095&show_child_trait=false&size=500&page=0""]",762
pigmentation,47688097,GCST008518,31315583,[],Skin pigmentation,skin pigmentation,https://www.ebi.ac.uk/gwas/rest/api/v2/associations/47688097,"[""OBA_VT0002095""]","[""strict""]","[""OBA_VT0002095-page-000.json""]","[""https://www.ebi.ac.uk/gwas/rest/api/v2/associations?efo_id=OBA_VT0002095&show_child_trait=false&size=500&page=0""]",762
pigmentation,47688102,GCST008518,31315583,[],Skin pigmentation,skin pigmentation,https://www.ebi.ac.uk/gwas/rest/api/v2/associations/47688102,"[""OBA_VT0002095""]","[""strict""]","[""OBA_VT0002095-page-000.json""]","[""https://www.ebi.ac.uk/gwas/rest/api/v2/associations?efo_id=OBA_VT0002095&show_child_trait=false&size=500&page=0""]",762
pigmentation,47688107,GCST008518,31315583,[],Skin pigmentation,skin pigmentation,https://www.ebi.ac.uk/gwas/rest/api/v2/associations/47688107,"[""OBA_VT0002095""]","[""strict""]","[""OBA_VT0002095-page-000.json""]","[""https://www.ebi.ac.uk/gwas/rest/api/v2/associations?efo_id=OBA_VT0002095&show_child_trait=false&size=500&page=0""]",762
pigmentation,47688112,GCST008518,31315583,[],Skin pigmentation,skin pigmentation,https://www.ebi.ac.uk/gwas/rest/api/v2/associations/47688112,"[""OBA_VT0002095""]","[""strict""]","[""OBA_VT0002095-page-000.json""]","[""https://www.ebi.ac.uk/gwas/rest/api/v2/associations?efo_id=OBA_VT0002095&show_child_trait=false&size=500&page=0""]",762
pigmentation,47688117,GCST008518,31315583,[],Skin pigmentation,skin pigmentation,https://www.ebi.ac.uk/gwas/rest/api/v2/associations/47688117,"[""OBA_VT0002095""]","[""strict""]","[""OBA_VT0002095-page-000.json""]","[""https://www.ebi.ac.uk/gwas/rest/api/v2/associations?efo_id=OBA_VT0002095&show_child_trait=false&size=500&page=0""]",762
pigmentation,47688122,GCST008518,31315583,[],Skin pigmentation,skin pigmentation,https://www.ebi.ac.uk/gwas/rest/api/v2/associations/47688122,"[""OBA_VT0002095""]","[""strict""]","[""OBA_VT0002095-page-000.json""]","[""https://www.ebi.ac.uk/gwas/rest/api/v2/associations?efo_id=OBA_VT0002095&show_child_trait=false&size=500&page=0""]",762
pigmentation,47688127,GCST008518,31315583,[],Skin pigmentation,skin pigmentation,https://www.ebi.ac.uk/gwas/rest/api/v2/associations/47688127,"[""OBA_VT0002095""]","[""strict""]","[""OBA_VT0002095-page-000.json""]","[""https://www.ebi.ac.uk/gwas/rest/api/v2/associations?efo_id=OBA_VT0002095&show_child_trait=false&size=500&page=0""]",762
pigmentation,47688132,GCST008518,31315583,[],Skin pigmentation,skin pigmentation,https://www.ebi.ac.uk/gwas/rest/api/v2/associations/47688132,"[""OBA_VT0002095""]","[""strict""]","[""OBA_VT0002095-page-000.json""]","[""https://www.ebi.ac.uk/gwas/rest/api/v2/associations?efo_id=OBA_VT0002095&show_child_trait=false&size=500&page=0""]",762
pigmentation,47688137,GCST008518,31315583,[],Skin pigmentation,skin pigmentation,https://www.ebi.ac.uk/gwas/rest/api/v2/associations/47688137,"[""OBA_VT0002095""]","[""strict""]","[""OBA_VT0002095-page-000.json""]","[""https://www.ebi.ac.uk/gwas/rest/api/v2/associations?efo_id=OBA_VT0002095&show_child_trait=false&size=500&page=0""]",762
pigmentation,47688142,GCST008518,31315583,[],Skin pigmentation,skin pigmentation,https://www.ebi.ac.uk/gwas/rest/api/v2/associations/47688142,"[""OBA_VT0002095""]","[""strict""]","[""OBA_VT0002095-page-000.json""]","[""https://www.ebi.ac.uk/gwas/rest/api/v2/associations?efo_id=OBA_VT0002095&show_child_trait=false&size=500&page=0""]",762
pigmentation,47688147,GCST008518,31315583,[],Skin pigmentation,skin pigmentation,https://www.ebi.ac.uk/gwas/rest/api/v2/associations/47688147,"[""OBA_VT0002095""]","[""strict""]","[""OBA_VT0002095-page-000.json""]","[""https://www.ebi.ac.uk/gwas/rest/api/v2/associations?efo_id=OBA_VT0002095&show_child_trait=false&size=500&page=0""]",762
pigmentation,47688152,GCST008518,31315583,[],Skin pigmentation,skin pigmentation,https://www.ebi.ac.uk/gwas/rest/api/v2/associations/47688152,"[""OBA_VT0002095""]","[""strict""]","[""OBA_VT0002095-page-000.json""]","[""https://www.ebi.ac.uk/gwas/rest/api/v2/associations?efo_id=OBA_VT0002095&show_child_trait=false&size=500&page=0""]",762
pigmentation,47688157,GCST008518,31315583,[],Skin pigmentation,skin pigmentation,https://www.ebi.ac.uk/gwas/rest/api/v2/associations/47688157,"[""OBA_VT0002095""]","[""strict""]","[""OBA_VT0002095-page-000.json""]","[""https://www.ebi.ac.uk/gwas/rest/api/v2/associations?efo_id=OBA_VT0002095&show_child_trait=false&size=500&page=0""]",762
pigmentation,47688162,GCST008518,31315583,[],Skin pigmentation,skin pigmentation,https://www.ebi.ac.uk/gwas/rest/api/v2/associations/47688162,"[""OBA_VT0002095""]","[""strict""]","[""OBA_VT0002095-page-000.json""]","[""https://www.ebi.ac.uk/gwas/rest/api/v2/associations?efo_id=OBA_VT0002095&show_child_trait=false&size=500&page=0""]",762
pigmentation,47688167,GCST008518,31315583,[],Skin pigmentation,skin pigmentation,https://www.ebi.ac.uk/gwas/rest/api/v2/associations/47688167,"[""OBA_VT0002095""]","[""strict""]","[""OBA_VT0002095-page-000.json""]","[""https://www.ebi.ac.uk/gwas/rest/api/v2/associations?efo_id=OBA_VT0002095&show_child_trait=false&size=500&page=0""]",762
pigmentation,47688172,GCST008518,31315583,[],Skin pigmentation,skin pigmentation,https://www.ebi.ac.uk/gwas/rest/api/v2/associations/47688172,"[""OBA_VT0002095""]","[""strict""]","[""OBA_VT0002095-page-000.json""]","[""https://www.ebi.ac.uk/gwas/rest/api/v2/associations?efo_id=OBA_VT0002095&show_child_trait=false&size=500&page=0""]",762
pigmentation,93413315,GCST90041837,34737426,[],"Hair colour (natural, before greying): Red (UKB data field 1747_2)",strand of hair color,https://www.ebi.ac.uk/gwas/rest/api/v2/associations/93413315,"[""OBA_0002313""]","[""strict""]","[""OBA_0002313-page-000.json""]","[""https://www.ebi.ac.uk/gwas/rest/api/v2/associations?efo_id=OBA_0002313&show_child_trait=false&size=500&page=0""]",455164
