group,gene_symbol,associations,studies,papers,association_ids,study_ids,pubmed_ids
hair,ADARB2,1,1,1,"[""63771369""]","[""GCST011641""]","[""33190678""]"
hair,ADD2,1,1,1,"[""27296815""]","[""GCST005191""]","[""29220522""]"
hair,AGAP3,1,1,1,"[""16544173""]","[""GCST003476""]","[""26926045""]"
hair,AIRIM,1,1,1,"[""16544079""]","[""GCST003476""]","[""26926045""]"
hair,ALX4,3,3,3,"[""19567346"", ""219059635"", ""31658878""]","[""GCST003996"", ""GCST006095"", ""GCST90835923""]","[""27182965"", ""29895819"", ""42190866""]"
hair,ANO1,1,1,1,"[""19567358""]","[""GCST003996""]","[""27182965""]"
hair,AOAH,1,1,1,"[""63771339""]","[""GCST011641""]","[""33190678""]"
hair,ASS1P9,1,1,1,"[""19567292""]","[""GCST003996""]","[""27182965""]"
hair,ATG5,1,1,1,"[""19567329""]","[""GCST003996""]","[""27182965""]"
hair,ATP5F1CP1,1,1,1,"[""16544350""]","[""GCST003477""]","[""26926045""]"
hair,AUTS2,1,1,1,"[""19567409""]","[""GCST003996""]","[""27182965""]"
hair,BCL2,2,2,2,"[""219059640"", ""31658865""]","[""GCST006095"", ""GCST90835923""]","[""29895819"", ""42190866""]"
hair,BMP7,1,1,1,"[""19567283""]","[""GCST003996""]","[""27182965""]"
hair,C4orf36,1,1,1,"[""16544118""]","[""GCST003476""]","[""26926045""]"
hair,CABLES1,1,1,1,"[""16543904""]","[""GCST003474""]","[""26926045""]"
hair,CACNA2D3,1,1,1,"[""63771309""]","[""GCST011641""]","[""33190678""]"
hair,CARM1P1,1,1,1,"[""16544336""]","[""GCST003477""]","[""26926045""]"
hair,CARTPT,1,1,1,"[""226121879""]","[""GCST90480474""]","[""39024449""]"
hair,CCDC102B,1,1,1,"[""63771465""]","[""GCST011641""]","[""33190678""]"
hair,CCDST,2,2,2,"[""14762804"", ""63771285""]","[""GCST000519"", ""GCST011641""]","[""19896111"", ""33190678""]"
hair,CCR7,1,1,1,"[""63771447""]","[""GCST011641""]","[""33190678""]"
hair,CD86,1,1,1,"[""226121875""]","[""GCST90480474""]","[""39024449""]"
hair,CDC5L,1,1,1,"[""19567300""]","[""GCST003996""]","[""27182965""]"
hair,CDK5R2-AS1,1,1,1,"[""27296819""]","[""GCST005191""]","[""29220522""]"
hair,CDKN3,1,1,1,"[""16544350""]","[""GCST003477""]","[""26926045""]"
hair,CEP162,1,1,1,"[""19567287""]","[""GCST003996""]","[""27182965""]"
hair,CEP83,1,1,1,"[""63771417""]","[""GCST011641""]","[""33190678""]"
hair,CFAP299,2,2,1,"[""219059627"", ""219059658""]","[""GCST90835923"", ""GCST90854296""]","[""42190866""]"
hair,CIR1P1,2,2,2,"[""193101404"", ""19567279""]","[""GCST003996"", ""GCST90671959""]","[""27182965"", ""37565938""]"
hair,CIROZ,3,3,3,"[""16543980"", ""219059603"", ""31658874""]","[""GCST003475"", ""GCST006095"", ""GCST90835923""]","[""26926045"", ""29895819"", ""42190866""]"
hair,CISD1P1,1,1,1,"[""19567296""]","[""GCST003996""]","[""27182965""]"
hair,CISTR,1,1,1,"[""27296831""]","[""GCST005191""]","[""29220522""]"
hair,CLIP1,1,1,1,"[""63771429""]","[""GCST011641""]","[""33190678""]"
hair,CPO,1,1,1,"[""63771303""]","[""GCST011641""]","[""33190678""]"
hair,CRCT1,1,1,1,"[""15603""]","[""GCST000706""]","[""20585627""]"
hair,CSMD1,1,1,1,"[""14762796""]","[""GCST000519""]","[""19896111""]"
hair,CYP46A1,1,1,1,"[""16543886""]","[""GCST003474""]","[""26926045""]"
hair,DMBX1,1,1,1,"[""19567419""]","[""GCST003996""]","[""27182965""]"
hair,DMRT2,1,1,1,"[""19567221""]","[""GCST003996""]","[""27182965""]"
hair,DOCK8-AS2,1,1,1,"[""63771357""]","[""GCST011641""]","[""33190678""]"
hair,EDA,1,1,1,"[""19567237""]","[""GCST003996""]","[""27182965""]"
hair,EDAR,10,9,5,"[""16543771"", ""16543920"", ""16544102"", ""16544277"", ""19567317"", ""31658821"", ""31658835"", ""35113705"", ""35113884"", ""93453741""]","[""GCST003474"", ""GCST003475"", ""GCST003476"", ""GCST003477"", ""GCST003996"", ""GCST006093"", ""GCST006094"", ""GCST006468"", ""GCST90026488""]","[""26926045"", ""27182965"", ""27487801"", ""29895819"", ""34265127""]"
hair,EGF,1,1,1,"[""14762802""]","[""GCST000519""]","[""19896111""]"
hair,ERCC6L2,1,1,1,"[""19567374""]","[""GCST003996""]","[""27182965""]"
hair,ERRFI1-DT,1,1,1,"[""27296803""]","[""GCST005191""]","[""29220522""]"
hair,ETV1,1,1,1,"[""193101390""]","[""GCST90671959""]","[""37565938""]"
hair,FANCA,4,1,1,"[""41334496"", ""41334521"", ""41334536"", ""41334571""]","[""GCST007486""]","[""30166351""]"
hair,FBXL7,1,1,1,"[""63771321""]","[""GCST011641""]","[""33190678""]"
hair,FGF3,1,1,1,"[""19567358""]","[""GCST003996""]","[""27182965""]"
hair,FGF5,2,2,2,"[""19567392"", ""219059653""]","[""GCST003996"", ""GCST90854296""]","[""27182965"", ""42190866""]"
hair,FOXL2NB,2,2,2,"[""16544057"", ""35704976""]","[""GCST003476"", ""GCST006706""]","[""26926045"", ""30248107""]"
hair,FOXP2,1,1,1,"[""16543967""]","[""GCST003475""]","[""26926045""]"
hair,FRAS1,2,2,2,"[""14762803"", ""27296823""]","[""GCST000519"", ""GCST005191""]","[""19896111"", ""29220522""]"
hair,FRMD4A,1,1,1,"[""63771375""]","[""GCST011641""]","[""33190678""]"
hair,FSTL4,1,1,1,"[""16544158""]","[""GCST003476""]","[""26926045""]"
hair,FTO,1,1,1,"[""16544248""]","[""GCST003476""]","[""26926045""]"
hair,GLIS1,1,1,1,"[""19567233""]","[""GCST003996""]","[""27182965""]"
hair,GMDS,1,1,1,"[""16544321""]","[""GCST003477""]","[""26926045""]"
hair,GMDS-DT,2,2,2,"[""100653893"", ""19567341""]","[""GCST003996"", ""GCST90146356""]","[""27182965"", ""36035146""]"
hair,GREM1,1,1,1,"[""19567255""]","[""GCST003996""]","[""27182965""]"
hair,HAND1,2,2,2,"[""193101404"", ""19567279""]","[""GCST003996"", ""GCST90671959""]","[""27182965"", ""37565938""]"
hair,HDAC9,1,1,1,"[""19567304""]","[""GCST003996""]","[""27182965""]"
hair,HERC2,10,2,2,"[""19567229"", ""41334451"", ""41334471"", ""41334476"", ""41334501"", ""41334506"", ""41334541"", ""41334546"", ""41334576"", ""41334581""]","[""GCST003996"", ""GCST007486""]","[""27182965"", ""30166351""]"
hair,HTT,1,1,1,"[""19567259""]","[""GCST003996""]","[""27182965""]"
hair,IMMP2L,1,1,1,"[""16543857""]","[""GCST003474""]","[""26926045""]"
hair,IRF4,5,2,2,"[""19567383"", ""41334456"", ""41334486"", ""41334551"", ""41334586""]","[""GCST003996"", ""GCST007486""]","[""27182965"", ""30166351""]"
hair,KANK1,1,1,1,"[""63771357""]","[""GCST011641""]","[""33190678""]"
hair,KIRREL3,1,1,1,"[""63771393""]","[""GCST011641""]","[""33190678""]"
hair,KLF7,1,1,1,"[""63771303""]","[""GCST011641""]","[""33190678""]"
hair,KRT19P3,1,1,1,"[""14762802""]","[""GCST000519""]","[""19896111""]"
hair,KRT71,1,1,1,"[""63771405""]","[""GCST011641""]","[""33190678""]"
hair,KRT8P28,2,2,2,"[""14762800"", ""80654544""]","[""GCST000519"", ""GCST011641""]","[""19896111"", ""33190678""]"
hair,KRT8P37,1,1,1,"[""27296827""]","[""GCST005191""]","[""29220522""]"
hair,KRTAP2-3,1,1,1,"[""27296835""]","[""GCST005191""]","[""29220522""]"
hair,KRTAP2-4,1,1,1,"[""27296835""]","[""GCST005191""]","[""29220522""]"
hair,LCE3E,1,1,1,"[""15603""]","[""GCST000706""]","[""20585627""]"
hair,LCE5A,1,1,1,"[""14762804""]","[""GCST000519""]","[""19896111""]"
hair,LIMS1,2,2,2,"[""31658859"", ""35704971""]","[""GCST006095"", ""GCST006706""]","[""29895819"", ""30248107""]"
hair,LINC00708,2,2,2,"[""16543788"", ""27296827""]","[""GCST003474"", ""GCST005191""]","[""26926045"", ""29220522""]"
hair,LINC01231,1,1,1,"[""16544336""]","[""GCST003477""]","[""26926045""]"
hair,LINC01432,3,2,2,"[""19567414"", ""41334607"", ""41334612""]","[""GCST003996"", ""GCST007486""]","[""27182965"", ""30166351""]"
hair,LINC01505,1,1,1,"[""63771363""]","[""GCST011641""]","[""33190678""]"
hair,LINC01611,1,1,1,"[""19567287""]","[""GCST003996""]","[""27182965""]"
hair,LINC01724,1,1,1,"[""63771291""]","[""GCST011641""]","[""33190678""]"
hair,LINC01804,1,1,1,"[""14762798""]","[""GCST000519""]","[""19896111""]"
hair,LINC01808,1,1,1,"[""19567296""]","[""GCST003996""]","[""27182965""]"
hair,LINC01820,1,1,1,"[""14762795""]","[""GCST000519""]","[""19896111""]"
hair,LINC01956,2,2,2,"[""19567396"", ""63771297""]","[""GCST003996"", ""GCST011641""]","[""27182965"", ""33190678""]"
hair,LINC02032,1,1,1,"[""19567400""]","[""GCST003996""]","[""27182965""]"
hair,LINC02045,1,1,1,"[""19567400""]","[""GCST003996""]","[""27182965""]"
hair,LINC02105,1,1,1,"[""19567292""]","[""GCST003996""]","[""27182965""]"
hair,LINC02151,1,1,1,"[""63771387""]","[""GCST011641""]","[""33190678""]"
hair,LINC02230,4,4,3,"[""16544140"", ""16544307"", ""19567241"", ""35704986""]","[""GCST003476"", ""GCST003477"", ""GCST003996"", ""GCST006706""]","[""26926045"", ""27182965"", ""30248107""]"
hair,LINC02469,1,1,1,"[""219059622""]","[""GCST90835923""]","[""42190866""]"
hair,LINC02511,1,1,1,"[""16543846""]","[""GCST003474""]","[""26926045""]"
hair,LINC02668,1,1,1,"[""16543868""]","[""GCST003474""]","[""26926045""]"
hair,LINC02669,1,1,1,"[""16543868""]","[""GCST003474""]","[""26926045""]"
hair,LINC02704,1,1,1,"[""226122047""]","[""GCST90480474""]","[""39024449""]"
hair,LINC02822,1,1,1,"[""19567354""]","[""GCST003996""]","[""27182965""]"
hair,LINC02836,1,1,1,"[""16543954""]","[""GCST003475""]","[""26926045""]"
hair,LINC02879,1,1,1,"[""63771459""]","[""GCST011641""]","[""33190678""]"
hair,LMX1B,1,1,1,"[""19567308""]","[""GCST003996""]","[""27182965""]"
hair,LMX1B-DT,1,1,1,"[""16544207""]","[""GCST003476""]","[""26926045""]"
hair,LNCAROD,1,1,1,"[""19567321""]","[""GCST003996""]","[""27182965""]"
hair,LNX1,1,1,1,"[""16543937""]","[""GCST003475""]","[""26926045""]"
hair,LRP5,1,1,1,"[""19567404""]","[""GCST003996""]","[""27182965""]"
hair,LRRC43,1,1,1,"[""63771423""]","[""GCST011641""]","[""33190678""]"
hair,LRRIQ1,1,1,1,"[""19567350""]","[""GCST003996""]","[""27182965""]"
hair,MACF1,1,1,1,"[""16544005""]","[""GCST003475""]","[""26926045""]"
hair,MAP1B,1,1,1,"[""226121879""]","[""GCST90480474""]","[""39024449""]"
hair,MATCAP2,1,1,1,"[""226122043""]","[""GCST90480474""]","[""39024449""]"
hair,MC1R,4,1,1,"[""41334511"", ""41334526"", ""41334556"", ""41334597""]","[""GCST007486""]","[""30166351""]"
hair,MCTP1,1,1,1,"[""63771327""]","[""GCST011641""]","[""33190678""]"
hair,MIR302F,1,1,1,"[""63771459""]","[""GCST011641""]","[""33190678""]"
hair,MIR3681HG,1,1,1,"[""14762797""]","[""GCST000519""]","[""19896111""]"
hair,MIR4454,1,1,1,"[""14762805""]","[""GCST000519""]","[""19896111""]"
hair,MLXIP,1,1,1,"[""63771423""]","[""GCST011641""]","[""33190678""]"
hair,MSC-AS1,1,1,1,"[""63771351""]","[""GCST011641""]","[""33190678""]"
hair,MTX2,1,1,1,"[""19567362""]","[""GCST003996""]","[""27182965""]"
hair,NAV2,1,1,1,"[""19567370""]","[""GCST003996""]","[""27182965""]"
hair,NPLOC4,2,1,1,"[""41334466"", ""41334566""]","[""GCST007486""]","[""30166351""]"
hair,NRG3,1,1,1,"[""63771381""]","[""GCST011641""]","[""33190678""]"
hair,OSBPL11,1,1,1,"[""63771315""]","[""GCST011641""]","[""33190678""]"
hair,PADI3,1,1,1,"[""27296807""]","[""GCST005191""]","[""29220522""]"
hair,PAX3,2,2,2,"[""16544264"", ""19567217""]","[""GCST003477"", ""GCST003996""]","[""26926045"", ""27182965""]"
hair,PCAT4,1,1,1,"[""219059622""]","[""GCST90835923""]","[""42190866""]"
hair,PLPP4,1,1,1,"[""16544040""]","[""GCST003475""]","[""26926045""]"
hair,PLXNC1,1,1,1,"[""63771411""]","[""GCST011641""]","[""33190678""]"
hair,PPP6R3,1,1,1,"[""19567404""]","[""GCST003996""]","[""27182965""]"
hair,PRAG1,1,1,1,"[""63771345""]","[""GCST011641""]","[""33190678""]"
hair,PRDM5,1,1,1,"[""16544294""]","[""GCST003477""]","[""26926045""]"
hair,PREP,1,1,1,"[""16543954""]","[""GCST003475""]","[""26926045""]"
hair,PRR23A,2,2,2,"[""16544057"", ""35704976""]","[""GCST003476"", ""GCST006706""]","[""26926045"", ""30248107""]"
hair,PRSS53,1,1,1,"[""16543801""]","[""GCST003474""]","[""26926045""]"
hair,PTCH1,1,1,1,"[""19567337""]","[""GCST003996""]","[""27182965""]"
hair,PTK6,1,1,1,"[""27296840""]","[""GCST005191""]","[""29220522""]"
hair,PTPRR,1,1,1,"[""19567275""]","[""GCST003996""]","[""27182965""]"
hair,PUDPP2,1,1,1,"[""27296811""]","[""GCST005191""]","[""29220522""]"
hair,QKI,1,1,1,"[""63771478""]","[""GCST011640""]","[""33190678""]"
hair,RANBP2,1,1,1,"[""219059617""]","[""GCST90835923""]","[""42190866""]"
hair,RBMX2P4,1,1,1,"[""193101390""]","[""GCST90671959""]","[""37565938""]"
hair,RN7SKP289,1,1,1,"[""27296831""]","[""GCST005191""]","[""29220522""]"
hair,RN7SKP46,1,1,1,"[""19567312""]","[""GCST003996""]","[""27182965""]"
hair,RN7SL366P,1,1,1,"[""63771478""]","[""GCST011640""]","[""33190678""]"
hair,RNU5E-7P,1,1,1,"[""14762798""]","[""GCST000519""]","[""19896111""]"
hair,RNU6-366P,1,1,1,"[""41334591""]","[""GCST007486""]","[""30166351""]"
hair,RNU6-983P,1,1,1,"[""63771291""]","[""GCST011641""]","[""33190678""]"
hair,RPA2P2,1,1,1,"[""63771381""]","[""GCST011641""]","[""33190678""]"
hair,RPL13,1,1,1,"[""41334531""]","[""GCST007486""]","[""30166351""]"
hair,RPL23AP28,1,1,1,"[""16544264""]","[""GCST003477""]","[""26926045""]"
hair,RPL34P22,1,1,1,"[""226122047""]","[""GCST90480474""]","[""39024449""]"
hair,RPL3P8,1,1,1,"[""16543857""]","[""GCST003474""]","[""26926045""]"
hair,RPL41P1,1,1,1,"[""19567414""]","[""GCST003996""]","[""27182965""]"
hair,RPS21P7,1,1,1,"[""14762799""]","[""GCST000519""]","[""19896111""]"
hair,RPS27AP14,1,1,1,"[""19567221""]","[""GCST003996""]","[""27182965""]"
hair,RPSAP25,1,1,1,"[""19567362""]","[""GCST003996""]","[""27182965""]"
hair,RPTN,2,2,2,"[""27296811"", ""63771285""]","[""GCST005191"", ""GCST011641""]","[""29220522"", ""33190678""]"
hair,RPTOR,1,1,1,"[""63771453""]","[""GCST011641""]","[""33190678""]"
hair,RSPO1,1,1,1,"[""16544079""]","[""GCST003476""]","[""26926045""]"
hair,S100A10,1,1,1,"[""80654538""]","[""GCST011640""]","[""33190678""]"
hair,S100A11,2,2,2,"[""14762801"", ""63771279""]","[""GCST000519"", ""GCST011641""]","[""19896111"", ""33190678""]"
hair,SH2D7,1,1,1,"[""16544223""]","[""GCST003476""]","[""26926045""]"
hair,SLC12A2-DT,1,1,1,"[""16544024""]","[""GCST003475""]","[""26926045""]"
hair,SLC24A4,2,2,2,"[""19567263"", ""41334591""]","[""GCST003996"", ""GCST007486""]","[""27182965"", ""30166351""]"
hair,SLC39A12,2,2,2,"[""19567424"", ""219059631""]","[""GCST003996"", ""GCST90835923""]","[""27182965"", ""42190866""]"
hair,SLC45A2,7,2,2,"[""19567225"", ""41334461"", ""41334481"", ""41334491"", ""41334516"", ""41334561"", ""41334602""]","[""GCST003996"", ""GCST007486""]","[""27182965"", ""30166351""]"
hair,SLC66A1LP,1,1,1,"[""19567312""]","[""GCST003996""]","[""27182965""]"
hair,SLF1,1,1,1,"[""63771327""]","[""GCST011641""]","[""33190678""]"
hair,SMARCE1,1,1,1,"[""63771447""]","[""GCST011641""]","[""33190678""]"
hair,SNORA70,1,1,1,"[""14762796""]","[""GCST000519""]","[""19896111""]"
hair,SOX2-OT,3,3,3,"[""19567251"", ""31658870"", ""35704981""]","[""GCST003996"", ""GCST006095"", ""GCST006706""]","[""27182965"", ""29895819"", ""30248107""]"
hair,SPG7,1,1,1,"[""41334531""]","[""GCST007486""]","[""30166351""]"
hair,SPTLC1P4,2,2,2,"[""14762801"", ""63771279""]","[""GCST000519"", ""GCST011641""]","[""19896111"", ""33190678""]"
hair,SSPN,1,1,1,"[""63771399""]","[""GCST011641""]","[""33190678""]"
hair,SULT1C5P,1,1,1,"[""219059612""]","[""GCST90835923""]","[""42190866""]"
hair,SUPT3H,1,1,1,"[""19567300""]","[""GCST003996""]","[""27182965""]"
hair,SYNE3,1,1,1,"[""193101397""]","[""GCST90671959""]","[""37565938""]"
hair,SYT14,1,1,1,"[""19567366""]","[""GCST003996""]","[""27182965""]"
hair,TBX15,2,2,2,"[""219059607"", ""31658853""]","[""GCST006095"", ""GCST90835923""]","[""29895819"", ""42190866""]"
hair,TCF25,1,1,1,"[""19567333""]","[""GCST003996""]","[""27182965""]"
hair,TCHH,5,5,5,"[""14762806"", ""15602"", ""16543743"", ""27296844"", ""63771472""]","[""GCST000519"", ""GCST000706"", ""GCST003474"", ""GCST005191"", ""GCST011640""]","[""19896111"", ""20585627"", ""26926045"", ""29220522"", ""33190678""]"
hair,TCHHL1,1,1,1,"[""15602""]","[""GCST000706""]","[""20585627""]"
hair,TERF1P3,1,1,1,"[""16543846""]","[""GCST003474""]","[""26926045""]"
hair,TGFA,1,1,1,"[""27296815""]","[""GCST005191""]","[""29220522""]"
hair,THADA,1,1,1,"[""14762807""]","[""GCST000519""]","[""19896111""]"
hair,THEM4,2,2,2,"[""14762800"", ""80654544""]","[""GCST000519"", ""GCST011641""]","[""19896111"", ""33190678""]"
hair,THORLNC,1,1,1,"[""63771297""]","[""GCST011641""]","[""33190678""]"
hair,THSD7A,1,1,1,"[""63771333""]","[""GCST011641""]","[""33190678""]"
hair,TMEM174,4,4,3,"[""16544140"", ""16544307"", ""19567241"", ""35704986""]","[""GCST003476"", ""GCST003477"", ""GCST003996"", ""GCST006706""]","[""26926045"", ""27182965"", ""30248107""]"
hair,TMEM230,1,1,1,"[""14762799""]","[""GCST000519""]","[""19896111""]"
hair,TMEM275,1,1,1,"[""19567419""]","[""GCST003996""]","[""27182965""]"
hair,TNFRSF19,1,1,1,"[""63771435""]","[""GCST011641""]","[""33190678""]"
hair,TOMM22P4,1,1,1,"[""14762805""]","[""GCST000519""]","[""19896111""]"
hair,TRPC6P8,1,1,1,"[""193101411""]","[""GCST90671959""]","[""37565938""]"
hair,TSC22D1-AS1,1,1,1,"[""226122051""]","[""GCST90480474""]","[""39024449""]"
hair,TSHR,1,1,1,"[""14762808""]","[""GCST000519""]","[""19896111""]"
hair,TSHR-AS1,1,1,1,"[""14762808""]","[""GCST000519""]","[""19896111""]"
hair,TSPAN10,2,1,1,"[""41334466"", ""41334566""]","[""GCST007486""]","[""30166351""]"
hair,TSPAN8,1,1,1,"[""19567275""]","[""GCST003996""]","[""27182965""]"
hair,UTP25,1,1,1,"[""19567366""]","[""GCST003996""]","[""27182965""]"
hair,WARS2-AS1,1,1,1,"[""19567379""]","[""GCST003996""]","[""27182965""]"
hair,WNT10A,2,2,2,"[""14762809"", ""15604""]","[""GCST000519"", ""GCST000706""]","[""19896111"", ""20585627""]"
hair,WWOX,1,1,1,"[""63771441""]","[""GCST011641""]","[""33190678""]"
hair,YTHDF3P1,1,1,1,"[""63771315""]","[""GCST011641""]","[""33190678""]"
hair,Y_RNA,1,1,1,"[""193101411""]","[""GCST90671959""]","[""37565938""]"
hair,ZCCHC8,1,1,1,"[""63771429""]","[""GCST011641""]","[""33190678""]"
hair,ZFHX4,1,1,1,"[""19567267""]","[""GCST003996""]","[""27182965""]"
hair,ZNF608,1,1,1,"[""19567325""]","[""GCST003996""]","[""27182965""]"
pigmentation,AAR2,1,1,1,"[""30828144""]","[""GCST005897""]","[""29739929""]"
pigmentation,ABCC6P1,1,1,1,"[""41451781""]","[""GCST007743""]","[""30895295""]"
pigmentation,ACOXL,1,1,1,"[""41452414""]","[""GCST007739""]","[""30895295""]"
pigmentation,ACSF3,15,6,3,"[""36097202"", ""36097207"", ""36099427"", ""36099432"", ""93413254"", ""93413446"", ""93413452"", ""93413458"", ""93413464"", ""93413470"", ""93413476"", ""93413482"", ""93413488"", ""93414145"", ""95175387""]","[""GCST007082"", ""GCST007086"", ""GCST90041836"", ""GCST90041837"", ""GCST90041839"", ""GCST90095478""]","[""30595370"", ""34737426"", ""34737440""]"
pigmentation,ACTG1,1,1,1,"[""36097320""]","[""GCST007082""]","[""30595370""]"
pigmentation,ACTL8,1,1,1,"[""41452369""]","[""GCST007739""]","[""30895295""]"
pigmentation,ACTR3-AS1,1,1,1,"[""41451357""]","[""GCST007741""]","[""30895295""]"
pigmentation,ADAM28,1,1,1,"[""16544420""]","[""GCST003478""]","[""26926045""]"
pigmentation,ADAM30,1,1,1,"[""36099114""]","[""GCST007086""]","[""30595370""]"
pigmentation,ADAM7-AS1,1,1,1,"[""16544420""]","[""GCST003478""]","[""26926045""]"
pigmentation,ADAMTS1,1,1,1,"[""36097511""]","[""GCST007082""]","[""30595370""]"
pigmentation,ADAMTS12,76,10,3,"[""104178753"", ""104178770"", ""104178795"", ""104178807"", ""104179498"", ""104179504"", ""104179524"", ""104179530"", ""104179551"", ""104179557"", ""104179563"", ""104179574"", ""104179596"", ""104179625"", ""104179631"", ""104179656"", ""104179682"", ""104179703"", ""104179720"", ""104179875"", ""104179880"", ""104179885"", ""104179910"", ""104179936"", ""104179946"", ""104179957"", ""104179990"", ""104180021"", ""104180052"", ""104180062"", ""104180068"", ""104180089"", ""104180100"", ""104180105"", ""104180164"", ""104180176"", ""104180330"", ""104180341"", ""104180346"", ""104180352"", ""104180445"", ""104180471"", ""104180486"", ""104180496"", ""104180516"", ""104180546"", ""104180576"", ""104180586"", ""104180591"", ""104180621"", ""104180666"", ""104180776"", ""104180781"", ""104180814"", ""104180840"", ""104180845"", ""104180860"", ""104180885"", ""104180891"", ""104180896"", ""104180901"", ""104180916"", ""104180941"", ""104180947"", ""104180967"", ""104180978"", ""104180983"", ""104180993"", ""104181003"", ""104181043"", ""104181053"", ""104181119"", ""36095890"", ""93413821"", ""93413905"", ""93414265""]","[""GCST007082"", ""GCST90041838"", ""GCST90041839"", ""GCST90041840"", ""GCST90255683"", ""GCST90255686"", ""GCST90255687"", ""GCST90255688"", ""GCST90255689"", ""GCST90255690""]","[""30595370"", ""34737426"", ""36672889""]"
pigmentation,ADAMTSL1,1,1,1,"[""41451711""]","[""GCST007743""]","[""30895295""]"
pigmentation,ADAR,1,1,1,"[""36099123""]","[""GCST007086""]","[""30595370""]"
pigmentation,ADD3,2,2,2,"[""36096455"", ""61986558""]","[""GCST007082"", ""GCST010302""]","[""30595370"", ""32341527""]"
pigmentation,ADGRE3,1,1,1,"[""41451804""]","[""GCST007743""]","[""30895295""]"
pigmentation,ADGRL2,1,1,1,"[""191173932""]","[""GCST90502779""]","[""40010489""]"
pigmentation,ADGRV1,3,3,3,"[""35792292"", ""36095968"", ""61986452""]","[""GCST006988"", ""GCST007082"", ""GCST010302""]","[""30531825"", ""30595370"", ""32341527""]"
pigmentation,ADI1P2,1,1,1,"[""41452477""]","[""GCST007739""]","[""30895295""]"
pigmentation,ADRA2A,1,1,1,"[""97365638""]","[""GCST90104590""]","[""35313536""]"
pigmentation,AFG3L1P,11,8,4,"[""14882739"", ""14882876"", ""14941846"", ""30827892"", ""30827896"", ""35792945"", ""62419615"", ""93413767"", ""93413773"", ""93413779"", ""93414246""]","[""GCST003020"", ""GCST003021"", ""GCST003022"", ""GCST005897"", ""GCST006986"", ""GCST006988"", ""GCST90041837"", ""GCST90041839""]","[""26184321"", ""29739929"", ""30531825"", ""34737426""]"
pigmentation,AFM,1,1,1,"[""24956322""]","[""GCST005096""]","[""29109912""]"
pigmentation,AGMO,1,1,1,"[""41451696""]","[""GCST007743""]","[""30895295""]"
pigmentation,AGTPBP1,1,1,1,"[""97365710""]","[""GCST90104590""]","[""35313536""]"
pigmentation,AHNAK,3,3,3,"[""35792739"", ""36096551"", ""61986478""]","[""GCST006988"", ""GCST007082"", ""GCST010302""]","[""30531825"", ""30595370"", ""32341527""]"
pigmentation,AHR,1,1,1,"[""36099261""]","[""GCST007086""]","[""30595370""]"
pigmentation,AKAP1,3,3,3,"[""31658779"", ""35792674"", ""36097296""]","[""GCST006091"", ""GCST006988"", ""GCST007082""]","[""29895819"", ""30531825"", ""30595370""]"
pigmentation,AKAP12,4,4,3,"[""35792609"", ""35793301"", ""36096150"", ""61986470""]","[""GCST006988"", ""GCST006989"", ""GCST007082"", ""GCST010302""]","[""30531825"", ""30595370"", ""32341527""]"
pigmentation,AKAP13,1,1,1,"[""36097114""]","[""GCST007082""]","[""30595370""]"
pigmentation,AKAP7,1,1,1,"[""36096121""]","[""GCST007082""]","[""30595370""]"
pigmentation,ALCAM,1,1,1,"[""41451665""]","[""GCST007743""]","[""30895295""]"
pigmentation,ALDH1L1-AS2,1,1,1,"[""36095734""]","[""GCST007082""]","[""30595370""]"
pigmentation,ALKBH3,1,1,1,"[""36096523""]","[""GCST007082""]","[""30595370""]"
pigmentation,ALX4,3,2,2,"[""35792658"", ""36096528"", ""36096533""]","[""GCST006988"", ""GCST007082""]","[""30531825"", ""30595370""]"
pigmentation,AMACR,4,3,2,"[""104180159"", ""104180202"", ""104181125"", ""35792743""]","[""GCST006988"", ""GCST90255688"", ""GCST90255690""]","[""30531825"", ""36672889""]"
pigmentation,AMIGO1,1,1,1,"[""41451901""]","[""GCST007742""]","[""30895295""]"
pigmentation,AMPD3,1,1,1,"[""61986623""]","[""GCST010302""]","[""32341527""]"
pigmentation,ANGPT1,1,1,1,"[""41451706""]","[""GCST007743""]","[""30895295""]"
pigmentation,ANGPTL2,1,1,1,"[""36096427""]","[""GCST007082""]","[""30595370""]"
pigmentation,ANKRD11,35,12,6,"[""103607422"", ""104178409"", ""104178460"", ""104178528"", ""104179568"", ""104179730"", ""104179772"", ""104180078"", ""104180606"", ""30828019"", ""30828024"", ""36097212"", ""36097217"", ""36097222"", ""36099437"", ""36099441"", ""93413506"", ""93413512"", ""93413518"", ""93413524"", ""93413530"", ""93413536"", ""93413542"", ""93413548"", ""93413554"", ""93413560"", ""93413566"", ""93413572"", ""93413578"", ""93413584"", ""93413590"", ""93413596"", ""95175307"", ""95175396"", ""95175400""]","[""GCST005897"", ""GCST007082"", ""GCST007086"", ""GCST90041837"", ""GCST90095476"", ""GCST90095478"", ""GCST90246327"", ""GCST90255681"", ""GCST90255686"", ""GCST90255687"", ""GCST90255688"", ""GCST90255689""]","[""29739929"", ""30595370"", ""34737426"", ""34737440"", ""36536295"", ""36672889""]"
pigmentation,ANKRD27,1,1,1,"[""36097368""]","[""GCST007082""]","[""30595370""]"
pigmentation,AP3M2,1,1,1,"[""35792723""]","[""GCST006988""]","[""30531825""]"
pigmentation,APBA2,10,5,4,"[""104179023"", ""104179058"", ""104179218"", ""36097065"", ""36097070"", ""36097075"", ""47687417"", ""47688605"", ""93413243"", ""93414105""]","[""GCST007082"", ""GCST008516"", ""GCST90041836"", ""GCST90041839"", ""GCST90255684""]","[""30595370"", ""31315583"", ""34737426"", ""36672889""]"
pigmentation,APBB2,1,1,1,"[""24956160""]","[""GCST005094""]","[""29109912""]"
pigmentation,AREG,2,2,2,"[""35792392"", ""36095807""]","[""GCST006988"", ""GCST007082""]","[""30531825"", ""30595370""]"
pigmentation,ARHGAP11A-SCG5,1,1,1,"[""41452440""]","[""GCST007739""]","[""30895295""]"
pigmentation,ARHGAP20,1,1,1,"[""61986632""]","[""GCST010302""]","[""32341527""]"
pigmentation,ARHGAP24,3,2,2,"[""35792468"", ""36095831"", ""36095836""]","[""GCST006988"", ""GCST007082""]","[""30531825"", ""30595370""]"
pigmentation,ARHGAP32,1,1,1,"[""24956198""]","[""GCST005094""]","[""29109912""]"
pigmentation,ARHGAP42,1,1,1,"[""36096677""]","[""GCST007082""]","[""30595370""]"
pigmentation,ARHGEF26,1,1,1,"[""36095773""]","[""GCST007082""]","[""30595370""]"
pigmentation,ARID1A,1,1,1,"[""36095437""]","[""GCST007082""]","[""30595370""]"
pigmentation,ARID1B,2,2,2,"[""36099257"", ""41451411""]","[""GCST007086"", ""GCST007741""]","[""30595370"", ""30895295""]"
pigmentation,ARL15,2,1,1,"[""36095924"", ""36095929""]","[""GCST007082""]","[""30595370""]"
pigmentation,ARL17A,1,1,1,"[""36097264""]","[""GCST007082""]","[""30595370""]"
pigmentation,ARNILA,1,1,1,"[""61986597""]","[""GCST010302""]","[""32341527""]"
pigmentation,ARNT2,1,1,1,"[""41451775""]","[""GCST007743""]","[""30895295""]"
pigmentation,ASIP,6,6,3,"[""11223"", ""11224"", ""34063"", ""36097422"", ""6221"", ""6223""]","[""GCST000193"", ""GCST000195"", ""GCST000196"", ""GCST000197"", ""GCST001939"", ""GCST007082""]","[""18488028"", ""23548203"", ""30595370""]"
pigmentation,ASPG,1,1,1,"[""36097000""]","[""GCST007082""]","[""30595370""]"
pigmentation,ASS1P9,1,1,1,"[""35792702""]","[""GCST006988""]","[""30531825""]"
pigmentation,ASXL1,1,1,1,"[""36097393""]","[""GCST007082""]","[""30595370""]"
pigmentation,ASXL2,1,1,1,"[""36095543""]","[""GCST007082""]","[""30595370""]"
pigmentation,ATG2A,1,1,1,"[""36096556""]","[""GCST007082""]","[""30595370""]"
pigmentation,ATP10A,2,2,2,"[""36097005"", ""61986609""]","[""GCST007082"", ""GCST010302""]","[""30595370"", ""32341527""]"
pigmentation,ATP11A,3,3,3,"[""103607517"", ""30827989"", ""36099373""]","[""GCST005897"", ""GCST007086"", ""GCST90246327""]","[""29739929"", ""30595370"", ""36536295""]"
pigmentation,ATP1B3,2,2,2,"[""35792779"", ""36095758""]","[""GCST006988"", ""GCST007082""]","[""30531825"", ""30595370""]"
pigmentation,ATP2B1-AS1,2,2,2,"[""36096819"", ""93413125""]","[""GCST007082"", ""GCST90041836""]","[""30595370"", ""34737426""]"
pigmentation,ATP2B4,1,1,1,"[""41451911""]","[""GCST007742""]","[""30895295""]"
pigmentation,ATP5MGP4,2,2,2,"[""35792735"", ""36095880""]","[""GCST006988"", ""GCST007082""]","[""30531825"", ""30595370""]"
pigmentation,ATP6AP1L,2,2,1,"[""24956277"", ""24956331""]","[""GCST005093"", ""GCST005096""]","[""29109912""]"
pigmentation,ATPSCKMT,1,1,1,"[""24956165""]","[""GCST005094""]","[""29109912""]"
pigmentation,ATXN10,1,1,1,"[""35792284""]","[""GCST006988""]","[""30531825""]"
pigmentation,ATXN7L1,2,2,2,"[""35792432"", ""36096232""]","[""GCST006988"", ""GCST007082""]","[""30531825"", ""30595370""]"
pigmentation,AURKBP1,2,2,2,"[""35792476"", ""36096299""]","[""GCST006988"", ""GCST007082""]","[""30531825"", ""30595370""]"
pigmentation,AXIN2,2,2,2,"[""35792352"", ""36097301""]","[""GCST006988"", ""GCST007082""]","[""30531825"", ""30595370""]"
pigmentation,AXL,1,1,1,"[""36097373""]","[""GCST007082""]","[""30595370""]"
pigmentation,BABAM2,1,1,1,"[""35792536""]","[""GCST006988""]","[""30531825""]"
pigmentation,BAK1,1,1,1,"[""36099227""]","[""GCST007086""]","[""30595370""]"
pigmentation,BANP,3,2,2,"[""104178421"", ""93413291"", ""93413297""]","[""GCST90041837"", ""GCST90255681""]","[""34737426"", ""36672889""]"
pigmentation,BARX2,1,1,1,"[""97365644""]","[""GCST90104590""]","[""35313536""]"
pigmentation,BBS5,1,1,1,"[""41451884""]","[""GCST007742""]","[""30895295""]"
pigmentation,BCAR3,1,1,1,"[""36095460""]","[""GCST007082""]","[""30595370""]"
pigmentation,BCAS1,3,3,3,"[""30548268"", ""35792868"", ""36097491""]","[""GCST006075"", ""GCST006988"", ""GCST007082""]","[""29662168"", ""30531825"", ""30595370""]"
pigmentation,BCAT1,1,1,1,"[""36096695""]","[""GCST007082""]","[""30595370""]"
pigmentation,BCL11A,3,3,1,"[""223072285"", ""223072372"", ""223072527""]","[""GCST90854270"", ""GCST90854271"", ""GCST90854272""]","[""42586059""]"
pigmentation,BCL11B,1,1,1,"[""36096985""]","[""GCST007082""]","[""30595370""]"
pigmentation,BCR,1,1,1,"[""61986636""]","[""GCST010302""]","[""32341527""]"
pigmentation,BET1,1,1,1,"[""41451983""]","[""GCST007742""]","[""30895295""]"
pigmentation,BET1-AS1,1,1,1,"[""41451446""]","[""GCST007741""]","[""30895295""]"
pigmentation,BMP7,3,3,3,"[""24956213"", ""35792767"", ""36097496""]","[""GCST005094"", ""GCST006988"", ""GCST007082""]","[""29109912"", ""30531825"", ""30595370""]"
pigmentation,BNC1,2,2,2,"[""35792686"", ""36097109""]","[""GCST006988"", ""GCST007082""]","[""30531825"", ""30595370""]"
pigmentation,BNC2,19,15,11,"[""10095339"", ""103607501"", ""104181063"", ""15601"", ""30548196"", ""30827819"", ""30827851"", ""31658752"", ""35792328"", ""35792344"", ""35793218"", ""35793242"", ""36096342"", ""36096346"", ""36099285"", ""62410531"", ""62410575"", ""93018966"", ""93018993""]","[""GCST000708"", ""GCST002785"", ""GCST005897"", ""GCST006075"", ""GCST006091"", ""GCST006988"", ""GCST006989"", ""GCST007082"", ""GCST007086"", ""GCST90002283"", ""GCST90002284"", ""GCST90020054"", ""GCST90020056"", ""GCST90246327"", ""GCST90255690""]","[""20585627"", ""25705849"", ""29662168"", ""29739929"", ""29895819"", ""30531825"", ""30595370"", ""32835660"", ""34648798"", ""36536295"", ""36672889""]"
pigmentation,BNIP3P1,1,1,1,"[""41452381""]","[""GCST007739""]","[""30895295""]"
pigmentation,BOLA3P2,1,1,1,"[""24956399""]","[""GCST005095""]","[""29109912""]"
pigmentation,BPIFA2,2,2,2,"[""30828080"", ""36097407""]","[""GCST005897"", ""GCST007082""]","[""29739929"", ""30595370""]"
pigmentation,BPIFB2,1,1,1,"[""36097403""]","[""GCST007082""]","[""30595370""]"
pigmentation,BPIFB5P,1,1,1,"[""36097412""]","[""GCST007082""]","[""30595370""]"
pigmentation,BPIFB6,1,1,1,"[""36097403""]","[""GCST007082""]","[""30595370""]"
pigmentation,BPIFB9P,1,1,1,"[""36097412""]","[""GCST007082""]","[""30595370""]"
pigmentation,BRD10,3,3,3,"[""35792232"", ""36096322"", ""93413086""]","[""GCST006988"", ""GCST007082"", ""GCST90041836""]","[""30531825"", ""30595370"", ""34737426""]"
pigmentation,BRD7P6,1,1,1,"[""36095577""]","[""GCST007082""]","[""30595370""]"
pigmentation,BTBD7P2,1,1,1,"[""97365638""]","[""GCST90104590""]","[""35313536""]"
pigmentation,BTC,2,2,2,"[""35792392"", ""36095807""]","[""GCST006988"", ""GCST007082""]","[""30531825"", ""30595370""]"
pigmentation,C12orf50,1,1,1,"[""36096779""]","[""GCST007082""]","[""30595370""]"
pigmentation,C13orf46,1,1,1,"[""61986554""]","[""GCST010302""]","[""32341527""]"
pigmentation,C14orf119P1,1,1,1,"[""36096393""]","[""GCST007082""]","[""30595370""]"
pigmentation,C16orf90,1,1,1,"[""36099403""]","[""GCST007086""]","[""30595370""]"
pigmentation,C1QTNF12,1,1,1,"[""36095398""]","[""GCST007082""]","[""30595370""]"
pigmentation,C1QTNF3,2,2,1,"[""104179974"", ""104180911""]","[""GCST90255688"", ""GCST90255690""]","[""36672889""]"
pigmentation,C1QTNF3-AMACR,5,2,1,"[""104179974"", ""104180159"", ""104180202"", ""104180911"", ""104181125""]","[""GCST90255688"", ""GCST90255690""]","[""36672889""]"
pigmentation,C20orf203,1,1,1,"[""30828071""]","[""GCST005897""]","[""29739929""]"
pigmentation,C4orf50,1,1,1,"[""41452485""]","[""GCST007739""]","[""30895295""]"
pigmentation,C5orf67,5,4,3,"[""35792424"", ""35793227"", ""36095934"", ""36095939"", ""61986502""]","[""GCST006988"", ""GCST006989"", ""GCST007082"", ""GCST010302""]","[""30531825"", ""30595370"", ""32341527""]"
pigmentation,C8orf90,1,1,1,"[""15613""]","[""GCST000707""]","[""20585627""]"
pigmentation,CA5A,2,2,2,"[""36097162"", ""93413285""]","[""GCST007082"", ""GCST90041837""]","[""30595370"", ""34737426""]"
pigmentation,CACYBPP2,1,1,1,"[""222644260""]","[""GCST90939791""]","[""38728357""]"
pigmentation,CADM2,1,1,1,"[""36099151""]","[""GCST007086""]","[""30595370""]"
pigmentation,CARMAL,1,1,1,"[""41451512""]","[""GCST007741""]","[""30895295""]"
pigmentation,CARMIL1,1,1,1,"[""24956176""]","[""GCST005094""]","[""29109912""]"
pigmentation,CARNS1,1,1,1,"[""36099320""]","[""GCST007086""]","[""30595370""]"
pigmentation,CASC11,1,1,1,"[""41452543""]","[""GCST007739""]","[""30895295""]"
pigmentation,CASC15,1,1,1,"[""222644291""]","[""GCST90939791""]","[""38728357""]"
pigmentation,CASC16,1,1,1,"[""14883050""]","[""GCST003019""]","[""26184321""]"
pigmentation,CASC8,1,1,1,"[""41452543""]","[""GCST007739""]","[""30895295""]"
pigmentation,CATSPERB,1,1,1,"[""36096946""]","[""GCST007082""]","[""30595370""]"
pigmentation,CBFA2T2,1,1,1,"[""30828084""]","[""GCST005897""]","[""29739929""]"
pigmentation,CBFA2T3,22,7,4,"[""36097202"", ""36097207"", ""36099427"", ""62419556"", ""93413254"", ""93413399"", ""93413405"", ""93413411"", ""93413417"", ""93413423"", ""93413429"", ""93413435"", ""93413441"", ""93413446"", ""93413452"", ""93413458"", ""93414128"", ""93414134"", ""93414140"", ""93414145"", ""95175382"", ""95175387""]","[""GCST006986"", ""GCST007082"", ""GCST007086"", ""GCST90041836"", ""GCST90041837"", ""GCST90041839"", ""GCST90095478""]","[""30531825"", ""30595370"", ""34737426"", ""34737440""]"
pigmentation,CCDC171,1,1,1,"[""36096337""]","[""GCST007082""]","[""30595370""]"
pigmentation,CCDC26,1,1,1,"[""24956383""]","[""GCST005095""]","[""29109912""]"
pigmentation,CCDC59,1,1,1,"[""97365656""]","[""GCST90104590""]","[""35313536""]"
pigmentation,CCDST,1,1,1,"[""36099118""]","[""GCST007086""]","[""30595370""]"
pigmentation,CCND2-AS1,3,3,2,"[""35792312"", ""35793196"", ""36096686""]","[""GCST006988"", ""GCST006989"", ""GCST007082""]","[""30531825"", ""30595370""]"
pigmentation,CCNY-AS1,1,1,1,"[""36096436""]","[""GCST007082""]","[""30595370""]"
pigmentation,CD44,1,1,1,"[""36096518""]","[""GCST007082""]","[""30595370""]"
pigmentation,CD46,1,1,1,"[""41451916""]","[""GCST007742""]","[""30895295""]"
pigmentation,CD5L,1,1,1,"[""41451906""]","[""GCST007742""]","[""30895295""]"
pigmentation,CD93,2,2,1,"[""41451546"", ""41451813""]","[""GCST007741"", ""GCST007743""]","[""30895295""]"
pigmentation,CDC42BPA,2,2,2,"[""35792524"", ""36095509""]","[""GCST006988"", ""GCST007082""]","[""30531825"", ""30595370""]"
pigmentation,CDC42EP3-AS1,1,1,1,"[""36095558""]","[""GCST007082""]","[""30595370""]"
pigmentation,CDC42P2,1,1,1,"[""41451432""]","[""GCST007741""]","[""30895295""]"
pigmentation,CDH12,1,1,1,"[""41451949""]","[""GCST007742""]","[""30895295""]"
pigmentation,CDH15,1,1,1,"[""93414151""]","[""GCST90041839""]","[""34737426""]"
pigmentation,CDH20,1,1,1,"[""41452422""]","[""GCST007739""]","[""30895295""]"
pigmentation,CDH3,1,1,1,"[""61986592""]","[""GCST010302""]","[""32341527""]"
pigmentation,CDK10,12,9,4,"[""104178454"", ""11645"", ""35792957"", ""35793360"", ""62419619"", ""93413656"", ""93413888"", ""93414179"", ""93414184"", ""93414190"", ""93414196"", ""93414345""]","[""GCST000191"", ""GCST006986"", ""GCST006988"", ""GCST006989"", ""GCST90041837"", ""GCST90041838"", ""GCST90041839"", ""GCST90041840"", ""GCST90255681""]","[""18483556"", ""30531825"", ""34737426"", ""36672889""]"
pigmentation,CDK14,2,2,2,"[""35792252"", ""36096209""]","[""GCST006988"", ""GCST007082""]","[""30531825"", ""30595370""]"
pigmentation,CDK5RAP1,1,1,1,"[""15577""]","[""GCST000707""]","[""20585627""]"
pigmentation,CDKAL1,2,2,2,"[""35792472"", ""36096061""]","[""GCST006988"", ""GCST007082""]","[""30531825"", ""30595370""]"
pigmentation,CDKN2B-AS1,4,4,3,"[""36096350"", ""61986514"", ""62410559"", ""62410601""]","[""GCST007082"", ""GCST010302"", ""GCST90002283"", ""GCST90002284""]","[""30595370"", ""32341527"", ""32835660""]"
pigmentation,CDT1,3,1,1,"[""93413357"", ""93413363"", ""93413369""]","[""GCST90041837""]","[""34737426""]"
pigmentation,CELSR1,1,1,1,"[""41451828""]","[""GCST007743""]","[""30895295""]"
pigmentation,CENPBD1P,1,1,1,"[""30828046""]","[""GCST005897""]","[""29739929""]"
pigmentation,CENPP,1,1,1,"[""41452001""]","[""GCST007742""]","[""30895295""]"
pigmentation,CEP112,1,1,1,"[""41451531""]","[""GCST007741""]","[""30895295""]"
pigmentation,CEP120,1,1,1,"[""97365698""]","[""GCST90104590""]","[""35313536""]"
pigmentation,CEP152,3,3,1,"[""223072190"", ""223072340"", ""223072531""]","[""GCST90854270"", ""GCST90854271"", ""GCST90854272""]","[""42586059""]"
pigmentation,CEP290,1,1,1,"[""36099363""]","[""GCST007086""]","[""30595370""]"
pigmentation,CES5A,1,1,1,"[""41451257""]","[""GCST007740""]","[""30895295""]"
pigmentation,CFAP299,2,2,2,"[""35792645"", ""36095826""]","[""GCST006988"", ""GCST007082""]","[""30531825"", ""30595370""]"
pigmentation,CHCHD2P9,1,1,1,"[""41452547""]","[""GCST007739""]","[""30895295""]"
pigmentation,CHCHD6,1,1,1,"[""36095739""]","[""GCST007082""]","[""30595370""]"
pigmentation,CHL1,2,2,2,"[""35792544"", ""36095683""]","[""GCST006988"", ""GCST007082""]","[""30531825"", ""30595370""]"
pigmentation,CHMP1A,12,9,6,"[""104178493"", ""104179677"", ""104179931"", ""30827860"", ""30827864"", ""36099445"", ""62419529"", ""62419595"", ""93413644"", ""93413650"", ""93414173"", ""95175408""]","[""GCST005897"", ""GCST006986"", ""GCST007086"", ""GCST90041837"", ""GCST90041839"", ""GCST90095478"", ""GCST90255681"", ""GCST90255687"", ""GCST90255688""]","[""29739929"", ""30531825"", ""30595370"", ""34737426"", ""34737440"", ""36672889""]"
pigmentation,CHMP4B,1,1,1,"[""36097417""]","[""GCST007082""]","[""30595370""]"
pigmentation,CHORDC1,1,1,1,"[""30827974""]","[""GCST005897""]","[""29739929""]"
pigmentation,CHURC1-FNTB,1,1,1,"[""36096927""]","[""GCST007082""]","[""30595370""]"
pigmentation,CICP28,1,1,1,"[""41452444""]","[""GCST007739""]","[""30895295""]"
pigmentation,CIROZ,2,2,2,"[""35793031"", ""36095417""]","[""GCST006988"", ""GCST007082""]","[""30531825"", ""30595370""]"
pigmentation,CISTR,1,1,1,"[""12893""]","[""GCST000371""]","[""19340012""]"
pigmentation,CLEC17A,1,1,1,"[""41451804""]","[""GCST007743""]","[""30895295""]"
pigmentation,CLIC5,2,2,2,"[""35792496"", ""36096089""]","[""GCST006988"", ""GCST007082""]","[""30531825"", ""30595370""]"
pigmentation,CLPTM1L,1,1,1,"[""61986498""]","[""GCST010302""]","[""32341527""]"
pigmentation,CLSTN2,1,1,1,"[""41451372""]","[""GCST007741""]","[""30895295""]"
pigmentation,CNTN4,2,2,2,"[""104178511"", ""97365771""]","[""GCST90104591"", ""GCST90255681""]","[""35313536"", ""36672889""]"
pigmentation,CNTN4-AS2,1,1,1,"[""97365771""]","[""GCST90104591""]","[""35313536""]"
pigmentation,CNTN6,1,1,1,"[""41451650""]","[""GCST007743""]","[""30895295""]"
pigmentation,CNTNAP3,1,1,1,"[""41451212""]","[""GCST007740""]","[""30895295""]"
pigmentation,COL1A2,1,1,1,"[""41451446""]","[""GCST007741""]","[""30895295""]"
pigmentation,COMT,1,1,1,"[""36097525""]","[""GCST007082""]","[""30595370""]"
pigmentation,COQ8B,1,1,1,"[""97365662""]","[""GCST90104590""]","[""35313536""]"
pigmentation,COX10-DT,2,2,1,"[""223072399"", ""223072556""]","[""GCST90854271"", ""GCST90854272""]","[""42586059""]"
pigmentation,CPNE1,1,1,1,"[""30828129""]","[""GCST005897""]","[""29739929""]"
pigmentation,CPNE7,5,4,4,"[""104178415"", ""104178482"", ""12898"", ""30827843"", ""93413632""]","[""GCST000371"", ""GCST005897"", ""GCST90041837"", ""GCST90255681""]","[""19340012"", ""29739929"", ""34737426"", ""36672889""]"
pigmentation,CPSF2,3,3,3,"[""35792783"", ""36096956"", ""93413976""]","[""GCST006988"", ""GCST007082"", ""GCST90041839""]","[""30531825"", ""30595370"", ""34737426""]"
pigmentation,CR1L,1,1,1,"[""41451916""]","[""GCST007742""]","[""30895295""]"
pigmentation,CRB1,1,1,1,"[""27275266""]","[""GCST005189""]","[""29195075""]"
pigmentation,CREB3L3,1,1,1,"[""36097349""]","[""GCST007082""]","[""30595370""]"
pigmentation,CREB5,2,2,2,"[""35792540"", ""36096189""]","[""GCST006988"", ""GCST007082""]","[""30531825"", ""30595370""]"
pigmentation,CRISPLD1,1,1,1,"[""95175348""]","[""GCST90095477""]","[""34737440""]"
pigmentation,CRYBG1,1,1,1,"[""41451176""]","[""GCST007740""]","[""30895295""]"
pigmentation,CRYGN,1,1,1,"[""41451201""]","[""GCST007740""]","[""30895295""]"
pigmentation,CSGALNACT1,1,1,1,"[""36096261""]","[""GCST007082""]","[""30595370""]"
pigmentation,CSMD1,1,1,1,"[""24956341""]","[""GCST005096""]","[""29109912""]"
pigmentation,CTDP1-DT,1,1,1,"[""36097344""]","[""GCST007082""]","[""30595370""]"
pigmentation,CTIF,1,1,1,"[""41452073""]","[""GCST007742""]","[""30895295""]"
pigmentation,CTNNB1,1,1,1,"[""222644269""]","[""GCST90939791""]","[""38728357""]"
pigmentation,CTNNBL1,1,1,1,"[""36097466""]","[""GCST007082""]","[""30595370""]"
pigmentation,CTSC,3,2,1,"[""36096618"", ""36096623"", ""36099330""]","[""GCST007082"", ""GCST007086""]","[""30595370""]"
pigmentation,CTXN2,3,3,1,"[""223072137"", ""223072299"", ""223072486""]","[""GCST90854270"", ""GCST90854271"", ""GCST90854272""]","[""42586059""]"
pigmentation,CUX2,1,1,1,"[""36096828""]","[""GCST007082""]","[""30595370""]"
pigmentation,CXXC4-AS1,1,1,1,"[""35792605""]","[""GCST006988""]","[""30531825""]"
pigmentation,CYBA,1,1,1,"[""36099413""]","[""GCST007086""]","[""30595370""]"
pigmentation,CYCSP30,2,2,2,"[""36096769"", ""41452535""]","[""GCST007082"", ""GCST007739""]","[""30595370"", ""30895295""]"
pigmentation,CYP1B1,2,2,2,"[""30827909"", ""36099127""]","[""GCST005897"", ""GCST007086""]","[""29739929"", ""30595370""]"
pigmentation,CYP1B1-AS1,1,1,1,"[""30827909""]","[""GCST005897""]","[""29739929""]"
pigmentation,CYP3A54P,1,1,1,"[""41452393""]","[""GCST007739""]","[""30895295""]"
pigmentation,CYYR1,1,1,1,"[""36097511""]","[""GCST007082""]","[""30595370""]"
pigmentation,DBNDD1,5,5,5,"[""12895"", ""30827900"", ""35792755"", ""93413785"", ""95175424""]","[""GCST000371"", ""GCST005897"", ""GCST006988"", ""GCST90041837"", ""GCST90095478""]","[""19340012"", ""29739929"", ""30531825"", ""34737426"", ""34737440""]"
pigmentation,DCAF12,1,1,1,"[""36096359""]","[""GCST007082""]","[""30595370""]"
pigmentation,DCAF12-AS1,1,1,1,"[""36096359""]","[""GCST007082""]","[""30595370""]"
pigmentation,DCDC1,1,1,1,"[""222644313""]","[""GCST90939791""]","[""38728357""]"
pigmentation,DCT,4,4,4,"[""30548234"", ""30827835"", ""35792856"", ""36096896""]","[""GCST005897"", ""GCST006075"", ""GCST006988"", ""GCST007082""]","[""29662168"", ""29739929"", ""30531825"", ""30595370""]"
pigmentation,DDB2,1,1,1,"[""36096538""]","[""GCST007082""]","[""30595370""]"
pigmentation,DDHD1-DT,2,2,2,"[""35792548"", ""36096914""]","[""GCST006988"", ""GCST007082""]","[""30531825"", ""30595370""]"
pigmentation,DDIT4-AS1,2,2,2,"[""35792573"", ""36096446""]","[""GCST006988"", ""GCST007082""]","[""30531825"", ""30595370""]"
pigmentation,DEF8,15,11,8,"[""103607394"", ""103607432"", ""104178499"", ""14882998"", ""14944553"", ""14944765"", ""30827888"", ""30828046"", ""35793394"", ""36097242"", ""62419480"", ""62419569"", ""62419629"", ""93413761"", ""95175323""]","[""GCST003020"", ""GCST003021"", ""GCST003022"", ""GCST005897"", ""GCST006986"", ""GCST006989"", ""GCST007082"", ""GCST90041837"", ""GCST90095476"", ""GCST90246327"", ""GCST90255681""]","[""26184321"", ""29739929"", ""30531825"", ""30595370"", ""34737426"", ""34737440"", ""36536295"", ""36672889""]"
pigmentation,DELEC1,1,1,1,"[""41452013""]","[""GCST007742""]","[""30895295""]"
pigmentation,DENND1A,1,1,1,"[""36096403""]","[""GCST007082""]","[""30595370""]"
pigmentation,DENND1B,1,1,1,"[""27275266""]","[""GCST005189""]","[""29195075""]"
pigmentation,DISC1FP1,4,3,3,"[""30827974"", ""30827979"", ""36096667"", ""41452406""]","[""GCST005897"", ""GCST007082"", ""GCST007739""]","[""29739929"", ""30595370"", ""30895295""]"
pigmentation,DLGAP4,2,2,2,"[""30828149"", ""36097446""]","[""GCST005897"", ""GCST007082""]","[""29739929"", ""30595370""]"
pigmentation,DMAC1,1,1,1,"[""16544619""]","[""GCST003479""]","[""26926045""]"
pigmentation,DMBT1,1,1,1,"[""41452030""]","[""GCST007742""]","[""30895295""]"
pigmentation,DNAI3,2,2,2,"[""35793006"", ""36095455""]","[""GCST006988"", ""GCST007082""]","[""30531825"", ""30595370""]"
pigmentation,DNAJB12,1,1,1,"[""36096446""]","[""GCST007082""]","[""30595370""]"
pigmentation,DNAJB4,2,2,2,"[""36095451"", ""61986540""]","[""GCST007082"", ""GCST010302""]","[""30595370"", ""32341527""]"
pigmentation,DNAJB6P5,1,1,1,"[""36096604""]","[""GCST007082""]","[""30595370""]"
pigmentation,DNMT3A,1,1,1,"[""61986597""]","[""GCST010302""]","[""32341527""]"
pigmentation,DNMT3B,1,1,1,"[""30828075""]","[""GCST005897""]","[""29739929""]"
pigmentation,DOCK10,1,1,1,"[""36095666""]","[""GCST007082""]","[""30595370""]"
pigmentation,DOCK8-AS1,4,4,3,"[""35792364"", ""35793251"", ""36096317"", ""61986465""]","[""GCST006988"", ""GCST006989"", ""GCST007082"", ""GCST010302""]","[""30531825"", ""30595370"", ""32341527""]"
pigmentation,DPEP1,13,7,4,"[""104178415"", ""104178488"", ""104178505"", ""104178539"", ""104178616"", ""104179756"", ""104180212"", ""104180233"", ""104180711"", ""12898"", ""36097227"", ""93413638"", ""93413644""]","[""GCST000371"", ""GCST007082"", ""GCST90041837"", ""GCST90255681"", ""GCST90255687"", ""GCST90255688"", ""GCST90255689""]","[""19340012"", ""30595370"", ""34737426"", ""36672889""]"
pigmentation,DRD2,1,1,1,"[""41451237""]","[""GCST007740""]","[""30895295""]"
pigmentation,DSTYK,6,6,5,"[""30548164"", ""35793056"", ""36095484"", ""37790185"", ""37790327"", ""61986457""]","[""GCST006075"", ""GCST006988"", ""GCST007082"", ""GCST007455"", ""GCST007457"", ""GCST010302""]","[""29662168"", ""30531825"", ""30595370"", ""30664655"", ""32341527""]"
pigmentation,DUSP10,1,1,1,"[""41451131""]","[""GCST007740""]","[""30895295""]"
pigmentation,DUSP22,9,6,4,"[""104179725"", ""30827914"", ""35792678"", ""35792803"", ""35793278"", ""35793282"", ""36096007"", ""36096012"", ""36099199""]","[""GCST005897"", ""GCST006988"", ""GCST006989"", ""GCST007082"", ""GCST007086"", ""GCST90255687""]","[""29739929"", ""30531825"", ""30595370"", ""36672889""]"
pigmentation,DUT,8,4,2,"[""223072141"", ""223072195"", ""223072303"", ""223072336"", ""223072348"", ""223072490"", ""223072547"", ""41452572""]","[""GCST007739"", ""GCST90854270"", ""GCST90854271"", ""GCST90854272""]","[""30895295"", ""42586059""]"
pigmentation,DUX4L52,1,1,1,"[""104178379""]","[""GCST90255681""]","[""36672889""]"
pigmentation,DYNLRB2-AS1,1,1,1,"[""47687662""]","[""GCST008516""]","[""31315583""]"
pigmentation,ECI2-DT,1,1,1,"[""41451965""]","[""GCST007742""]","[""30895295""]"
pigmentation,ECM1P2,1,1,1,"[""41452518""]","[""GCST007739""]","[""30895295""]"
pigmentation,EDAR,1,1,1,"[""36095587""]","[""GCST007082""]","[""30595370""]"
pigmentation,EDEM2,1,1,1,"[""30828116""]","[""GCST005897""]","[""29739929""]"
pigmentation,EDN3,2,2,2,"[""35792452"", ""36097501""]","[""GCST006988"", ""GCST007082""]","[""30531825"", ""30595370""]"
pigmentation,EDNRB,1,1,1,"[""95175271""]","[""GCST90095476""]","[""34737440""]"
pigmentation,EDNRB-AS1,5,5,4,"[""30548229"", ""34045"", ""35792240"", ""35793201"", ""36096877""]","[""GCST001932"", ""GCST006075"", ""GCST006988"", ""GCST006989"", ""GCST007082""]","[""23548203"", ""29662168"", ""30531825"", ""30595370""]"
pigmentation,EEF1B2P6,1,1,1,"[""97365789""]","[""GCST90104591""]","[""35313536""]"
pigmentation,EFCAB7,1,1,1,"[""95284513""]","[""GCST012219""]","[""33692100""]"
pigmentation,EFNA1,1,1,1,"[""36095470""]","[""GCST007082""]","[""30595370""]"
pigmentation,EGR3-AS1,2,2,2,"[""35792650"", ""36096266""]","[""GCST006988"", ""GCST007082""]","[""30531825"", ""30595370""]"
pigmentation,EIF4A1P7,1,1,1,"[""222644336""]","[""GCST90939791""]","[""38728357""]"
pigmentation,EIF4BP3,1,1,1,"[""41451732""]","[""GCST007743""]","[""30895295""]"
pigmentation,EIF4E2P2,1,1,1,"[""95284517""]","[""GCST012219""]","[""33692100""]"
pigmentation,EIF4E3,1,1,1,"[""36095718""]","[""GCST007082""]","[""30595370""]"
pigmentation,EIF6,2,2,2,"[""15600"", ""36099493""]","[""GCST000708"", ""GCST007086""]","[""20585627"", ""30595370""]"
pigmentation,ELAC2,1,1,1,"[""41451526""]","[""GCST007741""]","[""30895295""]"
pigmentation,ELF2P4,2,1,1,"[""41451151"", ""41451156""]","[""GCST007740""]","[""30895295""]"
pigmentation,ELL,1,1,1,"[""36097363""]","[""GCST007082""]","[""30595370""]"
pigmentation,ELSPBP1,1,1,1,"[""97365668""]","[""GCST90104590""]","[""35313536""]"
pigmentation,EMB,1,1,1,"[""36095910""]","[""GCST007082""]","[""30595370""]"
pigmentation,EMBP1,1,1,1,"[""41451120""]","[""GCST007740""]","[""30895295""]"
pigmentation,EMC2,1,1,1,"[""36096303""]","[""GCST007082""]","[""30595370""]"
pigmentation,EML5,1,1,1,"[""104178534""]","[""GCST90255681""]","[""36672889""]"
pigmentation,EMP1,1,1,1,"[""97365735""]","[""GCST90104591""]","[""35313536""]"
pigmentation,EN1,1,1,1,"[""103607470""]","[""GCST90246327""]","[""36536295""]"
pigmentation,ENPEP,3,3,1,"[""24956272"", ""24956327"", ""24956378""]","[""GCST005093"", ""GCST005095"", ""GCST005096""]","[""29109912""]"
pigmentation,ENPP7P7,1,1,1,"[""36096570""]","[""GCST007082""]","[""30595370""]"
pigmentation,ENTREP2,2,2,2,"[""36097080"", ""47687422""]","[""GCST007082"", ""GCST008516""]","[""30595370"", ""31315583""]"
pigmentation,EPB41L1,1,1,1,"[""36097441""]","[""GCST007082""]","[""30595370""]"
pigmentation,EPB41L2,1,1,1,"[""36096121""]","[""GCST007082""]","[""30595370""]"
pigmentation,EPG5,1,1,1,"[""36097339""]","[""GCST007082""]","[""30595370""]"
pigmentation,EPHA4,12,4,3,"[""30548169"", ""35792276"", ""35792288"", ""35793048"", ""35793052"", ""35793265"", ""35793269"", ""36095632"", ""36095636"", ""36095641"", ""36095646"", ""36095651""]","[""GCST006075"", ""GCST006988"", ""GCST006989"", ""GCST007082""]","[""29662168"", ""30531825"", ""30595370""]"
pigmentation,EPHB4,1,1,1,"[""35792480""]","[""GCST006988""]","[""30531825""]"
pigmentation,EPIC1,1,1,1,"[""41452551""]","[""GCST007739""]","[""30895295""]"
pigmentation,EPS15P1,1,1,1,"[""36096204""]","[""GCST007082""]","[""30595370""]"
pigmentation,ERCC4,1,1,1,"[""36099408""]","[""GCST007086""]","[""30595370""]"
pigmentation,ERCC6L2,1,1,1,"[""41451732""]","[""GCST007743""]","[""30895295""]"
pigmentation,ERCC6L2-AS1,1,1,1,"[""41452373""]","[""GCST007739""]","[""30895295""]"
pigmentation,ERMP1,1,1,1,"[""35792593""]","[""GCST006988""]","[""30531825""]"
pigmentation,ERRFI1-DT,4,4,3,"[""30548159"", ""35793072"", ""35793260"", ""36095402""]","[""GCST006075"", ""GCST006988"", ""GCST006989"", ""GCST007082""]","[""29662168"", ""30531825"", ""30595370""]"
pigmentation,ESRRG,1,1,1,"[""41451628""]","[""GCST007743""]","[""30895295""]"
pigmentation,ETV1,2,2,2,"[""35792617"", ""36096164""]","[""GCST006988"", ""GCST007082""]","[""30531825"", ""30595370""]"
pigmentation,ETV6,1,1,1,"[""95284541""]","[""GCST012219""]","[""33692100""]"
pigmentation,EXOC2,57,19,10,"[""104178775"", ""104178785"", ""104178847"", ""104178853"", ""104179448"", ""104179474"", ""12871"", ""14882490"", ""14882733"", ""14882870"", ""30827919"", ""30827924"", ""35792224"", ""35792228"", ""35792260"", ""35792368"", ""35792815"", ""35793170"", ""35793178"", ""35793192"", ""35793291"", ""35793296"", ""36096017"", ""36096022"", ""36096027"", ""36096032"", ""36099208"", ""36099213"", ""36099218"", ""5945"", ""6203"", ""6206"", ""93413039"", ""93413045"", ""93413051"", ""93413057"", ""93413063"", ""93413069"", ""93413075"", ""93413827"", ""93413833"", ""93413838"", ""93413921"", ""93413926"", ""93413932"", ""93413937"", ""93413943"", ""93413949"", ""93414276"", ""93414281"", ""93414286"", ""93414291"", ""93414296"", ""93414302"", ""93414308"", ""93414314"", ""95175258""]","[""GCST000119"", ""GCST000190"", ""GCST000191"", ""GCST000371"", ""GCST003021"", ""GCST003022"", ""GCST003023"", ""GCST005897"", ""GCST006988"", ""GCST006989"", ""GCST007082"", ""GCST007086"", ""GCST90041836"", ""GCST90041838"", ""GCST90041839"", ""GCST90041840"", ""GCST90095476"", ""GCST90255683"", ""GCST90255685""]","[""17952075"", ""18483556"", ""19340012"", ""26184321"", ""29739929"", ""30531825"", ""30595370"", ""34737426"", ""34737440"", ""36672889""]"
pigmentation,EXOC7P1,2,2,2,"[""35792320"", ""36095860""]","[""GCST006988"", ""GCST007082""]","[""30531825"", ""30595370""]"
pigmentation,EXT1,1,1,1,"[""36096313""]","[""GCST007082""]","[""30595370""]"
pigmentation,EYS,2,2,2,"[""222644299"", ""24956288""]","[""GCST005093"", ""GCST90939791""]","[""29109912"", ""38728357""]"
pigmentation,EZR,3,3,3,"[""30548186"", ""35792280"", ""36096154""]","[""GCST006075"", ""GCST006988"", ""GCST007082""]","[""29662168"", ""30531825"", ""30595370""]"
pigmentation,EZR-AS1,2,2,1,"[""35792811"", ""35793237""]","[""GCST006988"", ""GCST006989""]","[""30531825""]"
pigmentation,EZRP1,1,1,1,"[""41451665""]","[""GCST007743""]","[""30895295""]"
pigmentation,FAIM,1,1,1,"[""36099156""]","[""GCST007086""]","[""30595370""]"
pigmentation,FAM136A,1,1,1,"[""36095577""]","[""GCST007082""]","[""30595370""]"
pigmentation,FAM13A,2,2,2,"[""16544407"", ""36099176""]","[""GCST003478"", ""GCST007086""]","[""26926045"", ""30595370""]"
pigmentation,FAM157C,1,1,1,"[""93413808""]","[""GCST90041837""]","[""34737426""]"
pigmentation,FAM83C-AS1,1,1,1,"[""36099493""]","[""GCST007086""]","[""30595370""]"
pigmentation,FAM8A3P,1,1,1,"[""41451921""]","[""GCST007742""]","[""30895295""]"
pigmentation,FANCA,35,16,9,"[""104178439"", ""104178562"", ""104178580"", ""104179895"", ""104180455"", ""104180855"", ""14947131"", ""15575"", ""15576"", ""15599"", ""30827868"", ""30827872"", ""30827876"", ""30827880"", ""36097232"", ""36099450"", ""36099455"", ""41334496"", ""41334521"", ""41334536"", ""41334571"", ""62419490"", ""62419546"", ""62419573"", ""93413668"", ""93413674"", ""93413680"", ""93413686"", ""93413692"", ""93413698"", ""93414208"", ""93414214"", ""95175315"", ""95175412"", ""95175416""]","[""GCST000707"", ""GCST000708"", ""GCST002908"", ""GCST005897"", ""GCST006986"", ""GCST007082"", ""GCST007086"", ""GCST007486"", ""GCST90041837"", ""GCST90041839"", ""GCST90095476"", ""GCST90095478"", ""GCST90255681"", ""GCST90255688"", ""GCST90255689"", ""GCST90255690""]","[""20585627"", ""25963972"", ""29739929"", ""30166351"", ""30531825"", ""30595370"", ""34737426"", ""34737440"", ""36672889""]"
pigmentation,FBN1,9,4,2,"[""223072141"", ""223072195"", ""223072303"", ""223072336"", ""223072348"", ""223072490"", ""223072547"", ""41452539"", ""41452572""]","[""GCST007739"", ""GCST90854270"", ""GCST90854271"", ""GCST90854272""]","[""30895295"", ""42586059""]"
pigmentation,FBN1-DT,3,3,1,"[""223072190"", ""223072340"", ""223072531""]","[""GCST90854270"", ""GCST90854271"", ""GCST90854272""]","[""42586059""]"
pigmentation,FBXL17,1,1,1,"[""25423""]","[""GCST001723""]","[""23118974""]"
pigmentation,FCF1P10,1,1,1,"[""36096112""]","[""GCST007082""]","[""30595370""]"
pigmentation,FCRL1,1,1,1,"[""41451906""]","[""GCST007742""]","[""30895295""]"
pigmentation,FES,1,1,1,"[""36097118""]","[""GCST007082""]","[""30595370""]"
pigmentation,FGF12,1,1,1,"[""97365777""]","[""GCST90104591""]","[""35313536""]"
pigmentation,FGF19,1,1,1,"[""36096604""]","[""GCST007082""]","[""30595370""]"
pigmentation,FGF5,2,2,2,"[""35792694"", ""36095821""]","[""GCST006988"", ""GCST007082""]","[""30531825"", ""30595370""]"
pigmentation,FHIT,1,1,1,"[""41451660""]","[""GCST007743""]","[""30895295""]"
pigmentation,FHOD3,2,2,1,"[""223072418"", ""223072564""]","[""GCST90854271"", ""GCST90854272""]","[""42586059""]"
pigmentation,FLG,1,1,1,"[""36099118""]","[""GCST007086""]","[""30595370""]"
pigmentation,FLII,1,1,1,"[""36097252""]","[""GCST007082""]","[""30595370""]"
pigmentation,FLJ12825,1,1,1,"[""36096719""]","[""GCST007082""]","[""30595370""]"
pigmentation,FLT1,1,1,1,"[""222644336""]","[""GCST90939791""]","[""38728357""]"
pigmentation,FMN1,1,1,1,"[""97365747""]","[""GCST90104591""]","[""35313536""]"
pigmentation,FMN2,2,2,2,"[""35792532"", ""36095524""]","[""GCST006988"", ""GCST007082""]","[""30531825"", ""30595370""]"
pigmentation,FOLH1,1,1,1,"[""36096543""]","[""GCST007082""]","[""30595370""]"
pigmentation,FOLH1B,2,1,1,"[""36096657"", ""36096662""]","[""GCST007082""]","[""30595370""]"
pigmentation,FOSL2,1,1,1,"[""35792404""]","[""GCST006988""]","[""30531825""]"
pigmentation,FOSL2-AS1,3,2,2,"[""35792536"", ""35793035"", ""36095553""]","[""GCST006988"", ""GCST007082""]","[""30531825"", ""30595370""]"
pigmentation,FOXE1,1,1,1,"[""36096378""]","[""GCST007082""]","[""30595370""]"
pigmentation,FOXO6,1,1,1,"[""36095442""]","[""GCST007082""]","[""30595370""]"
pigmentation,FOXP1-DT,1,1,1,"[""36095718""]","[""GCST007082""]","[""30595370""]"
pigmentation,FOXP2,2,1,1,"[""41451895"", ""41451989""]","[""GCST007742""]","[""30895295""]"
pigmentation,FOXP4,1,1,1,"[""222644295""]","[""GCST90939791""]","[""38728357""]"
pigmentation,FOXP4-AS1,1,1,1,"[""36096076""]","[""GCST007082""]","[""30595370""]"
pigmentation,FOXQ1,1,1,1,"[""36096042""]","[""GCST007082""]","[""30595370""]"
pigmentation,FRAS1,2,2,2,"[""35792372"", ""36095817""]","[""GCST006988"", ""GCST007082""]","[""30531825"", ""30595370""]"
pigmentation,FREM2,2,2,2,"[""35792376"", ""36096862""]","[""GCST006988"", ""GCST007082""]","[""30531825"", ""30595370""]"
pigmentation,FRG1CP,1,1,1,"[""36099479""]","[""GCST007086""]","[""30595370""]"
pigmentation,FTO,3,3,3,"[""36097142"", ""61986614"", ""62419524""]","[""GCST006986"", ""GCST007082"", ""GCST010302""]","[""30531825"", ""30595370"", ""32341527""]"
pigmentation,FYN,1,1,1,"[""223072679""]","[""GCST90854272""]","[""42586059""]"
pigmentation,FZD1,3,2,2,"[""35792252"", ""36096209"", ""36096214""]","[""GCST006988"", ""GCST007082""]","[""30531825"", ""30595370""]"
pigmentation,FZD7,2,2,2,"[""35792488"", ""36095618""]","[""GCST006988"", ""GCST007082""]","[""30531825"", ""30595370""]"
pigmentation,GAB2,4,4,3,"[""30548216"", ""35792304"", ""35793214"", ""36096608""]","[""GCST006075"", ""GCST006988"", ""GCST006989"", ""GCST007082""]","[""29662168"", ""30531825"", ""30595370""]"
pigmentation,GABRB1,1,1,1,"[""222644278""]","[""GCST90939791""]","[""38728357""]"
pigmentation,GABRG3,16,6,4,"[""35792916"", ""36097010"", ""36097015"", ""36097020"", ""36097025"", ""47687442"", ""93413155"", ""93413161"", ""93413167"", ""93413844"", ""93413998"", ""93414004"", ""93414010"", ""93414015"", ""93414020"", ""93414026""]","[""GCST006988"", ""GCST007082"", ""GCST008516"", ""GCST90041836"", ""GCST90041838"", ""GCST90041839""]","[""30531825"", ""30595370"", ""31315583"", ""34737426""]"
pigmentation,GABRG3-AS1,1,1,1,"[""36097010""]","[""GCST007082""]","[""30595370""]"
pigmentation,GALNS,5,3,2,"[""36097197"", ""36099422"", ""93413375"", ""93413381"", ""93413387""]","[""GCST007082"", ""GCST007086"", ""GCST90041837""]","[""30595370"", ""34737426""]"
pigmentation,GALNT12,1,1,1,"[""41452007""]","[""GCST007742""]","[""30895295""]"
pigmentation,GAPDHP30,2,2,1,"[""24956193"", ""27178268""]","[""GCST005093"", ""GCST005094""]","[""29109912""]"
pigmentation,GAPDHP70,3,2,2,"[""30827939"", ""36099330"", ""36099335""]","[""GCST005897"", ""GCST007086""]","[""29739929"", ""30595370""]"
pigmentation,GAPVD1,1,1,1,"[""41451460""]","[""GCST007741""]","[""30895295""]"
pigmentation,GAS8,2,2,1,"[""93413266"", ""93413790""]","[""GCST90041836"", ""GCST90041837""]","[""34737426""]"
pigmentation,GASAL1,1,1,1,"[""41452477""]","[""GCST007739""]","[""30895295""]"
pigmentation,GCNT2,1,1,1,"[""36096056""]","[""GCST007082""]","[""30595370""]"
pigmentation,GIMAP3P,1,1,1,"[""41452357""]","[""GCST007739""]","[""30895295""]"
pigmentation,GIMAP5,1,1,1,"[""41452357""]","[""GCST007739""]","[""30895295""]"
pigmentation,GIPC2,3,3,3,"[""104178604"", ""36095451"", ""61986540""]","[""GCST007082"", ""GCST010302"", ""GCST90255681""]","[""30595370"", ""32341527"", ""36672889""]"
pigmentation,GMDS,2,2,2,"[""36096047"", ""41451959""]","[""GCST007082"", ""GCST007742""]","[""30595370"", ""30895295""]"
pigmentation,GNG4,1,1,1,"[""41452531""]","[""GCST007739""]","[""30895295""]"
pigmentation,GOLGA6L7,3,2,2,"[""104179058"", ""104179398"", ""47687417""]","[""GCST008516"", ""GCST90255684""]","[""31315583"", ""36672889""]"
pigmentation,GOLGA8F,1,1,1,"[""104179286""]","[""GCST90255684""]","[""36672889""]"
pigmentation,GPR157,1,1,1,"[""95284553""]","[""GCST012219""]","[""33692100""]"
pigmentation,GPR161,1,1,1,"[""36095475""]","[""GCST007082""]","[""30595370""]"
pigmentation,GPR61,1,1,1,"[""41451901""]","[""GCST007742""]","[""30895295""]"
pigmentation,GRAMD2B,2,2,1,"[""223072413"", ""223072607""]","[""GCST90854271"", ""GCST90854272""]","[""42586059""]"
pigmentation,GREM1,1,1,1,"[""97365747""]","[""GCST90104591""]","[""35313536""]"
pigmentation,GRID2,1,1,1,"[""222644283""]","[""GCST90939791""]","[""38728357""]"
pigmentation,GRM3,1,1,1,"[""104178397""]","[""GCST90255681""]","[""36672889""]"
pigmentation,GRM5,22,14,8,"[""104180042"", ""104180566"", ""104180957"", ""12879"", ""16544552"", ""30827944"", ""30827949"", ""30827954"", ""30827959"", ""35792864"", ""36096628"", ""36096633"", ""36096638"", ""36096643"", ""36099339"", ""36099344"", ""36099349"", ""37790078"", ""37790274"", ""37790427"", ""47462271"", ""47687407""]","[""GCST000371"", ""GCST003479"", ""GCST005897"", ""GCST006988"", ""GCST007082"", ""GCST007086"", ""GCST007451"", ""GCST007452"", ""GCST007454"", ""GCST008516"", ""GCST008519"", ""GCST90255688"", ""GCST90255689"", ""GCST90255690""]","[""19340012"", ""26926045"", ""29739929"", ""30531825"", ""30595370"", ""30664655"", ""31315583"", ""36672889""]"
pigmentation,GRM5-AS1,2,2,2,"[""30827939"", ""36099335""]","[""GCST005897"", ""GCST007086""]","[""29739929"", ""30595370""]"
pigmentation,GSS,1,1,1,"[""36097427""]","[""GCST007082""]","[""30595370""]"
pigmentation,GTF3AP1,1,1,1,"[""36096327""]","[""GCST007082""]","[""30595370""]"
pigmentation,GTF3AP5,1,1,1,"[""41451696""]","[""GCST007743""]","[""30895295""]"
pigmentation,H3P34,1,1,1,"[""36096657""]","[""GCST007082""]","[""30595370""]"
pigmentation,HADH,1,1,1,"[""36095846""]","[""GCST007082""]","[""30595370""]"
pigmentation,HAL,1,1,1,"[""36099368""]","[""GCST007086""]","[""30595370""]"
pigmentation,HAUS8P1,1,1,1,"[""41451479""]","[""GCST007741""]","[""30895295""]"
pigmentation,HAVCR2,1,1,1,"[""41451954""]","[""GCST007742""]","[""30895295""]"
pigmentation,HBS1L,1,1,1,"[""36096135""]","[""GCST007082""]","[""30595370""]"
pigmentation,HDAC4,2,2,2,"[""35792662"", ""36095679""]","[""GCST006988"", ""GCST007082""]","[""30531825"", ""30595370""]"
pigmentation,HDAC9,2,2,2,"[""36096174"", ""41451416""]","[""GCST007082"", ""GCST007741""]","[""30595370"", ""30895295""]"
pigmentation,HECTD4,1,1,1,"[""35792613""]","[""GCST006988""]","[""30531825""]"
pigmentation,HERC2,208,58,25,"[""104178641"", ""104178647"", ""104178653"", ""104178658"", ""104178687"", ""104178693"", ""104178722"", ""104178734"", ""104178758"", ""104178790"", ""104178864"", ""104178917"", ""104178923"", ""104178928"", ""104178934"", ""104178940"", ""104178945"", ""104178951"", ""104178957"", ""104178963"", ""104178969"", ""104178980"", ""104178985"", ""104178990"", ""104178995"", ""104179007"", ""104179029"", ""104179040"", ""104179046"", ""104179052"", ""104179064"", ""104179070"", ""104179076"", ""104179082"", ""104179088"", ""104179105"", ""104179117"", ""104179135"", ""104179153"", ""104179159"", ""104179171"", ""104179176"", ""104179194"", ""104179200"", ""104179224"", ""104179230"", ""104179236"", ""104179274"", ""104179280"", ""104179292"", ""104179298"", ""104179310"", ""104179322"", ""104179380"", ""104179392"", ""104179403"", ""104179419"", ""104179425"", ""104179519"", ""104179671"", ""104179844"", ""104179849"", ""104179859"", ""104179864"", ""104179869"", ""104179890"", ""104179900"", ""104179905"", ""104179926"", ""104179941"", ""104179963"", ""104179979"", ""104179984"", ""104180057"", ""104180083"", ""104180115"", ""104180181"", ""104180186"", ""104180196"", ""104180244"", ""104180260"", ""104180319"", ""104180324"", ""104180368"", ""104180415"", ""104180420"", ""104180430"", ""104180435"", ""104180440"", ""104180450"", ""104180461"", ""104180466"", ""104180481"", ""104180491"", ""104180506"", ""104180511"", ""104180581"", ""104180611"", ""104180631"", ""104180671"", ""104180676"", ""104180686"", ""104180721"", ""104180766"", ""104180786"", ""104180850"", ""104180880"", ""104180972"", ""104180988"", ""104181114"", ""11221"", ""11222"", ""11760"", ""11765"", ""11767"", ""14882494"", ""14882737"", ""14882874"", ""14947130"", ""15409"", ""15572"", ""15590"", ""15595"", ""16544565"", ""222644359"", ""25422"", ""30548248"", ""30827839"", ""30828004"", ""34051"", ""34055"", ""34060"", ""34069"", ""35792216"", ""35792884"", ""35792904"", ""35793174"", ""36097050"", ""36097055"", ""36099388"", ""36099393"", ""37790098"", ""37790102"", ""37790206"", ""37790210"", ""37790245"", ""37790249"", ""37790286"", ""37790315"", ""37790319"", ""37790344"", ""37790443"", ""37790447"", ""41334157"", ""41334172"", ""41334197"", ""41334377"", ""41334387"", ""41334402"", ""41334407"", ""41334422"", ""41334427"", ""41334451"", ""41334471"", ""41334476"", ""41334501"", ""41334506"", ""41334541"", ""41334546"", ""41334576"", ""41334581"", ""41451498"", ""41451766"", ""41451770"", ""41451879"", ""47687432"", ""47688461"", ""5903"", ""61986419"", ""62419494"", ""93413213"", ""93413219"", ""93413225"", ""93413231"", ""93413237"", ""93413866"", ""93413872"", ""93413877"", ""93413883"", ""93414066"", ""93414071"", ""93414077"", ""93414082"", ""93414087"", ""93414093"", ""93414099"", ""93414319"", ""93414324"", ""93414330"", ""93414335"", ""93453771"", ""95175295"", ""95175299"", ""95175303"", ""95175352"", ""95175357"", ""95175361"", ""95284497""]","[""GCST000117"", ""GCST000118"", ""GCST000120"", ""GCST000146"", ""GCST000190"", ""GCST000191"", ""GCST000685"", ""GCST000707"", ""GCST000710"", ""GCST001723"", ""GCST001929"", ""GCST001932"", ""GCST001939"", ""GCST002908"", ""GCST003021"", ""GCST003022"", ""GCST003023"", ""GCST003479"", ""GCST005897"", ""GCST006075"", ""GCST006986"", ""GCST006988"", ""GCST006989"", ""GCST007082"", ""GCST007086"", ""GCST007451"", ""GCST007452"", ""GCST007453"", ""GCST007454"", ""GCST007455"", ""GCST007456"", ""GCST007457"", ""GCST007486"", ""GCST007488"", ""GCST007489"", ""GCST007741"", ""GCST007742"", ""GCST007743"", ""GCST008516"", ""GCST008519"", ""GCST010302"", ""GCST012219"", ""GCST90026490"", ""GCST90041836"", ""GCST90041838"", ""GCST90041839"", ""GCST90041840"", ""GCST90095476"", ""GCST90095477"", ""GCST90255682"", ""GCST90255683"", ""GCST90255684"", ""GCST90255686"", ""GCST90255687"", ""GCST90255688"", ""GCST90255689"", ""GCST90255690"", ""GCST90939791""]","[""17952075"", ""18252221"", ""18483556"", ""20463881"", ""20585627"", ""23118974"", ""23548203"", ""25963972"", ""26184321"", ""26926045"", ""29662168"", ""29739929"", ""30166351"", ""30531825"", ""30595370"", ""30664655"", ""30895295"", ""31315583"", ""32341527"", ""33692100"", ""34265127"", ""34737426"", ""34737440"", ""36672889"", ""38728357""]"
pigmentation,HERC2P1,3,3,1,"[""104178836"", ""104179380"", ""104180319""]","[""GCST90255683"", ""GCST90255684"", ""GCST90255688""]","[""36672889""]"
pigmentation,HHIP-AS1,1,1,1,"[""36095875""]","[""GCST007082""]","[""30595370""]"
pigmentation,HIVEP3,1,1,1,"[""95284457""]","[""GCST012219""]","[""33692100""]"
pigmentation,HJURP,1,1,1,"[""97365765""]","[""GCST90104591""]","[""35313536""]"
pigmentation,HK1,2,2,1,"[""24956346"", ""27178264""]","[""GCST005093"", ""GCST005096""]","[""29109912""]"
pigmentation,HLA-DRA,1,1,1,"[""41452559""]","[""GCST007739""]","[""30895295""]"
pigmentation,HLA-DRB6,1,1,1,"[""41452555""]","[""GCST007739""]","[""30895295""]"
pigmentation,HMGB1P26,1,1,1,"[""104178391""]","[""GCST90255681""]","[""36672889""]"
pigmentation,HMGN1P19,2,1,1,"[""36096199"", ""36096204""]","[""GCST007082""]","[""30595370""]"
pigmentation,HMGN1P31,1,1,1,"[""41452422""]","[""GCST007739""]","[""30895295""]"
pigmentation,HNF1A-AS1,1,1,1,"[""36096838""]","[""GCST007082""]","[""30595370""]"
pigmentation,HNRNPA1P36,1,1,1,"[""35792747""]","[""GCST006988""]","[""30531825""]"
pigmentation,HNRNPA1P57,1,1,1,"[""41451136""]","[""GCST007740""]","[""30895295""]"
pigmentation,HNRNPA1P60,1,1,1,"[""222644322""]","[""GCST90939791""]","[""38728357""]"
pigmentation,HNRNPKP5,1,1,1,"[""41452418""]","[""GCST007739""]","[""30895295""]"
pigmentation,HOXC13,1,1,1,"[""35792244""]","[""GCST006988""]","[""30531825""]"
pigmentation,HOXC13-AS,1,1,1,"[""35792244""]","[""GCST006988""]","[""30531825""]"
pigmentation,HOXD-AS2,1,1,1,"[""36095605""]","[""GCST007082""]","[""30595370""]"
pigmentation,HPS5,1,1,1,"[""36096503""]","[""GCST007082""]","[""30595370""]"
pigmentation,HSALR1,1,1,1,"[""36097192""]","[""GCST007082""]","[""30595370""]"
pigmentation,HSP90AB7P,1,1,1,"[""41452457""]","[""GCST007739""]","[""30895295""]"
pigmentation,HSPA12A,1,1,1,"[""31658763""]","[""GCST006091""]","[""29895819""]"
pigmentation,HSPA8P5,3,3,2,"[""35792312"", ""35793196"", ""36096686""]","[""GCST006988"", ""GCST006989"", ""GCST007082""]","[""30531825"", ""30595370""]"
pigmentation,HSPE1P1,1,1,1,"[""36097476""]","[""GCST007082""]","[""30595370""]"
pigmentation,HTRA1,1,1,1,"[""41452030""]","[""GCST007742""]","[""30895295""]"
pigmentation,HYDIN,1,1,1,"[""104181079""]","[""GCST90255690""]","[""36672889""]"
pigmentation,IADEN,1,1,1,"[""25424""]","[""GCST001723""]","[""23118974""]"
pigmentation,ID2-AS1,1,1,1,"[""97365674""]","[""GCST90104590""]","[""35313536""]"
pigmentation,ID4,1,1,1,"[""15770270""]","[""GCST003591""]","[""27327535""]"
pigmentation,IGF1,1,1,1,"[""41452341""]","[""GCST007739""]","[""30895295""]"
pigmentation,IGHMBP2,1,1,1,"[""36096585""]","[""GCST007082""]","[""30595370""]"
pigmentation,IGHV1OR16-1,1,1,1,"[""41451787""]","[""GCST007743""]","[""30895295""]"
pigmentation,IGHV1OR16-3,1,1,1,"[""41451787""]","[""GCST007743""]","[""30895295""]"
pigmentation,IGKV1OR2-118,1,1,1,"[""41451639""]","[""GCST007743""]","[""30895295""]"
pigmentation,IL16,3,3,2,"[""35792843"", ""35793356"", ""36097104""]","[""GCST006988"", ""GCST006989"", ""GCST007082""]","[""30531825"", ""30595370""]"
pigmentation,ILF3,1,1,1,"[""36097358""]","[""GCST007082""]","[""30595370""]"
pigmentation,INHBA,2,2,2,"[""36096194"", ""41451181""]","[""GCST007082"", ""GCST007740""]","[""30595370"", ""30895295""]"
pigmentation,INHBB,1,1,1,"[""36095597""]","[""GCST007082""]","[""30595370""]"
pigmentation,INSIG1,1,1,1,"[""36096246""]","[""GCST007082""]","[""30595370""]"
pigmentation,IP6K2,1,1,1,"[""36095703""]","[""GCST007082""]","[""30595370""]"
pigmentation,IQCJ-SCHIP1,1,1,1,"[""41451938""]","[""GCST007742""]","[""30895295""]"
pigmentation,IRAG2,1,1,1,"[""97365650""]","[""GCST90104590""]","[""35313536""]"
pigmentation,IRF4,83,44,19,"[""10095334"", ""103607491"", ""104178775"", ""104178780"", ""104178785"", ""104179012"", ""104179443"", ""104179448"", ""104179474"", ""104179514"", ""104179666"", ""104179725"", ""104180875"", ""12871"", ""14882490"", ""14882733"", ""14882870"", ""15573"", ""15592"", ""15598"", ""15620"", ""16544498"", ""16544538"", ""30548181"", ""30827807"", ""34053"", ""34057"", ""34064"", ""35792224"", ""35792228"", ""35792260"", ""35792368"", ""35792678"", ""35792727"", ""35792803"", ""35793170"", ""35793178"", ""35793192"", ""35793206"", ""35793278"", ""35793282"", ""35793286"", ""35793291"", ""36096012"", ""36099203"", ""37790070"", ""37790233"", ""37790270"", ""37790299"", ""37790419"", ""41334162"", ""41334177"", ""41334202"", ""41334259"", ""41334264"", ""41334279"", ""41334392"", ""41334412"", ""41334432"", ""41334456"", ""41334486"", ""41334551"", ""41334586"", ""5945"", ""6177"", ""6204"", ""93413033"", ""93413039"", ""93413045"", ""93413051"", ""93413827"", ""93413833"", ""93413915"", ""93413921"", ""93413926"", ""93413932"", ""93414276"", ""93414281"", ""93414286"", ""93414291"", ""95175254"", ""95175343"", ""95284469""]","[""GCST000119"", ""GCST000190"", ""GCST000191"", ""GCST000371"", ""GCST000707"", ""GCST000708"", ""GCST000710"", ""GCST001932"", ""GCST001933"", ""GCST001939"", ""GCST002785"", ""GCST003021"", ""GCST003022"", ""GCST003023"", ""GCST003478"", ""GCST003479"", ""GCST005897"", ""GCST006075"", ""GCST006988"", ""GCST006989"", ""GCST007082"", ""GCST007086"", ""GCST007451"", ""GCST007452"", ""GCST007453"", ""GCST007454"", ""GCST007455"", ""GCST007486"", ""GCST007488"", ""GCST007489"", ""GCST012219"", ""GCST90041836"", ""GCST90041838"", ""GCST90041839"", ""GCST90041840"", ""GCST90095476"", ""GCST90095477"", ""GCST90246327"", ""GCST90255683"", ""GCST90255684"", ""GCST90255685"", ""GCST90255686"", ""GCST90255687"", ""GCST90255690""]","[""17952075"", ""18483556"", ""19340012"", ""20585627"", ""23548203"", ""25705849"", ""26184321"", ""26926045"", ""29662168"", ""29739929"", ""30166351"", ""30531825"", ""30595370"", ""30664655"", ""33692100"", ""34737426"", ""34737440"", ""36536295"", ""36672889""]"
pigmentation,ISG20L2P1,1,1,1,"[""41451970""]","[""GCST007742""]","[""30895295""]"
pigmentation,ITGB3BP,1,1,1,"[""95284513""]","[""GCST012219""]","[""33692100""]"
pigmentation,ITPKB,1,1,1,"[""24956149""]","[""GCST005094""]","[""29109912""]"
pigmentation,ITPR1,1,1,1,"[""222644265""]","[""GCST90939791""]","[""38728357""]"
pigmentation,JAZF1,4,4,3,"[""35792690"", ""36096184"", ""36099266"", ""95284525""]","[""GCST006988"", ""GCST007082"", ""GCST007086"", ""GCST012219""]","[""30531825"", ""30595370"", ""33692100""]"
pigmentation,JPH3,1,1,1,"[""36097157""]","[""GCST007082""]","[""30595370""]"
pigmentation,KALRN,4,4,1,"[""118857882"", ""118857909"", ""118857935"", ""118857961""]","[""GCST90269962"", ""GCST90269963"", ""GCST90269964"", ""GCST90269965""]","[""37294081""]"
pigmentation,KATNAL1,1,1,1,"[""104179637""]","[""GCST90255686""]","[""36672889""]"
pigmentation,KBTBD8,1,1,1,"[""36095708""]","[""GCST007082""]","[""30595370""]"
pigmentation,KCNA1,1,1,1,"[""41451742""]","[""GCST007743""]","[""30895295""]"
pigmentation,KCNA5,1,1,1,"[""41451742""]","[""GCST007743""]","[""30895295""]"
pigmentation,KCNH1,2,2,2,"[""35792484"", ""36095494""]","[""GCST006988"", ""GCST007082""]","[""30531825"", ""30595370""]"
pigmentation,KCNN3,1,1,1,"[""36099123""]","[""GCST007086""]","[""30595370""]"
pigmentation,KHDRBS2,1,1,1,"[""36099242""]","[""GCST007086""]","[""30595370""]"
pigmentation,KIAA0930,5,5,4,"[""30828179"", ""35792528"", ""36097550"", ""36099497"", ""61986549""]","[""GCST005897"", ""GCST006988"", ""GCST007082"", ""GCST007086"", ""GCST010302""]","[""29739929"", ""30531825"", ""30595370"", ""32341527""]"
pigmentation,KIAA1217,1,1,1,"[""27275272""]","[""GCST005189""]","[""29195075""]"
pigmentation,KIF3B,1,1,1,"[""30828061""]","[""GCST005897""]","[""29739929""]"
pigmentation,KIRREL3,1,1,1,"[""15615""]","[""GCST000707""]","[""20585627""]"
pigmentation,KITLG,3,2,2,"[""35792296"", ""35792787"", ""36096789""]","[""GCST006988"", ""GCST007082""]","[""30531825"", ""30595370""]"
pigmentation,KLF15,1,1,1,"[""36095734""]","[""GCST007082""]","[""30595370""]"
pigmentation,KLHDC4,1,1,1,"[""93413279""]","[""GCST90041837""]","[""34737426""]"
pigmentation,KMT2D,1,1,1,"[""36096709""]","[""GCST007082""]","[""30595370""]"
pigmentation,KMT5A,1,1,1,"[""36096843""]","[""GCST007082""]","[""30595370""]"
pigmentation,KRAS,1,1,1,"[""93413114""]","[""GCST90041836""]","[""34737426""]"
pigmentation,KREMEN1,1,1,1,"[""36097530""]","[""GCST007082""]","[""30595370""]"
pigmentation,KRT18P24,1,1,1,"[""41452547""]","[""GCST007739""]","[""30895295""]"
pigmentation,KRT18P47,1,1,1,"[""41451512""]","[""GCST007741""]","[""30895295""]"
pigmentation,KRT18P51,1,1,1,"[""36095875""]","[""GCST007082""]","[""30595370""]"
pigmentation,KRT31,2,2,2,"[""35793183"", ""36097260""]","[""GCST006989"", ""GCST007082""]","[""30531825"", ""30595370""]"
pigmentation,KRT33A,1,1,1,"[""35792300""]","[""GCST006988""]","[""30531825""]"
pigmentation,KRT71,1,1,1,"[""36096714""]","[""GCST007082""]","[""30595370""]"
pigmentation,KRT74,1,1,1,"[""36096714""]","[""GCST007082""]","[""30595370""]"
pigmentation,KRT86,2,2,2,"[""35792908"", ""93413119""]","[""GCST006988"", ""GCST90041836""]","[""30531825"", ""34737426""]"
pigmentation,KRT87P,2,2,2,"[""35792908"", ""93413119""]","[""GCST006988"", ""GCST90041836""]","[""30531825"", ""34737426""]"
pigmentation,L2HGDH,1,1,1,"[""36096910""]","[""GCST007082""]","[""30595370""]"
pigmentation,L3MBTL3,1,1,1,"[""36096116""]","[""GCST007082""]","[""30595370""]"
pigmentation,LARRPM,1,1,1,"[""41451686""]","[""GCST007743""]","[""30895295""]"
pigmentation,LBP,1,1,1,"[""36097471""]","[""GCST007082""]","[""30595370""]"
pigmentation,LDHAP3,1,1,1,"[""41451136""]","[""GCST007740""]","[""30895295""]"
pigmentation,LEF1,4,3,3,"[""35792236"", ""35792412"", ""36095851"", ""93413022""]","[""GCST006988"", ""GCST007082"", ""GCST90041836""]","[""30531825"", ""30595370"", ""34737426""]"
pigmentation,LEF1-AS1,1,1,1,"[""36095856""]","[""GCST007082""]","[""30595370""]"
pigmentation,LGR4,2,2,2,"[""35792791"", ""36096508""]","[""GCST006988"", ""GCST007082""]","[""30531825"", ""30595370""]"
pigmentation,LHX2,8,3,3,"[""30548201"", ""35792272"", ""35792356"", ""35792719"", ""35792819"", ""35792860"", ""36096408"", ""36096412""]","[""GCST006075"", ""GCST006988"", ""GCST007082""]","[""29662168"", ""30531825"", ""30595370""]"
pigmentation,LIN28AP1,1,1,1,"[""222644260""]","[""GCST90939791""]","[""38728357""]"
pigmentation,LINC-PINT,4,4,3,"[""35792420"", ""35793232"", ""36096241"", ""61986461""]","[""GCST006988"", ""GCST006989"", ""GCST007082"", ""GCST010302""]","[""30531825"", ""30595370"", ""32341527""]"
pigmentation,LINC00158,2,2,2,"[""35792396"", ""36097506""]","[""GCST006988"", ""GCST007082""]","[""30531825"", ""30595370""]"
pigmentation,LINC00173,1,1,1,"[""35792577""]","[""GCST006988""]","[""30531825""]"
pigmentation,LINC00184,1,1,1,"[""41451633""]","[""GCST007743""]","[""30895295""]"
pigmentation,LINC00240,1,1,1,"[""41451686""]","[""GCST007743""]","[""30895295""]"
pigmentation,LINC00297,1,1,1,"[""36096853""]","[""GCST007082""]","[""30595370""]"
pigmentation,LINC00299,1,1,1,"[""104179469""]","[""GCST90255685""]","[""36672889""]"
pigmentation,LINC00322,1,1,1,"[""35792831""]","[""GCST006988""]","[""30531825""]"
pigmentation,LINC00385,2,1,1,"[""104179620"", ""104179637""]","[""GCST90255686""]","[""36672889""]"
pigmentation,LINC00485,1,1,1,"[""41452341""]","[""GCST007739""]","[""30895295""]"
pigmentation,LINC00486,1,1,1,"[""93019000""]","[""GCST90020056""]","[""34648798""]"
pigmentation,LINC00489,1,1,1,"[""36097466""]","[""GCST007082""]","[""30595370""]"
pigmentation,LINC00499,1,1,1,"[""36095870""]","[""GCST007082""]","[""30595370""]"
pigmentation,LINC00524,1,1,1,"[""36096990""]","[""GCST007082""]","[""30595370""]"
pigmentation,LINC00574,1,1,1,"[""41452377""]","[""GCST007739""]","[""30895295""]"
pigmentation,LINC00656,2,2,1,"[""41451546"", ""41451813""]","[""GCST007741"", ""GCST007743""]","[""30895295""]"
pigmentation,LINC00670,1,1,1,"[""41452058""]","[""GCST007742""]","[""30895295""]"
pigmentation,LINC00709,1,1,1,"[""41452457""]","[""GCST007739""]","[""30895295""]"
pigmentation,LINC00877,1,1,1,"[""36095722""]","[""GCST007082""]","[""30595370""]"
pigmentation,LINC00907,1,1,1,"[""41451536""]","[""GCST007741""]","[""30895295""]"
pigmentation,LINC01016,1,1,1,"[""41452473""]","[""GCST007739""]","[""30895295""]"
pigmentation,LINC01117,2,2,2,"[""35792440"", ""36095609""]","[""GCST006988"", ""GCST007082""]","[""30531825"", ""30595370""]"
pigmentation,LINC01132,1,1,1,"[""41451633""]","[""GCST007743""]","[""30895295""]"
pigmentation,LINC01182,1,1,1,"[""41451944""]","[""GCST007742""]","[""30895295""]"
pigmentation,LINC01229,1,1,1,"[""36097152""]","[""GCST007082""]","[""30595370""]"
pigmentation,LINC01248,1,1,1,"[""41451347""]","[""GCST007741""]","[""30895295""]"
pigmentation,LINC01250,1,1,1,"[""24956373""]","[""GCST005095""]","[""29109912""]"
pigmentation,LINC01360,1,1,1,"[""36099104""]","[""GCST007086""]","[""30595370""]"
pigmentation,LINC01370,1,1,1,"[""36097481""]","[""GCST007082""]","[""30595370""]"
pigmentation,LINC01381,2,2,2,"[""36095539"", ""62419503""]","[""GCST006986"", ""GCST007082""]","[""30531825"", ""30595370""]"
pigmentation,LINC01395,1,1,1,"[""36096682""]","[""GCST007082""]","[""30595370""]"
pigmentation,LINC01411,3,3,2,"[""35792508"", ""36095993"", ""62419520""]","[""GCST006986"", ""GCST006988"", ""GCST007082""]","[""30531825"", ""30595370""]"
pigmentation,LINC01427,1,1,1,"[""36097383""]","[""GCST007082""]","[""30595370""]"
pigmentation,LINC01432,1,1,1,"[""36097383""]","[""GCST007082""]","[""30595370""]"
pigmentation,LINC01435,1,1,1,"[""24956388""]","[""GCST005095""]","[""29109912""]"
pigmentation,LINC01449,2,2,2,"[""36096194"", ""41451181""]","[""GCST007082"", ""GCST007740""]","[""30595370"", ""30895295""]"
pigmentation,LINC01488,2,2,1,"[""35792460"", ""62419511""]","[""GCST006986"", ""GCST006988""]","[""30531825""]"
pigmentation,LINC01491,26,6,4,"[""223072150"", ""223072155"", ""223072165"", ""223072170"", ""223072180"", ""223072200"", ""223072215"", ""223072230"", ""223072311"", ""223072316"", ""223072324"", ""223072332"", ""223072344"", ""223072360"", ""223072368"", ""223072394"", ""223072502"", ""223072506"", ""223072514"", ""223072523"", ""223072560"", ""223072655"", ""223072659"", ""41452493"", ""61986583"", ""77845307""]","[""GCST007739"", ""GCST010302"", ""GCST011355"", ""GCST90854270"", ""GCST90854271"", ""GCST90854272""]","[""30895295"", ""32341527"", ""33600456"", ""42586059""]"
pigmentation,LINC01505,3,3,3,"[""35792654"", ""36096388"", ""61986493""]","[""GCST006988"", ""GCST007082"", ""GCST010302""]","[""30531825"", ""30595370"", ""32341527""]"
pigmentation,LINC01517,1,1,1,"[""36096431""]","[""GCST007082""]","[""30595370""]"
pigmentation,LINC01559,1,1,1,"[""97365735""]","[""GCST90104591""]","[""35313536""]"
pigmentation,LINC01579,1,1,1,"[""36097123""]","[""GCST007082""]","[""30595370""]"
pigmentation,LINC01622,10,4,2,"[""36096027"", ""36096032"", ""36096037"", ""36096042"", ""36099218"", ""36099223"", ""93413069"", ""93413075"", ""93414308"", ""93414314""]","[""GCST007082"", ""GCST007086"", ""GCST90041836"", ""GCST90041840""]","[""30595370"", ""34737426""]"
pigmentation,LINC01644,1,1,1,"[""16544486""]","[""GCST003478""]","[""26926045""]"
pigmentation,LINC01654,1,1,1,"[""41452369""]","[""GCST007739""]","[""30895295""]"
pigmentation,LINC01679,6,4,3,"[""35792637"", ""35792831"", ""36097515"", ""62419507"", ""95284509"", ""95284557""]","[""GCST006986"", ""GCST006988"", ""GCST007082"", ""GCST012219""]","[""30531825"", ""30595370"", ""33692100""]"
pigmentation,LINC01682,1,1,1,"[""104178391""]","[""GCST90255681""]","[""36672889""]"
pigmentation,LINC01701,1,1,1,"[""41451125""]","[""GCST007740""]","[""30895295""]"
pigmentation,LINC01714,3,2,1,"[""35793068"", ""35793072"", ""35793260""]","[""GCST006988"", ""GCST006989""]","[""30531825""]"
pigmentation,LINC01745,1,1,1,"[""41451342""]","[""GCST007741""]","[""30895295""]"
pigmentation,LINC01755,1,1,1,"[""41452465""]","[""GCST007739""]","[""30895295""]"
pigmentation,LINC01778,1,1,1,"[""41451114""]","[""GCST007740""]","[""30895295""]"
pigmentation,LINC01790,1,1,1,"[""41451926""]","[""GCST007742""]","[""30895295""]"
pigmentation,LINC01804,1,1,1,"[""41452361""]","[""GCST007739""]","[""30895295""]"
pigmentation,LINC01865,1,1,1,"[""41452563""]","[""GCST007739""]","[""30895295""]"
pigmentation,LINC01871,1,1,1,"[""104179469""]","[""GCST90255685""]","[""36672889""]"
pigmentation,LINC01877,4,4,2,"[""223072423"", ""223072568"", ""62410552"", ""62410595""]","[""GCST90002283"", ""GCST90002284"", ""GCST90854271"", ""GCST90854272""]","[""32835660"", ""42586059""]"
pigmentation,LINC01913,1,1,1,"[""36095562""]","[""GCST007082""]","[""30595370""]"
pigmentation,LINC01914,1,1,1,"[""36095562""]","[""GCST007082""]","[""30595370""]"
pigmentation,LINC01928,1,1,1,"[""27275248""]","[""GCST005189""]","[""29195075""]"
pigmentation,LINC01937,2,2,2,"[""35792629"", ""36095675""]","[""GCST006988"", ""GCST007082""]","[""30531825"", ""30595370""]"
pigmentation,LINC01940,2,2,2,"[""35792662"", ""36095679""]","[""GCST006988"", ""GCST007082""]","[""30531825"", ""30595370""]"
pigmentation,LINC01953,3,3,3,"[""36095623"", ""61986563"", ""97365759""]","[""GCST007082"", ""GCST010302"", ""GCST90104591""]","[""30595370"", ""32341527"", ""35313536""]"
pigmentation,LINC01956,2,2,2,"[""35792448"", ""36095592""]","[""GCST006988"", ""GCST007082""]","[""30531825"", ""30595370""]"
pigmentation,LINC01983,1,1,1,"[""95175335""]","[""GCST90095477""]","[""34737440""]"
pigmentation,LINC01992,1,1,1,"[""36099474""]","[""GCST007086""]","[""30595370""]"
pigmentation,LINC02005,1,1,1,"[""36095726""]","[""GCST007082""]","[""30595370""]"
pigmentation,LINC02039,2,2,1,"[""223072413"", ""223072607""]","[""GCST90854271"", ""GCST90854272""]","[""42586059""]"
pigmentation,LINC02089,1,1,1,"[""104178622""]","[""GCST90255681""]","[""36672889""]"
pigmentation,LINC02093,1,1,1,"[""41451526""]","[""GCST007741""]","[""30895295""]"
pigmentation,LINC02101,2,2,2,"[""35792492"", ""36095948""]","[""GCST006988"", ""GCST007082""]","[""30531825"", ""30595370""]"
pigmentation,LINC02105,5,3,2,"[""35792316"", ""35792324"", ""35792702"", ""35793223"", ""36095919""]","[""GCST006988"", ""GCST006989"", ""GCST007082""]","[""30531825"", ""30595370""]"
pigmentation,LINC02112,1,1,1,"[""24956165""]","[""GCST005094""]","[""29109912""]"
pigmentation,LINC02120,3,3,2,"[""104178628"", ""223072377"", ""223072543""]","[""GCST90255681"", ""GCST90854271"", ""GCST90854272""]","[""36672889"", ""42586059""]"
pigmentation,LINC02138,2,2,2,"[""30828014"", ""95175391""]","[""GCST005897"", ""GCST90095478""]","[""29739929"", ""34737440""]"
pigmentation,LINC02150,1,1,1,"[""41451396""]","[""GCST007741""]","[""30895295""]"
pigmentation,LINC02160,1,1,1,"[""104178628""]","[""GCST90255681""]","[""36672889""]"
pigmentation,LINC02166,1,1,1,"[""93413656""]","[""GCST90041837""]","[""34737426""]"
pigmentation,LINC02182,5,4,3,"[""36097167"", ""36097172"", ""41451267"", ""93413303"", ""93414116""]","[""GCST007082"", ""GCST007740"", ""GCST90041837"", ""GCST90041839""]","[""30595370"", ""30895295"", ""34737426""]"
pigmentation,LINC02210,1,1,1,"[""95284545""]","[""GCST012219""]","[""33692100""]"
pigmentation,LINC02214,1,1,1,"[""36095978""]","[""GCST007082""]","[""30595370""]"
pigmentation,LINC02220,1,1,1,"[""97365692""]","[""GCST90104590""]","[""35313536""]"
pigmentation,LINC02225,5,4,2,"[""223072205"", ""223072328"", ""223072498"", ""36095944"", ""36095948""]","[""GCST007082"", ""GCST90854270"", ""GCST90854271"", ""GCST90854272""]","[""30595370"", ""42586059""]"
pigmentation,LINC02232,4,4,1,"[""118857889"", ""118857915"", ""118857941"", ""118857967""]","[""GCST90269962"", ""GCST90269963"", ""GCST90269964"", ""GCST90269965""]","[""37294081""]"
pigmentation,LINC02235,2,2,2,"[""35793306"", ""36096289""]","[""GCST006989"", ""GCST007082""]","[""30531825"", ""30595370""]"
pigmentation,LINC02236,1,1,1,"[""34043""]","[""GCST001929""]","[""23548203""]"
pigmentation,LINC02258,1,1,1,"[""36096774""]","[""GCST007082""]","[""30595370""]"
pigmentation,LINC02269,1,1,1,"[""104178362""]","[""GCST90255681""]","[""36672889""]"
pigmentation,LINC02306,1,1,1,"[""222644346""]","[""GCST90939791""]","[""38728357""]"
pigmentation,LINC02322,1,1,1,"[""30548239""]","[""GCST006075""]","[""29662168""]"
pigmentation,LINC02335,1,1,1,"[""104178610""]","[""GCST90255681""]","[""36672889""]"
pigmentation,LINC02426,1,1,1,"[""97365656""]","[""GCST90104590""]","[""35313536""]"
pigmentation,LINC02457,1,1,1,"[""35792577""]","[""GCST006988""]","[""30531825""]"
pigmentation,LINC02458,17,13,9,"[""14882492"", ""14882735"", ""14882872"", ""30548224"", ""30827984"", ""34058"", ""35792264"", ""35792924"", ""35793328"", ""36096794"", ""36096799"", ""36096804"", ""36096809"", ""5942"", ""93018960"", ""93018988"", ""95175266""]","[""GCST000118"", ""GCST001932"", ""GCST003021"", ""GCST003022"", ""GCST003023"", ""GCST005897"", ""GCST006075"", ""GCST006988"", ""GCST006989"", ""GCST007082"", ""GCST90020054"", ""GCST90020056"", ""GCST90095476""]","[""17952075"", ""23548203"", ""26184321"", ""29662168"", ""29739929"", ""30531825"", ""30595370"", ""34648798"", ""34737440""]"
pigmentation,LINC02538,1,1,1,"[""104178517""]","[""GCST90255681""]","[""36672889""]"
pigmentation,LINC02563,1,1,1,"[""35792352""]","[""GCST006988""]","[""30531825""]"
pigmentation,LINC02608,1,1,1,"[""36095499""]","[""GCST007082""]","[""30595370""]"
pigmentation,LINC02625,1,1,1,"[""41452025""]","[""GCST007742""]","[""30895295""]"
pigmentation,LINC02645,1,1,1,"[""41451465""]","[""GCST007741""]","[""30895295""]"
pigmentation,LINC02661,1,1,1,"[""24956388""]","[""GCST005095""]","[""29109912""]"
pigmentation,LINC02674,10,8,6,"[""103607506"", ""30827823"", ""31658758"", ""31658769"", ""31658775"", ""36099300"", ""37790074"", ""37790423"", ""62410541"", ""62410585""]","[""GCST005897"", ""GCST006091"", ""GCST007086"", ""GCST007451"", ""GCST007452"", ""GCST90002283"", ""GCST90002284"", ""GCST90246327""]","[""29739929"", ""29895819"", ""30595370"", ""30664655"", ""32835660"", ""36536295""]"
pigmentation,LINC02682,1,1,1,"[""36096478""]","[""GCST007082""]","[""30595370""]"
pigmentation,LINC02728,2,2,2,"[""30548216"", ""36096608""]","[""GCST006075"", ""GCST007082""]","[""29662168"", ""30595370""]"
pigmentation,LINC02747,1,1,1,"[""36096599""]","[""GCST007082""]","[""30595370""]"
pigmentation,LINC02751,4,3,3,"[""35792360"", ""36096473"", ""36096478"", ""95284537""]","[""GCST006988"", ""GCST007082"", ""GCST012219""]","[""30531825"", ""30595370"", ""33692100""]"
pigmentation,LINC02752,1,1,1,"[""93453783""]","[""GCST90026491""]","[""34265127""]"
pigmentation,LINC02756,2,2,2,"[""36096672"", ""61986573""]","[""GCST007082"", ""GCST010302""]","[""30595370"", ""32341527""]"
pigmentation,LINC02763,1,1,1,"[""222644327""]","[""GCST90939791""]","[""38728357""]"
pigmentation,LINC02817,1,1,1,"[""41451131""]","[""GCST007740""]","[""30895295""]"
pigmentation,LINC02820,1,1,1,"[""36096749""]","[""GCST007082""]","[""30595370""]"
pigmentation,LINC02822,1,1,1,"[""36096824""]","[""GCST007082""]","[""30595370""]"
pigmentation,LINC02853,1,1,1,"[""41452353""]","[""GCST007739""]","[""30895295""]"
pigmentation,LINC02889,1,1,1,"[""36096169""]","[""GCST007082""]","[""30595370""]"
pigmentation,LINC02898,1,1,1,"[""35792336""]","[""GCST006988""]","[""30531825""]"
pigmentation,LINC02917,2,2,2,"[""35792564"", ""36095768""]","[""GCST006988"", ""GCST007082""]","[""30531825"", ""30595370""]"
pigmentation,LINC02932,3,2,2,"[""35792556"", ""36096214"", ""36096219""]","[""GCST006988"", ""GCST007082""]","[""30531825"", ""30595370""]"
pigmentation,LINC02941,1,1,1,"[""35792568""]","[""GCST006988""]","[""30531825""]"
pigmentation,LINC02999,1,1,1,"[""36095983""]","[""GCST007082""]","[""30595370""]"
pigmentation,LINC03002,1,1,1,"[""36096130""]","[""GCST007082""]","[""30595370""]"
pigmentation,LINC03005,1,1,1,"[""36096066""]","[""GCST007082""]","[""30595370""]"
pigmentation,LINC03048,1,1,1,"[""36097315""]","[""GCST007082""]","[""30595370""]"
pigmentation,LINC03062,1,1,1,"[""36096374""]","[""GCST007082""]","[""30595370""]"
pigmentation,LINC03066,3,3,2,"[""30827914"", ""36096007"", ""36099199""]","[""GCST005897"", ""GCST007082"", ""GCST007086""]","[""29739929"", ""30595370""]"
pigmentation,LINC03101,1,1,1,"[""36097344""]","[""GCST007082""]","[""30595370""]"
pigmentation,LINC03109,1,1,1,"[""61986619""]","[""GCST010302""]","[""32341527""]"
pigmentation,LINC03122,1,1,1,"[""41451402""]","[""GCST007741""]","[""30895295""]"
pigmentation,LINC03138,1,1,1,"[""41451818""]","[""GCST007743""]","[""30895295""]"
pigmentation,LIPA,1,1,1,"[""97365723""]","[""GCST90104591""]","[""35313536""]"
pigmentation,LMO7,1,1,1,"[""61986588""]","[""GCST010302""]","[""32341527""]"
pigmentation,LNCBRM,4,4,2,"[""223072205"", ""223072328"", ""223072498"", ""36095944""]","[""GCST007082"", ""GCST90854270"", ""GCST90854271"", ""GCST90854272""]","[""30595370"", ""42586059""]"
pigmentation,LNCTSI,1,1,1,"[""24956218""]","[""GCST005094""]","[""29109912""]"
pigmentation,LNX1,1,1,1,"[""36095798""]","[""GCST007082""]","[""30595370""]"
pigmentation,LORICRIN,1,1,1,"[""36095465""]","[""GCST007082""]","[""30595370""]"
pigmentation,LPGAT1,1,1,1,"[""104178574""]","[""GCST90255681""]","[""36672889""]"
pigmentation,LRP1,1,1,1,"[""36096724""]","[""GCST007082""]","[""30595370""]"
pigmentation,LRP2,1,1,1,"[""41451884""]","[""GCST007742""]","[""30895295""]"
pigmentation,LRP5,1,1,1,"[""36096575""]","[""GCST007082""]","[""30595370""]"
pigmentation,LRRC4C,1,1,1,"[""41451737""]","[""GCST007743""]","[""30895295""]"
pigmentation,LRRC78P,1,1,1,"[""36095753""]","[""GCST007082""]","[""30595370""]"
pigmentation,LRRN2,1,1,1,"[""61986603""]","[""GCST010302""]","[""32341527""]"
pigmentation,LSP1P5,1,1,1,"[""41451639""]","[""GCST007743""]","[""30895295""]"
pigmentation,LURAP1L-AS1,22,17,12,"[""104178900"", ""104178906"", ""104178912"", ""104179242"", ""104179345"", ""104180073"", ""104180596"", ""21544"", ""30548191"", ""30827815"", ""34067"", ""35792268"", ""36096332"", ""36099281"", ""37790194"", ""37790237"", ""37790303"", ""41334187"", ""41334217"", ""6174"", ""61986447"", ""95284477""]","[""GCST000192"", ""GCST001507"", ""GCST001929"", ""GCST005897"", ""GCST006075"", ""GCST006988"", ""GCST007082"", ""GCST007086"", ""GCST007453"", ""GCST007455"", ""GCST007457"", ""GCST007489"", ""GCST010302"", ""GCST012219"", ""GCST90255684"", ""GCST90255688"", ""GCST90255689""]","[""18488028"", ""22556244"", ""23548203"", ""29662168"", ""29739929"", ""30166351"", ""30531825"", ""30595370"", ""30664655"", ""32341527"", ""33692100"", ""36672889""]"
pigmentation,LYPD6B,1,1,1,"[""41451921""]","[""GCST007742""]","[""30895295""]"
pigmentation,LYST,1,1,1,"[""36095519""]","[""GCST007082""]","[""30595370""]"
pigmentation,LYZL1,3,3,2,"[""36096431"", ""41451222"", ""41451470""]","[""GCST007082"", ""GCST007740"", ""GCST007741""]","[""30595370"", ""30895295""]"
pigmentation,MAFB,1,1,1,"[""36097481""]","[""GCST007082""]","[""30595370""]"
pigmentation,MAN1A1,1,1,1,"[""24956293""]","[""GCST005093""]","[""29109912""]"
pigmentation,MANBAL,1,1,1,"[""30828174""]","[""GCST005897""]","[""29739929""]"
pigmentation,MAP2K1P1,1,1,1,"[""36096270""]","[""GCST007082""]","[""30595370""]"
pigmentation,MAP2K4,1,1,1,"[""41452058""]","[""GCST007742""]","[""30895295""]"
pigmentation,MAP2K6,1,1,1,"[""95284501""]","[""GCST012219""]","[""33692100""]"
pigmentation,MAP3K1,4,4,3,"[""35792424"", ""35793227"", ""36095939"", ""61986502""]","[""GCST006988"", ""GCST006989"", ""GCST007082"", ""GCST010302""]","[""30531825"", ""30595370"", ""32341527""]"
pigmentation,MAPRE1,1,1,1,"[""36097398""]","[""GCST007082""]","[""30595370""]"
pigmentation,MARCO,1,1,1,"[""103607470""]","[""GCST90246327""]","[""36536295""]"
pigmentation,MARK3,3,3,3,"[""35792504"", ""36096995"", ""61986526""]","[""GCST006988"", ""GCST007082"", ""GCST010302""]","[""30531825"", ""30595370"", ""32341527""]"
pigmentation,MBTPS1,1,1,1,"[""41451262""]","[""GCST007740""]","[""30895295""]"
pigmentation,MC1R,69,28,12,"[""103607399"", ""103607427"", ""103607437"", ""103607448"", ""103607453"", ""104178433"", ""104178444"", ""104178449"", ""104179458"", ""104179692"", ""104179697"", ""104180005"", ""104180010"", ""104180015"", ""104180531"", ""104180536"", ""104180541"", ""104180931"", ""104180936"", ""11755"", ""11759"", ""11763"", ""11788"", ""30548252"", ""34056"", ""34061"", ""34066"", ""35792852"", ""35792888"", ""35792937"", ""35792941"", ""35792949"", ""35792953"", ""35792961"", ""35792965"", ""35793373"", ""35793377"", ""35793381"", ""35793385"", ""35793389"", ""36099459"", ""37790110"", ""41334269"", ""41334511"", ""41334526"", ""41334556"", ""41334597"", ""62410546"", ""62410590"", ""62419475"", ""62419560"", ""62419577"", ""62419586"", ""62419590"", ""62419599"", ""62419603"", ""62419607"", ""62419611"", ""62419624"", ""62419633"", ""62419638"", ""93413722"", ""93413728"", ""93413733"", ""93413738"", ""93413743"", ""93414230"", ""95175319"", ""95175420""]","[""GCST000115"", ""GCST000116"", ""GCST000118"", ""GCST000119"", ""GCST001932"", ""GCST001933"", ""GCST001939"", ""GCST006075"", ""GCST006986"", ""GCST006988"", ""GCST006989"", ""GCST007086"", ""GCST007452"", ""GCST007486"", ""GCST007488"", ""GCST90002283"", ""GCST90002284"", ""GCST90041837"", ""GCST90041839"", ""GCST90095476"", ""GCST90095478"", ""GCST90246327"", ""GCST90255681"", ""GCST90255685"", ""GCST90255687"", ""GCST90255688"", ""GCST90255689"", ""GCST90255690""]","[""17952075"", ""23548203"", ""29662168"", ""30166351"", ""30531825"", ""30595370"", ""30664655"", ""32835660"", ""34737426"", ""34737440"", ""36536295"", ""36672889""]"
pigmentation,MC4R,1,1,1,"[""104178545""]","[""GCST90255681""]","[""36672889""]"
pigmentation,MDFIC,2,1,1,"[""41451895"", ""41451989""]","[""GCST007742""]","[""30895295""]"
pigmentation,MDGA2,1,1,1,"[""41451761""]","[""GCST007743""]","[""30895295""]"
pigmentation,MED12L,1,1,1,"[""36095763""]","[""GCST007082""]","[""30595370""]"
pigmentation,MED13L,2,2,2,"[""35792707"", ""61986520""]","[""GCST006988"", ""GCST010302""]","[""30531825"", ""32341527""]"
pigmentation,MEIOSIN,1,1,1,"[""222644381""]","[""GCST90939791""]","[""38728357""]"
pigmentation,MFSD12,7,6,4,"[""223072245"", ""37790114"", ""47687437"", ""47688409"", ""47688613"", ""62410565"", ""62410607""]","[""GCST007452"", ""GCST008516"", ""GCST008519"", ""GCST90002283"", ""GCST90002284"", ""GCST90854270""]","[""30664655"", ""31315583"", ""32835660"", ""42586059""]"
pigmentation,MFSD12-AS1,4,4,3,"[""223072245"", ""37790114"", ""62410565"", ""62410607""]","[""GCST007452"", ""GCST90002283"", ""GCST90002284"", ""GCST90854270""]","[""30664655"", ""32835660"", ""42586059""]"
pigmentation,MFSD4B,1,1,1,"[""36096107""]","[""GCST007082""]","[""30595370""]"
pigmentation,MGAT4C,3,1,1,"[""36096754"", ""36096759"", ""36096764""]","[""GCST007082""]","[""30595370""]"
pigmentation,MGMT,2,2,1,"[""41451232"", ""41451474""]","[""GCST007740"", ""GCST007741""]","[""30895295""]"
pigmentation,MIATNB,1,1,1,"[""41451551""]","[""GCST007741""]","[""30895295""]"
pigmentation,MIB2,2,2,1,"[""41451108"", ""41451337""]","[""GCST007740"", ""GCST007741""]","[""30895295""]"
pigmentation,MIR1202,1,1,1,"[""36099252""]","[""GCST007086""]","[""30595370""]"
pigmentation,MIR1302-7,1,1,1,"[""15613""]","[""GCST000707""]","[""20585627""]"
pigmentation,MIR155HG,2,2,2,"[""35792396"", ""36097506""]","[""GCST006988"", ""GCST007082""]","[""30531825"", ""30595370""]"
pigmentation,MIR17HG,2,2,1,"[""41451489"", ""41451756""]","[""GCST007741"", ""GCST007743""]","[""30895295""]"
pigmentation,MIR2113,1,1,1,"[""36099247""]","[""GCST007086""]","[""30595370""]"
pigmentation,MIR3142HG,1,1,1,"[""41452402""]","[""GCST007739""]","[""30895295""]"
pigmentation,MIR3144,1,1,1,"[""24956293""]","[""GCST005093""]","[""29109912""]"
pigmentation,MIR3147HG,1,1,1,"[""41451191""]","[""GCST007740""]","[""30895295""]"
pigmentation,MIR3148,1,1,1,"[""36096270""]","[""GCST007082""]","[""30595370""]"
pigmentation,MIR3166,1,1,1,"[""36096618""]","[""GCST007082""]","[""30595370""]"
pigmentation,MIR3171HG,1,1,1,"[""41452381""]","[""GCST007739""]","[""30895295""]"
pigmentation,MIR4268,11,4,3,"[""30548169"", ""35792276"", ""35792288"", ""35793048"", ""35793052"", ""35793265"", ""35793269"", ""36095632"", ""36095636"", ""36095641"", ""36095646""]","[""GCST006075"", ""GCST006988"", ""GCST006989"", ""GCST007082""]","[""29662168"", ""30531825"", ""30595370""]"
pigmentation,MIR4307HG,1,1,1,"[""222644351""]","[""GCST90939791""]","[""38728357""]"
pigmentation,MIR4708,1,1,1,"[""27275278""]","[""GCST005189""]","[""29195075""]"
pigmentation,MIR548AE1,2,2,1,"[""41451146"", ""41451362""]","[""GCST007740"", ""GCST007741""]","[""30895295""]"
pigmentation,MIR5702,1,1,1,"[""41451645""]","[""GCST007743""]","[""30895295""]"
pigmentation,MIR663AHG,2,2,2,"[""36099479"", ""61986627""]","[""GCST007086"", ""GCST010302""]","[""30595370"", ""32341527""]"
pigmentation,MIR9-2HG,1,1,1,"[""36099189""]","[""GCST007086""]","[""30595370""]"
pigmentation,MIR99AHG,1,1,1,"[""41452078""]","[""GCST007742""]","[""30895295""]"
pigmentation,MITF,2,2,2,"[""35792621"", ""36095713""]","[""GCST006988"", ""GCST007082""]","[""30531825"", ""30595370""]"
pigmentation,MLANA,2,2,2,"[""36096322"", ""93413086""]","[""GCST007082"", ""GCST90041836""]","[""30595370"", ""34737426""]"
pigmentation,MLLT3,1,1,1,"[""95937922""]","[""GCST90100219""]","[""34570997""]"
pigmentation,MLN,1,1,1,"[""41452473""]","[""GCST007739""]","[""30895295""]"
pigmentation,MMP15,1,1,1,"[""222644369""]","[""GCST90939791""]","[""38728357""]"
pigmentation,MMP24,1,1,1,"[""30828120""]","[""GCST005897""]","[""29739929""]"
pigmentation,MMP24OS,1,1,1,"[""30828120""]","[""GCST005897""]","[""29739929""]"
pigmentation,MMS22L,1,1,1,"[""36099247""]","[""GCST007086""]","[""30595370""]"
pigmentation,MOB3B,1,1,1,"[""36096355""]","[""GCST007082""]","[""30595370""]"
pigmentation,MPHOSPH10P7,1,1,1,"[""104179286""]","[""GCST90255684""]","[""36672889""]"
pigmentation,MPST,1,1,1,"[""37790219""]","[""GCST007457""]","[""30664655""]"
pigmentation,MRAS,2,2,2,"[""35792552"", ""36095744""]","[""GCST006988"", ""GCST007082""]","[""30531825"", ""30595370""]"
pigmentation,MRGPRD,1,1,1,"[""36096585""]","[""GCST007082""]","[""30595370""]"
pigmentation,MRGPRF-AS1,1,1,1,"[""93413097""]","[""GCST90041836""]","[""34737426""]"
pigmentation,MROH2A,1,1,1,"[""16544363""]","[""GCST003478""]","[""26926045""]"
pigmentation,MROH8,1,1,1,"[""30828169""]","[""GCST005897""]","[""29739929""]"
pigmentation,MRPL45P1,2,2,2,"[""35793040"", ""36095582""]","[""GCST006988"", ""GCST007082""]","[""30531825"", ""30595370""]"
pigmentation,MRPS11P1,1,1,1,"[""104178676""]","[""GCST90255682""]","[""36672889""]"
pigmentation,MRPS5P4,1,1,1,"[""104178545""]","[""GCST90255681""]","[""36672889""]"
pigmentation,MSH5,1,1,1,"[""35792763""]","[""GCST006988""]","[""30531825""]"
pigmentation,MSH5-SAPCD1,1,1,1,"[""35792763""]","[""GCST006988""]","[""30531825""]"
pigmentation,MSI2,3,3,3,"[""31658779"", ""35792674"", ""36097296""]","[""GCST006091"", ""GCST006988"", ""GCST007082""]","[""29895819"", ""30531825"", ""30595370""]"
pigmentation,MSL1,1,1,1,"[""36097256""]","[""GCST007082""]","[""30595370""]"
pigmentation,MSL3B,1,1,1,"[""97365765""]","[""GCST90104591""]","[""35313536""]"
pigmentation,MSX2,2,2,2,"[""35792771"", ""36095997""]","[""GCST006988"", ""GCST007082""]","[""30531825"", ""30595370""]"
pigmentation,MTATP6P21,2,2,1,"[""41451196"", ""41451436""]","[""GCST007740"", ""GCST007741""]","[""30895295""]"
pigmentation,MTCL2,1,1,1,"[""30828159""]","[""GCST005897""]","[""29739929""]"
pigmentation,MTCO1P57,3,3,2,"[""24956298"", ""41451441"", ""41451976""]","[""GCST005093"", ""GCST007741"", ""GCST007742""]","[""29109912"", ""30895295""]"
pigmentation,MTCO3P41,3,3,2,"[""24956298"", ""41451441"", ""41451976""]","[""GCST005093"", ""GCST007741"", ""GCST007742""]","[""29109912"", ""30895295""]"
pigmentation,MTCYBP33,1,1,1,"[""36097133""]","[""GCST007082""]","[""30595370""]"
pigmentation,MTCYBP41,1,1,1,"[""36096613""]","[""GCST007082""]","[""30595370""]"
pigmentation,MTERF1,2,2,2,"[""35792556"", ""36096219""]","[""GCST006988"", ""GCST007082""]","[""30531825"", ""30595370""]"
pigmentation,MUC16,1,1,1,"[""24956399""]","[""GCST005095""]","[""29109912""]"
pigmentation,MVD,1,1,1,"[""16544643""]","[""GCST003479""]","[""26926045""]"
pigmentation,MYADML2,2,2,2,"[""35792428"", ""36097329""]","[""GCST006988"", ""GCST007082""]","[""30531825"", ""30595370""]"
pigmentation,MYB,1,1,1,"[""36096135""]","[""GCST007082""]","[""30595370""]"
pigmentation,MYCBP2,1,1,1,"[""41452041""]","[""GCST007742""]","[""30895295""]"
pigmentation,MYEF2,2,2,2,"[""27275220"", ""36097084""]","[""GCST005188"", ""GCST007082""]","[""29195075"", ""30595370""]"
pigmentation,MYEOV,1,1,1,"[""36096594""]","[""GCST007082""]","[""30595370""]"
pigmentation,MYH7B,2,2,2,"[""30828112"", ""36097432""]","[""GCST005897"", ""GCST007082""]","[""29739929"", ""30595370""]"
pigmentation,MYL4,1,1,1,"[""36097269""]","[""GCST007082""]","[""30595370""]"
pigmentation,MYO1B-AS1,2,2,2,"[""35792516"", ""36095613""]","[""GCST006988"", ""GCST007082""]","[""30531825"", ""30595370""]"
pigmentation,MYOCD,1,1,1,"[""41451278""]","[""GCST007740""]","[""30895295""]"
pigmentation,MYT1L,1,1,1,"[""24956373""]","[""GCST005095""]","[""29109912""]"
pigmentation,Metazoa_SRP,4,3,3,"[""36095489"", ""36097349"", ""41451460"", ""61986568""]","[""GCST007082"", ""GCST007741"", ""GCST010302""]","[""30595370"", ""30895295"", ""32341527""]"
pigmentation,NAA60,1,1,1,"[""36099403""]","[""GCST007086""]","[""30595370""]"
pigmentation,NAP1L1P1,1,1,1,"[""97365729""]","[""GCST90104591""]","[""35313536""]"
pigmentation,NCAM1-AS2,1,1,1,"[""222644327""]","[""GCST90939791""]","[""38728357""]"
pigmentation,NCOA6,2,2,2,"[""104180270"", ""30828102""]","[""GCST005897"", ""GCST90255688""]","[""29739929"", ""36672889""]"
pigmentation,NDUFB9P2,1,1,1,"[""97365789""]","[""GCST90104591""]","[""35313536""]"
pigmentation,NDUFS4,1,1,1,"[""36095915""]","[""GCST007082""]","[""30595370""]"
pigmentation,NECTIN3,1,1,1,"[""41451932""]","[""GCST007742""]","[""30895295""]"
pigmentation,NEK6,7,3,3,"[""30548201"", ""35792272"", ""35792356"", ""35792719"", ""35792860"", ""36096408"", ""36096412""]","[""GCST006075"", ""GCST006988"", ""GCST007082""]","[""29662168"", ""30531825"", ""30595370""]"
pigmentation,NEO1,1,1,1,"[""36097099""]","[""GCST007082""]","[""30595370""]"
pigmentation,NFIA,2,2,2,"[""35792340"", ""36095447""]","[""GCST006988"", ""GCST007082""]","[""30531825"", ""30595370""]"
pigmentation,NGEF,1,1,1,"[""36095671""]","[""GCST007082""]","[""30595370""]"
pigmentation,NINL,1,1,1,"[""36097388""]","[""GCST007082""]","[""30595370""]"
pigmentation,NIPAL3,2,2,2,"[""36095432"", ""61986544""]","[""GCST007082"", ""GCST010302""]","[""30595370"", ""32341527""]"
pigmentation,NME9,1,1,1,"[""36095744""]","[""GCST007082""]","[""30595370""]"
pigmentation,NMRAL1,1,1,1,"[""36097128""]","[""GCST007082""]","[""30595370""]"
pigmentation,NOC2L,1,1,1,"[""41452522""]","[""GCST007739""]","[""30895295""]"
pigmentation,NOL4L,1,1,1,"[""30828066""]","[""GCST005897""]","[""29739929""]"
pigmentation,NORAD,1,1,1,"[""30828139""]","[""GCST005897""]","[""29739929""]"
pigmentation,NOS1AP,1,1,1,"[""41451623""]","[""GCST007743""]","[""30895295""]"
pigmentation,NOTCH2,1,1,1,"[""36099114""]","[""GCST007086""]","[""30595370""]"
pigmentation,NOTUM,1,1,1,"[""35792428""]","[""GCST006988""]","[""30531825""]"
pigmentation,NOVA1-DT,1,1,1,"[""222644351""]","[""GCST90939791""]","[""38728357""]"
pigmentation,NOX4,6,6,3,"[""104180170"", ""104180661"", ""104181048"", ""30827964"", ""36096652"", ""36099358""]","[""GCST005897"", ""GCST007082"", ""GCST007086"", ""GCST90255688"", ""GCST90255689"", ""GCST90255690""]","[""29739929"", ""30595370"", ""36672889""]"
pigmentation,NOX4P1,1,1,1,"[""36096543""]","[""GCST007082""]","[""30595370""]"
pigmentation,NPLOC4,8,7,6,"[""15336"", ""222644377"", ""35793402"", ""36097324"", ""41334466"", ""41334566"", ""62419516"", ""95284505""]","[""GCST000685"", ""GCST006986"", ""GCST006989"", ""GCST007082"", ""GCST007486"", ""GCST012219"", ""GCST90939791""]","[""20463881"", ""30166351"", ""30531825"", ""30595370"", ""33692100"", ""38728357""]"
pigmentation,NPM1P1,1,1,1,"[""41451799""]","[""GCST007743""]","[""30895295""]"
pigmentation,NPM1P31,1,1,1,"[""41451227""]","[""GCST007740""]","[""30895295""]"
pigmentation,NPM1P42,1,1,1,"[""36097099""]","[""GCST007082""]","[""30595370""]"
pigmentation,NPR3,2,2,1,"[""223072377"", ""223072543""]","[""GCST90854271"", ""GCST90854272""]","[""42586059""]"
pigmentation,NR2F2-AS1,1,1,1,"[""222644364""]","[""GCST90939791""]","[""38728357""]"
pigmentation,NR6A1,1,1,1,"[""36096422""]","[""GCST007082""]","[""30595370""]"
pigmentation,NRBF2,1,1,1,"[""36096441""]","[""GCST007082""]","[""30595370""]"
pigmentation,NRBP1,1,1,1,"[""36095548""]","[""GCST007082""]","[""30595370""]"
pigmentation,NRG1,1,1,1,"[""36096275""]","[""GCST007082""]","[""30595370""]"
pigmentation,NRG2,1,1,1,"[""36095988""]","[""GCST007082""]","[""30595370""]"
pigmentation,NSFP1,1,1,1,"[""36097264""]","[""GCST007082""]","[""30595370""]"
pigmentation,NSG1,1,1,1,"[""36095793""]","[""GCST007082""]","[""30595370""]"
pigmentation,NTM,1,1,1,"[""34044""]","[""GCST001933""]","[""23548203""]"
pigmentation,NUCKS1,1,1,1,"[""36095489""]","[""GCST007082""]","[""30595370""]"
pigmentation,NUDCD3,1,1,1,"[""41451421""]","[""GCST007741""]","[""30895295""]"
pigmentation,NUFIP1P1,1,1,1,"[""41451407""]","[""GCST007741""]","[""30895295""]"
pigmentation,NUP205,1,1,1,"[""104179333""]","[""GCST90255684""]","[""36672889""]"
pigmentation,NWD2,1,1,1,"[""41451675""]","[""GCST007743""]","[""30895295""]"
pigmentation,NYAP2,2,2,2,"[""36095666"", ""41451645""]","[""GCST007082"", ""GCST007743""]","[""30595370"", ""30895295""]"
pigmentation,OBI1-AS1,4,2,2,"[""36096882"", ""36096887"", ""36096892"", ""95175271""]","[""GCST007082"", ""GCST90095476""]","[""30595370"", ""34737440""]"
pigmentation,OCA2,189,49,21,"[""103607522"", ""104178664"", ""104178670"", ""104178699"", ""104178704"", ""104178710"", ""104178716"", ""104178722"", ""104178728"", ""104178859"", ""104178934"", ""104178969"", ""104178975"", ""104179001"", ""104179017"", ""104179035"", ""104179088"", ""104179099"", ""104179111"", ""104179123"", ""104179129"", ""104179141"", ""104179147"", ""104179165"", ""104179182"", ""104179188"", ""104179212"", ""104179248"", ""104179254"", ""104179259"", ""104179264"", ""104179269"", ""104179304"", ""104179310"", ""104179316"", ""104179322"", ""104179327"", ""104179339"", ""104179351"", ""104179356"", ""104179362"", ""104179368"", ""104179374"", ""104179386"", ""104179409"", ""104179414"", ""104179431"", ""104179545"", ""104179951"", ""104179984"", ""104180000"", ""104180026"", ""104180031"", ""104180094"", ""104180110"", ""104180147"", ""104180207"", ""104180217"", ""104180222"", ""104180227"", ""104180255"", ""104180260"", ""104180265"", ""104180287"", ""104180298"", ""104180309"", ""104180335"", ""104180363"", ""104180373"", ""104180511"", ""104180526"", ""104180551"", ""104180556"", ""104180616"", ""104180626"", ""104180651"", ""104180691"", ""104180696"", ""104180701"", ""104180706"", ""104180721"", ""104180726"", ""104180741"", ""104180746"", ""104180756"", ""104180771"", ""104180791"", ""104180926"", ""104180998"", ""104181008"", ""104181068"", ""104181094"", ""11641"", ""11644"", ""14882495"", ""14882738"", ""14882875"", ""14882997"", ""191173944"", ""191173956"", ""191173982"", ""191173994"", ""223072240"", ""223072356"", ""24956208"", ""24956303"", ""24956350"", ""30827856"", ""34050"", ""35792256"", ""35792775"", ""35792823"", ""35792872"", ""35792900"", ""35792916"", ""35792981"", ""35792985"", ""35792989"", ""35792993"", ""35793210"", ""35793338"", ""35793343"", ""35793347"", ""35793351"", ""36097025"", ""36097030"", ""36097035"", ""36097040"", ""36097045"", ""36099378"", ""36099383"", ""37790090"", ""37790094"", ""37790118"", ""37790198"", ""37790202"", ""37790241"", ""37790257"", ""37790261"", ""37790311"", ""37790331"", ""37790335"", ""37790340"", ""37790435"", ""37790439"", ""41334167"", ""41334182"", ""41334207"", ""41334437"", ""47687412"", ""47687442"", ""47688566"", ""77845302"", ""93018944"", ""93018976"", ""93413155"", ""93413161"", ""93413167"", ""93413173"", ""93413179"", ""93413184"", ""93413189"", ""93413195"", ""93413201"", ""93413207"", ""93413844"", ""93413850"", ""93413856"", ""93413861"", ""93413998"", ""93414004"", ""93414010"", ""93414015"", ""93414020"", ""93414026"", ""93414032"", ""93414038"", ""93414043"", ""93414049"", ""93414054"", ""93414060"", ""93414066"", ""93453754"", ""93453766"", ""95175281"", ""95175286"", ""95175291"", ""95284493"", ""95937928""]","[""GCST000190"", ""GCST000191"", ""GCST001929"", ""GCST003020"", ""GCST003021"", ""GCST003022"", ""GCST003023"", ""GCST005093"", ""GCST005094"", ""GCST005096"", ""GCST005897"", ""GCST006988"", ""GCST006989"", ""GCST007082"", ""GCST007086"", ""GCST007451"", ""GCST007452"", ""GCST007453"", ""GCST007455"", ""GCST007456"", ""GCST007457"", ""GCST007488"", ""GCST007489"", ""GCST008516"", ""GCST011355"", ""GCST012219"", ""GCST90020054"", ""GCST90020056"", ""GCST90026489"", ""GCST90026490"", ""GCST90041836"", ""GCST90041838"", ""GCST90041839"", ""GCST90095476"", ""GCST90100219"", ""GCST90246327"", ""GCST90255682"", ""GCST90255683"", ""GCST90255684"", ""GCST90255686"", ""GCST90255688"", ""GCST90255689"", ""GCST90255690"", ""GCST90502780"", ""GCST90502781"", ""GCST90502784"", ""GCST90502785"", ""GCST90854270"", ""GCST90854271""]","[""18483556"", ""23548203"", ""26184321"", ""29109912"", ""29739929"", ""30166351"", ""30531825"", ""30595370"", ""30664655"", ""31315583"", ""33600456"", ""33692100"", ""34265127"", ""34570997"", ""34648798"", ""34737426"", ""34737440"", ""36536295"", ""36672889"", ""40010489"", ""42586059""]"
pigmentation,OLFML3,4,4,1,"[""118857875"", ""118857903"", ""118857929"", ""118857955""]","[""GCST90269962"", ""GCST90269963"", ""GCST90269964"", ""GCST90269965""]","[""37294081""]"
pigmentation,OR5S1P,1,1,1,"[""41451367""]","[""GCST007741""]","[""30895295""]"
pigmentation,OR9S24P,1,1,1,"[""41451367""]","[""GCST007741""]","[""30895295""]"
pigmentation,OSTCP1,2,2,1,"[""35792811"", ""35793237""]","[""GCST006988"", ""GCST006989""]","[""30531825""]"
pigmentation,OVOL1,2,2,2,"[""35792751"", ""36096561""]","[""GCST006988"", ""GCST007082""]","[""30531825"", ""30595370""]"
pigmentation,PABPN1L,2,2,2,"[""93413399"", ""95175377""]","[""GCST90041837"", ""GCST90095478""]","[""34737426"", ""34737440""]"
pigmentation,PACRG,1,1,1,"[""36096159""]","[""GCST007082""]","[""30595370""]"
pigmentation,PADI3,4,3,3,"[""35793019"", ""35793064"", ""36095427"", ""93413016""]","[""GCST006988"", ""GCST007082"", ""GCST90041836""]","[""30531825"", ""30595370"", ""34737426""]"
pigmentation,PADI4,1,1,1,"[""36095427""]","[""GCST007082""]","[""30595370""]"
pigmentation,PAFAH1B2P2,1,1,1,"[""24956203""]","[""GCST005094""]","[""29109912""]"
pigmentation,PAG1,1,1,1,"[""41452345""]","[""GCST007739""]","[""30895295""]"
pigmentation,PALS2,1,1,1,"[""36096179""]","[""GCST007082""]","[""30595370""]"
pigmentation,PAPOLA,1,1,1,"[""12894""]","[""GCST000371""]","[""19340012""]"
pigmentation,PARK7,1,1,1,"[""35793060""]","[""GCST006988""]","[""30531825""]"
pigmentation,PARP8,1,1,1,"[""36095910""]","[""GCST007082""]","[""30595370""]"
pigmentation,PAWR,1,1,1,"[""36096734""]","[""GCST007082""]","[""30595370""]"
pigmentation,PAX3,5,2,2,"[""35792384"", ""35792456"", ""35792601"", ""36095656"", ""36095661""]","[""GCST006988"", ""GCST007082""]","[""30531825"", ""30595370""]"
pigmentation,PC,1,1,1,"[""36096565""]","[""GCST007082""]","[""30595370""]"
pigmentation,PCNX1,2,2,2,"[""16544452"", ""36096941""]","[""GCST003478"", ""GCST007082""]","[""26926045"", ""30595370""]"
pigmentation,PDCD6,1,1,1,"[""95284461""]","[""GCST012219""]","[""33692100""]"
pigmentation,PDCD6-AHRR,1,1,1,"[""95284461""]","[""GCST012219""]","[""33692100""]"
pigmentation,PDCD6IPP2,3,3,2,"[""11639"", ""11642"", ""36097060""]","[""GCST000190"", ""GCST000191"", ""GCST007082""]","[""18483556"", ""30595370""]"
pigmentation,PDE4B,2,2,2,"[""30827795"", ""36099099""]","[""GCST005897"", ""GCST007086""]","[""29739929"", ""30595370""]"
pigmentation,PDE4D,3,3,2,"[""36095953"", ""36099185"", ""95284521""]","[""GCST007082"", ""GCST007086"", ""GCST012219""]","[""30595370"", ""33692100""]"
pigmentation,PDE6G,1,1,1,"[""35792698""]","[""GCST006988""]","[""30531825""]"
pigmentation,PDGFB,1,1,1,"[""36097540""]","[""GCST007082""]","[""30595370""]"
pigmentation,PDSS2,1,1,1,"[""36096103""]","[""GCST007082""]","[""30595370""]"
pigmentation,PEBP4,2,2,2,"[""35792650"", ""36096266""]","[""GCST006988"", ""GCST007082""]","[""30531825"", ""30595370""]"
pigmentation,PELATON,1,1,1,"[""36097486""]","[""GCST007082""]","[""30595370""]"
pigmentation,PEMT,1,1,1,"[""36099469""]","[""GCST007086""]","[""30595370""]"
pigmentation,PEX14,2,2,2,"[""35793002"", ""36095412""]","[""GCST006988"", ""GCST007082""]","[""30531825"", ""30595370""]"
pigmentation,PGAM1P13,1,1,1,"[""41451706""]","[""GCST007743""]","[""30895295""]"
pigmentation,PHACTR2,1,1,1,"[""97365704""]","[""GCST90104590""]","[""35313536""]"
pigmentation,PHB1P21,1,1,1,"[""14883050""]","[""GCST003019""]","[""26184321""]"
pigmentation,PIEZO1,5,2,2,"[""36097192"", ""93413351"", ""93413357"", ""93413363"", ""93413369""]","[""GCST007082"", ""GCST90041837""]","[""30595370"", ""34737426""]"
pigmentation,PIEZO2,1,1,1,"[""27275248""]","[""GCST005189""]","[""29195075""]"
pigmentation,PIGPP3,2,2,2,"[""222644390"", ""36099484""]","[""GCST007086"", ""GCST90939791""]","[""30595370"", ""38728357""]"
pigmentation,PIGU,3,3,3,"[""30828098"", ""35793407"", ""61986428""]","[""GCST005897"", ""GCST006989"", ""GCST010302""]","[""29739929"", ""30531825"", ""32341527""]"
pigmentation,PIGV,1,1,1,"[""35793023""]","[""GCST006988""]","[""30531825""]"
pigmentation,PIK3C3,1,1,1,"[""41451799""]","[""GCST007743""]","[""30895295""]"
pigmentation,PILRA,1,1,1,"[""36096224""]","[""GCST007082""]","[""30595370""]"
pigmentation,PKD1L3,1,1,1,"[""36097147""]","[""GCST007082""]","[""30595370""]"
pigmentation,PKHD1,2,2,2,"[""36096098"", ""62419498""]","[""GCST006986"", ""GCST007082""]","[""30531825"", ""30595370""]"
pigmentation,PLAT,1,1,1,"[""36096284""]","[""GCST007082""]","[""30595370""]"
pigmentation,PLB1,1,1,1,"[""35792404""]","[""GCST006988""]","[""30531825""]"
pigmentation,PLBD2,1,1,1,"[""41451752""]","[""GCST007743""]","[""30895295""]"
pigmentation,PLCB1,1,1,1,"[""222644386""]","[""GCST90939791""]","[""38728357""]"
pigmentation,PLD5,1,1,1,"[""41452436""]","[""GCST007739""]","[""30895295""]"
pigmentation,PLXDC2,1,1,1,"[""16544630""]","[""GCST003479""]","[""26926045""]"
pigmentation,PLXNA1,1,1,1,"[""36095739""]","[""GCST007082""]","[""30595370""]"
pigmentation,PLXNB2,3,3,3,"[""35792641"", ""36097554"", ""61986506""]","[""GCST006988"", ""GCST007082"", ""GCST010302""]","[""30531825"", ""30595370"", ""32341527""]"
pigmentation,PNCRNA-D,2,2,1,"[""35792460"", ""62419511""]","[""GCST006986"", ""GCST006988""]","[""30531825""]"
pigmentation,POC1B,1,1,1,"[""36096814""]","[""GCST007082""]","[""30595370""]"
pigmentation,POFUT1,1,1,1,"[""30828061""]","[""GCST005897""]","[""29739929""]"
pigmentation,POMC,2,2,2,"[""36095539"", ""62419503""]","[""GCST006986"", ""GCST007082""]","[""30531825"", ""30595370""]"
pigmentation,POU6F2,1,1,1,"[""95284529""]","[""GCST012219""]","[""33692100""]"
pigmentation,PPARGC1B,8,8,7,"[""100653948"", ""103607486"", ""12867"", ""30827803"", ""31658746"", ""36099194"", ""62410536"", ""62410580""]","[""GCST000371"", ""GCST005897"", ""GCST006091"", ""GCST007086"", ""GCST90002283"", ""GCST90002284"", ""GCST90146360"", ""GCST90246327""]","[""19340012"", ""29739929"", ""29895819"", ""30595370"", ""32835660"", ""36035146"", ""36536295""]"
pigmentation,PPFIBP2,5,5,4,"[""30548206"", ""35792308"", ""35793256"", ""36096464"", ""61986474""]","[""GCST006075"", ""GCST006988"", ""GCST006989"", ""GCST007082"", ""GCST010302""]","[""29662168"", ""30531825"", ""30595370"", ""32341527""]"
pigmentation,PPIAP23,2,2,1,"[""41451489"", ""41451756""]","[""GCST007741"", ""GCST007743""]","[""30895295""]"
pigmentation,PPIAP33,1,1,1,"[""16544619""]","[""GCST003479""]","[""26926045""]"
pigmentation,PPIAP66,1,1,1,"[""41451141""]","[""GCST007740""]","[""30895295""]"
pigmentation,PPIAP72,1,1,1,"[""36099156""]","[""GCST007086""]","[""30595370""]"
pigmentation,PPIL2,1,1,1,"[""104178568""]","[""GCST90255681""]","[""36672889""]"
pigmentation,PPM1A,3,3,3,"[""30548239"", ""35792625"", ""36096918""]","[""GCST006075"", ""GCST006988"", ""GCST007082""]","[""29662168"", ""30531825"", ""30595370""]"
pigmentation,PPM1G,1,1,1,"[""36095548""]","[""GCST007082""]","[""30595370""]"
pigmentation,PPP1R1C,1,1,1,"[""97365753""]","[""GCST90104591""]","[""35313536""]"
pigmentation,PPP1R3B-DT,1,1,1,"[""36096256""]","[""GCST007082""]","[""30595370""]"
pigmentation,PPP3CA,1,1,1,"[""41451381""]","[""GCST007741""]","[""30895295""]"
pigmentation,PPP6R3,1,1,1,"[""36096580""]","[""GCST007082""]","[""30595370""]"
pigmentation,PRDM15,1,1,1,"[""12896""]","[""GCST000371""]","[""19340012""]"
pigmentation,PRDM6,1,1,1,"[""97365698""]","[""GCST90104590""]","[""35313536""]"
pigmentation,PRDM7,8,6,4,"[""30827904"", ""30828051"", ""36097247"", ""36099464"", ""93413796"", ""93413802"", ""93414252"", ""95175428""]","[""GCST005897"", ""GCST007082"", ""GCST007086"", ""GCST90041837"", ""GCST90041839"", ""GCST90095478""]","[""29739929"", ""30595370"", ""34737426"", ""34737440""]"
pigmentation,PRELID1P5,2,2,2,"[""35792484"", ""36095494""]","[""GCST006988"", ""GCST007082""]","[""30531825"", ""30595370""]"
pigmentation,PRICKLE2,2,2,1,"[""223072462"", ""223072539""]","[""GCST90854271"", ""GCST90854272""]","[""42586059""]"
pigmentation,PRIM2BP,1,1,1,"[""36099237""]","[""GCST007086""]","[""30595370""]"
pigmentation,PRKCE,1,1,1,"[""36099131""]","[""GCST007086""]","[""30595370""]"
pigmentation,PROCR,1,1,1,"[""36097436""]","[""GCST007082""]","[""30595370""]"
pigmentation,PRXL2A,1,1,1,"[""36099295""]","[""GCST007086""]","[""30595370""]"
pigmentation,PSEN2,1,1,1,"[""222644251""]","[""GCST90939791""]","[""38728357""]"
pigmentation,PSMB7,1,1,1,"[""36096417""]","[""GCST007082""]","[""30595370""]"
pigmentation,PSMD14-DT,1,1,1,"[""36099141""]","[""GCST007086""]","[""30595370""]"
pigmentation,PSTPIP2,1,1,1,"[""41451541""]","[""GCST007741""]","[""30895295""]"
pigmentation,PTAFR,1,1,1,"[""35792512""]","[""GCST006988""]","[""30531825""]"
pigmentation,PTBP1P,1,1,1,"[""27275278""]","[""GCST005189""]","[""29195075""]"
pigmentation,PTCH1,2,2,2,"[""36099290"", ""41452373""]","[""GCST007086"", ""GCST007739""]","[""30595370"", ""30895295""]"
pigmentation,PTCHD1-AS,1,1,1,"[""16544698""]","[""GCST003479""]","[""26926045""]"
pigmentation,PTCSC2,1,1,1,"[""35792408""]","[""GCST006988""]","[""30531825""]"
pigmentation,PTPN14,2,2,2,"[""36095504"", ""61986531""]","[""GCST007082"", ""GCST010302""]","[""30595370"", ""32341527""]"
pigmentation,PTPN3,2,2,1,"[""41451217"", ""41451455""]","[""GCST007740"", ""GCST007741""]","[""30895295""]"
pigmentation,PTPRM,1,1,1,"[""41452063""]","[""GCST007742""]","[""30895295""]"
pigmentation,PUM2,1,1,1,"[""36095534""]","[""GCST007082""]","[""30595370""]"
pigmentation,PVT1,1,1,1,"[""97365795""]","[""GCST90104591""]","[""35313536""]"
pigmentation,PWRN1,1,1,1,"[""41452448""]","[""GCST007739""]","[""30895295""]"
pigmentation,PWRN4,1,1,1,"[""41452448""]","[""GCST007739""]","[""30895295""]"
pigmentation,PXDN,1,1,1,"[""36095529""]","[""GCST007082""]","[""30595370""]"
pigmentation,QRFPR,1,1,1,"[""41451386""]","[""GCST007741""]","[""30895295""]"
pigmentation,QSER1,1,1,1,"[""36096513""]","[""GCST007082""]","[""30595370""]"
pigmentation,RAB11FIP2,10,8,6,"[""103607506"", ""30827823"", ""31658758"", ""31658769"", ""31658775"", ""36099300"", ""37790074"", ""37790423"", ""62410541"", ""62410585""]","[""GCST005897"", ""GCST006091"", ""GCST007086"", ""GCST007451"", ""GCST007452"", ""GCST90002283"", ""GCST90002284"", ""GCST90246327""]","[""29739929"", ""29895819"", ""30595370"", ""30664655"", ""32835660"", ""36536295""]"
pigmentation,RAB20,1,1,1,"[""36096901""]","[""GCST007082""]","[""30595370""]"
pigmentation,RAB5A,1,1,1,"[""41451655""]","[""GCST007743""]","[""30895295""]"
pigmentation,RAB9BP1,1,1,1,"[""41452410""]","[""GCST007739""]","[""30895295""]"
pigmentation,RAD23B,1,1,1,"[""222644308""]","[""GCST90939791""]","[""38728357""]"
pigmentation,RAD51B,2,2,2,"[""35792464"", ""36096932""]","[""GCST006988"", ""GCST007082""]","[""30531825"", ""30595370""]"
pigmentation,RADIL,1,1,1,"[""223072552""]","[""GCST90854272""]","[""42586059""]"
pigmentation,RAF1,1,1,1,"[""36095693""]","[""GCST007082""]","[""30595370""]"
pigmentation,RAI14,1,1,1,"[""36095900""]","[""GCST007082""]","[""30595370""]"
pigmentation,RALB,1,1,1,"[""36095597""]","[""GCST007082""]","[""30595370""]"
pigmentation,RALGPS1,1,1,1,"[""36096427""]","[""GCST007082""]","[""30595370""]"
pigmentation,RALY,8,8,7,"[""10095409"", ""103607527"", ""14947129"", ""30548262"", ""30827847"", ""35792896"", ""36099488"", ""62419533""]","[""GCST002785"", ""GCST002908"", ""GCST005897"", ""GCST006075"", ""GCST006986"", ""GCST006988"", ""GCST007086"", ""GCST90246327""]","[""25705849"", ""25963972"", ""29662168"", ""29739929"", ""30531825"", ""30595370"", ""36536295""]"
pigmentation,RALYL,1,1,1,"[""41451206""]","[""GCST007740""]","[""30895295""]"
pigmentation,RANBP6,1,1,1,"[""36096327""]","[""GCST007082""]","[""30595370""]"
pigmentation,RASA2,1,1,1,"[""36095753""]","[""GCST007082""]","[""30595370""]"
pigmentation,RASA3,2,2,2,"[""36096906"", ""61986554""]","[""GCST007082"", ""GCST010302""]","[""30595370"", ""32341527""]"
pigmentation,RASSF6,1,1,1,"[""36095803""]","[""GCST007082""]","[""30595370""]"
pigmentation,RASSF9,1,1,1,"[""36096749""]","[""GCST007082""]","[""30595370""]"
pigmentation,RBM19,1,1,1,"[""41451479""]","[""GCST007741""]","[""30895295""]"
pigmentation,RBX1,1,1,1,"[""36097545""]","[""GCST007082""]","[""30595370""]"
pigmentation,RENO1,1,1,1,"[""36097315""]","[""GCST007082""]","[""30595370""]"
pigmentation,RERG,1,1,1,"[""41451747""]","[""GCST007743""]","[""30895295""]"
pigmentation,REV3L,1,1,1,"[""36096107""]","[""GCST007082""]","[""30595370""]"
pigmentation,RFC3P1,1,1,1,"[""41451161""]","[""GCST007740""]","[""30895295""]"
pigmentation,RGMB,1,1,1,"[""36095973""]","[""GCST007082""]","[""30595370""]"
pigmentation,RGS10,1,1,1,"[""104178557""]","[""GCST90255681""]","[""36672889""]"
pigmentation,RGS2-AS1,1,1,1,"[""36095480""]","[""GCST007082""]","[""30595370""]"
pigmentation,RGS3,1,1,1,"[""36096393""]","[""GCST007082""]","[""30595370""]"
pigmentation,RIMBP2,1,1,1,"[""41452481""]","[""GCST007739""]","[""30895295""]"
pigmentation,RIMS2,1,1,1,"[""41452389""]","[""GCST007739""]","[""30895295""]"
pigmentation,RIN3,1,1,1,"[""36096980""]","[""GCST007082""]","[""30595370""]"
pigmentation,RMI1,1,1,1,"[""41451716""]","[""GCST007743""]","[""30895295""]"
pigmentation,RN7SKP108,1,1,1,"[""12894""]","[""GCST000371""]","[""19340012""]"
pigmentation,RN7SKP120,1,1,1,"[""41451995""]","[""GCST007742""]","[""30895295""]"
pigmentation,RN7SKP19,1,1,1,"[""36099104""]","[""GCST007086""]","[""30595370""]"
pigmentation,RN7SKP289,1,1,1,"[""12893""]","[""GCST000371""]","[""19340012""]"
pigmentation,RN7SL300P,1,1,1,"[""61986619""]","[""GCST010302""]","[""32341527""]"
pigmentation,RN7SL361P,3,3,1,"[""223072285"", ""223072372"", ""223072527""]","[""GCST90854270"", ""GCST90854271"", ""GCST90854272""]","[""42586059""]"
pigmentation,RN7SL38P,1,1,1,"[""36096695""]","[""GCST007082""]","[""30595370""]"
pigmentation,RN7SL607P,1,1,1,"[""104178676""]","[""GCST90255682""]","[""36672889""]"
pigmentation,RN7SL680P,1,1,1,"[""36097476""]","[""GCST007082""]","[""30595370""]"
pigmentation,RN7SL720P,9,9,7,"[""10095339"", ""103607501"", ""104181063"", ""30548196"", ""30827819"", ""35792328"", ""35793218"", ""36096346"", ""36099285""]","[""GCST002785"", ""GCST005897"", ""GCST006075"", ""GCST006988"", ""GCST006989"", ""GCST007082"", ""GCST007086"", ""GCST90246327"", ""GCST90255690""]","[""25705849"", ""29662168"", ""29739929"", ""30531825"", ""30595370"", ""36536295"", ""36672889""]"
pigmentation,RNA5SP189,1,1,1,"[""41452410""]","[""GCST007739""]","[""30895295""]"
pigmentation,RNA5SP202,1,1,1,"[""41451965""]","[""GCST007742""]","[""30895295""]"
pigmentation,RNA5SP350,1,1,1,"[""222644322""]","[""GCST90939791""]","[""38728357""]"
pigmentation,RNA5SP45,1,1,1,"[""36095442""]","[""GCST007082""]","[""30595370""]"
pigmentation,RNA5SP533,1,1,1,"[""41451120""]","[""GCST007740""]","[""30895295""]"
pigmentation,RNF166,3,3,3,"[""30828009"", ""36099418"", ""95175372""]","[""GCST005897"", ""GCST007086"", ""GCST90095478""]","[""29739929"", ""30595370"", ""34737440""]"
pigmentation,RNF32-DT,1,1,1,"[""36096251""]","[""GCST007082""]","[""30595370""]"
pigmentation,RNF5P1,2,2,2,"[""35792715"", ""36096279""]","[""GCST006988"", ""GCST007082""]","[""30531825"", ""30595370""]"
pigmentation,RNU1-117P,15,13,9,"[""14882492"", ""14882735"", ""14882872"", ""30548224"", ""30827984"", ""34058"", ""35792264"", ""35792924"", ""35793328"", ""36096794"", ""36096799"", ""5942"", ""93018960"", ""93018988"", ""95175266""]","[""GCST000118"", ""GCST001932"", ""GCST003021"", ""GCST003022"", ""GCST003023"", ""GCST005897"", ""GCST006075"", ""GCST006988"", ""GCST006989"", ""GCST007082"", ""GCST90020054"", ""GCST90020056"", ""GCST90095476""]","[""17952075"", ""23548203"", ""26184321"", ""29662168"", ""29739929"", ""30531825"", ""30595370"", ""34648798"", ""34737440""]"
pigmentation,RNU2-47P,1,1,1,"[""21544""]","[""GCST001507""]","[""22556244""]"
pigmentation,RNU4-64P,2,2,2,"[""41451171"", ""97365686""]","[""GCST007740"", ""GCST90104590""]","[""30895295"", ""35313536""]"
pigmentation,RNU4-67P,1,1,1,"[""93413114""]","[""GCST90041836""]","[""34737426""]"
pigmentation,RNU6-1097P,1,1,1,"[""41451426""]","[""GCST007741""]","[""30895295""]"
pigmentation,RNU6-1163P,1,1,1,"[""36096112""]","[""GCST007082""]","[""30595370""]"
pigmentation,RNU6-1313P,3,2,2,"[""35792332"", ""35792500"", ""36097292""]","[""GCST006988"", ""GCST007082""]","[""30531825"", ""30595370""]"
pigmentation,RNU6-169P,1,1,1,"[""41451926""]","[""GCST007742""]","[""30895295""]"
pigmentation,RNU6-211P,2,2,2,"[""35792380"", ""36095963""]","[""GCST006988"", ""GCST007082""]","[""30531825"", ""30595370""]"
pigmentation,RNU6-351P,1,1,1,"[""36095841""]","[""GCST007082""]","[""30595370""]"
pigmentation,RNU6-366P,26,17,13,"[""11640"", ""15589"", ""15591"", ""15596"", ""222644355"", ""30548244"", ""30827994"", ""34059"", ""34068"", ""34070"", ""35792783"", ""35792928"", ""36096956"", ""36096961"", ""41334591"", ""5943"", ""5944"", ""93413131"", ""93413137"", ""93413143"", ""93413976"", ""93413981"", ""93413986"", ""93413992"", ""95175276"", ""95284489""]","[""GCST000117"", ""GCST000118"", ""GCST000190"", ""GCST000707"", ""GCST000710"", ""GCST001929"", ""GCST001932"", ""GCST005897"", ""GCST006075"", ""GCST006988"", ""GCST007082"", ""GCST007486"", ""GCST012219"", ""GCST90041836"", ""GCST90041839"", ""GCST90095476"", ""GCST90939791""]","[""17952075"", ""18483556"", ""20585627"", ""23548203"", ""29662168"", ""29739929"", ""30166351"", ""30531825"", ""30595370"", ""33692100"", ""34737426"", ""34737440"", ""38728357""]"
pigmentation,RNU6-440P,2,2,2,"[""35792488"", ""36095618""]","[""GCST006988"", ""GCST007082""]","[""30531825"", ""30595370""]"
pigmentation,RNU6-456P,1,1,1,"[""36095983""]","[""GCST007082""]","[""30595370""]"
pigmentation,RNU6-543P,1,1,1,"[""36096441""]","[""GCST007082""]","[""30595370""]"
pigmentation,RNU6-544P,1,1,1,"[""16544437""]","[""GCST003478""]","[""26926045""]"
pigmentation,RNU6-649P,1,1,1,"[""41451347""]","[""GCST007741""]","[""30895295""]"
pigmentation,RNU6-718P,2,2,1,"[""24956282"", ""24956335""]","[""GCST005093"", ""GCST005096""]","[""29109912""]"
pigmentation,RNU6-921P,3,3,3,"[""35792416"", ""36096937"", ""61986510""]","[""GCST006988"", ""GCST007082"", ""GCST010302""]","[""30531825"", ""30595370"", ""32341527""]"
pigmentation,RNU6-927P,1,1,1,"[""36096848""]","[""GCST007082""]","[""30595370""]"
pigmentation,RNU6-929P,3,3,3,"[""24956213"", ""35792767"", ""36097496""]","[""GCST005094"", ""GCST006988"", ""GCST007082""]","[""29109912"", ""30531825"", ""30595370""]"
pigmentation,RNU6-938P,1,1,1,"[""36097306""]","[""GCST007082""]","[""30595370""]"
pigmentation,RNU6-991P,1,1,1,"[""36095407""]","[""GCST007082""]","[""30595370""]"
pigmentation,RNU6ATAC17P,1,1,1,"[""36097388""]","[""GCST007082""]","[""30595370""]"
pigmentation,RNU7-152P,1,1,1,"[""36099252""]","[""GCST007086""]","[""30595370""]"
pigmentation,RNU7-157P,1,1,1,"[""41451191""]","[""GCST007740""]","[""30895295""]"
pigmentation,RNU7-197P,2,2,2,"[""35792735"", ""36095880""]","[""GCST006988"", ""GCST007082""]","[""30531825"", ""30595370""]"
pigmentation,RNU7-66P,1,1,1,"[""41451407""]","[""GCST007741""]","[""30895295""]"
pigmentation,ROR2,1,1,1,"[""41451727""]","[""GCST007743""]","[""30895295""]"
pigmentation,RPF2P1,1,1,1,"[""30828134""]","[""GCST005897""]","[""29739929""]"
pigmentation,RPL12P23,1,1,1,"[""41452377""]","[""GCST007739""]","[""30895295""]"
pigmentation,RPL13,3,3,3,"[""104178551"", ""41334531"", ""95175404""]","[""GCST007486"", ""GCST90095478"", ""GCST90255681""]","[""30166351"", ""34737440"", ""36672889""]"
pigmentation,RPL13AP25,1,1,1,"[""104178610""]","[""GCST90255681""]","[""36672889""]"
pigmentation,RPL17P30,1,1,1,"[""35792723""]","[""GCST006988""]","[""30531825""]"
pigmentation,RPL18AP17,2,2,2,"[""222644341"", ""41452036""]","[""GCST007742"", ""GCST90939791""]","[""30895295"", ""38728357""]"
pigmentation,RPL21P110,1,1,1,"[""222644341""]","[""GCST90939791""]","[""38728357""]"
pigmentation,RPL21P41,1,1,1,"[""36095708""]","[""GCST007082""]","[""30595370""]"
pigmentation,RPL23AP28,1,1,1,"[""36095656""]","[""GCST007082""]","[""30595370""]"
pigmentation,RPL23AP68,3,2,2,"[""36096764"", ""36096769"", ""41452535""]","[""GCST007082"", ""GCST007739""]","[""30595370"", ""30895295""]"
pigmentation,RPL29P17,1,1,1,"[""15770270""]","[""GCST003591""]","[""27327535""]"
pigmentation,RPL3,2,2,2,"[""35792520"", ""36097540""]","[""GCST006988"", ""GCST007082""]","[""30531825"", ""30595370""]"
pigmentation,RPL34-DT,4,2,2,"[""35792320"", ""35792711"", ""36095860"", ""36095865""]","[""GCST006988"", ""GCST007082""]","[""30531825"", ""30595370""]"
pigmentation,RPL35AP15,1,1,1,"[""36095978""]","[""GCST007082""]","[""30595370""]"
pigmentation,RPL36AP27,1,1,1,"[""41451426""]","[""GCST007741""]","[""30895295""]"
pigmentation,RPL5P16,2,2,1,"[""24956277"", ""24956331""]","[""GCST005093"", ""GCST005096""]","[""29109912""]"
pigmentation,RPL5P7,1,1,1,"[""41451141""]","[""GCST007740""]","[""30895295""]"
pigmentation,RPL5P9,1,1,1,"[""41452414""]","[""GCST007739""]","[""30895295""]"
pigmentation,RPL6,1,1,1,"[""35792613""]","[""GCST006988""]","[""30531825""]"
pigmentation,RPL6P14,2,2,2,"[""35792605"", ""36095841""]","[""GCST006988"", ""GCST007082""]","[""30531825"", ""30595370""]"
pigmentation,RPL6P25,1,1,1,"[""36096739""]","[""GCST007082""]","[""30595370""]"
pigmentation,RPL7AP14,1,1,1,"[""36097461""]","[""GCST007082""]","[""30595370""]"
pigmentation,RPL7AP79,2,2,2,"[""35792658"", ""36096533""]","[""GCST006988"", ""GCST007082""]","[""30531825"", ""30595370""]"
pigmentation,RPL7P38,1,1,1,"[""222644332""]","[""GCST90939791""]","[""38728357""]"
pigmentation,RPLP0P4,1,1,1,"[""36095465""]","[""GCST007082""]","[""30595370""]"
pigmentation,RPS10P21,1,1,1,"[""41452036""]","[""GCST007742""]","[""30895295""]"
pigmentation,RPS15A,1,1,1,"[""41451781""]","[""GCST007743""]","[""30895295""]"
pigmentation,RPS15AP20,1,1,1,"[""36096094""]","[""GCST007082""]","[""30595370""]"
pigmentation,RPS26P8,1,1,1,"[""95284545""]","[""GCST012219""]","[""33692100""]"
pigmentation,RPS27P5,1,1,1,"[""222644251""]","[""GCST90939791""]","[""38728357""]"
pigmentation,RPS2P1,6,6,3,"[""11223"", ""11224"", ""34063"", ""36097422"", ""6221"", ""6223""]","[""GCST000193"", ""GCST000195"", ""GCST000196"", ""GCST000197"", ""GCST001939"", ""GCST007082""]","[""18488028"", ""23548203"", ""30595370""]"
pigmentation,RPSAP34,1,1,1,"[""36095856""]","[""GCST007082""]","[""30595370""]"
pigmentation,RPUSD4,1,1,1,"[""97365729""]","[""GCST90104591""]","[""35313536""]"
pigmentation,RREB1,1,1,1,"[""61986578""]","[""GCST010302""]","[""32341527""]"
pigmentation,RSL24D1,1,1,1,"[""36097094""]","[""GCST007082""]","[""30595370""]"
pigmentation,RSL24D1P4,1,1,1,"[""41452436""]","[""GCST007739""]","[""30895295""]"
pigmentation,RSPO2,4,2,2,"[""35792476"", ""35792876"", ""36096294"", ""36096299""]","[""GCST006988"", ""GCST007082""]","[""30531825"", ""30595370""]"
pigmentation,RTN4RL1,1,1,1,"[""41452053""]","[""GCST007742""]","[""30895295""]"
pigmentation,RUNX2,1,1,1,"[""36096085""]","[""GCST007082""]","[""30595370""]"
pigmentation,RXFP3,60,6,1,"[""104178770"", ""104178795"", ""104178801"", ""104178807"", ""104179504"", ""104179524"", ""104179535"", ""104179551"", ""104179557"", ""104179574"", ""104179580"", ""104179625"", ""104179631"", ""104179682"", ""104179703"", ""104179720"", ""104179735"", ""104179778"", ""104179833"", ""104179910"", ""104179921"", ""104179936"", ""104179968"", ""104179990"", ""104180021"", ""104180052"", ""104180100"", ""104180105"", ""104180121"", ""104180126"", ""104180250"", ""104180341"", ""104180346"", ""104180358"", ""104180410"", ""104180471"", ""104180486"", ""104180501"", ""104180516"", ""104180546"", ""104180576"", ""104180621"", ""104180636"", ""104180776"", ""104180781"", ""104180814"", ""104180860"", ""104180870"", ""104180885"", ""104180906"", ""104180916"", ""104180941"", ""104180967"", ""104181003"", ""104181013"", ""104181018"", ""104181084"", ""104181119"", ""104181130"", ""104181135""]","[""GCST90255683"", ""GCST90255686"", ""GCST90255687"", ""GCST90255688"", ""GCST90255689"", ""GCST90255690""]","[""36672889""]"
pigmentation,RYBP,1,1,1,"[""36095722""]","[""GCST007082""]","[""30595370""]"
pigmentation,SAMD12,1,1,1,"[""36096313""]","[""GCST007082""]","[""30595370""]"
pigmentation,SAMD5,1,1,1,"[""36096140""]","[""GCST007082""]","[""30595370""]"
pigmentation,SAMHD1,2,2,2,"[""30828164"", ""36097456""]","[""GCST005897"", ""GCST007082""]","[""29739929"", ""30595370""]"
pigmentation,SAMMSON,2,2,2,"[""61986484"", ""93413900""]","[""GCST010302"", ""GCST90041839""]","[""32341527"", ""34737426""]"
pigmentation,SAP30-DT,1,1,1,"[""41451681""]","[""GCST007743""]","[""30895295""]"
pigmentation,SASH1,2,1,1,"[""36096140"", ""36096145""]","[""GCST007082""]","[""30595370""]"
pigmentation,SAXO1,1,1,1,"[""41451711""]","[""GCST007743""]","[""30895295""]"
pigmentation,SBF1,1,1,1,"[""41452502""]","[""GCST007739""]","[""30895295""]"
pigmentation,SBF2,1,1,1,"[""36096469""]","[""GCST007082""]","[""30595370""]"
pigmentation,SCARB1,2,2,2,"[""36096848"", ""93018982""]","[""GCST007082"", ""GCST90020056""]","[""30595370"", ""34648798""]"
pigmentation,SCEL,1,1,1,"[""36096872""]","[""GCST007082""]","[""30595370""]"
pigmentation,SCEL-AS1,1,1,1,"[""36096872""]","[""GCST007082""]","[""30595370""]"
pigmentation,SCG5,1,1,1,"[""41452440""]","[""GCST007739""]","[""30895295""]"
pigmentation,SCHIP1,1,1,1,"[""41451938""]","[""GCST007742""]","[""30895295""]"
pigmentation,SCML4,1,1,1,"[""24956188""]","[""GCST005094""]","[""29109912""]"
pigmentation,SDF4,1,1,1,"[""35793014""]","[""GCST006988""]","[""30531825""]"
pigmentation,SDK1,1,1,1,"[""41452393""]","[""GCST007739""]","[""30895295""]"
pigmentation,SEMA3F-AS1,1,1,1,"[""36099146""]","[""GCST007086""]","[""30595370""]"
pigmentation,SEMA6D,3,3,3,"[""104178403"", ""16544472"", ""41452510""]","[""GCST003478"", ""GCST007739"", ""GCST90255681""]","[""26926045"", ""30895295"", ""36672889""]"
pigmentation,SEPHS1P2,1,1,1,"[""36097123""]","[""GCST007082""]","[""30595370""]"
pigmentation,SERINC5,1,1,1,"[""36095958""]","[""GCST007082""]","[""30595370""]"
pigmentation,SERPINI1,2,2,1,"[""37790224"", ""37790411""]","[""GCST007451"", ""GCST007457""]","[""30664655""]"
pigmentation,SETBP1,1,1,1,"[""16544683""]","[""GCST003479""]","[""26926045""]"
pigmentation,SGCD,1,1,1,"[""104178592""]","[""GCST90255681""]","[""36672889""]"
pigmentation,SGIP1,2,2,2,"[""30827795"", ""36099099""]","[""GCST005897"", ""GCST007086""]","[""29739929"", ""30595370""]"
pigmentation,SGK1,2,2,2,"[""35792589"", ""36096125""]","[""GCST006988"", ""GCST007082""]","[""30531825"", ""30595370""]"
pigmentation,SH3GL3,2,2,2,"[""35792686"", ""36097109""]","[""GCST006988"", ""GCST007082""]","[""30531825"", ""30595370""]"
pigmentation,SH3YL1,1,1,1,"[""222644255""]","[""GCST90939791""]","[""38728357""]"
pigmentation,SHB,1,1,1,"[""36096364""]","[""GCST007082""]","[""30595370""]"
pigmentation,SHC4,2,2,2,"[""36097089"", ""41451507""]","[""GCST007082"", ""GCST007741""]","[""30595370"", ""30895295""]"
pigmentation,SHISA9,1,1,1,"[""41452047""]","[""GCST007742""]","[""30895295""]"
pigmentation,SHISAL1,1,1,1,"[""41451823""]","[""GCST007743""]","[""30895295""]"
pigmentation,SHOC2,1,1,1,"[""36096460""]","[""GCST007082""]","[""30595370""]"
pigmentation,SHROOM3,1,1,1,"[""36095812""]","[""GCST007082""]","[""30595370""]"
pigmentation,SIK1,4,4,3,"[""35792637"", ""36097515"", ""62419507"", ""95284557""]","[""GCST006986"", ""GCST006988"", ""GCST007082"", ""GCST012219""]","[""30531825"", ""30595370"", ""33692100""]"
pigmentation,SIM1,1,1,1,"[""41451691""]","[""GCST007743""]","[""30895295""]"
pigmentation,SIM2,1,1,1,"[""24956218""]","[""GCST005094""]","[""29109912""]"
pigmentation,SIPA1L1-AS1,1,1,1,"[""16544452""]","[""GCST003478""]","[""26926045""]"
pigmentation,SIPA1L2,1,1,1,"[""36095514""]","[""GCST007082""]","[""30595370""]"
pigmentation,SKAP1,2,1,1,"[""36097283"", ""36097288""]","[""GCST007082""]","[""30595370""]"
pigmentation,SKOR2,1,1,1,"[""41452068""]","[""GCST007742""]","[""30895295""]"
pigmentation,SKP1P4,1,1,1,"[""41451823""]","[""GCST007743""]","[""30895295""]"
pigmentation,SLA2,2,2,2,"[""30828154"", ""36097451""]","[""GCST005897"", ""GCST007082""]","[""29739929"", ""30595370""]"
pigmentation,SLC12A1,16,4,2,"[""223072137"", ""223072145"", ""223072210"", ""223072220"", ""223072250"", ""223072260"", ""223072299"", ""223072307"", ""223072364"", ""223072381"", ""223072403"", ""223072486"", ""223072494"", ""223072619"", ""223072628"", ""41452506""]","[""GCST007739"", ""GCST90854270"", ""GCST90854271"", ""GCST90854272""]","[""30895295"", ""42586059""]"
pigmentation,SLC12A9,6,5,4,"[""35792682"", ""35792933"", ""36096228"", ""93413080"", ""93413954"", ""95284533""]","[""GCST006988"", ""GCST007082"", ""GCST012219"", ""GCST90041836"", ""GCST90041839""]","[""30531825"", ""30595370"", ""33692100"", ""34737426""]"
pigmentation,SLC1A3,1,1,1,"[""36095905""]","[""GCST007082""]","[""30595370""]"
pigmentation,SLC22A23,1,1,1,"[""36096051""]","[""GCST007082""]","[""30595370""]"
pigmentation,SLC22A31,2,2,1,"[""93413494"", ""93414156""]","[""GCST90041837"", ""GCST90041839""]","[""34737426""]"
pigmentation,SLC24A2,1,1,1,"[""95937922""]","[""GCST90100219""]","[""34570997""]"
pigmentation,SLC24A4,34,22,15,"[""11640"", ""14882493"", ""14882736"", ""14882873"", ""15589"", ""15591"", ""15596"", ""222644355"", ""30548244"", ""30827994"", ""34059"", ""34068"", ""34070"", ""35792581"", ""35792633"", ""35792928"", ""35793333"", ""36096961"", ""36096966"", ""36096971"", ""36096975"", ""41334591"", ""5943"", ""5944"", ""61986433"", ""93413131"", ""93413137"", ""93413143"", ""93413149"", ""93413981"", ""93413986"", ""93413992"", ""95175276"", ""95284489""]","[""GCST000117"", ""GCST000118"", ""GCST000190"", ""GCST000707"", ""GCST000710"", ""GCST001929"", ""GCST001932"", ""GCST003021"", ""GCST003022"", ""GCST003023"", ""GCST005897"", ""GCST006075"", ""GCST006988"", ""GCST006989"", ""GCST007082"", ""GCST007486"", ""GCST010302"", ""GCST012219"", ""GCST90041836"", ""GCST90041839"", ""GCST90095476"", ""GCST90939791""]","[""17952075"", ""18483556"", ""20585627"", ""23548203"", ""26184321"", ""29662168"", ""29739929"", ""30166351"", ""30531825"", ""30595370"", ""32341527"", ""33692100"", ""34737426"", ""34737440"", ""38728357""]"
pigmentation,SLC24A5,44,24,12,"[""16544585"", ""223072150"", ""223072155"", ""223072165"", ""223072170"", ""223072180"", ""223072200"", ""223072215"", ""223072311"", ""223072316"", ""223072324"", ""223072332"", ""223072344"", ""223072360"", ""223072368"", ""223072502"", ""223072506"", ""223072514"", ""223072523"", ""223072560"", ""223072655"", ""223072659"", ""27275220"", ""27275252"", ""36097084"", ""37790106"", ""37790214"", ""37790253"", ""37790290"", ""37790323"", ""37790451"", ""41451247"", ""41451502"", ""41452461"", ""41452493"", ""47462287"", ""47687928"", ""61986583"", ""77845307"", ""93413248"", ""93414110"", ""93414340"", ""95284549"", ""95937934""]","[""GCST003479"", ""GCST005188"", ""GCST007082"", ""GCST007451"", ""GCST007452"", ""GCST007453"", ""GCST007454"", ""GCST007455"", ""GCST007457"", ""GCST007739"", ""GCST007740"", ""GCST007741"", ""GCST008518"", ""GCST008519"", ""GCST010302"", ""GCST011355"", ""GCST012219"", ""GCST90041836"", ""GCST90041839"", ""GCST90041840"", ""GCST90100219"", ""GCST90854270"", ""GCST90854271"", ""GCST90854272""]","[""26926045"", ""29195075"", ""30595370"", ""30664655"", ""30895295"", ""31315583"", ""32341527"", ""33600456"", ""33692100"", ""34570997"", ""34737426"", ""42586059""]"
pigmentation,SLC28A3,1,1,1,"[""41451716""]","[""GCST007743""]","[""30895295""]"
pigmentation,SLC38A1,1,1,1,"[""35792560""]","[""GCST006988""]","[""30531825""]"
pigmentation,SLC38A2,2,2,2,"[""35792560"", ""36096705""]","[""GCST006988"", ""GCST007082""]","[""30531825"", ""30595370""]"
pigmentation,SLC45A1,1,1,1,"[""36095407""]","[""GCST007082""]","[""30595370""]"
pigmentation,SLC45A2,139,44,21,"[""103607481"", ""104178681"", ""104178747"", ""104178764"", ""104178801"", ""104178812"", ""104178818"", ""104178830"", ""104178842"", ""104179093"", ""104179206"", ""104179453"", ""104179463"", ""104179487"", ""104179509"", ""104179535"", ""104179540"", ""104179580"", ""104179585"", ""104179590"", ""104179602"", ""104179608"", ""104179614"", ""104179661"", ""104179687"", ""104179709"", ""104179715"", ""104179735"", ""104179740"", ""104179745"", ""104179751"", ""104179761"", ""104179767"", ""104179827"", ""104179833"", ""104179839"", ""104179915"", ""104179921"", ""104179968"", ""104179995"", ""104180036"", ""104180047"", ""104180121"", ""104180126"", ""104180131"", ""104180136"", ""104180141"", ""104180153"", ""104180191"", ""104180239"", ""104180250"", ""104180275"", ""104180281"", ""104180314"", ""104180405"", ""104180410"", ""104180476"", ""104180501"", ""104180521"", ""104180561"", ""104180571"", ""104180601"", ""104180636"", ""104180641"", ""104180646"", ""104180656"", ""104180681"", ""104180716"", ""104180731"", ""104180736"", ""104180761"", ""104180824"", ""104180829"", ""104180865"", ""104180870"", ""104180906"", ""104180921"", ""104180952"", ""104180962"", ""104181013"", ""104181018"", ""104181023"", ""104181028"", ""104181033"", ""104181038"", ""104181058"", ""104181073"", ""104181084"", ""104181089"", ""104181104"", ""104181109"", ""12863"", ""14883049"", ""14947132"", ""15574"", ""15593"", ""15612"", ""16544514"", ""222644287"", ""30548177"", ""30827799"", ""35792220"", ""35792973"", ""35792977"", ""35793166"", ""36095895"", ""36099180"", ""37790066"", ""37790189"", ""37790229"", ""37790266"", ""37790295"", ""37790415"", ""41334192"", ""41334212"", ""41334284"", ""41334382"", ""41334397"", ""41334417"", ""41334442"", ""41334461"", ""41334481"", ""41334491"", ""41334516"", ""41334561"", ""41334602"", ""47462259"", ""47462263"", ""47687909"", ""6178"", ""61986415"", ""6205"", ""77845284"", ""93413027"", ""93413910"", ""93414271"", ""95175250"", ""95175339"", ""95284465""]","[""GCST000190"", ""GCST000191"", ""GCST000371"", ""GCST000707"", ""GCST000710"", ""GCST002908"", ""GCST003019"", ""GCST003479"", ""GCST005897"", ""GCST006075"", ""GCST006988"", ""GCST006989"", ""GCST007082"", ""GCST007086"", ""GCST007451"", ""GCST007452"", ""GCST007453"", ""GCST007454"", ""GCST007455"", ""GCST007457"", ""GCST007486"", ""GCST007488"", ""GCST007489"", ""GCST008518"", ""GCST008519"", ""GCST010302"", ""GCST011355"", ""GCST012219"", ""GCST90041836"", ""GCST90041839"", ""GCST90041840"", ""GCST90095476"", ""GCST90095477"", ""GCST90246327"", ""GCST90255682"", ""GCST90255683"", ""GCST90255684"", ""GCST90255685"", ""GCST90255686"", ""GCST90255687"", ""GCST90255688"", ""GCST90255689"", ""GCST90255690"", ""GCST90939791""]","[""18483556"", ""19340012"", ""20585627"", ""25963972"", ""26184321"", ""26926045"", ""29662168"", ""29739929"", ""30166351"", ""30531825"", ""30595370"", ""30664655"", ""31315583"", ""32341527"", ""33600456"", ""33692100"", ""34737426"", ""34737440"", ""36536295"", ""36672889"", ""38728357""]"
pigmentation,SLC47A1,1,1,1,"[""222644373""]","[""GCST90939791""]","[""38728357""]"
pigmentation,SLC49A4,2,2,2,"[""35792348"", ""36095730""]","[""GCST006988"", ""GCST007082""]","[""30531825"", ""30595370""]"
pigmentation,SLC6A15,2,1,1,"[""36096739"", ""36096744""]","[""GCST007082""]","[""30595370""]"
pigmentation,SLC6A17,2,2,2,"[""103607464"", ""36099109""]","[""GCST007086"", ""GCST90246327""]","[""30595370"", ""36536295""]"
pigmentation,SLC7A1,1,1,1,"[""97365741""]","[""GCST90104591""]","[""35313536""]"
pigmentation,SLC7A15P,1,1,1,"[""36095534""]","[""GCST007082""]","[""30595370""]"
pigmentation,SLC7A5-AS1,1,1,1,"[""93413279""]","[""GCST90041837""]","[""34737426""]"
pigmentation,SLC7A7,1,1,1,"[""41451494""]","[""GCST007741""]","[""30895295""]"
pigmentation,SLCO5A1,1,1,1,"[""41452385""]","[""GCST007739""]","[""30895295""]"
pigmentation,SMAD9,1,1,1,"[""36096858""]","[""GCST007082""]","[""30595370""]"
pigmentation,SMCR2,1,1,1,"[""36099469""]","[""GCST007086""]","[""30595370""]"
pigmentation,SMIM2-AS1,1,1,1,"[""36096867""]","[""GCST007082""]","[""30595370""]"
pigmentation,SMIM21,1,1,1,"[""41452514""]","[""GCST007739""]","[""30895295""]"
pigmentation,SMIM38,2,2,2,"[""30827934"", ""95175262""]","[""GCST005897"", ""GCST90095476""]","[""29739929"", ""34737440""]"
pigmentation,SNAI3,2,2,1,"[""93413345"", ""93414122""]","[""GCST90041837"", ""GCST90041839""]","[""34737426""]"
pigmentation,SNAI3-AS1,2,2,1,"[""93413345"", ""93414122""]","[""GCST90041837"", ""GCST90041839""]","[""34737426""]"
pigmentation,SNORA72,1,1,1,"[""25424""]","[""GCST001723""]","[""23118974""]"
pigmentation,SNRPEP5,1,1,1,"[""97365674""]","[""GCST90104590""]","[""35313536""]"
pigmentation,SNRPGP20,1,1,1,"[""222644332""]","[""GCST90939791""]","[""38728357""]"
pigmentation,SNTA1,1,1,1,"[""30828084""]","[""GCST005897""]","[""29739929""]"
pigmentation,SNX13,1,1,1,"[""36096169""]","[""GCST007082""]","[""30595370""]"
pigmentation,SNX16,2,2,2,"[""35792747"", ""36096289""]","[""GCST006988"", ""GCST007082""]","[""30531825"", ""30595370""]"
pigmentation,SNX25,1,1,1,"[""36095885""]","[""GCST007082""]","[""30595370""]"
pigmentation,SOCS5P1,1,1,1,"[""104178397""]","[""GCST90255681""]","[""36672889""]"
pigmentation,SORBS2,3,2,2,"[""41451171"", ""97365680"", ""97365686""]","[""GCST007740"", ""GCST90104590""]","[""30895295"", ""35313536""]"
pigmentation,SOX2-OT,1,1,1,"[""36095783""]","[""GCST007082""]","[""30595370""]"
pigmentation,SOX5,2,2,2,"[""36096690"", ""95284485""]","[""GCST007082"", ""GCST012219""]","[""30595370"", ""33692100""]"
pigmentation,SOX6,11,5,3,"[""35792436"", ""35792666"", ""36096483"", ""36096488"", ""36096493"", ""36096498"", ""36099305"", ""36099310"", ""36099315"", ""93413091"", ""93413959""]","[""GCST006988"", ""GCST007082"", ""GCST007086"", ""GCST90041836"", ""GCST90041839""]","[""30531825"", ""30595370"", ""34737426""]"
pigmentation,SP2,1,1,1,"[""35792400""]","[""GCST006988""]","[""30531825""]"
pigmentation,SP2-AS1,6,4,3,"[""30548257"", ""35792400"", ""35792835"", ""35793398"", ""36097273"", ""36097278""]","[""GCST006075"", ""GCST006988"", ""GCST006989"", ""GCST007082""]","[""29662168"", ""30531825"", ""30595370""]"
pigmentation,SP6,4,4,3,"[""30548257"", ""35792835"", ""35793398"", ""36097273""]","[""GCST006075"", ""GCST006988"", ""GCST006989"", ""GCST007082""]","[""29662168"", ""30531825"", ""30595370""]"
pigmentation,SPAG16-DT,3,3,3,"[""36095623"", ""61986563"", ""97365759""]","[""GCST007082"", ""GCST010302"", ""GCST90104591""]","[""30595370"", ""32341527"", ""35313536""]"
pigmentation,SPATA2L,3,3,3,"[""104178523"", ""35792799"", ""93413662""]","[""GCST006988"", ""GCST90041837"", ""GCST90255681""]","[""30531825"", ""34737426"", ""36672889""]"
pigmentation,SPATA33,10,9,5,"[""10095403"", ""35792957"", ""35793360"", ""41334274"", ""62419619"", ""93413888"", ""93414179"", ""93414184"", ""93414345"", ""95175311""]","[""GCST002785"", ""GCST006986"", ""GCST006988"", ""GCST006989"", ""GCST007488"", ""GCST90041838"", ""GCST90041839"", ""GCST90041840"", ""GCST90095476""]","[""25705849"", ""30166351"", ""30531825"", ""34737426"", ""34737440""]"
pigmentation,SPEN-AS1,1,1,1,"[""35793027""]","[""GCST006988""]","[""30531825""]"
pigmentation,SPG7,11,6,5,"[""104178367"", ""104178598"", ""41334531"", ""61986424"", ""93413602"", ""93413608"", ""93413614"", ""93413620"", ""93413626"", ""93414167"", ""95175404""]","[""GCST007486"", ""GCST010302"", ""GCST90041837"", ""GCST90041839"", ""GCST90095478"", ""GCST90255681""]","[""30166351"", ""32341527"", ""34737426"", ""34737440"", ""36672889""]"
pigmentation,SPIRE2,17,10,6,"[""103607388"", ""103607417"", ""104178471"", ""104178477"", ""104180304"", ""104180751"", ""30827880"", ""30827884"", ""35792827"", ""35792912"", ""35793364"", ""36097237"", ""62419485"", ""62419582"", ""93413704"", ""93413710"", ""93413716""]","[""GCST005897"", ""GCST006986"", ""GCST006988"", ""GCST006989"", ""GCST007082"", ""GCST90041837"", ""GCST90246327"", ""GCST90255681"", ""GCST90255688"", ""GCST90255689""]","[""29739929"", ""30531825"", ""30595370"", ""34737426"", ""36536295"", ""36672889""]"
pigmentation,SPTLC1P2,1,1,1,"[""41451970""]","[""GCST007742""]","[""30895295""]"
pigmentation,SRC,2,2,2,"[""30828174"", ""36097461""]","[""GCST005897"", ""GCST007082""]","[""29739929"", ""30595370""]"
pigmentation,SRPK2,1,1,1,"[""36099271""]","[""GCST007086""]","[""30595370""]"
pigmentation,SRSF3P2,2,2,1,"[""24956193"", ""27178268""]","[""GCST005093"", ""GCST005094""]","[""29109912""]"
pigmentation,SSPN,1,1,1,"[""36096700""]","[""GCST007082""]","[""30595370""]"
pigmentation,ST3GAL4,1,1,1,"[""15615""]","[""GCST000707""]","[""20585627""]"
pigmentation,STAC,1,1,1,"[""41451161""]","[""GCST007740""]","[""30895295""]"
pigmentation,STAG1-DT,1,1,1,"[""222644273""]","[""GCST90939791""]","[""38728357""]"
pigmentation,STAG3L4,2,2,1,"[""41451196"", ""41451436""]","[""GCST007740"", ""GCST007741""]","[""30895295""]"
pigmentation,STOX2,1,1,1,"[""41451391""]","[""GCST007741""]","[""30895295""]"
pigmentation,STUM,1,1,1,"[""24956149""]","[""GCST005094""]","[""29109912""]"
pigmentation,STX17,1,1,1,"[""36096383""]","[""GCST007082""]","[""30595370""]"
pigmentation,SUMO2P6,1,1,1,"[""62419520""]","[""GCST006986""]","[""30531825""]"
pigmentation,SUPT3H,1,1,1,"[""36096080""]","[""GCST007082""]","[""30595370""]"
pigmentation,SV2B,2,2,1,"[""41451252"", ""41451516""]","[""GCST007740"", ""GCST007741""]","[""30895295""]"
pigmentation,SVIL-AS1,2,2,1,"[""41451222"", ""41451470""]","[""GCST007740"", ""GCST007741""]","[""30895295""]"
pigmentation,SYN3,1,1,1,"[""41452581""]","[""GCST007739""]","[""30895295""]"
pigmentation,SYNE2,3,3,3,"[""35792670"", ""36096922"", ""61986489""]","[""GCST006988"", ""GCST007082"", ""GCST010302""]","[""30531825"", ""30595370"", ""32341527""]"
pigmentation,SYNGR1,1,1,1,"[""35792520""]","[""GCST006988""]","[""30531825""]"
pigmentation,SYT6,4,4,1,"[""118857875"", ""118857903"", ""118857929"", ""118857955""]","[""GCST90269962"", ""GCST90269963"", ""GCST90269964"", ""GCST90269965""]","[""37294081""]"
pigmentation,TAAR5,1,1,1,"[""97365783""]","[""GCST90104591""]","[""35313536""]"
pigmentation,TAAR6,1,1,1,"[""97365783""]","[""GCST90104591""]","[""35313536""]"
pigmentation,TAC4-AS1,3,2,2,"[""35792332"", ""35792500"", ""36097292""]","[""GCST006988"", ""GCST007082""]","[""30531825"", ""30595370""]"
pigmentation,TACC1,2,2,2,"[""35792715"", ""36096279""]","[""GCST006988"", ""GCST007082""]","[""30531825"", ""30595370""]"
pigmentation,TBC1D14,2,2,1,"[""223072428"", ""223072588""]","[""GCST90854271"", ""GCST90854272""]","[""42586059""]"
pigmentation,TBC1D22A,1,1,1,"[""16544486""]","[""GCST003478""]","[""26926045""]"
pigmentation,TBC1D30,1,1,1,"[""36096729""]","[""GCST007082""]","[""30595370""]"
pigmentation,TBC1D3P7,1,1,1,"[""35792300""]","[""GCST006988""]","[""30531825""]"
pigmentation,TBCD,2,2,2,"[""35792731"", ""36097334""]","[""GCST006988"", ""GCST007082""]","[""30531825"", ""30595370""]"
pigmentation,TBX3-AS1,1,1,1,"[""36096833""]","[""GCST007082""]","[""30595370""]"
pigmentation,TCF20,1,1,1,"[""104178427""]","[""GCST90255681""]","[""36672889""]"
pigmentation,TCF25,14,7,3,"[""103607443"", ""35792827"", ""35792912"", ""35793364"", ""35793369"", ""62419471"", ""62419537"", ""62419551"", ""62419565"", ""62419577"", ""93413260"", ""93413716"", ""93414219"", ""93414225""]","[""GCST006986"", ""GCST006988"", ""GCST006989"", ""GCST90041836"", ""GCST90041837"", ""GCST90041839"", ""GCST90246327""]","[""30531825"", ""34737426"", ""36536295""]"
pigmentation,TCF7,1,1,1,"[""24956171""]","[""GCST005094""]","[""29109912""]"
pigmentation,TCP10L3,1,1,1,"[""104178517""]","[""GCST90255681""]","[""36672889""]"
pigmentation,TEKT5,1,1,1,"[""36097133""]","[""GCST007082""]","[""30595370""]"
pigmentation,TENM4,1,1,1,"[""16544437""]","[""GCST003478""]","[""26926045""]"
pigmentation,TESHL,2,2,2,"[""104178373"", ""36095627""]","[""GCST007082"", ""GCST90255681""]","[""30595370"", ""36672889""]"
pigmentation,TET2,1,1,1,"[""104178385""]","[""GCST90255681""]","[""36672889""]"
pigmentation,TET2-AS1,1,1,1,"[""104178385""]","[""GCST90255681""]","[""36672889""]"
pigmentation,TGDS,4,4,4,"[""30548234"", ""30827835"", ""35792856"", ""36096896""]","[""GCST005897"", ""GCST006075"", ""GCST006988"", ""GCST007082""]","[""29662168"", ""29739929"", ""30531825"", ""30595370""]"
pigmentation,THADA,1,1,1,"[""36095567""]","[""GCST007082""]","[""30595370""]"
pigmentation,THNSL2,2,2,2,"[""35793040"", ""36095582""]","[""GCST006988"", ""GCST007082""]","[""30531825"", ""30595370""]"
pigmentation,THRB,1,1,1,"[""36095698""]","[""GCST007082""]","[""30595370""]"
pigmentation,TIPARP-AS1,2,2,2,"[""103607476"", ""36099161""]","[""GCST007086"", ""GCST90246327""]","[""30595370"", ""36536295""]"
pigmentation,TLE4,1,1,1,"[""36096369""]","[""GCST007082""]","[""30595370""]"
pigmentation,TM9SF4,1,1,1,"[""30828056""]","[""GCST005897""]","[""29739929""]"
pigmentation,TMC7,1,1,1,"[""41451521""]","[""GCST007741""]","[""30895295""]"
pigmentation,TMCC2,3,3,3,"[""222644246"", ""30548164"", ""35793056""]","[""GCST006075"", ""GCST006988"", ""GCST90939791""]","[""29662168"", ""30531825"", ""38728357""]"
pigmentation,TMEM138,2,1,1,"[""223072235"", ""223072255""]","[""GCST90854270""]","[""42586059""]"
pigmentation,TMEM163,3,3,3,"[""35793010"", ""36095601"", ""61986536""]","[""GCST006988"", ""GCST007082"", ""GCST010302""]","[""30531825"", ""30595370"", ""32341527""]"
pigmentation,TMEM170B,1,1,1,"[""61986568""]","[""GCST010302""]","[""32341527""]"
pigmentation,TMEM258,2,2,2,"[""35792759"", ""36096547""]","[""GCST006988"", ""GCST007082""]","[""30531825"", ""30595370""]"
pigmentation,TMEM44,1,1,1,"[""104178356""]","[""GCST90255681""]","[""36672889""]"
pigmentation,TMEM45B,1,1,1,"[""36096682""]","[""GCST007082""]","[""30595370""]"
pigmentation,TMEM91,1,1,1,"[""35792597""]","[""GCST006988""]","[""30531825""]"
pigmentation,TMF1P1,1,1,1,"[""41452047""]","[""GCST007742""]","[""30895295""]"
pigmentation,TMPRSS5,1,1,1,"[""41451237""]","[""GCST007740""]","[""30895295""]"
pigmentation,TMTC3,6,4,3,"[""35792248"", ""35792795"", ""35792839"", ""35793188"", ""36096784"", ""41452365""]","[""GCST006988"", ""GCST006989"", ""GCST007082"", ""GCST007739""]","[""30531825"", ""30595370"", ""30895295""]"
pigmentation,TNFRSF10B,1,1,1,"[""41452349""]","[""GCST007739""]","[""30895295""]"
pigmentation,TNFRSF4,1,1,1,"[""35793014""]","[""GCST006988""]","[""30531825""]"
pigmentation,TNFRSF9,2,1,1,"[""35793044"", ""35793060""]","[""GCST006988""]","[""30531825""]"
pigmentation,TNIK,1,1,1,"[""36095778""]","[""GCST007082""]","[""30595370""]"
pigmentation,TNS3,1,1,1,"[""41451186""]","[""GCST007740""]","[""30895295""]"
pigmentation,TOM1,1,1,1,"[""36097535""]","[""GCST007082""]","[""30595370""]"
pigmentation,TOX3,1,1,1,"[""36097138""]","[""GCST007082""]","[""30595370""]"
pigmentation,TP63,3,3,2,"[""36095788"", ""36099166"", ""41451890""]","[""GCST007082"", ""GCST007086"", ""GCST007742""]","[""30595370"", ""30895295""]"
pigmentation,TPCN2,23,16,11,"[""14882491"", ""14882734"", ""14882871"", ""15614"", ""222644317"", ""30548211"", ""30827827"", ""30827934"", ""35792880"", ""35792920"", ""35792969"", ""35793311"", ""35793316"", ""36096589"", ""36099325"", ""61986437"", ""6222"", ""93413097"", ""93413103"", ""93413108"", ""93413965"", ""93413970"", ""95175262""]","[""GCST000194"", ""GCST000707"", ""GCST003021"", ""GCST003022"", ""GCST003023"", ""GCST005897"", ""GCST006075"", ""GCST006988"", ""GCST006989"", ""GCST007082"", ""GCST007086"", ""GCST010302"", ""GCST90041836"", ""GCST90041839"", ""GCST90095476"", ""GCST90939791""]","[""18488028"", ""20585627"", ""26184321"", ""29662168"", ""29739929"", ""30531825"", ""30595370"", ""32341527"", ""34737426"", ""34737440"", ""38728357""]"
pigmentation,TPK1,1,1,1,"[""41451451""]","[""GCST007741""]","[""30895295""]"
pigmentation,TPM3P2,3,3,2,"[""222644390"", ""36097417"", ""36099484""]","[""GCST007082"", ""GCST007086"", ""GCST90939791""]","[""30595370"", ""38728357""]"
pigmentation,TPRG1,3,3,3,"[""16544606"", ""36099166"", ""41451890""]","[""GCST003479"", ""GCST007086"", ""GCST007742""]","[""26926045"", ""30595370"", ""30895295""]"
pigmentation,TRAF1,1,1,1,"[""36096398""]","[""GCST007082""]","[""30595370""]"
pigmentation,TRANK1,1,1,1,"[""24956155""]","[""GCST005094""]","[""29109912""]"
pigmentation,TRAPPC2L,2,1,1,"[""93413387"", ""93413393""]","[""GCST90041837""]","[""34737426""]"
pigmentation,TRIM41,1,1,1,"[""36096002""]","[""GCST007082""]","[""30595370""]"
pigmentation,TRIM60P16,1,1,1,"[""41452444""]","[""GCST007739""]","[""30895295""]"
pigmentation,TRIM77,1,1,1,"[""30827969""]","[""GCST005897""]","[""29739929""]"
pigmentation,TRIP11,1,1,1,"[""36096951""]","[""GCST007082""]","[""30595370""]"
pigmentation,TRMO,1,1,1,"[""36096378""]","[""GCST007082""]","[""30595370""]"
pigmentation,TRPC4AP,2,2,2,"[""30828116"", ""36097432""]","[""GCST005897"", ""GCST007082""]","[""29739929"", ""30595370""]"
pigmentation,TRPM1,1,1,1,"[""36099398""]","[""GCST007086""]","[""30595370""]"
pigmentation,TRPS1,4,4,3,"[""103607496"", ""30827811"", ""36096308"", ""36099276""]","[""GCST005897"", ""GCST007082"", ""GCST007086"", ""GCST90246327""]","[""29739929"", ""30595370"", ""36536295""]"
pigmentation,TSBP1-AS1,1,1,1,"[""41452559""]","[""GCST007739""]","[""30895295""]"
pigmentation,TSHZ1,1,1,1,"[""41452514""]","[""GCST007739""]","[""30895295""]"
pigmentation,TSPAN10,6,5,4,"[""35793402"", ""36097324"", ""41334466"", ""41334566"", ""62419516"", ""95284505""]","[""GCST006986"", ""GCST006989"", ""GCST007082"", ""GCST007486"", ""GCST012219""]","[""30166351"", ""30531825"", ""30595370"", ""33692100""]"
pigmentation,TSPAN14,1,1,1,"[""36099295""]","[""GCST007086""]","[""30595370""]"
pigmentation,TSPEAR,1,1,1,"[""36097520""]","[""GCST007082""]","[""30595370""]"
pigmentation,TTC3,1,1,1,"[""15337""]","[""GCST000685""]","[""20463881""]"
pigmentation,TUBAP15,2,2,1,"[""24956282"", ""24956335""]","[""GCST005093"", ""GCST005096""]","[""29109912""]"
pigmentation,TUBB3,8,5,4,"[""103607405"", ""36097242"", ""62419466"", ""62419541"", ""93413749"", ""93413755"", ""93414236"", ""93414241""]","[""GCST006986"", ""GCST007082"", ""GCST90041837"", ""GCST90041839"", ""GCST90246327""]","[""30531825"", ""30595370"", ""34737426"", ""36536295""]"
pigmentation,TUBB4BP4,2,2,2,"[""36096672"", ""61986573""]","[""GCST007082"", ""GCST010302""]","[""30595370"", ""32341527""]"
pigmentation,TUBB4BP5,1,1,1,"[""41451386""]","[""GCST007741""]","[""30895295""]"
pigmentation,TUBB8P7,1,1,1,"[""30827904""]","[""GCST005897""]","[""29739929""]"
pigmentation,TULP4,1,1,1,"[""95284473""]","[""GCST012219""]","[""33692100""]"
pigmentation,TUSC1,1,1,1,"[""41451995""]","[""GCST007742""]","[""30895295""]"
pigmentation,TWIST2,2,2,2,"[""35792629"", ""36095675""]","[""GCST006988"", ""GCST007082""]","[""30531825"", ""30595370""]"
pigmentation,TYR,40,25,14,"[""103607511"", ""104179492"", ""104179854"", ""104180042"", ""104180170"", ""104180293"", ""104180425"", ""104180566"", ""104180661"", ""104180819"", ""104180957"", ""104181048"", ""104181099"", ""11754"", ""11764"", ""11787"", ""12892"", ""15594"", ""15597"", ""30548220"", ""30827831"", ""30827959"", ""34054"", ""34065"", ""35792848"", ""35792892"", ""35793320"", ""35793324"", ""36096647"", ""36099349"", ""36099353"", ""37790082"", ""37790086"", ""37790278"", ""37790282"", ""37790307"", ""37790431"", ""47688506"", ""61986442"", ""95284481""]","[""GCST000116"", ""GCST000117"", ""GCST000119"", ""GCST000371"", ""GCST000710"", ""GCST001933"", ""GCST001939"", ""GCST005897"", ""GCST006075"", ""GCST006988"", ""GCST006989"", ""GCST007082"", ""GCST007086"", ""GCST007451"", ""GCST007452"", ""GCST007454"", ""GCST007455"", ""GCST008519"", ""GCST010302"", ""GCST012219"", ""GCST90246327"", ""GCST90255686"", ""GCST90255688"", ""GCST90255689"", ""GCST90255690""]","[""17952075"", ""19340012"", ""20585627"", ""23548203"", ""29662168"", ""29739929"", ""30531825"", ""30595370"", ""30664655"", ""31315583"", ""32341527"", ""33692100"", ""36536295"", ""36672889""]"
pigmentation,TYRP1,3,3,2,"[""104180073"", ""104180596"", ""61986447""]","[""GCST010302"", ""GCST90255688"", ""GCST90255689""]","[""32341527"", ""36672889""]"
pigmentation,U3,1,1,1,"[""36096990""]","[""GCST007082""]","[""30595370""]"
pigmentation,U6,2,2,2,"[""30828134"", ""41452518""]","[""GCST005897"", ""GCST007739""]","[""29739929"", ""30895295""]"
pigmentation,UBA52P7,1,1,1,"[""36096833""]","[""GCST007082""]","[""30595370""]"
pigmentation,UBE2G2,1,1,1,"[""36097520""]","[""GCST007082""]","[""30595370""]"
pigmentation,UBE2H-DT,1,1,1,"[""36096237""]","[""GCST007082""]","[""30595370""]"
pigmentation,UNC13C,1,1,1,"[""36097094""]","[""GCST007082""]","[""30595370""]"
pigmentation,UNC13D,1,1,1,"[""36097310""]","[""GCST007082""]","[""30595370""]"
pigmentation,UNC93A,1,1,1,"[""41452489""]","[""GCST007739""]","[""30895295""]"
pigmentation,UPF1,2,2,1,"[""223072390"", ""223072535""]","[""GCST90854271"", ""GCST90854272""]","[""42586059""]"
pigmentation,UPK3A,1,1,1,"[""61986549""]","[""GCST010302""]","[""32341527""]"
pigmentation,UQCC1,1,1,1,"[""30828124""]","[""GCST005897""]","[""29739929""]"
pigmentation,URAHP,2,2,1,"[""93413266"", ""93413790""]","[""GCST90041836"", ""GCST90041837""]","[""34737426""]"
pigmentation,USH2A,2,2,1,"[""41451628"", ""41452469""]","[""GCST007739"", ""GCST007743""]","[""30895295""]"
pigmentation,USP49,1,1,1,"[""36099232""]","[""GCST007086""]","[""30595370""]"
pigmentation,USP8P1,1,1,1,"[""15770283""]","[""GCST003591""]","[""27327535""]"
pigmentation,UTS2,1,1,1,"[""35793044""]","[""GCST006988""]","[""30531825""]"
pigmentation,UVSSA,1,1,1,"[""36099171""]","[""GCST007086""]","[""30595370""]"
pigmentation,VASH2,1,1,1,"[""34042""]","[""GCST001929""]","[""23548203""]"
pigmentation,VDAC1,1,1,1,"[""24956171""]","[""GCST005094""]","[""29109912""]"
pigmentation,VGLL4,2,2,2,"[""35792444"", ""36095688""]","[""GCST006988"", ""GCST007082""]","[""30531825"", ""30595370""]"
pigmentation,VOPP1-DT,1,1,1,"[""41451432""]","[""GCST007741""]","[""30895295""]"
pigmentation,VPS9D1,5,4,4,"[""103607411"", ""104178466"", ""104178523"", ""30828035"", ""93414202""]","[""GCST005897"", ""GCST90041839"", ""GCST90246327"", ""GCST90255681""]","[""29739929"", ""34737426"", ""36536295"", ""36672889""]"
pigmentation,VPS9D1-AS1,2,2,2,"[""104178466"", ""93414202""]","[""GCST90041839"", ""GCST90255681""]","[""34737426"", ""36672889""]"
pigmentation,VWCE,3,3,1,"[""223072225"", ""223072385"", ""223072615""]","[""GCST90854270"", ""GCST90854271"", ""GCST90854272""]","[""42586059""]"
pigmentation,WDPCP,2,2,1,"[""36095572"", ""36099136""]","[""GCST007082"", ""GCST007086""]","[""30595370""]"
pigmentation,WDR86-AS1,1,1,1,"[""41451201""]","[""GCST007740""]","[""30895295""]"
pigmentation,WFDC5,1,1,1,"[""37790349""]","[""GCST007456""]","[""30664655""]"
pigmentation,WHAMMP2,3,3,2,"[""11639"", ""11642"", ""36097060""]","[""GCST000190"", ""GCST000191"", ""GCST007082""]","[""18483556"", ""30595370""]"
pigmentation,WIPF2,1,1,1,"[""35792585""]","[""GCST006988""]","[""30531825""]"
pigmentation,WIPI2,1,1,1,"[""223072646""]","[""GCST90854272""]","[""42586059""]"
pigmentation,WNT7B,2,2,2,"[""222644394"", ""35792284""]","[""GCST006988"", ""GCST90939791""]","[""30531825"", ""38728357""]"
pigmentation,WTAPP2,1,1,1,"[""36096094""]","[""GCST007082""]","[""30595370""]"
pigmentation,Y_RNA,12,5,4,"[""104178379"", ""35792248"", ""35792795"", ""35792839"", ""35793188"", ""36096251"", ""36096613"", ""36096784"", ""36096789"", ""36097306"", ""36097545"", ""41452365""]","[""GCST006988"", ""GCST006989"", ""GCST007082"", ""GCST007739"", ""GCST90255681""]","[""30531825"", ""30595370"", ""30895295"", ""36672889""]"
pigmentation,ZBBX,1,1,1,"[""41451670""]","[""GCST007743""]","[""30895295""]"
pigmentation,ZBTB17,1,1,1,"[""36095422""]","[""GCST007082""]","[""30595370""]"
pigmentation,ZBTB20,1,1,1,"[""95284517""]","[""GCST012219""]","[""33692100""]"
pigmentation,ZBTB38,4,4,3,"[""30548173"", ""35792807"", ""35793274"", ""36095748""]","[""GCST006075"", ""GCST006988"", ""GCST006989"", ""GCST007082""]","[""29662168"", ""30531825"", ""30595370""]"
pigmentation,ZC3H18,3,2,2,"[""36097187"", ""93413333"", ""93413339""]","[""GCST007082"", ""GCST90041837""]","[""30595370"", ""34737426""]"
pigmentation,ZFP36L1,3,3,3,"[""35792416"", ""36096937"", ""61986510""]","[""GCST006988"", ""GCST007082"", ""GCST010302""]","[""30531825"", ""30595370"", ""32341527""]"
pigmentation,ZFPM1,5,2,2,"[""36097177"", ""36097182"", ""93413321"", ""93413327"", ""93413333""]","[""GCST007082"", ""GCST90041837""]","[""30595370"", ""34737426""]"
pigmentation,ZFPM1-AS1,1,1,1,"[""93413327""]","[""GCST90041837""]","[""34737426""]"
pigmentation,ZFPM2,1,1,1,"[""222644304""]","[""GCST90939791""]","[""38728357""]"
pigmentation,ZFPM2-AS1,1,1,1,"[""222644304""]","[""GCST90939791""]","[""38728357""]"
pigmentation,ZFYVE16,2,2,2,"[""35792380"", ""36095963""]","[""GCST006988"", ""GCST007082""]","[""30531825"", ""30595370""]"
pigmentation,ZMAT4,1,1,1,"[""41451701""]","[""GCST007743""]","[""30895295""]"
pigmentation,ZMIZ1,3,3,2,"[""35792388"", ""35793246"", ""36096450""]","[""GCST006988"", ""GCST006989"", ""GCST007082""]","[""30531825"", ""30595370""]"
pigmentation,ZNF276,6,6,3,"[""103607411"", ""104178562"", ""104179895"", ""104180455"", ""104180855"", ""93413668""]","[""GCST90041837"", ""GCST90246327"", ""GCST90255681"", ""GCST90255688"", ""GCST90255689"", ""GCST90255690""]","[""34737426"", ""36536295"", ""36672889""]"
pigmentation,ZNF304,1,1,1,"[""41451809""]","[""GCST007743""]","[""30895295""]"
pigmentation,ZNF341,1,1,1,"[""30828089""]","[""GCST005897""]","[""29739929""]"
pigmentation,ZNF358,1,1,1,"[""36097354""]","[""GCST007082""]","[""30595370""]"
pigmentation,ZNF462,1,1,1,"[""222644308""]","[""GCST90939791""]","[""38728357""]"
pigmentation,ZNF469,1,1,1,"[""93413309""]","[""GCST90041837""]","[""34737426""]"
pigmentation,ZNF611,1,1,1,"[""36097378""]","[""GCST007082""]","[""30595370""]"
pigmentation,ZNF619P1,1,1,1,"[""36096199""]","[""GCST007082""]","[""30595370""]"
pigmentation,ZNF750,1,1,1,"[""36097334""]","[""GCST007082""]","[""30595370""]"
pigmentation,ZNF76,1,1,1,"[""36096071""]","[""GCST007082""]","[""30595370""]"
pigmentation,ZNF778,4,3,2,"[""36097212"", ""93413500"", ""93413506"", ""93414162""]","[""GCST007082"", ""GCST90041837"", ""GCST90041839""]","[""30595370"", ""34737426""]"
pigmentation,ZNF778-DT,2,2,1,"[""93413494"", ""93414156""]","[""GCST90041837"", ""GCST90041839""]","[""34737426""]"
pigmentation,ZNF804A,4,2,1,"[""41451146"", ""41451151"", ""41451156"", ""41451362""]","[""GCST007740"", ""GCST007741""]","[""30895295""]"
pigmentation,ZNF83,1,1,1,"[""36097378""]","[""GCST007082""]","[""30595370""]"
pigmentation,ZNF831,3,3,2,"[""35792452"", ""35793412"", ""36097501""]","[""GCST006988"", ""GCST006989"", ""GCST007082""]","[""30531825"", ""30595370""]"
pigmentation,ZNG1A,4,4,3,"[""35792364"", ""35793251"", ""36096317"", ""61986465""]","[""GCST006988"", ""GCST006989"", ""GCST007082"", ""GCST010302""]","[""30531825"", ""30595370"", ""32341527""]"
pigmentation,ZRANB1,1,1,1,"[""41451227""]","[""GCST007740""]","[""30895295""]"
