group,association_id,study_id,pubmed_id,query_ids,analysis_scopes,association_url,source_urls,gene_symbol
hair,100653893,GCST90146356,36035146,"[""HP_0000349""]","[""broad""]",https://www.ebi.ac.uk/gwas/rest/api/v2/associations/100653893,"[""https://www.ebi.ac.uk/gwas/rest/api/v2/associations?efo_id=HP_0000349&show_child_trait=false&size=500&page=0""]",GMDS-DT
hair,14762795,GCST000519,19896111,"[""EFO_0005038""]","[""strict""]",https://www.ebi.ac.uk/gwas/rest/api/v2/associations/14762795,"[""https://www.ebi.ac.uk/gwas/rest/api/v2/associations?efo_id=EFO_0005038&show_child_trait=false&size=500&page=0""]",LINC01820
hair,14762796,GCST000519,19896111,"[""EFO_0005038""]","[""strict""]",https://www.ebi.ac.uk/gwas/rest/api/v2/associations/14762796,"[""https://www.ebi.ac.uk/gwas/rest/api/v2/associations?efo_id=EFO_0005038&show_child_trait=false&size=500&page=0""]",CSMD1
hair,14762796,GCST000519,19896111,"[""EFO_0005038""]","[""strict""]",https://www.ebi.ac.uk/gwas/rest/api/v2/associations/14762796,"[""https://www.ebi.ac.uk/gwas/rest/api/v2/associations?efo_id=EFO_0005038&show_child_trait=false&size=500&page=0""]",SNORA70
hair,14762797,GCST000519,19896111,"[""EFO_0005038""]","[""strict""]",https://www.ebi.ac.uk/gwas/rest/api/v2/associations/14762797,"[""https://www.ebi.ac.uk/gwas/rest/api/v2/associations?efo_id=EFO_0005038&show_child_trait=false&size=500&page=0""]",MIR3681HG
hair,14762798,GCST000519,19896111,"[""EFO_0005038""]","[""strict""]",https://www.ebi.ac.uk/gwas/rest/api/v2/associations/14762798,"[""https://www.ebi.ac.uk/gwas/rest/api/v2/associations?efo_id=EFO_0005038&show_child_trait=false&size=500&page=0""]",LINC01804
hair,14762798,GCST000519,19896111,"[""EFO_0005038""]","[""strict""]",https://www.ebi.ac.uk/gwas/rest/api/v2/associations/14762798,"[""https://www.ebi.ac.uk/gwas/rest/api/v2/associations?efo_id=EFO_0005038&show_child_trait=false&size=500&page=0""]",RNU5E-7P
hair,14762799,GCST000519,19896111,"[""EFO_0005038""]","[""strict""]",https://www.ebi.ac.uk/gwas/rest/api/v2/associations/14762799,"[""https://www.ebi.ac.uk/gwas/rest/api/v2/associations?efo_id=EFO_0005038&show_child_trait=false&size=500&page=0""]",RPS21P7
hair,14762799,GCST000519,19896111,"[""EFO_0005038""]","[""strict""]",https://www.ebi.ac.uk/gwas/rest/api/v2/associations/14762799,"[""https://www.ebi.ac.uk/gwas/rest/api/v2/associations?efo_id=EFO_0005038&show_child_trait=false&size=500&page=0""]",TMEM230
hair,14762800,GCST000519,19896111,"[""EFO_0005038""]","[""strict""]",https://www.ebi.ac.uk/gwas/rest/api/v2/associations/14762800,"[""https://www.ebi.ac.uk/gwas/rest/api/v2/associations?efo_id=EFO_0005038&show_child_trait=false&size=500&page=0""]",KRT8P28
hair,14762800,GCST000519,19896111,"[""EFO_0005038""]","[""strict""]",https://www.ebi.ac.uk/gwas/rest/api/v2/associations/14762800,"[""https://www.ebi.ac.uk/gwas/rest/api/v2/associations?efo_id=EFO_0005038&show_child_trait=false&size=500&page=0""]",THEM4
hair,14762801,GCST000519,19896111,"[""EFO_0005038""]","[""strict""]",https://www.ebi.ac.uk/gwas/rest/api/v2/associations/14762801,"[""https://www.ebi.ac.uk/gwas/rest/api/v2/associations?efo_id=EFO_0005038&show_child_trait=false&size=500&page=0""]",S100A11
hair,14762801,GCST000519,19896111,"[""EFO_0005038""]","[""strict""]",https://www.ebi.ac.uk/gwas/rest/api/v2/associations/14762801,"[""https://www.ebi.ac.uk/gwas/rest/api/v2/associations?efo_id=EFO_0005038&show_child_trait=false&size=500&page=0""]",SPTLC1P4
hair,14762802,GCST000519,19896111,"[""EFO_0005038""]","[""strict""]",https://www.ebi.ac.uk/gwas/rest/api/v2/associations/14762802,"[""https://www.ebi.ac.uk/gwas/rest/api/v2/associations?efo_id=EFO_0005038&show_child_trait=false&size=500&page=0""]",EGF
hair,14762802,GCST000519,19896111,"[""EFO_0005038""]","[""strict""]",https://www.ebi.ac.uk/gwas/rest/api/v2/associations/14762802,"[""https://www.ebi.ac.uk/gwas/rest/api/v2/associations?efo_id=EFO_0005038&show_child_trait=false&size=500&page=0""]",KRT19P3
hair,14762803,GCST000519,19896111,"[""EFO_0005038""]","[""strict""]",https://www.ebi.ac.uk/gwas/rest/api/v2/associations/14762803,"[""https://www.ebi.ac.uk/gwas/rest/api/v2/associations?efo_id=EFO_0005038&show_child_trait=false&size=500&page=0""]",FRAS1
hair,14762804,GCST000519,19896111,"[""EFO_0005038""]","[""strict""]",https://www.ebi.ac.uk/gwas/rest/api/v2/associations/14762804,"[""https://www.ebi.ac.uk/gwas/rest/api/v2/associations?efo_id=EFO_0005038&show_child_trait=false&size=500&page=0""]",CCDST
hair,14762804,GCST000519,19896111,"[""EFO_0005038""]","[""strict""]",https://www.ebi.ac.uk/gwas/rest/api/v2/associations/14762804,"[""https://www.ebi.ac.uk/gwas/rest/api/v2/associations?efo_id=EFO_0005038&show_child_trait=false&size=500&page=0""]",LCE5A
hair,14762805,GCST000519,19896111,"[""EFO_0005038""]","[""strict""]",https://www.ebi.ac.uk/gwas/rest/api/v2/associations/14762805,"[""https://www.ebi.ac.uk/gwas/rest/api/v2/associations?efo_id=EFO_0005038&show_child_trait=false&size=500&page=0""]",MIR4454
hair,14762805,GCST000519,19896111,"[""EFO_0005038""]","[""strict""]",https://www.ebi.ac.uk/gwas/rest/api/v2/associations/14762805,"[""https://www.ebi.ac.uk/gwas/rest/api/v2/associations?efo_id=EFO_0005038&show_child_trait=false&size=500&page=0""]",TOMM22P4
hair,14762806,GCST000519,19896111,"[""EFO_0005038""]","[""strict""]",https://www.ebi.ac.uk/gwas/rest/api/v2/associations/14762806,"[""https://www.ebi.ac.uk/gwas/rest/api/v2/associations?efo_id=EFO_0005038&show_child_trait=false&size=500&page=0""]",TCHH
hair,14762807,GCST000519,19896111,"[""EFO_0005038""]","[""strict""]",https://www.ebi.ac.uk/gwas/rest/api/v2/associations/14762807,"[""https://www.ebi.ac.uk/gwas/rest/api/v2/associations?efo_id=EFO_0005038&show_child_trait=false&size=500&page=0""]",THADA
hair,14762808,GCST000519,19896111,"[""EFO_0005038""]","[""strict""]",https://www.ebi.ac.uk/gwas/rest/api/v2/associations/14762808,"[""https://www.ebi.ac.uk/gwas/rest/api/v2/associations?efo_id=EFO_0005038&show_child_trait=false&size=500&page=0""]",TSHR
hair,14762808,GCST000519,19896111,"[""EFO_0005038""]","[""strict""]",https://www.ebi.ac.uk/gwas/rest/api/v2/associations/14762808,"[""https://www.ebi.ac.uk/gwas/rest/api/v2/associations?efo_id=EFO_0005038&show_child_trait=false&size=500&page=0""]",TSHR-AS1
hair,14762809,GCST000519,19896111,"[""EFO_0005038""]","[""strict""]",https://www.ebi.ac.uk/gwas/rest/api/v2/associations/14762809,"[""https://www.ebi.ac.uk/gwas/rest/api/v2/associations?efo_id=EFO_0005038&show_child_trait=false&size=500&page=0""]",WNT10A
hair,15602,GCST000706,20585627,"[""EFO_0005038""]","[""strict""]",https://www.ebi.ac.uk/gwas/rest/api/v2/associations/15602,"[""https://www.ebi.ac.uk/gwas/rest/api/v2/associations?efo_id=EFO_0005038&show_child_trait=false&size=500&page=0""]",TCHH
hair,15602,GCST000706,20585627,"[""EFO_0005038""]","[""strict""]",https://www.ebi.ac.uk/gwas/rest/api/v2/associations/15602,"[""https://www.ebi.ac.uk/gwas/rest/api/v2/associations?efo_id=EFO_0005038&show_child_trait=false&size=500&page=0""]",TCHHL1
hair,15603,GCST000706,20585627,"[""EFO_0005038""]","[""strict""]",https://www.ebi.ac.uk/gwas/rest/api/v2/associations/15603,"[""https://www.ebi.ac.uk/gwas/rest/api/v2/associations?efo_id=EFO_0005038&show_child_trait=false&size=500&page=0""]",CRCT1
hair,15603,GCST000706,20585627,"[""EFO_0005038""]","[""strict""]",https://www.ebi.ac.uk/gwas/rest/api/v2/associations/15603,"[""https://www.ebi.ac.uk/gwas/rest/api/v2/associations?efo_id=EFO_0005038&show_child_trait=false&size=500&page=0""]",LCE3E
hair,15604,GCST000706,20585627,"[""EFO_0005038""]","[""strict""]",https://www.ebi.ac.uk/gwas/rest/api/v2/associations/15604,"[""https://www.ebi.ac.uk/gwas/rest/api/v2/associations?efo_id=EFO_0005038&show_child_trait=false&size=500&page=0""]",WNT10A
hair,16543743,GCST003474,26926045,"[""OBA_0003493""]","[""strict""]",https://www.ebi.ac.uk/gwas/rest/api/v2/associations/16543743,"[""https://www.ebi.ac.uk/gwas/rest/api/v2/associations?efo_id=OBA_0003493&show_child_trait=false&size=500&page=0""]",TCHH
hair,16543771,GCST003474,26926045,"[""OBA_0003493""]","[""strict""]",https://www.ebi.ac.uk/gwas/rest/api/v2/associations/16543771,"[""https://www.ebi.ac.uk/gwas/rest/api/v2/associations?efo_id=OBA_0003493&show_child_trait=false&size=500&page=0""]",EDAR
hair,16543788,GCST003474,26926045,"[""OBA_0003493""]","[""strict""]",https://www.ebi.ac.uk/gwas/rest/api/v2/associations/16543788,"[""https://www.ebi.ac.uk/gwas/rest/api/v2/associations?efo_id=OBA_0003493&show_child_trait=false&size=500&page=0""]",LINC00708
hair,16543801,GCST003474,26926045,"[""OBA_0003493""]","[""strict""]",https://www.ebi.ac.uk/gwas/rest/api/v2/associations/16543801,"[""https://www.ebi.ac.uk/gwas/rest/api/v2/associations?efo_id=OBA_0003493&show_child_trait=false&size=500&page=0""]",PRSS53
hair,16543846,GCST003474,26926045,"[""OBA_0003493""]","[""strict""]",https://www.ebi.ac.uk/gwas/rest/api/v2/associations/16543846,"[""https://www.ebi.ac.uk/gwas/rest/api/v2/associations?efo_id=OBA_0003493&show_child_trait=false&size=500&page=0""]",LINC02511
hair,16543846,GCST003474,26926045,"[""OBA_0003493""]","[""strict""]",https://www.ebi.ac.uk/gwas/rest/api/v2/associations/16543846,"[""https://www.ebi.ac.uk/gwas/rest/api/v2/associations?efo_id=OBA_0003493&show_child_trait=false&size=500&page=0""]",TERF1P3
hair,16543857,GCST003474,26926045,"[""OBA_0003493""]","[""strict""]",https://www.ebi.ac.uk/gwas/rest/api/v2/associations/16543857,"[""https://www.ebi.ac.uk/gwas/rest/api/v2/associations?efo_id=OBA_0003493&show_child_trait=false&size=500&page=0""]",IMMP2L
hair,16543857,GCST003474,26926045,"[""OBA_0003493""]","[""strict""]",https://www.ebi.ac.uk/gwas/rest/api/v2/associations/16543857,"[""https://www.ebi.ac.uk/gwas/rest/api/v2/associations?efo_id=OBA_0003493&show_child_trait=false&size=500&page=0""]",RPL3P8
hair,16543868,GCST003474,26926045,"[""OBA_0003493""]","[""strict""]",https://www.ebi.ac.uk/gwas/rest/api/v2/associations/16543868,"[""https://www.ebi.ac.uk/gwas/rest/api/v2/associations?efo_id=OBA_0003493&show_child_trait=false&size=500&page=0""]",LINC02668
hair,16543868,GCST003474,26926045,"[""OBA_0003493""]","[""strict""]",https://www.ebi.ac.uk/gwas/rest/api/v2/associations/16543868,"[""https://www.ebi.ac.uk/gwas/rest/api/v2/associations?efo_id=OBA_0003493&show_child_trait=false&size=500&page=0""]",LINC02669
hair,16543886,GCST003474,26926045,"[""OBA_0003493""]","[""strict""]",https://www.ebi.ac.uk/gwas/rest/api/v2/associations/16543886,"[""https://www.ebi.ac.uk/gwas/rest/api/v2/associations?efo_id=OBA_0003493&show_child_trait=false&size=500&page=0""]",CYP46A1
hair,16543904,GCST003474,26926045,"[""OBA_0003493""]","[""strict""]",https://www.ebi.ac.uk/gwas/rest/api/v2/associations/16543904,"[""https://www.ebi.ac.uk/gwas/rest/api/v2/associations?efo_id=OBA_0003493&show_child_trait=false&size=500&page=0""]",CABLES1
hair,16543920,GCST003475,26926045,"[""OBA_2050112""]","[""broad""]",https://www.ebi.ac.uk/gwas/rest/api/v2/associations/16543920,"[""https://www.ebi.ac.uk/gwas/rest/api/v2/associations?efo_id=OBA_2050112&show_child_trait=false&size=500&page=0""]",EDAR
hair,16543937,GCST003475,26926045,"[""OBA_2050112""]","[""broad""]",https://www.ebi.ac.uk/gwas/rest/api/v2/associations/16543937,"[""https://www.ebi.ac.uk/gwas/rest/api/v2/associations?efo_id=OBA_2050112&show_child_trait=false&size=500&page=0""]",LNX1
hair,16543954,GCST003475,26926045,"[""OBA_2050112""]","[""broad""]",https://www.ebi.ac.uk/gwas/rest/api/v2/associations/16543954,"[""https://www.ebi.ac.uk/gwas/rest/api/v2/associations?efo_id=OBA_2050112&show_child_trait=false&size=500&page=0""]",LINC02836
hair,16543954,GCST003475,26926045,"[""OBA_2050112""]","[""broad""]",https://www.ebi.ac.uk/gwas/rest/api/v2/associations/16543954,"[""https://www.ebi.ac.uk/gwas/rest/api/v2/associations?efo_id=OBA_2050112&show_child_trait=false&size=500&page=0""]",PREP
hair,16543967,GCST003475,26926045,"[""OBA_2050112""]","[""broad""]",https://www.ebi.ac.uk/gwas/rest/api/v2/associations/16543967,"[""https://www.ebi.ac.uk/gwas/rest/api/v2/associations?efo_id=OBA_2050112&show_child_trait=false&size=500&page=0""]",FOXP2
hair,16543980,GCST003475,26926045,"[""OBA_2050112""]","[""broad""]",https://www.ebi.ac.uk/gwas/rest/api/v2/associations/16543980,"[""https://www.ebi.ac.uk/gwas/rest/api/v2/associations?efo_id=OBA_2050112&show_child_trait=false&size=500&page=0""]",CIROZ
hair,16544005,GCST003475,26926045,"[""OBA_2050112""]","[""broad""]",https://www.ebi.ac.uk/gwas/rest/api/v2/associations/16544005,"[""https://www.ebi.ac.uk/gwas/rest/api/v2/associations?efo_id=OBA_2050112&show_child_trait=false&size=500&page=0""]",MACF1
hair,16544024,GCST003475,26926045,"[""OBA_2050112""]","[""broad""]",https://www.ebi.ac.uk/gwas/rest/api/v2/associations/16544024,"[""https://www.ebi.ac.uk/gwas/rest/api/v2/associations?efo_id=OBA_2050112&show_child_trait=false&size=500&page=0""]",SLC12A2-DT
hair,16544040,GCST003475,26926045,"[""OBA_2050112""]","[""broad""]",https://www.ebi.ac.uk/gwas/rest/api/v2/associations/16544040,"[""https://www.ebi.ac.uk/gwas/rest/api/v2/associations?efo_id=OBA_2050112&show_child_trait=false&size=500&page=0""]",PLPP4
hair,16544057,GCST003476,26926045,"[""OBA_2050112""]","[""broad""]",https://www.ebi.ac.uk/gwas/rest/api/v2/associations/16544057,"[""https://www.ebi.ac.uk/gwas/rest/api/v2/associations?efo_id=OBA_2050112&show_child_trait=false&size=500&page=0""]",FOXL2NB
hair,16544057,GCST003476,26926045,"[""OBA_2050112""]","[""broad""]",https://www.ebi.ac.uk/gwas/rest/api/v2/associations/16544057,"[""https://www.ebi.ac.uk/gwas/rest/api/v2/associations?efo_id=OBA_2050112&show_child_trait=false&size=500&page=0""]",PRR23A
hair,16544079,GCST003476,26926045,"[""OBA_2050112""]","[""broad""]",https://www.ebi.ac.uk/gwas/rest/api/v2/associations/16544079,"[""https://www.ebi.ac.uk/gwas/rest/api/v2/associations?efo_id=OBA_2050112&show_child_trait=false&size=500&page=0""]",AIRIM
hair,16544079,GCST003476,26926045,"[""OBA_2050112""]","[""broad""]",https://www.ebi.ac.uk/gwas/rest/api/v2/associations/16544079,"[""https://www.ebi.ac.uk/gwas/rest/api/v2/associations?efo_id=OBA_2050112&show_child_trait=false&size=500&page=0""]",RSPO1
hair,16544102,GCST003476,26926045,"[""OBA_2050112""]","[""broad""]",https://www.ebi.ac.uk/gwas/rest/api/v2/associations/16544102,"[""https://www.ebi.ac.uk/gwas/rest/api/v2/associations?efo_id=OBA_2050112&show_child_trait=false&size=500&page=0""]",EDAR
hair,16544118,GCST003476,26926045,"[""OBA_2050112""]","[""broad""]",https://www.ebi.ac.uk/gwas/rest/api/v2/associations/16544118,"[""https://www.ebi.ac.uk/gwas/rest/api/v2/associations?efo_id=OBA_2050112&show_child_trait=false&size=500&page=0""]",C4orf36
hair,16544140,GCST003476,26926045,"[""OBA_2050112""]","[""broad""]",https://www.ebi.ac.uk/gwas/rest/api/v2/associations/16544140,"[""https://www.ebi.ac.uk/gwas/rest/api/v2/associations?efo_id=OBA_2050112&show_child_trait=false&size=500&page=0""]",LINC02230
hair,16544140,GCST003476,26926045,"[""OBA_2050112""]","[""broad""]",https://www.ebi.ac.uk/gwas/rest/api/v2/associations/16544140,"[""https://www.ebi.ac.uk/gwas/rest/api/v2/associations?efo_id=OBA_2050112&show_child_trait=false&size=500&page=0""]",TMEM174
hair,16544158,GCST003476,26926045,"[""OBA_2050112""]","[""broad""]",https://www.ebi.ac.uk/gwas/rest/api/v2/associations/16544158,"[""https://www.ebi.ac.uk/gwas/rest/api/v2/associations?efo_id=OBA_2050112&show_child_trait=false&size=500&page=0""]",FSTL4
hair,16544173,GCST003476,26926045,"[""OBA_2050112""]","[""broad""]",https://www.ebi.ac.uk/gwas/rest/api/v2/associations/16544173,"[""https://www.ebi.ac.uk/gwas/rest/api/v2/associations?efo_id=OBA_2050112&show_child_trait=false&size=500&page=0""]",AGAP3
hair,16544207,GCST003476,26926045,"[""OBA_2050112""]","[""broad""]",https://www.ebi.ac.uk/gwas/rest/api/v2/associations/16544207,"[""https://www.ebi.ac.uk/gwas/rest/api/v2/associations?efo_id=OBA_2050112&show_child_trait=false&size=500&page=0""]",LMX1B-DT
hair,16544223,GCST003476,26926045,"[""OBA_2050112""]","[""broad""]",https://www.ebi.ac.uk/gwas/rest/api/v2/associations/16544223,"[""https://www.ebi.ac.uk/gwas/rest/api/v2/associations?efo_id=OBA_2050112&show_child_trait=false&size=500&page=0""]",SH2D7
hair,16544248,GCST003476,26926045,"[""OBA_2050112""]","[""broad""]",https://www.ebi.ac.uk/gwas/rest/api/v2/associations/16544248,"[""https://www.ebi.ac.uk/gwas/rest/api/v2/associations?efo_id=OBA_2050112&show_child_trait=false&size=500&page=0""]",FTO
hair,16544264,GCST003477,26926045,"[""OBA_2050112""]","[""broad""]",https://www.ebi.ac.uk/gwas/rest/api/v2/associations/16544264,"[""https://www.ebi.ac.uk/gwas/rest/api/v2/associations?efo_id=OBA_2050112&show_child_trait=false&size=500&page=0""]",PAX3
hair,16544264,GCST003477,26926045,"[""OBA_2050112""]","[""broad""]",https://www.ebi.ac.uk/gwas/rest/api/v2/associations/16544264,"[""https://www.ebi.ac.uk/gwas/rest/api/v2/associations?efo_id=OBA_2050112&show_child_trait=false&size=500&page=0""]",RPL23AP28
hair,16544277,GCST003477,26926045,"[""OBA_2050112""]","[""broad""]",https://www.ebi.ac.uk/gwas/rest/api/v2/associations/16544277,"[""https://www.ebi.ac.uk/gwas/rest/api/v2/associations?efo_id=OBA_2050112&show_child_trait=false&size=500&page=0""]",EDAR
hair,16544294,GCST003477,26926045,"[""OBA_2050112""]","[""broad""]",https://www.ebi.ac.uk/gwas/rest/api/v2/associations/16544294,"[""https://www.ebi.ac.uk/gwas/rest/api/v2/associations?efo_id=OBA_2050112&show_child_trait=false&size=500&page=0""]",PRDM5
hair,16544307,GCST003477,26926045,"[""OBA_2050112""]","[""broad""]",https://www.ebi.ac.uk/gwas/rest/api/v2/associations/16544307,"[""https://www.ebi.ac.uk/gwas/rest/api/v2/associations?efo_id=OBA_2050112&show_child_trait=false&size=500&page=0""]",LINC02230
hair,16544307,GCST003477,26926045,"[""OBA_2050112""]","[""broad""]",https://www.ebi.ac.uk/gwas/rest/api/v2/associations/16544307,"[""https://www.ebi.ac.uk/gwas/rest/api/v2/associations?efo_id=OBA_2050112&show_child_trait=false&size=500&page=0""]",TMEM174
hair,16544321,GCST003477,26926045,"[""OBA_2050112""]","[""broad""]",https://www.ebi.ac.uk/gwas/rest/api/v2/associations/16544321,"[""https://www.ebi.ac.uk/gwas/rest/api/v2/associations?efo_id=OBA_2050112&show_child_trait=false&size=500&page=0""]",GMDS
hair,16544336,GCST003477,26926045,"[""OBA_2050112""]","[""broad""]",https://www.ebi.ac.uk/gwas/rest/api/v2/associations/16544336,"[""https://www.ebi.ac.uk/gwas/rest/api/v2/associations?efo_id=OBA_2050112&show_child_trait=false&size=500&page=0""]",CARM1P1
hair,16544336,GCST003477,26926045,"[""OBA_2050112""]","[""broad""]",https://www.ebi.ac.uk/gwas/rest/api/v2/associations/16544336,"[""https://www.ebi.ac.uk/gwas/rest/api/v2/associations?efo_id=OBA_2050112&show_child_trait=false&size=500&page=0""]",LINC01231
hair,16544350,GCST003477,26926045,"[""OBA_2050112""]","[""broad""]",https://www.ebi.ac.uk/gwas/rest/api/v2/associations/16544350,"[""https://www.ebi.ac.uk/gwas/rest/api/v2/associations?efo_id=OBA_2050112&show_child_trait=false&size=500&page=0""]",ATP5F1CP1
hair,16544350,GCST003477,26926045,"[""OBA_2050112""]","[""broad""]",https://www.ebi.ac.uk/gwas/rest/api/v2/associations/16544350,"[""https://www.ebi.ac.uk/gwas/rest/api/v2/associations?efo_id=OBA_2050112&show_child_trait=false&size=500&page=0""]",CDKN3
hair,193101390,GCST90671959,37565938,"[""EFO_0005038""]","[""broad""]",https://www.ebi.ac.uk/gwas/rest/api/v2/associations/193101390,"[""https://www.ebi.ac.uk/gwas/rest/api/v2/associations?efo_id=EFO_0005038&show_child_trait=false&size=500&page=0""]",ETV1
hair,193101390,GCST90671959,37565938,"[""EFO_0005038""]","[""broad""]",https://www.ebi.ac.uk/gwas/rest/api/v2/associations/193101390,"[""https://www.ebi.ac.uk/gwas/rest/api/v2/associations?efo_id=EFO_0005038&show_child_trait=false&size=500&page=0""]",RBMX2P4
hair,193101397,GCST90671959,37565938,"[""EFO_0005038""]","[""broad""]",https://www.ebi.ac.uk/gwas/rest/api/v2/associations/193101397,"[""https://www.ebi.ac.uk/gwas/rest/api/v2/associations?efo_id=EFO_0005038&show_child_trait=false&size=500&page=0""]",SYNE3
hair,193101404,GCST90671959,37565938,"[""EFO_0005038""]","[""broad""]",https://www.ebi.ac.uk/gwas/rest/api/v2/associations/193101404,"[""https://www.ebi.ac.uk/gwas/rest/api/v2/associations?efo_id=EFO_0005038&show_child_trait=false&size=500&page=0""]",CIR1P1
hair,193101404,GCST90671959,37565938,"[""EFO_0005038""]","[""broad""]",https://www.ebi.ac.uk/gwas/rest/api/v2/associations/193101404,"[""https://www.ebi.ac.uk/gwas/rest/api/v2/associations?efo_id=EFO_0005038&show_child_trait=false&size=500&page=0""]",HAND1
hair,193101411,GCST90671959,37565938,"[""EFO_0005038""]","[""broad""]",https://www.ebi.ac.uk/gwas/rest/api/v2/associations/193101411,"[""https://www.ebi.ac.uk/gwas/rest/api/v2/associations?efo_id=EFO_0005038&show_child_trait=false&size=500&page=0""]",TRPC6P8
hair,193101411,GCST90671959,37565938,"[""EFO_0005038""]","[""broad""]",https://www.ebi.ac.uk/gwas/rest/api/v2/associations/193101411,"[""https://www.ebi.ac.uk/gwas/rest/api/v2/associations?efo_id=EFO_0005038&show_child_trait=false&size=500&page=0""]",Y_RNA
hair,19567217,GCST003996,27182965,"[""EFO_0007906""]","[""broad""]",https://www.ebi.ac.uk/gwas/rest/api/v2/associations/19567217,"[""https://www.ebi.ac.uk/gwas/rest/api/v2/associations?efo_id=EFO_0007906&show_child_trait=false&size=500&page=0""]",PAX3
hair,19567221,GCST003996,27182965,"[""EFO_0007906""]","[""broad""]",https://www.ebi.ac.uk/gwas/rest/api/v2/associations/19567221,"[""https://www.ebi.ac.uk/gwas/rest/api/v2/associations?efo_id=EFO_0007906&show_child_trait=false&size=500&page=0""]",DMRT2
hair,19567221,GCST003996,27182965,"[""EFO_0007906""]","[""broad""]",https://www.ebi.ac.uk/gwas/rest/api/v2/associations/19567221,"[""https://www.ebi.ac.uk/gwas/rest/api/v2/associations?efo_id=EFO_0007906&show_child_trait=false&size=500&page=0""]",RPS27AP14
hair,19567225,GCST003996,27182965,"[""EFO_0007906""]","[""broad""]",https://www.ebi.ac.uk/gwas/rest/api/v2/associations/19567225,"[""https://www.ebi.ac.uk/gwas/rest/api/v2/associations?efo_id=EFO_0007906&show_child_trait=false&size=500&page=0""]",SLC45A2
hair,19567229,GCST003996,27182965,"[""EFO_0007906""]","[""broad""]",https://www.ebi.ac.uk/gwas/rest/api/v2/associations/19567229,"[""https://www.ebi.ac.uk/gwas/rest/api/v2/associations?efo_id=EFO_0007906&show_child_trait=false&size=500&page=0""]",HERC2
hair,19567233,GCST003996,27182965,"[""EFO_0007906""]","[""broad""]",https://www.ebi.ac.uk/gwas/rest/api/v2/associations/19567233,"[""https://www.ebi.ac.uk/gwas/rest/api/v2/associations?efo_id=EFO_0007906&show_child_trait=false&size=500&page=0""]",GLIS1
hair,19567237,GCST003996,27182965,"[""EFO_0007906""]","[""broad""]",https://www.ebi.ac.uk/gwas/rest/api/v2/associations/19567237,"[""https://www.ebi.ac.uk/gwas/rest/api/v2/associations?efo_id=EFO_0007906&show_child_trait=false&size=500&page=0""]",EDA
hair,19567241,GCST003996,27182965,"[""EFO_0007906""]","[""broad""]",https://www.ebi.ac.uk/gwas/rest/api/v2/associations/19567241,"[""https://www.ebi.ac.uk/gwas/rest/api/v2/associations?efo_id=EFO_0007906&show_child_trait=false&size=500&page=0""]",LINC02230
hair,19567241,GCST003996,27182965,"[""EFO_0007906""]","[""broad""]",https://www.ebi.ac.uk/gwas/rest/api/v2/associations/19567241,"[""https://www.ebi.ac.uk/gwas/rest/api/v2/associations?efo_id=EFO_0007906&show_child_trait=false&size=500&page=0""]",TMEM174
hair,19567251,GCST003996,27182965,"[""EFO_0007906""]","[""broad""]",https://www.ebi.ac.uk/gwas/rest/api/v2/associations/19567251,"[""https://www.ebi.ac.uk/gwas/rest/api/v2/associations?efo_id=EFO_0007906&show_child_trait=false&size=500&page=0""]",SOX2-OT
hair,19567255,GCST003996,27182965,"[""EFO_0007906""]","[""broad""]",https://www.ebi.ac.uk/gwas/rest/api/v2/associations/19567255,"[""https://www.ebi.ac.uk/gwas/rest/api/v2/associations?efo_id=EFO_0007906&show_child_trait=false&size=500&page=0""]",GREM1
hair,19567259,GCST003996,27182965,"[""EFO_0007906""]","[""broad""]",https://www.ebi.ac.uk/gwas/rest/api/v2/associations/19567259,"[""https://www.ebi.ac.uk/gwas/rest/api/v2/associations?efo_id=EFO_0007906&show_child_trait=false&size=500&page=0""]",HTT
hair,19567263,GCST003996,27182965,"[""EFO_0007906""]","[""broad""]",https://www.ebi.ac.uk/gwas/rest/api/v2/associations/19567263,"[""https://www.ebi.ac.uk/gwas/rest/api/v2/associations?efo_id=EFO_0007906&show_child_trait=false&size=500&page=0""]",SLC24A4
hair,19567267,GCST003996,27182965,"[""EFO_0007906""]","[""broad""]",https://www.ebi.ac.uk/gwas/rest/api/v2/associations/19567267,"[""https://www.ebi.ac.uk/gwas/rest/api/v2/associations?efo_id=EFO_0007906&show_child_trait=false&size=500&page=0""]",ZFHX4
hair,19567275,GCST003996,27182965,"[""EFO_0007906""]","[""broad""]",https://www.ebi.ac.uk/gwas/rest/api/v2/associations/19567275,"[""https://www.ebi.ac.uk/gwas/rest/api/v2/associations?efo_id=EFO_0007906&show_child_trait=false&size=500&page=0""]",PTPRR
hair,19567275,GCST003996,27182965,"[""EFO_0007906""]","[""broad""]",https://www.ebi.ac.uk/gwas/rest/api/v2/associations/19567275,"[""https://www.ebi.ac.uk/gwas/rest/api/v2/associations?efo_id=EFO_0007906&show_child_trait=false&size=500&page=0""]",TSPAN8
hair,19567279,GCST003996,27182965,"[""EFO_0007906""]","[""broad""]",https://www.ebi.ac.uk/gwas/rest/api/v2/associations/19567279,"[""https://www.ebi.ac.uk/gwas/rest/api/v2/associations?efo_id=EFO_0007906&show_child_trait=false&size=500&page=0""]",CIR1P1
hair,19567279,GCST003996,27182965,"[""EFO_0007906""]","[""broad""]",https://www.ebi.ac.uk/gwas/rest/api/v2/associations/19567279,"[""https://www.ebi.ac.uk/gwas/rest/api/v2/associations?efo_id=EFO_0007906&show_child_trait=false&size=500&page=0""]",HAND1
hair,19567283,GCST003996,27182965,"[""EFO_0007906""]","[""broad""]",https://www.ebi.ac.uk/gwas/rest/api/v2/associations/19567283,"[""https://www.ebi.ac.uk/gwas/rest/api/v2/associations?efo_id=EFO_0007906&show_child_trait=false&size=500&page=0""]",BMP7
hair,19567287,GCST003996,27182965,"[""EFO_0007906""]","[""broad""]",https://www.ebi.ac.uk/gwas/rest/api/v2/associations/19567287,"[""https://www.ebi.ac.uk/gwas/rest/api/v2/associations?efo_id=EFO_0007906&show_child_trait=false&size=500&page=0""]",CEP162
hair,19567287,GCST003996,27182965,"[""EFO_0007906""]","[""broad""]",https://www.ebi.ac.uk/gwas/rest/api/v2/associations/19567287,"[""https://www.ebi.ac.uk/gwas/rest/api/v2/associations?efo_id=EFO_0007906&show_child_trait=false&size=500&page=0""]",LINC01611
hair,19567292,GCST003996,27182965,"[""EFO_0007906""]","[""broad""]",https://www.ebi.ac.uk/gwas/rest/api/v2/associations/19567292,"[""https://www.ebi.ac.uk/gwas/rest/api/v2/associations?efo_id=EFO_0007906&show_child_trait=false&size=500&page=0""]",ASS1P9
hair,19567292,GCST003996,27182965,"[""EFO_0007906""]","[""broad""]",https://www.ebi.ac.uk/gwas/rest/api/v2/associations/19567292,"[""https://www.ebi.ac.uk/gwas/rest/api/v2/associations?efo_id=EFO_0007906&show_child_trait=false&size=500&page=0""]",LINC02105
hair,19567296,GCST003996,27182965,"[""EFO_0007906""]","[""broad""]",https://www.ebi.ac.uk/gwas/rest/api/v2/associations/19567296,"[""https://www.ebi.ac.uk/gwas/rest/api/v2/associations?efo_id=EFO_0007906&show_child_trait=false&size=500&page=0""]",CISD1P1
hair,19567296,GCST003996,27182965,"[""EFO_0007906""]","[""broad""]",https://www.ebi.ac.uk/gwas/rest/api/v2/associations/19567296,"[""https://www.ebi.ac.uk/gwas/rest/api/v2/associations?efo_id=EFO_0007906&show_child_trait=false&size=500&page=0""]",LINC01808
hair,19567300,GCST003996,27182965,"[""EFO_0007906""]","[""broad""]",https://www.ebi.ac.uk/gwas/rest/api/v2/associations/19567300,"[""https://www.ebi.ac.uk/gwas/rest/api/v2/associations?efo_id=EFO_0007906&show_child_trait=false&size=500&page=0""]",CDC5L
hair,19567300,GCST003996,27182965,"[""EFO_0007906""]","[""broad""]",https://www.ebi.ac.uk/gwas/rest/api/v2/associations/19567300,"[""https://www.ebi.ac.uk/gwas/rest/api/v2/associations?efo_id=EFO_0007906&show_child_trait=false&size=500&page=0""]",SUPT3H
hair,19567304,GCST003996,27182965,"[""EFO_0007906""]","[""broad""]",https://www.ebi.ac.uk/gwas/rest/api/v2/associations/19567304,"[""https://www.ebi.ac.uk/gwas/rest/api/v2/associations?efo_id=EFO_0007906&show_child_trait=false&size=500&page=0""]",HDAC9
hair,19567308,GCST003996,27182965,"[""EFO_0007906""]","[""broad""]",https://www.ebi.ac.uk/gwas/rest/api/v2/associations/19567308,"[""https://www.ebi.ac.uk/gwas/rest/api/v2/associations?efo_id=EFO_0007906&show_child_trait=false&size=500&page=0""]",LMX1B
hair,19567312,GCST003996,27182965,"[""EFO_0007906""]","[""broad""]",https://www.ebi.ac.uk/gwas/rest/api/v2/associations/19567312,"[""https://www.ebi.ac.uk/gwas/rest/api/v2/associations?efo_id=EFO_0007906&show_child_trait=false&size=500&page=0""]",RN7SKP46
hair,19567312,GCST003996,27182965,"[""EFO_0007906""]","[""broad""]",https://www.ebi.ac.uk/gwas/rest/api/v2/associations/19567312,"[""https://www.ebi.ac.uk/gwas/rest/api/v2/associations?efo_id=EFO_0007906&show_child_trait=false&size=500&page=0""]",SLC66A1LP
hair,19567317,GCST003996,27182965,"[""EFO_0007906""]","[""broad""]",https://www.ebi.ac.uk/gwas/rest/api/v2/associations/19567317,"[""https://www.ebi.ac.uk/gwas/rest/api/v2/associations?efo_id=EFO_0007906&show_child_trait=false&size=500&page=0""]",EDAR
hair,19567321,GCST003996,27182965,"[""EFO_0007906""]","[""broad""]",https://www.ebi.ac.uk/gwas/rest/api/v2/associations/19567321,"[""https://www.ebi.ac.uk/gwas/rest/api/v2/associations?efo_id=EFO_0007906&show_child_trait=false&size=500&page=0""]",LNCAROD
hair,19567325,GCST003996,27182965,"[""EFO_0007906""]","[""broad""]",https://www.ebi.ac.uk/gwas/rest/api/v2/associations/19567325,"[""https://www.ebi.ac.uk/gwas/rest/api/v2/associations?efo_id=EFO_0007906&show_child_trait=false&size=500&page=0""]",ZNF608
hair,19567329,GCST003996,27182965,"[""EFO_0007906""]","[""broad""]",https://www.ebi.ac.uk/gwas/rest/api/v2/associations/19567329,"[""https://www.ebi.ac.uk/gwas/rest/api/v2/associations?efo_id=EFO_0007906&show_child_trait=false&size=500&page=0""]",ATG5
hair,19567333,GCST003996,27182965,"[""EFO_0007906""]","[""broad""]",https://www.ebi.ac.uk/gwas/rest/api/v2/associations/19567333,"[""https://www.ebi.ac.uk/gwas/rest/api/v2/associations?efo_id=EFO_0007906&show_child_trait=false&size=500&page=0""]",TCF25
hair,19567337,GCST003996,27182965,"[""EFO_0007906""]","[""broad""]",https://www.ebi.ac.uk/gwas/rest/api/v2/associations/19567337,"[""https://www.ebi.ac.uk/gwas/rest/api/v2/associations?efo_id=EFO_0007906&show_child_trait=false&size=500&page=0""]",PTCH1
hair,19567341,GCST003996,27182965,"[""EFO_0007906""]","[""broad""]",https://www.ebi.ac.uk/gwas/rest/api/v2/associations/19567341,"[""https://www.ebi.ac.uk/gwas/rest/api/v2/associations?efo_id=EFO_0007906&show_child_trait=false&size=500&page=0""]",GMDS-DT
hair,19567346,GCST003996,27182965,"[""EFO_0007906""]","[""broad""]",https://www.ebi.ac.uk/gwas/rest/api/v2/associations/19567346,"[""https://www.ebi.ac.uk/gwas/rest/api/v2/associations?efo_id=EFO_0007906&show_child_trait=false&size=500&page=0""]",ALX4
hair,19567350,GCST003996,27182965,"[""EFO_0007906""]","[""broad""]",https://www.ebi.ac.uk/gwas/rest/api/v2/associations/19567350,"[""https://www.ebi.ac.uk/gwas/rest/api/v2/associations?efo_id=EFO_0007906&show_child_trait=false&size=500&page=0""]",LRRIQ1
hair,19567354,GCST003996,27182965,"[""EFO_0007906""]","[""broad""]",https://www.ebi.ac.uk/gwas/rest/api/v2/associations/19567354,"[""https://www.ebi.ac.uk/gwas/rest/api/v2/associations?efo_id=EFO_0007906&show_child_trait=false&size=500&page=0""]",LINC02822
hair,19567358,GCST003996,27182965,"[""EFO_0007906""]","[""broad""]",https://www.ebi.ac.uk/gwas/rest/api/v2/associations/19567358,"[""https://www.ebi.ac.uk/gwas/rest/api/v2/associations?efo_id=EFO_0007906&show_child_trait=false&size=500&page=0""]",ANO1
hair,19567358,GCST003996,27182965,"[""EFO_0007906""]","[""broad""]",https://www.ebi.ac.uk/gwas/rest/api/v2/associations/19567358,"[""https://www.ebi.ac.uk/gwas/rest/api/v2/associations?efo_id=EFO_0007906&show_child_trait=false&size=500&page=0""]",FGF3
hair,19567362,GCST003996,27182965,"[""EFO_0007906""]","[""broad""]",https://www.ebi.ac.uk/gwas/rest/api/v2/associations/19567362,"[""https://www.ebi.ac.uk/gwas/rest/api/v2/associations?efo_id=EFO_0007906&show_child_trait=false&size=500&page=0""]",MTX2
hair,19567362,GCST003996,27182965,"[""EFO_0007906""]","[""broad""]",https://www.ebi.ac.uk/gwas/rest/api/v2/associations/19567362,"[""https://www.ebi.ac.uk/gwas/rest/api/v2/associations?efo_id=EFO_0007906&show_child_trait=false&size=500&page=0""]",RPSAP25
hair,19567366,GCST003996,27182965,"[""EFO_0007906""]","[""broad""]",https://www.ebi.ac.uk/gwas/rest/api/v2/associations/19567366,"[""https://www.ebi.ac.uk/gwas/rest/api/v2/associations?efo_id=EFO_0007906&show_child_trait=false&size=500&page=0""]",SYT14
hair,19567366,GCST003996,27182965,"[""EFO_0007906""]","[""broad""]",https://www.ebi.ac.uk/gwas/rest/api/v2/associations/19567366,"[""https://www.ebi.ac.uk/gwas/rest/api/v2/associations?efo_id=EFO_0007906&show_child_trait=false&size=500&page=0""]",UTP25
hair,19567370,GCST003996,27182965,"[""EFO_0007906""]","[""broad""]",https://www.ebi.ac.uk/gwas/rest/api/v2/associations/19567370,"[""https://www.ebi.ac.uk/gwas/rest/api/v2/associations?efo_id=EFO_0007906&show_child_trait=false&size=500&page=0""]",NAV2
hair,19567374,GCST003996,27182965,"[""EFO_0007906""]","[""broad""]",https://www.ebi.ac.uk/gwas/rest/api/v2/associations/19567374,"[""https://www.ebi.ac.uk/gwas/rest/api/v2/associations?efo_id=EFO_0007906&show_child_trait=false&size=500&page=0""]",ERCC6L2
hair,19567379,GCST003996,27182965,"[""EFO_0007906""]","[""broad""]",https://www.ebi.ac.uk/gwas/rest/api/v2/associations/19567379,"[""https://www.ebi.ac.uk/gwas/rest/api/v2/associations?efo_id=EFO_0007906&show_child_trait=false&size=500&page=0""]",WARS2-AS1
hair,19567383,GCST003996,27182965,"[""EFO_0007906""]","[""broad""]",https://www.ebi.ac.uk/gwas/rest/api/v2/associations/19567383,"[""https://www.ebi.ac.uk/gwas/rest/api/v2/associations?efo_id=EFO_0007906&show_child_trait=false&size=500&page=0""]",IRF4
hair,19567392,GCST003996,27182965,"[""EFO_0007906""]","[""broad""]",https://www.ebi.ac.uk/gwas/rest/api/v2/associations/19567392,"[""https://www.ebi.ac.uk/gwas/rest/api/v2/associations?efo_id=EFO_0007906&show_child_trait=false&size=500&page=0""]",FGF5
hair,19567396,GCST003996,27182965,"[""EFO_0007906""]","[""broad""]",https://www.ebi.ac.uk/gwas/rest/api/v2/associations/19567396,"[""https://www.ebi.ac.uk/gwas/rest/api/v2/associations?efo_id=EFO_0007906&show_child_trait=false&size=500&page=0""]",LINC01956
hair,19567400,GCST003996,27182965,"[""EFO_0007906""]","[""broad""]",https://www.ebi.ac.uk/gwas/rest/api/v2/associations/19567400,"[""https://www.ebi.ac.uk/gwas/rest/api/v2/associations?efo_id=EFO_0007906&show_child_trait=false&size=500&page=0""]",LINC02032
hair,19567400,GCST003996,27182965,"[""EFO_0007906""]","[""broad""]",https://www.ebi.ac.uk/gwas/rest/api/v2/associations/19567400,"[""https://www.ebi.ac.uk/gwas/rest/api/v2/associations?efo_id=EFO_0007906&show_child_trait=false&size=500&page=0""]",LINC02045
hair,19567404,GCST003996,27182965,"[""EFO_0007906""]","[""broad""]",https://www.ebi.ac.uk/gwas/rest/api/v2/associations/19567404,"[""https://www.ebi.ac.uk/gwas/rest/api/v2/associations?efo_id=EFO_0007906&show_child_trait=false&size=500&page=0""]",LRP5
hair,19567404,GCST003996,27182965,"[""EFO_0007906""]","[""broad""]",https://www.ebi.ac.uk/gwas/rest/api/v2/associations/19567404,"[""https://www.ebi.ac.uk/gwas/rest/api/v2/associations?efo_id=EFO_0007906&show_child_trait=false&size=500&page=0""]",PPP6R3
hair,19567409,GCST003996,27182965,"[""EFO_0007906""]","[""broad""]",https://www.ebi.ac.uk/gwas/rest/api/v2/associations/19567409,"[""https://www.ebi.ac.uk/gwas/rest/api/v2/associations?efo_id=EFO_0007906&show_child_trait=false&size=500&page=0""]",AUTS2
hair,19567414,GCST003996,27182965,"[""EFO_0007906""]","[""broad""]",https://www.ebi.ac.uk/gwas/rest/api/v2/associations/19567414,"[""https://www.ebi.ac.uk/gwas/rest/api/v2/associations?efo_id=EFO_0007906&show_child_trait=false&size=500&page=0""]",LINC01432
hair,19567414,GCST003996,27182965,"[""EFO_0007906""]","[""broad""]",https://www.ebi.ac.uk/gwas/rest/api/v2/associations/19567414,"[""https://www.ebi.ac.uk/gwas/rest/api/v2/associations?efo_id=EFO_0007906&show_child_trait=false&size=500&page=0""]",RPL41P1
hair,19567419,GCST003996,27182965,"[""EFO_0007906""]","[""broad""]",https://www.ebi.ac.uk/gwas/rest/api/v2/associations/19567419,"[""https://www.ebi.ac.uk/gwas/rest/api/v2/associations?efo_id=EFO_0007906&show_child_trait=false&size=500&page=0""]",DMBX1
hair,19567419,GCST003996,27182965,"[""EFO_0007906""]","[""broad""]",https://www.ebi.ac.uk/gwas/rest/api/v2/associations/19567419,"[""https://www.ebi.ac.uk/gwas/rest/api/v2/associations?efo_id=EFO_0007906&show_child_trait=false&size=500&page=0""]",TMEM275
hair,19567424,GCST003996,27182965,"[""EFO_0007906""]","[""broad""]",https://www.ebi.ac.uk/gwas/rest/api/v2/associations/19567424,"[""https://www.ebi.ac.uk/gwas/rest/api/v2/associations?efo_id=EFO_0007906&show_child_trait=false&size=500&page=0""]",SLC39A12
hair,219059603,GCST90835923,42190866,"[""HP_0001007""]","[""broad""]",https://www.ebi.ac.uk/gwas/rest/api/v2/associations/219059603,"[""https://www.ebi.ac.uk/gwas/rest/api/v2/associations?efo_id=HP_0001007&show_child_trait=false&size=500&page=0""]",CIROZ
hair,219059607,GCST90835923,42190866,"[""HP_0001007""]","[""broad""]",https://www.ebi.ac.uk/gwas/rest/api/v2/associations/219059607,"[""https://www.ebi.ac.uk/gwas/rest/api/v2/associations?efo_id=HP_0001007&show_child_trait=false&size=500&page=0""]",TBX15
hair,219059612,GCST90835923,42190866,"[""HP_0001007""]","[""broad""]",https://www.ebi.ac.uk/gwas/rest/api/v2/associations/219059612,"[""https://www.ebi.ac.uk/gwas/rest/api/v2/associations?efo_id=HP_0001007&show_child_trait=false&size=500&page=0""]",SULT1C5P
hair,219059617,GCST90835923,42190866,"[""HP_0001007""]","[""broad""]",https://www.ebi.ac.uk/gwas/rest/api/v2/associations/219059617,"[""https://www.ebi.ac.uk/gwas/rest/api/v2/associations?efo_id=HP_0001007&show_child_trait=false&size=500&page=0""]",RANBP2
hair,219059622,GCST90835923,42190866,"[""HP_0001007""]","[""broad""]",https://www.ebi.ac.uk/gwas/rest/api/v2/associations/219059622,"[""https://www.ebi.ac.uk/gwas/rest/api/v2/associations?efo_id=HP_0001007&show_child_trait=false&size=500&page=0""]",LINC02469
hair,219059622,GCST90835923,42190866,"[""HP_0001007""]","[""broad""]",https://www.ebi.ac.uk/gwas/rest/api/v2/associations/219059622,"[""https://www.ebi.ac.uk/gwas/rest/api/v2/associations?efo_id=HP_0001007&show_child_trait=false&size=500&page=0""]",PCAT4
hair,219059627,GCST90835923,42190866,"[""HP_0001007""]","[""broad""]",https://www.ebi.ac.uk/gwas/rest/api/v2/associations/219059627,"[""https://www.ebi.ac.uk/gwas/rest/api/v2/associations?efo_id=HP_0001007&show_child_trait=false&size=500&page=0""]",CFAP299
hair,219059631,GCST90835923,42190866,"[""HP_0001007""]","[""broad""]",https://www.ebi.ac.uk/gwas/rest/api/v2/associations/219059631,"[""https://www.ebi.ac.uk/gwas/rest/api/v2/associations?efo_id=HP_0001007&show_child_trait=false&size=500&page=0""]",SLC39A12
hair,219059635,GCST90835923,42190866,"[""HP_0001007""]","[""broad""]",https://www.ebi.ac.uk/gwas/rest/api/v2/associations/219059635,"[""https://www.ebi.ac.uk/gwas/rest/api/v2/associations?efo_id=HP_0001007&show_child_trait=false&size=500&page=0""]",ALX4
hair,219059640,GCST90835923,42190866,"[""HP_0001007""]","[""broad""]",https://www.ebi.ac.uk/gwas/rest/api/v2/associations/219059640,"[""https://www.ebi.ac.uk/gwas/rest/api/v2/associations?efo_id=HP_0001007&show_child_trait=false&size=500&page=0""]",BCL2
hair,219059653,GCST90854296,42190866,"[""HP_0001007""]","[""broad""]",https://www.ebi.ac.uk/gwas/rest/api/v2/associations/219059653,"[""https://www.ebi.ac.uk/gwas/rest/api/v2/associations?efo_id=HP_0001007&show_child_trait=false&size=500&page=0""]",FGF5
hair,219059658,GCST90854296,42190866,"[""HP_0001007""]","[""broad""]",https://www.ebi.ac.uk/gwas/rest/api/v2/associations/219059658,"[""https://www.ebi.ac.uk/gwas/rest/api/v2/associations?efo_id=HP_0001007&show_child_trait=false&size=500&page=0""]",CFAP299
hair,226121875,GCST90480474,39024449,"[""HP_0001007""]","[""broad""]",https://www.ebi.ac.uk/gwas/rest/api/v2/associations/226121875,"[""https://www.ebi.ac.uk/gwas/rest/api/v2/associations?efo_id=HP_0001007&show_child_trait=false&size=500&page=0""]",CD86
hair,226121879,GCST90480474,39024449,"[""HP_0001007""]","[""broad""]",https://www.ebi.ac.uk/gwas/rest/api/v2/associations/226121879,"[""https://www.ebi.ac.uk/gwas/rest/api/v2/associations?efo_id=HP_0001007&show_child_trait=false&size=500&page=0""]",CARTPT
hair,226121879,GCST90480474,39024449,"[""HP_0001007""]","[""broad""]",https://www.ebi.ac.uk/gwas/rest/api/v2/associations/226121879,"[""https://www.ebi.ac.uk/gwas/rest/api/v2/associations?efo_id=HP_0001007&show_child_trait=false&size=500&page=0""]",MAP1B
hair,226122043,GCST90480474,39024449,"[""HP_0001007""]","[""broad""]",https://www.ebi.ac.uk/gwas/rest/api/v2/associations/226122043,"[""https://www.ebi.ac.uk/gwas/rest/api/v2/associations?efo_id=HP_0001007&show_child_trait=false&size=500&page=0""]",MATCAP2
hair,226122047,GCST90480474,39024449,"[""HP_0001007""]","[""broad""]",https://www.ebi.ac.uk/gwas/rest/api/v2/associations/226122047,"[""https://www.ebi.ac.uk/gwas/rest/api/v2/associations?efo_id=HP_0001007&show_child_trait=false&size=500&page=0""]",LINC02704
hair,226122047,GCST90480474,39024449,"[""HP_0001007""]","[""broad""]",https://www.ebi.ac.uk/gwas/rest/api/v2/associations/226122047,"[""https://www.ebi.ac.uk/gwas/rest/api/v2/associations?efo_id=HP_0001007&show_child_trait=false&size=500&page=0""]",RPL34P22
hair,226122051,GCST90480474,39024449,"[""HP_0001007""]","[""broad""]",https://www.ebi.ac.uk/gwas/rest/api/v2/associations/226122051,"[""https://www.ebi.ac.uk/gwas/rest/api/v2/associations?efo_id=HP_0001007&show_child_trait=false&size=500&page=0""]",TSC22D1-AS1
hair,27296803,GCST005191,29220522,"[""OBA_0003493""]","[""strict""]",https://www.ebi.ac.uk/gwas/rest/api/v2/associations/27296803,"[""https://www.ebi.ac.uk/gwas/rest/api/v2/associations?efo_id=OBA_0003493&show_child_trait=false&size=500&page=0""]",ERRFI1-DT
hair,27296807,GCST005191,29220522,"[""OBA_0003493""]","[""strict""]",https://www.ebi.ac.uk/gwas/rest/api/v2/associations/27296807,"[""https://www.ebi.ac.uk/gwas/rest/api/v2/associations?efo_id=OBA_0003493&show_child_trait=false&size=500&page=0""]",PADI3
hair,27296811,GCST005191,29220522,"[""OBA_0003493""]","[""strict""]",https://www.ebi.ac.uk/gwas/rest/api/v2/associations/27296811,"[""https://www.ebi.ac.uk/gwas/rest/api/v2/associations?efo_id=OBA_0003493&show_child_trait=false&size=500&page=0""]",PUDPP2
hair,27296811,GCST005191,29220522,"[""OBA_0003493""]","[""strict""]",https://www.ebi.ac.uk/gwas/rest/api/v2/associations/27296811,"[""https://www.ebi.ac.uk/gwas/rest/api/v2/associations?efo_id=OBA_0003493&show_child_trait=false&size=500&page=0""]",RPTN
hair,27296815,GCST005191,29220522,"[""OBA_0003493""]","[""strict""]",https://www.ebi.ac.uk/gwas/rest/api/v2/associations/27296815,"[""https://www.ebi.ac.uk/gwas/rest/api/v2/associations?efo_id=OBA_0003493&show_child_trait=false&size=500&page=0""]",ADD2
hair,27296815,GCST005191,29220522,"[""OBA_0003493""]","[""strict""]",https://www.ebi.ac.uk/gwas/rest/api/v2/associations/27296815,"[""https://www.ebi.ac.uk/gwas/rest/api/v2/associations?efo_id=OBA_0003493&show_child_trait=false&size=500&page=0""]",TGFA
hair,27296819,GCST005191,29220522,"[""OBA_0003493""]","[""strict""]",https://www.ebi.ac.uk/gwas/rest/api/v2/associations/27296819,"[""https://www.ebi.ac.uk/gwas/rest/api/v2/associations?efo_id=OBA_0003493&show_child_trait=false&size=500&page=0""]",CDK5R2-AS1
hair,27296823,GCST005191,29220522,"[""OBA_0003493""]","[""strict""]",https://www.ebi.ac.uk/gwas/rest/api/v2/associations/27296823,"[""https://www.ebi.ac.uk/gwas/rest/api/v2/associations?efo_id=OBA_0003493&show_child_trait=false&size=500&page=0""]",FRAS1
hair,27296827,GCST005191,29220522,"[""OBA_0003493""]","[""strict""]",https://www.ebi.ac.uk/gwas/rest/api/v2/associations/27296827,"[""https://www.ebi.ac.uk/gwas/rest/api/v2/associations?efo_id=OBA_0003493&show_child_trait=false&size=500&page=0""]",KRT8P37
hair,27296827,GCST005191,29220522,"[""OBA_0003493""]","[""strict""]",https://www.ebi.ac.uk/gwas/rest/api/v2/associations/27296827,"[""https://www.ebi.ac.uk/gwas/rest/api/v2/associations?efo_id=OBA_0003493&show_child_trait=false&size=500&page=0""]",LINC00708
hair,27296831,GCST005191,29220522,"[""OBA_0003493""]","[""strict""]",https://www.ebi.ac.uk/gwas/rest/api/v2/associations/27296831,"[""https://www.ebi.ac.uk/gwas/rest/api/v2/associations?efo_id=OBA_0003493&show_child_trait=false&size=500&page=0""]",CISTR
hair,27296831,GCST005191,29220522,"[""OBA_0003493""]","[""strict""]",https://www.ebi.ac.uk/gwas/rest/api/v2/associations/27296831,"[""https://www.ebi.ac.uk/gwas/rest/api/v2/associations?efo_id=OBA_0003493&show_child_trait=false&size=500&page=0""]",RN7SKP289
hair,27296835,GCST005191,29220522,"[""OBA_0003493""]","[""strict""]",https://www.ebi.ac.uk/gwas/rest/api/v2/associations/27296835,"[""https://www.ebi.ac.uk/gwas/rest/api/v2/associations?efo_id=OBA_0003493&show_child_trait=false&size=500&page=0""]",KRTAP2-3
hair,27296835,GCST005191,29220522,"[""OBA_0003493""]","[""strict""]",https://www.ebi.ac.uk/gwas/rest/api/v2/associations/27296835,"[""https://www.ebi.ac.uk/gwas/rest/api/v2/associations?efo_id=OBA_0003493&show_child_trait=false&size=500&page=0""]",KRTAP2-4
hair,27296840,GCST005191,29220522,"[""OBA_0003493""]","[""strict""]",https://www.ebi.ac.uk/gwas/rest/api/v2/associations/27296840,"[""https://www.ebi.ac.uk/gwas/rest/api/v2/associations?efo_id=OBA_0003493&show_child_trait=false&size=500&page=0""]",PTK6
hair,27296844,GCST005191,29220522,"[""OBA_0003493""]","[""strict""]",https://www.ebi.ac.uk/gwas/rest/api/v2/associations/27296844,"[""https://www.ebi.ac.uk/gwas/rest/api/v2/associations?efo_id=OBA_0003493&show_child_trait=false&size=500&page=0""]",TCHH
hair,31658821,GCST006093,29895819,"[""OBA_2050112""]","[""broad""]",https://www.ebi.ac.uk/gwas/rest/api/v2/associations/31658821,"[""https://www.ebi.ac.uk/gwas/rest/api/v2/associations?efo_id=OBA_2050112&show_child_trait=false&size=500&page=0""]",EDAR
hair,31658835,GCST006094,29895819,"[""OBA_VT0000367""]","[""strict""]",https://www.ebi.ac.uk/gwas/rest/api/v2/associations/31658835,"[""https://www.ebi.ac.uk/gwas/rest/api/v2/associations?efo_id=OBA_VT0000367&show_child_trait=false&size=500&page=0""]",EDAR
hair,31658853,GCST006095,29895819,"[""HP_0001007""]","[""broad""]",https://www.ebi.ac.uk/gwas/rest/api/v2/associations/31658853,"[""https://www.ebi.ac.uk/gwas/rest/api/v2/associations?efo_id=HP_0001007&show_child_trait=false&size=500&page=0""]",TBX15
hair,31658859,GCST006095,29895819,"[""HP_0001007""]","[""broad""]",https://www.ebi.ac.uk/gwas/rest/api/v2/associations/31658859,"[""https://www.ebi.ac.uk/gwas/rest/api/v2/associations?efo_id=HP_0001007&show_child_trait=false&size=500&page=0""]",LIMS1
hair,31658865,GCST006095,29895819,"[""HP_0001007""]","[""broad""]",https://www.ebi.ac.uk/gwas/rest/api/v2/associations/31658865,"[""https://www.ebi.ac.uk/gwas/rest/api/v2/associations?efo_id=HP_0001007&show_child_trait=false&size=500&page=0""]",BCL2
hair,31658870,GCST006095,29895819,"[""HP_0001007""]","[""broad""]",https://www.ebi.ac.uk/gwas/rest/api/v2/associations/31658870,"[""https://www.ebi.ac.uk/gwas/rest/api/v2/associations?efo_id=HP_0001007&show_child_trait=false&size=500&page=0""]",SOX2-OT
hair,31658874,GCST006095,29895819,"[""HP_0001007""]","[""broad""]",https://www.ebi.ac.uk/gwas/rest/api/v2/associations/31658874,"[""https://www.ebi.ac.uk/gwas/rest/api/v2/associations?efo_id=HP_0001007&show_child_trait=false&size=500&page=0""]",CIROZ
hair,31658878,GCST006095,29895819,"[""HP_0001007""]","[""broad""]",https://www.ebi.ac.uk/gwas/rest/api/v2/associations/31658878,"[""https://www.ebi.ac.uk/gwas/rest/api/v2/associations?efo_id=HP_0001007&show_child_trait=false&size=500&page=0""]",ALX4
hair,35113705,GCST006468,27487801,"[""EFO_0005038""]","[""strict""]",https://www.ebi.ac.uk/gwas/rest/api/v2/associations/35113705,"[""https://www.ebi.ac.uk/gwas/rest/api/v2/associations?efo_id=EFO_0005038&show_child_trait=false&size=500&page=0""]",EDAR
hair,35113884,GCST006468,27487801,"[""EFO_0005038""]","[""strict""]",https://www.ebi.ac.uk/gwas/rest/api/v2/associations/35113884,"[""https://www.ebi.ac.uk/gwas/rest/api/v2/associations?efo_id=EFO_0005038&show_child_trait=false&size=500&page=0""]",EDAR
hair,35704971,GCST006706,30248107,"[""OBA_2050112""]","[""broad""]",https://www.ebi.ac.uk/gwas/rest/api/v2/associations/35704971,"[""https://www.ebi.ac.uk/gwas/rest/api/v2/associations?efo_id=OBA_2050112&show_child_trait=false&size=500&page=0""]",LIMS1
hair,35704976,GCST006706,30248107,"[""OBA_2050112""]","[""broad""]",https://www.ebi.ac.uk/gwas/rest/api/v2/associations/35704976,"[""https://www.ebi.ac.uk/gwas/rest/api/v2/associations?efo_id=OBA_2050112&show_child_trait=false&size=500&page=0""]",FOXL2NB
hair,35704976,GCST006706,30248107,"[""OBA_2050112""]","[""broad""]",https://www.ebi.ac.uk/gwas/rest/api/v2/associations/35704976,"[""https://www.ebi.ac.uk/gwas/rest/api/v2/associations?efo_id=OBA_2050112&show_child_trait=false&size=500&page=0""]",PRR23A
hair,35704981,GCST006706,30248107,"[""OBA_2050112""]","[""broad""]",https://www.ebi.ac.uk/gwas/rest/api/v2/associations/35704981,"[""https://www.ebi.ac.uk/gwas/rest/api/v2/associations?efo_id=OBA_2050112&show_child_trait=false&size=500&page=0""]",SOX2-OT
hair,35704986,GCST006706,30248107,"[""OBA_2050112""]","[""broad""]",https://www.ebi.ac.uk/gwas/rest/api/v2/associations/35704986,"[""https://www.ebi.ac.uk/gwas/rest/api/v2/associations?efo_id=OBA_2050112&show_child_trait=false&size=500&page=0""]",LINC02230
hair,35704986,GCST006706,30248107,"[""OBA_2050112""]","[""broad""]",https://www.ebi.ac.uk/gwas/rest/api/v2/associations/35704986,"[""https://www.ebi.ac.uk/gwas/rest/api/v2/associations?efo_id=OBA_2050112&show_child_trait=false&size=500&page=0""]",TMEM174
hair,41334451,GCST007486,30166351,"[""OBA_VT0000367""]","[""strict""]",https://www.ebi.ac.uk/gwas/rest/api/v2/associations/41334451,"[""https://www.ebi.ac.uk/gwas/rest/api/v2/associations?efo_id=OBA_VT0000367&show_child_trait=false&size=500&page=0""]",HERC2
hair,41334456,GCST007486,30166351,"[""OBA_VT0000367""]","[""strict""]",https://www.ebi.ac.uk/gwas/rest/api/v2/associations/41334456,"[""https://www.ebi.ac.uk/gwas/rest/api/v2/associations?efo_id=OBA_VT0000367&show_child_trait=false&size=500&page=0""]",IRF4
hair,41334461,GCST007486,30166351,"[""OBA_VT0000367""]","[""strict""]",https://www.ebi.ac.uk/gwas/rest/api/v2/associations/41334461,"[""https://www.ebi.ac.uk/gwas/rest/api/v2/associations?efo_id=OBA_VT0000367&show_child_trait=false&size=500&page=0""]",SLC45A2
hair,41334466,GCST007486,30166351,"[""OBA_VT0000367""]","[""strict""]",https://www.ebi.ac.uk/gwas/rest/api/v2/associations/41334466,"[""https://www.ebi.ac.uk/gwas/rest/api/v2/associations?efo_id=OBA_VT0000367&show_child_trait=false&size=500&page=0""]",NPLOC4
hair,41334466,GCST007486,30166351,"[""OBA_VT0000367""]","[""strict""]",https://www.ebi.ac.uk/gwas/rest/api/v2/associations/41334466,"[""https://www.ebi.ac.uk/gwas/rest/api/v2/associations?efo_id=OBA_VT0000367&show_child_trait=false&size=500&page=0""]",TSPAN10
hair,41334471,GCST007486,30166351,"[""OBA_VT0000367""]","[""strict""]",https://www.ebi.ac.uk/gwas/rest/api/v2/associations/41334471,"[""https://www.ebi.ac.uk/gwas/rest/api/v2/associations?efo_id=OBA_VT0000367&show_child_trait=false&size=500&page=0""]",HERC2
hair,41334476,GCST007486,30166351,"[""OBA_VT0000367""]","[""strict""]",https://www.ebi.ac.uk/gwas/rest/api/v2/associations/41334476,"[""https://www.ebi.ac.uk/gwas/rest/api/v2/associations?efo_id=OBA_VT0000367&show_child_trait=false&size=500&page=0""]",HERC2
hair,41334481,GCST007486,30166351,"[""OBA_VT0000367""]","[""strict""]",https://www.ebi.ac.uk/gwas/rest/api/v2/associations/41334481,"[""https://www.ebi.ac.uk/gwas/rest/api/v2/associations?efo_id=OBA_VT0000367&show_child_trait=false&size=500&page=0""]",SLC45A2
hair,41334486,GCST007486,30166351,"[""OBA_VT0000367""]","[""strict""]",https://www.ebi.ac.uk/gwas/rest/api/v2/associations/41334486,"[""https://www.ebi.ac.uk/gwas/rest/api/v2/associations?efo_id=OBA_VT0000367&show_child_trait=false&size=500&page=0""]",IRF4
hair,41334491,GCST007486,30166351,"[""OBA_VT0000367""]","[""strict""]",https://www.ebi.ac.uk/gwas/rest/api/v2/associations/41334491,"[""https://www.ebi.ac.uk/gwas/rest/api/v2/associations?efo_id=OBA_VT0000367&show_child_trait=false&size=500&page=0""]",SLC45A2
hair,41334496,GCST007486,30166351,"[""OBA_VT0000367""]","[""strict""]",https://www.ebi.ac.uk/gwas/rest/api/v2/associations/41334496,"[""https://www.ebi.ac.uk/gwas/rest/api/v2/associations?efo_id=OBA_VT0000367&show_child_trait=false&size=500&page=0""]",FANCA
hair,41334501,GCST007486,30166351,"[""OBA_VT0000367""]","[""strict""]",https://www.ebi.ac.uk/gwas/rest/api/v2/associations/41334501,"[""https://www.ebi.ac.uk/gwas/rest/api/v2/associations?efo_id=OBA_VT0000367&show_child_trait=false&size=500&page=0""]",HERC2
hair,41334506,GCST007486,30166351,"[""OBA_VT0000367""]","[""strict""]",https://www.ebi.ac.uk/gwas/rest/api/v2/associations/41334506,"[""https://www.ebi.ac.uk/gwas/rest/api/v2/associations?efo_id=OBA_VT0000367&show_child_trait=false&size=500&page=0""]",HERC2
hair,41334511,GCST007486,30166351,"[""OBA_VT0000367""]","[""strict""]",https://www.ebi.ac.uk/gwas/rest/api/v2/associations/41334511,"[""https://www.ebi.ac.uk/gwas/rest/api/v2/associations?efo_id=OBA_VT0000367&show_child_trait=false&size=500&page=0""]",MC1R
hair,41334516,GCST007486,30166351,"[""OBA_VT0000367""]","[""strict""]",https://www.ebi.ac.uk/gwas/rest/api/v2/associations/41334516,"[""https://www.ebi.ac.uk/gwas/rest/api/v2/associations?efo_id=OBA_VT0000367&show_child_trait=false&size=500&page=0""]",SLC45A2
hair,41334521,GCST007486,30166351,"[""OBA_VT0000367""]","[""strict""]",https://www.ebi.ac.uk/gwas/rest/api/v2/associations/41334521,"[""https://www.ebi.ac.uk/gwas/rest/api/v2/associations?efo_id=OBA_VT0000367&show_child_trait=false&size=500&page=0""]",FANCA
hair,41334526,GCST007486,30166351,"[""OBA_VT0000367""]","[""strict""]",https://www.ebi.ac.uk/gwas/rest/api/v2/associations/41334526,"[""https://www.ebi.ac.uk/gwas/rest/api/v2/associations?efo_id=OBA_VT0000367&show_child_trait=false&size=500&page=0""]",MC1R
hair,41334531,GCST007486,30166351,"[""OBA_VT0000367""]","[""strict""]",https://www.ebi.ac.uk/gwas/rest/api/v2/associations/41334531,"[""https://www.ebi.ac.uk/gwas/rest/api/v2/associations?efo_id=OBA_VT0000367&show_child_trait=false&size=500&page=0""]",RPL13
hair,41334531,GCST007486,30166351,"[""OBA_VT0000367""]","[""strict""]",https://www.ebi.ac.uk/gwas/rest/api/v2/associations/41334531,"[""https://www.ebi.ac.uk/gwas/rest/api/v2/associations?efo_id=OBA_VT0000367&show_child_trait=false&size=500&page=0""]",SPG7
hair,41334536,GCST007486,30166351,"[""OBA_VT0000367""]","[""strict""]",https://www.ebi.ac.uk/gwas/rest/api/v2/associations/41334536,"[""https://www.ebi.ac.uk/gwas/rest/api/v2/associations?efo_id=OBA_VT0000367&show_child_trait=false&size=500&page=0""]",FANCA
hair,41334541,GCST007486,30166351,"[""OBA_VT0000367""]","[""strict""]",https://www.ebi.ac.uk/gwas/rest/api/v2/associations/41334541,"[""https://www.ebi.ac.uk/gwas/rest/api/v2/associations?efo_id=OBA_VT0000367&show_child_trait=false&size=500&page=0""]",HERC2
hair,41334546,GCST007486,30166351,"[""OBA_VT0000367""]","[""strict""]",https://www.ebi.ac.uk/gwas/rest/api/v2/associations/41334546,"[""https://www.ebi.ac.uk/gwas/rest/api/v2/associations?efo_id=OBA_VT0000367&show_child_trait=false&size=500&page=0""]",HERC2
hair,41334551,GCST007486,30166351,"[""OBA_VT0000367""]","[""strict""]",https://www.ebi.ac.uk/gwas/rest/api/v2/associations/41334551,"[""https://www.ebi.ac.uk/gwas/rest/api/v2/associations?efo_id=OBA_VT0000367&show_child_trait=false&size=500&page=0""]",IRF4
hair,41334556,GCST007486,30166351,"[""OBA_VT0000367""]","[""strict""]",https://www.ebi.ac.uk/gwas/rest/api/v2/associations/41334556,"[""https://www.ebi.ac.uk/gwas/rest/api/v2/associations?efo_id=OBA_VT0000367&show_child_trait=false&size=500&page=0""]",MC1R
hair,41334561,GCST007486,30166351,"[""OBA_VT0000367""]","[""strict""]",https://www.ebi.ac.uk/gwas/rest/api/v2/associations/41334561,"[""https://www.ebi.ac.uk/gwas/rest/api/v2/associations?efo_id=OBA_VT0000367&show_child_trait=false&size=500&page=0""]",SLC45A2
hair,41334566,GCST007486,30166351,"[""OBA_VT0000367""]","[""strict""]",https://www.ebi.ac.uk/gwas/rest/api/v2/associations/41334566,"[""https://www.ebi.ac.uk/gwas/rest/api/v2/associations?efo_id=OBA_VT0000367&show_child_trait=false&size=500&page=0""]",NPLOC4
hair,41334566,GCST007486,30166351,"[""OBA_VT0000367""]","[""strict""]",https://www.ebi.ac.uk/gwas/rest/api/v2/associations/41334566,"[""https://www.ebi.ac.uk/gwas/rest/api/v2/associations?efo_id=OBA_VT0000367&show_child_trait=false&size=500&page=0""]",TSPAN10
hair,41334571,GCST007486,30166351,"[""OBA_VT0000367""]","[""strict""]",https://www.ebi.ac.uk/gwas/rest/api/v2/associations/41334571,"[""https://www.ebi.ac.uk/gwas/rest/api/v2/associations?efo_id=OBA_VT0000367&show_child_trait=false&size=500&page=0""]",FANCA
hair,41334576,GCST007486,30166351,"[""OBA_VT0000367""]","[""strict""]",https://www.ebi.ac.uk/gwas/rest/api/v2/associations/41334576,"[""https://www.ebi.ac.uk/gwas/rest/api/v2/associations?efo_id=OBA_VT0000367&show_child_trait=false&size=500&page=0""]",HERC2
hair,41334581,GCST007486,30166351,"[""OBA_VT0000367""]","[""strict""]",https://www.ebi.ac.uk/gwas/rest/api/v2/associations/41334581,"[""https://www.ebi.ac.uk/gwas/rest/api/v2/associations?efo_id=OBA_VT0000367&show_child_trait=false&size=500&page=0""]",HERC2
hair,41334586,GCST007486,30166351,"[""OBA_VT0000367""]","[""strict""]",https://www.ebi.ac.uk/gwas/rest/api/v2/associations/41334586,"[""https://www.ebi.ac.uk/gwas/rest/api/v2/associations?efo_id=OBA_VT0000367&show_child_trait=false&size=500&page=0""]",IRF4
hair,41334591,GCST007486,30166351,"[""OBA_VT0000367""]","[""strict""]",https://www.ebi.ac.uk/gwas/rest/api/v2/associations/41334591,"[""https://www.ebi.ac.uk/gwas/rest/api/v2/associations?efo_id=OBA_VT0000367&show_child_trait=false&size=500&page=0""]",RNU6-366P
hair,41334591,GCST007486,30166351,"[""OBA_VT0000367""]","[""strict""]",https://www.ebi.ac.uk/gwas/rest/api/v2/associations/41334591,"[""https://www.ebi.ac.uk/gwas/rest/api/v2/associations?efo_id=OBA_VT0000367&show_child_trait=false&size=500&page=0""]",SLC24A4
hair,41334597,GCST007486,30166351,"[""OBA_VT0000367""]","[""strict""]",https://www.ebi.ac.uk/gwas/rest/api/v2/associations/41334597,"[""https://www.ebi.ac.uk/gwas/rest/api/v2/associations?efo_id=OBA_VT0000367&show_child_trait=false&size=500&page=0""]",MC1R
hair,41334602,GCST007486,30166351,"[""OBA_VT0000367""]","[""strict""]",https://www.ebi.ac.uk/gwas/rest/api/v2/associations/41334602,"[""https://www.ebi.ac.uk/gwas/rest/api/v2/associations?efo_id=OBA_VT0000367&show_child_trait=false&size=500&page=0""]",SLC45A2
hair,41334607,GCST007486,30166351,"[""OBA_VT0000367""]","[""broad""]",https://www.ebi.ac.uk/gwas/rest/api/v2/associations/41334607,"[""https://www.ebi.ac.uk/gwas/rest/api/v2/associations?efo_id=OBA_VT0000367&show_child_trait=false&size=500&page=0""]",LINC01432
hair,41334612,GCST007486,30166351,"[""OBA_VT0000367""]","[""broad""]",https://www.ebi.ac.uk/gwas/rest/api/v2/associations/41334612,"[""https://www.ebi.ac.uk/gwas/rest/api/v2/associations?efo_id=OBA_VT0000367&show_child_trait=false&size=500&page=0""]",LINC01432
hair,63771279,GCST011641,33190678,"[""OBA_VT0000367""]","[""strict""]",https://www.ebi.ac.uk/gwas/rest/api/v2/associations/63771279,"[""https://www.ebi.ac.uk/gwas/rest/api/v2/associations?efo_id=OBA_VT0000367&show_child_trait=false&size=500&page=0""]",S100A11
hair,63771279,GCST011641,33190678,"[""OBA_VT0000367""]","[""strict""]",https://www.ebi.ac.uk/gwas/rest/api/v2/associations/63771279,"[""https://www.ebi.ac.uk/gwas/rest/api/v2/associations?efo_id=OBA_VT0000367&show_child_trait=false&size=500&page=0""]",SPTLC1P4
hair,63771285,GCST011641,33190678,"[""OBA_VT0000367""]","[""strict""]",https://www.ebi.ac.uk/gwas/rest/api/v2/associations/63771285,"[""https://www.ebi.ac.uk/gwas/rest/api/v2/associations?efo_id=OBA_VT0000367&show_child_trait=false&size=500&page=0""]",CCDST
hair,63771285,GCST011641,33190678,"[""OBA_VT0000367""]","[""strict""]",https://www.ebi.ac.uk/gwas/rest/api/v2/associations/63771285,"[""https://www.ebi.ac.uk/gwas/rest/api/v2/associations?efo_id=OBA_VT0000367&show_child_trait=false&size=500&page=0""]",RPTN
hair,63771291,GCST011641,33190678,"[""OBA_VT0000367""]","[""strict""]",https://www.ebi.ac.uk/gwas/rest/api/v2/associations/63771291,"[""https://www.ebi.ac.uk/gwas/rest/api/v2/associations?efo_id=OBA_VT0000367&show_child_trait=false&size=500&page=0""]",LINC01724
hair,63771291,GCST011641,33190678,"[""OBA_VT0000367""]","[""strict""]",https://www.ebi.ac.uk/gwas/rest/api/v2/associations/63771291,"[""https://www.ebi.ac.uk/gwas/rest/api/v2/associations?efo_id=OBA_VT0000367&show_child_trait=false&size=500&page=0""]",RNU6-983P
hair,63771297,GCST011641,33190678,"[""OBA_VT0000367""]","[""strict""]",https://www.ebi.ac.uk/gwas/rest/api/v2/associations/63771297,"[""https://www.ebi.ac.uk/gwas/rest/api/v2/associations?efo_id=OBA_VT0000367&show_child_trait=false&size=500&page=0""]",LINC01956
hair,63771297,GCST011641,33190678,"[""OBA_VT0000367""]","[""strict""]",https://www.ebi.ac.uk/gwas/rest/api/v2/associations/63771297,"[""https://www.ebi.ac.uk/gwas/rest/api/v2/associations?efo_id=OBA_VT0000367&show_child_trait=false&size=500&page=0""]",THORLNC
hair,63771303,GCST011641,33190678,"[""OBA_VT0000367""]","[""strict""]",https://www.ebi.ac.uk/gwas/rest/api/v2/associations/63771303,"[""https://www.ebi.ac.uk/gwas/rest/api/v2/associations?efo_id=OBA_VT0000367&show_child_trait=false&size=500&page=0""]",CPO
hair,63771303,GCST011641,33190678,"[""OBA_VT0000367""]","[""strict""]",https://www.ebi.ac.uk/gwas/rest/api/v2/associations/63771303,"[""https://www.ebi.ac.uk/gwas/rest/api/v2/associations?efo_id=OBA_VT0000367&show_child_trait=false&size=500&page=0""]",KLF7
hair,63771309,GCST011641,33190678,"[""OBA_VT0000367""]","[""strict""]",https://www.ebi.ac.uk/gwas/rest/api/v2/associations/63771309,"[""https://www.ebi.ac.uk/gwas/rest/api/v2/associations?efo_id=OBA_VT0000367&show_child_trait=false&size=500&page=0""]",CACNA2D3
hair,63771315,GCST011641,33190678,"[""OBA_VT0000367""]","[""strict""]",https://www.ebi.ac.uk/gwas/rest/api/v2/associations/63771315,"[""https://www.ebi.ac.uk/gwas/rest/api/v2/associations?efo_id=OBA_VT0000367&show_child_trait=false&size=500&page=0""]",OSBPL11
hair,63771315,GCST011641,33190678,"[""OBA_VT0000367""]","[""strict""]",https://www.ebi.ac.uk/gwas/rest/api/v2/associations/63771315,"[""https://www.ebi.ac.uk/gwas/rest/api/v2/associations?efo_id=OBA_VT0000367&show_child_trait=false&size=500&page=0""]",YTHDF3P1
hair,63771321,GCST011641,33190678,"[""OBA_VT0000367""]","[""strict""]",https://www.ebi.ac.uk/gwas/rest/api/v2/associations/63771321,"[""https://www.ebi.ac.uk/gwas/rest/api/v2/associations?efo_id=OBA_VT0000367&show_child_trait=false&size=500&page=0""]",FBXL7
hair,63771327,GCST011641,33190678,"[""OBA_VT0000367""]","[""strict""]",https://www.ebi.ac.uk/gwas/rest/api/v2/associations/63771327,"[""https://www.ebi.ac.uk/gwas/rest/api/v2/associations?efo_id=OBA_VT0000367&show_child_trait=false&size=500&page=0""]",MCTP1
hair,63771327,GCST011641,33190678,"[""OBA_VT0000367""]","[""strict""]",https://www.ebi.ac.uk/gwas/rest/api/v2/associations/63771327,"[""https://www.ebi.ac.uk/gwas/rest/api/v2/associations?efo_id=OBA_VT0000367&show_child_trait=false&size=500&page=0""]",SLF1
hair,63771333,GCST011641,33190678,"[""OBA_VT0000367""]","[""strict""]",https://www.ebi.ac.uk/gwas/rest/api/v2/associations/63771333,"[""https://www.ebi.ac.uk/gwas/rest/api/v2/associations?efo_id=OBA_VT0000367&show_child_trait=false&size=500&page=0""]",THSD7A
hair,63771339,GCST011641,33190678,"[""OBA_VT0000367""]","[""strict""]",https://www.ebi.ac.uk/gwas/rest/api/v2/associations/63771339,"[""https://www.ebi.ac.uk/gwas/rest/api/v2/associations?efo_id=OBA_VT0000367&show_child_trait=false&size=500&page=0""]",AOAH
hair,63771345,GCST011641,33190678,"[""OBA_VT0000367""]","[""strict""]",https://www.ebi.ac.uk/gwas/rest/api/v2/associations/63771345,"[""https://www.ebi.ac.uk/gwas/rest/api/v2/associations?efo_id=OBA_VT0000367&show_child_trait=false&size=500&page=0""]",PRAG1
hair,63771351,GCST011641,33190678,"[""OBA_VT0000367""]","[""strict""]",https://www.ebi.ac.uk/gwas/rest/api/v2/associations/63771351,"[""https://www.ebi.ac.uk/gwas/rest/api/v2/associations?efo_id=OBA_VT0000367&show_child_trait=false&size=500&page=0""]",MSC-AS1
hair,63771357,GCST011641,33190678,"[""OBA_VT0000367""]","[""strict""]",https://www.ebi.ac.uk/gwas/rest/api/v2/associations/63771357,"[""https://www.ebi.ac.uk/gwas/rest/api/v2/associations?efo_id=OBA_VT0000367&show_child_trait=false&size=500&page=0""]",DOCK8-AS2
hair,63771357,GCST011641,33190678,"[""OBA_VT0000367""]","[""strict""]",https://www.ebi.ac.uk/gwas/rest/api/v2/associations/63771357,"[""https://www.ebi.ac.uk/gwas/rest/api/v2/associations?efo_id=OBA_VT0000367&show_child_trait=false&size=500&page=0""]",KANK1
hair,63771363,GCST011641,33190678,"[""OBA_VT0000367""]","[""strict""]",https://www.ebi.ac.uk/gwas/rest/api/v2/associations/63771363,"[""https://www.ebi.ac.uk/gwas/rest/api/v2/associations?efo_id=OBA_VT0000367&show_child_trait=false&size=500&page=0""]",LINC01505
hair,63771369,GCST011641,33190678,"[""OBA_VT0000367""]","[""strict""]",https://www.ebi.ac.uk/gwas/rest/api/v2/associations/63771369,"[""https://www.ebi.ac.uk/gwas/rest/api/v2/associations?efo_id=OBA_VT0000367&show_child_trait=false&size=500&page=0""]",ADARB2
hair,63771375,GCST011641,33190678,"[""OBA_VT0000367""]","[""strict""]",https://www.ebi.ac.uk/gwas/rest/api/v2/associations/63771375,"[""https://www.ebi.ac.uk/gwas/rest/api/v2/associations?efo_id=OBA_VT0000367&show_child_trait=false&size=500&page=0""]",FRMD4A
hair,63771381,GCST011641,33190678,"[""OBA_VT0000367""]","[""strict""]",https://www.ebi.ac.uk/gwas/rest/api/v2/associations/63771381,"[""https://www.ebi.ac.uk/gwas/rest/api/v2/associations?efo_id=OBA_VT0000367&show_child_trait=false&size=500&page=0""]",NRG3
hair,63771381,GCST011641,33190678,"[""OBA_VT0000367""]","[""strict""]",https://www.ebi.ac.uk/gwas/rest/api/v2/associations/63771381,"[""https://www.ebi.ac.uk/gwas/rest/api/v2/associations?efo_id=OBA_VT0000367&show_child_trait=false&size=500&page=0""]",RPA2P2
hair,63771387,GCST011641,33190678,"[""OBA_VT0000367""]","[""strict""]",https://www.ebi.ac.uk/gwas/rest/api/v2/associations/63771387,"[""https://www.ebi.ac.uk/gwas/rest/api/v2/associations?efo_id=OBA_VT0000367&show_child_trait=false&size=500&page=0""]",LINC02151
hair,63771393,GCST011641,33190678,"[""OBA_VT0000367""]","[""strict""]",https://www.ebi.ac.uk/gwas/rest/api/v2/associations/63771393,"[""https://www.ebi.ac.uk/gwas/rest/api/v2/associations?efo_id=OBA_VT0000367&show_child_trait=false&size=500&page=0""]",KIRREL3
hair,63771399,GCST011641,33190678,"[""OBA_VT0000367""]","[""strict""]",https://www.ebi.ac.uk/gwas/rest/api/v2/associations/63771399,"[""https://www.ebi.ac.uk/gwas/rest/api/v2/associations?efo_id=OBA_VT0000367&show_child_trait=false&size=500&page=0""]",SSPN
hair,63771405,GCST011641,33190678,"[""OBA_VT0000367""]","[""strict""]",https://www.ebi.ac.uk/gwas/rest/api/v2/associations/63771405,"[""https://www.ebi.ac.uk/gwas/rest/api/v2/associations?efo_id=OBA_VT0000367&show_child_trait=false&size=500&page=0""]",KRT71
hair,63771411,GCST011641,33190678,"[""OBA_VT0000367""]","[""strict""]",https://www.ebi.ac.uk/gwas/rest/api/v2/associations/63771411,"[""https://www.ebi.ac.uk/gwas/rest/api/v2/associations?efo_id=OBA_VT0000367&show_child_trait=false&size=500&page=0""]",PLXNC1
hair,63771417,GCST011641,33190678,"[""OBA_VT0000367""]","[""strict""]",https://www.ebi.ac.uk/gwas/rest/api/v2/associations/63771417,"[""https://www.ebi.ac.uk/gwas/rest/api/v2/associations?efo_id=OBA_VT0000367&show_child_trait=false&size=500&page=0""]",CEP83
hair,63771423,GCST011641,33190678,"[""OBA_VT0000367""]","[""strict""]",https://www.ebi.ac.uk/gwas/rest/api/v2/associations/63771423,"[""https://www.ebi.ac.uk/gwas/rest/api/v2/associations?efo_id=OBA_VT0000367&show_child_trait=false&size=500&page=0""]",LRRC43
hair,63771423,GCST011641,33190678,"[""OBA_VT0000367""]","[""strict""]",https://www.ebi.ac.uk/gwas/rest/api/v2/associations/63771423,"[""https://www.ebi.ac.uk/gwas/rest/api/v2/associations?efo_id=OBA_VT0000367&show_child_trait=false&size=500&page=0""]",MLXIP
hair,63771429,GCST011641,33190678,"[""OBA_VT0000367""]","[""strict""]",https://www.ebi.ac.uk/gwas/rest/api/v2/associations/63771429,"[""https://www.ebi.ac.uk/gwas/rest/api/v2/associations?efo_id=OBA_VT0000367&show_child_trait=false&size=500&page=0""]",CLIP1
hair,63771429,GCST011641,33190678,"[""OBA_VT0000367""]","[""strict""]",https://www.ebi.ac.uk/gwas/rest/api/v2/associations/63771429,"[""https://www.ebi.ac.uk/gwas/rest/api/v2/associations?efo_id=OBA_VT0000367&show_child_trait=false&size=500&page=0""]",ZCCHC8
hair,63771435,GCST011641,33190678,"[""OBA_VT0000367""]","[""strict""]",https://www.ebi.ac.uk/gwas/rest/api/v2/associations/63771435,"[""https://www.ebi.ac.uk/gwas/rest/api/v2/associations?efo_id=OBA_VT0000367&show_child_trait=false&size=500&page=0""]",TNFRSF19
hair,63771441,GCST011641,33190678,"[""OBA_VT0000367""]","[""strict""]",https://www.ebi.ac.uk/gwas/rest/api/v2/associations/63771441,"[""https://www.ebi.ac.uk/gwas/rest/api/v2/associations?efo_id=OBA_VT0000367&show_child_trait=false&size=500&page=0""]",WWOX
hair,63771447,GCST011641,33190678,"[""OBA_VT0000367""]","[""strict""]",https://www.ebi.ac.uk/gwas/rest/api/v2/associations/63771447,"[""https://www.ebi.ac.uk/gwas/rest/api/v2/associations?efo_id=OBA_VT0000367&show_child_trait=false&size=500&page=0""]",CCR7
hair,63771447,GCST011641,33190678,"[""OBA_VT0000367""]","[""strict""]",https://www.ebi.ac.uk/gwas/rest/api/v2/associations/63771447,"[""https://www.ebi.ac.uk/gwas/rest/api/v2/associations?efo_id=OBA_VT0000367&show_child_trait=false&size=500&page=0""]",SMARCE1
hair,63771453,GCST011641,33190678,"[""OBA_VT0000367""]","[""strict""]",https://www.ebi.ac.uk/gwas/rest/api/v2/associations/63771453,"[""https://www.ebi.ac.uk/gwas/rest/api/v2/associations?efo_id=OBA_VT0000367&show_child_trait=false&size=500&page=0""]",RPTOR
hair,63771459,GCST011641,33190678,"[""OBA_VT0000367""]","[""strict""]",https://www.ebi.ac.uk/gwas/rest/api/v2/associations/63771459,"[""https://www.ebi.ac.uk/gwas/rest/api/v2/associations?efo_id=OBA_VT0000367&show_child_trait=false&size=500&page=0""]",LINC02879
hair,63771459,GCST011641,33190678,"[""OBA_VT0000367""]","[""strict""]",https://www.ebi.ac.uk/gwas/rest/api/v2/associations/63771459,"[""https://www.ebi.ac.uk/gwas/rest/api/v2/associations?efo_id=OBA_VT0000367&show_child_trait=false&size=500&page=0""]",MIR302F
hair,63771465,GCST011641,33190678,"[""OBA_VT0000367""]","[""strict""]",https://www.ebi.ac.uk/gwas/rest/api/v2/associations/63771465,"[""https://www.ebi.ac.uk/gwas/rest/api/v2/associations?efo_id=OBA_VT0000367&show_child_trait=false&size=500&page=0""]",CCDC102B
hair,63771472,GCST011640,33190678,"[""OBA_VT0000367""]","[""strict""]",https://www.ebi.ac.uk/gwas/rest/api/v2/associations/63771472,"[""https://www.ebi.ac.uk/gwas/rest/api/v2/associations?efo_id=OBA_VT0000367&show_child_trait=false&size=500&page=0""]",TCHH
hair,63771478,GCST011640,33190678,"[""OBA_VT0000367""]","[""strict""]",https://www.ebi.ac.uk/gwas/rest/api/v2/associations/63771478,"[""https://www.ebi.ac.uk/gwas/rest/api/v2/associations?efo_id=OBA_VT0000367&show_child_trait=false&size=500&page=0""]",QKI
hair,63771478,GCST011640,33190678,"[""OBA_VT0000367""]","[""strict""]",https://www.ebi.ac.uk/gwas/rest/api/v2/associations/63771478,"[""https://www.ebi.ac.uk/gwas/rest/api/v2/associations?efo_id=OBA_VT0000367&show_child_trait=false&size=500&page=0""]",RN7SL366P
hair,80654538,GCST011640,33190678,"[""OBA_VT0000367""]","[""strict""]",https://www.ebi.ac.uk/gwas/rest/api/v2/associations/80654538,"[""https://www.ebi.ac.uk/gwas/rest/api/v2/associations?efo_id=OBA_VT0000367&show_child_trait=false&size=500&page=0""]",S100A10
hair,80654544,GCST011641,33190678,"[""OBA_VT0000367""]","[""strict""]",https://www.ebi.ac.uk/gwas/rest/api/v2/associations/80654544,"[""https://www.ebi.ac.uk/gwas/rest/api/v2/associations?efo_id=OBA_VT0000367&show_child_trait=false&size=500&page=0""]",KRT8P28
hair,80654544,GCST011641,33190678,"[""OBA_VT0000367""]","[""strict""]",https://www.ebi.ac.uk/gwas/rest/api/v2/associations/80654544,"[""https://www.ebi.ac.uk/gwas/rest/api/v2/associations?efo_id=OBA_VT0000367&show_child_trait=false&size=500&page=0""]",THEM4
hair,93453741,GCST90026488,34265127,"[""OBA_0003493""]","[""strict""]",https://www.ebi.ac.uk/gwas/rest/api/v2/associations/93453741,"[""https://www.ebi.ac.uk/gwas/rest/api/v2/associations?efo_id=OBA_0003493&show_child_trait=false&size=500&page=0""]",EDAR
pigmentation,100653948,GCST90146360,36035146,"[""EFO_0003963""]","[""broad""]",https://www.ebi.ac.uk/gwas/rest/api/v2/associations/100653948,"[""https://www.ebi.ac.uk/gwas/rest/api/v2/associations?efo_id=EFO_0003963&show_child_trait=false&size=500&page=0""]",PPARGC1B
pigmentation,10095334,GCST002785,25705849,"[""OBA_2045282""]","[""strict""]",https://www.ebi.ac.uk/gwas/rest/api/v2/associations/10095334,"[""https://www.ebi.ac.uk/gwas/rest/api/v2/associations?efo_id=OBA_2045282&show_child_trait=false&size=500&page=0""]",IRF4
pigmentation,10095339,GCST002785,25705849,"[""OBA_2045282""]","[""strict""]",https://www.ebi.ac.uk/gwas/rest/api/v2/associations/10095339,"[""https://www.ebi.ac.uk/gwas/rest/api/v2/associations?efo_id=OBA_2045282&show_child_trait=false&size=500&page=0""]",BNC2
pigmentation,10095339,GCST002785,25705849,"[""OBA_2045282""]","[""strict""]",https://www.ebi.ac.uk/gwas/rest/api/v2/associations/10095339,"[""https://www.ebi.ac.uk/gwas/rest/api/v2/associations?efo_id=OBA_2045282&show_child_trait=false&size=500&page=0""]",RN7SL720P
pigmentation,10095403,GCST002785,25705849,"[""OBA_2045282""]","[""strict""]",https://www.ebi.ac.uk/gwas/rest/api/v2/associations/10095403,"[""https://www.ebi.ac.uk/gwas/rest/api/v2/associations?efo_id=OBA_2045282&show_child_trait=false&size=500&page=0""]",SPATA33
pigmentation,10095409,GCST002785,25705849,"[""OBA_2045282""]","[""strict""]",https://www.ebi.ac.uk/gwas/rest/api/v2/associations/10095409,"[""https://www.ebi.ac.uk/gwas/rest/api/v2/associations?efo_id=OBA_2045282&show_child_trait=false&size=500&page=0""]",RALY
pigmentation,103607388,GCST90246327,36536295,"[""OBA_VT0002095""]","[""strict""]",https://www.ebi.ac.uk/gwas/rest/api/v2/associations/103607388,"[""https://www.ebi.ac.uk/gwas/rest/api/v2/associations?efo_id=OBA_VT0002095&show_child_trait=false&size=500&page=0""]",SPIRE2
pigmentation,103607394,GCST90246327,36536295,"[""OBA_VT0002095""]","[""strict""]",https://www.ebi.ac.uk/gwas/rest/api/v2/associations/103607394,"[""https://www.ebi.ac.uk/gwas/rest/api/v2/associations?efo_id=OBA_VT0002095&show_child_trait=false&size=500&page=0""]",DEF8
pigmentation,103607399,GCST90246327,36536295,"[""OBA_VT0002095""]","[""strict""]",https://www.ebi.ac.uk/gwas/rest/api/v2/associations/103607399,"[""https://www.ebi.ac.uk/gwas/rest/api/v2/associations?efo_id=OBA_VT0002095&show_child_trait=false&size=500&page=0""]",MC1R
pigmentation,103607405,GCST90246327,36536295,"[""OBA_VT0002095""]","[""strict""]",https://www.ebi.ac.uk/gwas/rest/api/v2/associations/103607405,"[""https://www.ebi.ac.uk/gwas/rest/api/v2/associations?efo_id=OBA_VT0002095&show_child_trait=false&size=500&page=0""]",TUBB3
pigmentation,103607411,GCST90246327,36536295,"[""OBA_VT0002095""]","[""strict""]",https://www.ebi.ac.uk/gwas/rest/api/v2/associations/103607411,"[""https://www.ebi.ac.uk/gwas/rest/api/v2/associations?efo_id=OBA_VT0002095&show_child_trait=false&size=500&page=0""]",VPS9D1
pigmentation,103607411,GCST90246327,36536295,"[""OBA_VT0002095""]","[""strict""]",https://www.ebi.ac.uk/gwas/rest/api/v2/associations/103607411,"[""https://www.ebi.ac.uk/gwas/rest/api/v2/associations?efo_id=OBA_VT0002095&show_child_trait=false&size=500&page=0""]",ZNF276
pigmentation,103607417,GCST90246327,36536295,"[""OBA_VT0002095""]","[""strict""]",https://www.ebi.ac.uk/gwas/rest/api/v2/associations/103607417,"[""https://www.ebi.ac.uk/gwas/rest/api/v2/associations?efo_id=OBA_VT0002095&show_child_trait=false&size=500&page=0""]",SPIRE2
pigmentation,103607422,GCST90246327,36536295,"[""OBA_VT0002095""]","[""strict""]",https://www.ebi.ac.uk/gwas/rest/api/v2/associations/103607422,"[""https://www.ebi.ac.uk/gwas/rest/api/v2/associations?efo_id=OBA_VT0002095&show_child_trait=false&size=500&page=0""]",ANKRD11
pigmentation,103607427,GCST90246327,36536295,"[""OBA_VT0002095""]","[""strict""]",https://www.ebi.ac.uk/gwas/rest/api/v2/associations/103607427,"[""https://www.ebi.ac.uk/gwas/rest/api/v2/associations?efo_id=OBA_VT0002095&show_child_trait=false&size=500&page=0""]",MC1R
pigmentation,103607432,GCST90246327,36536295,"[""OBA_VT0002095""]","[""strict""]",https://www.ebi.ac.uk/gwas/rest/api/v2/associations/103607432,"[""https://www.ebi.ac.uk/gwas/rest/api/v2/associations?efo_id=OBA_VT0002095&show_child_trait=false&size=500&page=0""]",DEF8
pigmentation,103607437,GCST90246327,36536295,"[""OBA_VT0002095""]","[""strict""]",https://www.ebi.ac.uk/gwas/rest/api/v2/associations/103607437,"[""https://www.ebi.ac.uk/gwas/rest/api/v2/associations?efo_id=OBA_VT0002095&show_child_trait=false&size=500&page=0""]",MC1R
pigmentation,103607443,GCST90246327,36536295,"[""OBA_VT0002095""]","[""strict""]",https://www.ebi.ac.uk/gwas/rest/api/v2/associations/103607443,"[""https://www.ebi.ac.uk/gwas/rest/api/v2/associations?efo_id=OBA_VT0002095&show_child_trait=false&size=500&page=0""]",TCF25
pigmentation,103607448,GCST90246327,36536295,"[""OBA_VT0002095""]","[""strict""]",https://www.ebi.ac.uk/gwas/rest/api/v2/associations/103607448,"[""https://www.ebi.ac.uk/gwas/rest/api/v2/associations?efo_id=OBA_VT0002095&show_child_trait=false&size=500&page=0""]",MC1R
pigmentation,103607453,GCST90246327,36536295,"[""OBA_VT0002095""]","[""strict""]",https://www.ebi.ac.uk/gwas/rest/api/v2/associations/103607453,"[""https://www.ebi.ac.uk/gwas/rest/api/v2/associations?efo_id=OBA_VT0002095&show_child_trait=false&size=500&page=0""]",MC1R
pigmentation,103607464,GCST90246327,36536295,"[""OBA_VT0002095""]","[""strict""]",https://www.ebi.ac.uk/gwas/rest/api/v2/associations/103607464,"[""https://www.ebi.ac.uk/gwas/rest/api/v2/associations?efo_id=OBA_VT0002095&show_child_trait=false&size=500&page=0""]",SLC6A17
pigmentation,103607470,GCST90246327,36536295,"[""OBA_VT0002095""]","[""strict""]",https://www.ebi.ac.uk/gwas/rest/api/v2/associations/103607470,"[""https://www.ebi.ac.uk/gwas/rest/api/v2/associations?efo_id=OBA_VT0002095&show_child_trait=false&size=500&page=0""]",EN1
pigmentation,103607470,GCST90246327,36536295,"[""OBA_VT0002095""]","[""strict""]",https://www.ebi.ac.uk/gwas/rest/api/v2/associations/103607470,"[""https://www.ebi.ac.uk/gwas/rest/api/v2/associations?efo_id=OBA_VT0002095&show_child_trait=false&size=500&page=0""]",MARCO
pigmentation,103607476,GCST90246327,36536295,"[""OBA_VT0002095""]","[""strict""]",https://www.ebi.ac.uk/gwas/rest/api/v2/associations/103607476,"[""https://www.ebi.ac.uk/gwas/rest/api/v2/associations?efo_id=OBA_VT0002095&show_child_trait=false&size=500&page=0""]",TIPARP-AS1
pigmentation,103607481,GCST90246327,36536295,"[""OBA_VT0002095""]","[""strict""]",https://www.ebi.ac.uk/gwas/rest/api/v2/associations/103607481,"[""https://www.ebi.ac.uk/gwas/rest/api/v2/associations?efo_id=OBA_VT0002095&show_child_trait=false&size=500&page=0""]",SLC45A2
pigmentation,103607486,GCST90246327,36536295,"[""OBA_VT0002095""]","[""strict""]",https://www.ebi.ac.uk/gwas/rest/api/v2/associations/103607486,"[""https://www.ebi.ac.uk/gwas/rest/api/v2/associations?efo_id=OBA_VT0002095&show_child_trait=false&size=500&page=0""]",PPARGC1B
pigmentation,103607491,GCST90246327,36536295,"[""OBA_VT0002095""]","[""strict""]",https://www.ebi.ac.uk/gwas/rest/api/v2/associations/103607491,"[""https://www.ebi.ac.uk/gwas/rest/api/v2/associations?efo_id=OBA_VT0002095&show_child_trait=false&size=500&page=0""]",IRF4
pigmentation,103607496,GCST90246327,36536295,"[""OBA_VT0002095""]","[""strict""]",https://www.ebi.ac.uk/gwas/rest/api/v2/associations/103607496,"[""https://www.ebi.ac.uk/gwas/rest/api/v2/associations?efo_id=OBA_VT0002095&show_child_trait=false&size=500&page=0""]",TRPS1
pigmentation,103607501,GCST90246327,36536295,"[""OBA_VT0002095""]","[""strict""]",https://www.ebi.ac.uk/gwas/rest/api/v2/associations/103607501,"[""https://www.ebi.ac.uk/gwas/rest/api/v2/associations?efo_id=OBA_VT0002095&show_child_trait=false&size=500&page=0""]",BNC2
pigmentation,103607501,GCST90246327,36536295,"[""OBA_VT0002095""]","[""strict""]",https://www.ebi.ac.uk/gwas/rest/api/v2/associations/103607501,"[""https://www.ebi.ac.uk/gwas/rest/api/v2/associations?efo_id=OBA_VT0002095&show_child_trait=false&size=500&page=0""]",RN7SL720P
pigmentation,103607506,GCST90246327,36536295,"[""OBA_VT0002095""]","[""strict""]",https://www.ebi.ac.uk/gwas/rest/api/v2/associations/103607506,"[""https://www.ebi.ac.uk/gwas/rest/api/v2/associations?efo_id=OBA_VT0002095&show_child_trait=false&size=500&page=0""]",LINC02674
pigmentation,103607506,GCST90246327,36536295,"[""OBA_VT0002095""]","[""strict""]",https://www.ebi.ac.uk/gwas/rest/api/v2/associations/103607506,"[""https://www.ebi.ac.uk/gwas/rest/api/v2/associations?efo_id=OBA_VT0002095&show_child_trait=false&size=500&page=0""]",RAB11FIP2
pigmentation,103607511,GCST90246327,36536295,"[""OBA_VT0002095""]","[""strict""]",https://www.ebi.ac.uk/gwas/rest/api/v2/associations/103607511,"[""https://www.ebi.ac.uk/gwas/rest/api/v2/associations?efo_id=OBA_VT0002095&show_child_trait=false&size=500&page=0""]",TYR
pigmentation,103607517,GCST90246327,36536295,"[""OBA_VT0002095""]","[""strict""]",https://www.ebi.ac.uk/gwas/rest/api/v2/associations/103607517,"[""https://www.ebi.ac.uk/gwas/rest/api/v2/associations?efo_id=OBA_VT0002095&show_child_trait=false&size=500&page=0""]",ATP11A
pigmentation,103607522,GCST90246327,36536295,"[""OBA_VT0002095""]","[""strict""]",https://www.ebi.ac.uk/gwas/rest/api/v2/associations/103607522,"[""https://www.ebi.ac.uk/gwas/rest/api/v2/associations?efo_id=OBA_VT0002095&show_child_trait=false&size=500&page=0""]",OCA2
pigmentation,103607527,GCST90246327,36536295,"[""OBA_VT0002095""]","[""strict""]",https://www.ebi.ac.uk/gwas/rest/api/v2/associations/103607527,"[""https://www.ebi.ac.uk/gwas/rest/api/v2/associations?efo_id=OBA_VT0002095&show_child_trait=false&size=500&page=0""]",RALY
pigmentation,104178356,GCST90255681,36672889,"[""EFO_0003924""]","[""strict""]",https://www.ebi.ac.uk/gwas/rest/api/v2/associations/104178356,"[""https://www.ebi.ac.uk/gwas/rest/api/v2/associations?efo_id=EFO_0003924&show_child_trait=false&size=500&page=0""]",TMEM44
pigmentation,104178362,GCST90255681,36672889,"[""EFO_0003924""]","[""strict""]",https://www.ebi.ac.uk/gwas/rest/api/v2/associations/104178362,"[""https://www.ebi.ac.uk/gwas/rest/api/v2/associations?efo_id=EFO_0003924&show_child_trait=false&size=500&page=0""]",LINC02269
pigmentation,104178367,GCST90255681,36672889,"[""EFO_0003924""]","[""strict""]",https://www.ebi.ac.uk/gwas/rest/api/v2/associations/104178367,"[""https://www.ebi.ac.uk/gwas/rest/api/v2/associations?efo_id=EFO_0003924&show_child_trait=false&size=500&page=0""]",SPG7
pigmentation,104178373,GCST90255681,36672889,"[""EFO_0003924""]","[""strict""]",https://www.ebi.ac.uk/gwas/rest/api/v2/associations/104178373,"[""https://www.ebi.ac.uk/gwas/rest/api/v2/associations?efo_id=EFO_0003924&show_child_trait=false&size=500&page=0""]",TESHL
pigmentation,104178379,GCST90255681,36672889,"[""EFO_0003924""]","[""strict""]",https://www.ebi.ac.uk/gwas/rest/api/v2/associations/104178379,"[""https://www.ebi.ac.uk/gwas/rest/api/v2/associations?efo_id=EFO_0003924&show_child_trait=false&size=500&page=0""]",DUX4L52
pigmentation,104178379,GCST90255681,36672889,"[""EFO_0003924""]","[""strict""]",https://www.ebi.ac.uk/gwas/rest/api/v2/associations/104178379,"[""https://www.ebi.ac.uk/gwas/rest/api/v2/associations?efo_id=EFO_0003924&show_child_trait=false&size=500&page=0""]",Y_RNA
pigmentation,104178385,GCST90255681,36672889,"[""EFO_0003924""]","[""strict""]",https://www.ebi.ac.uk/gwas/rest/api/v2/associations/104178385,"[""https://www.ebi.ac.uk/gwas/rest/api/v2/associations?efo_id=EFO_0003924&show_child_trait=false&size=500&page=0""]",TET2
pigmentation,104178385,GCST90255681,36672889,"[""EFO_0003924""]","[""strict""]",https://www.ebi.ac.uk/gwas/rest/api/v2/associations/104178385,"[""https://www.ebi.ac.uk/gwas/rest/api/v2/associations?efo_id=EFO_0003924&show_child_trait=false&size=500&page=0""]",TET2-AS1
pigmentation,104178391,GCST90255681,36672889,"[""EFO_0003924""]","[""strict""]",https://www.ebi.ac.uk/gwas/rest/api/v2/associations/104178391,"[""https://www.ebi.ac.uk/gwas/rest/api/v2/associations?efo_id=EFO_0003924&show_child_trait=false&size=500&page=0""]",HMGB1P26
pigmentation,104178391,GCST90255681,36672889,"[""EFO_0003924""]","[""strict""]",https://www.ebi.ac.uk/gwas/rest/api/v2/associations/104178391,"[""https://www.ebi.ac.uk/gwas/rest/api/v2/associations?efo_id=EFO_0003924&show_child_trait=false&size=500&page=0""]",LINC01682
pigmentation,104178397,GCST90255681,36672889,"[""EFO_0003924""]","[""strict""]",https://www.ebi.ac.uk/gwas/rest/api/v2/associations/104178397,"[""https://www.ebi.ac.uk/gwas/rest/api/v2/associations?efo_id=EFO_0003924&show_child_trait=false&size=500&page=0""]",GRM3
pigmentation,104178397,GCST90255681,36672889,"[""EFO_0003924""]","[""strict""]",https://www.ebi.ac.uk/gwas/rest/api/v2/associations/104178397,"[""https://www.ebi.ac.uk/gwas/rest/api/v2/associations?efo_id=EFO_0003924&show_child_trait=false&size=500&page=0""]",SOCS5P1
pigmentation,104178403,GCST90255681,36672889,"[""EFO_0003924""]","[""strict""]",https://www.ebi.ac.uk/gwas/rest/api/v2/associations/104178403,"[""https://www.ebi.ac.uk/gwas/rest/api/v2/associations?efo_id=EFO_0003924&show_child_trait=false&size=500&page=0""]",SEMA6D
pigmentation,104178409,GCST90255681,36672889,"[""EFO_0003924""]","[""strict""]",https://www.ebi.ac.uk/gwas/rest/api/v2/associations/104178409,"[""https://www.ebi.ac.uk/gwas/rest/api/v2/associations?efo_id=EFO_0003924&show_child_trait=false&size=500&page=0""]",ANKRD11
pigmentation,104178415,GCST90255681,36672889,"[""EFO_0003924""]","[""strict""]",https://www.ebi.ac.uk/gwas/rest/api/v2/associations/104178415,"[""https://www.ebi.ac.uk/gwas/rest/api/v2/associations?efo_id=EFO_0003924&show_child_trait=false&size=500&page=0""]",CPNE7
pigmentation,104178415,GCST90255681,36672889,"[""EFO_0003924""]","[""strict""]",https://www.ebi.ac.uk/gwas/rest/api/v2/associations/104178415,"[""https://www.ebi.ac.uk/gwas/rest/api/v2/associations?efo_id=EFO_0003924&show_child_trait=false&size=500&page=0""]",DPEP1
pigmentation,104178421,GCST90255681,36672889,"[""EFO_0003924""]","[""strict""]",https://www.ebi.ac.uk/gwas/rest/api/v2/associations/104178421,"[""https://www.ebi.ac.uk/gwas/rest/api/v2/associations?efo_id=EFO_0003924&show_child_trait=false&size=500&page=0""]",BANP
pigmentation,104178427,GCST90255681,36672889,"[""EFO_0003924""]","[""strict""]",https://www.ebi.ac.uk/gwas/rest/api/v2/associations/104178427,"[""https://www.ebi.ac.uk/gwas/rest/api/v2/associations?efo_id=EFO_0003924&show_child_trait=false&size=500&page=0""]",TCF20
pigmentation,104178433,GCST90255681,36672889,"[""EFO_0003924""]","[""strict""]",https://www.ebi.ac.uk/gwas/rest/api/v2/associations/104178433,"[""https://www.ebi.ac.uk/gwas/rest/api/v2/associations?efo_id=EFO_0003924&show_child_trait=false&size=500&page=0""]",MC1R
pigmentation,104178439,GCST90255681,36672889,"[""EFO_0003924""]","[""strict""]",https://www.ebi.ac.uk/gwas/rest/api/v2/associations/104178439,"[""https://www.ebi.ac.uk/gwas/rest/api/v2/associations?efo_id=EFO_0003924&show_child_trait=false&size=500&page=0""]",FANCA
pigmentation,104178444,GCST90255681,36672889,"[""EFO_0003924""]","[""strict""]",https://www.ebi.ac.uk/gwas/rest/api/v2/associations/104178444,"[""https://www.ebi.ac.uk/gwas/rest/api/v2/associations?efo_id=EFO_0003924&show_child_trait=false&size=500&page=0""]",MC1R
pigmentation,104178449,GCST90255681,36672889,"[""EFO_0003924""]","[""strict""]",https://www.ebi.ac.uk/gwas/rest/api/v2/associations/104178449,"[""https://www.ebi.ac.uk/gwas/rest/api/v2/associations?efo_id=EFO_0003924&show_child_trait=false&size=500&page=0""]",MC1R
pigmentation,104178454,GCST90255681,36672889,"[""EFO_0003924""]","[""strict""]",https://www.ebi.ac.uk/gwas/rest/api/v2/associations/104178454,"[""https://www.ebi.ac.uk/gwas/rest/api/v2/associations?efo_id=EFO_0003924&show_child_trait=false&size=500&page=0""]",CDK10
pigmentation,104178460,GCST90255681,36672889,"[""EFO_0003924""]","[""strict""]",https://www.ebi.ac.uk/gwas/rest/api/v2/associations/104178460,"[""https://www.ebi.ac.uk/gwas/rest/api/v2/associations?efo_id=EFO_0003924&show_child_trait=false&size=500&page=0""]",ANKRD11
pigmentation,104178466,GCST90255681,36672889,"[""EFO_0003924""]","[""strict""]",https://www.ebi.ac.uk/gwas/rest/api/v2/associations/104178466,"[""https://www.ebi.ac.uk/gwas/rest/api/v2/associations?efo_id=EFO_0003924&show_child_trait=false&size=500&page=0""]",VPS9D1
pigmentation,104178466,GCST90255681,36672889,"[""EFO_0003924""]","[""strict""]",https://www.ebi.ac.uk/gwas/rest/api/v2/associations/104178466,"[""https://www.ebi.ac.uk/gwas/rest/api/v2/associations?efo_id=EFO_0003924&show_child_trait=false&size=500&page=0""]",VPS9D1-AS1
pigmentation,104178471,GCST90255681,36672889,"[""EFO_0003924""]","[""strict""]",https://www.ebi.ac.uk/gwas/rest/api/v2/associations/104178471,"[""https://www.ebi.ac.uk/gwas/rest/api/v2/associations?efo_id=EFO_0003924&show_child_trait=false&size=500&page=0""]",SPIRE2
pigmentation,104178477,GCST90255681,36672889,"[""EFO_0003924""]","[""strict""]",https://www.ebi.ac.uk/gwas/rest/api/v2/associations/104178477,"[""https://www.ebi.ac.uk/gwas/rest/api/v2/associations?efo_id=EFO_0003924&show_child_trait=false&size=500&page=0""]",SPIRE2
pigmentation,104178482,GCST90255681,36672889,"[""EFO_0003924""]","[""strict""]",https://www.ebi.ac.uk/gwas/rest/api/v2/associations/104178482,"[""https://www.ebi.ac.uk/gwas/rest/api/v2/associations?efo_id=EFO_0003924&show_child_trait=false&size=500&page=0""]",CPNE7
pigmentation,104178488,GCST90255681,36672889,"[""EFO_0003924""]","[""strict""]",https://www.ebi.ac.uk/gwas/rest/api/v2/associations/104178488,"[""https://www.ebi.ac.uk/gwas/rest/api/v2/associations?efo_id=EFO_0003924&show_child_trait=false&size=500&page=0""]",DPEP1
pigmentation,104178493,GCST90255681,36672889,"[""EFO_0003924""]","[""strict""]",https://www.ebi.ac.uk/gwas/rest/api/v2/associations/104178493,"[""https://www.ebi.ac.uk/gwas/rest/api/v2/associations?efo_id=EFO_0003924&show_child_trait=false&size=500&page=0""]",CHMP1A
pigmentation,104178499,GCST90255681,36672889,"[""EFO_0003924""]","[""strict""]",https://www.ebi.ac.uk/gwas/rest/api/v2/associations/104178499,"[""https://www.ebi.ac.uk/gwas/rest/api/v2/associations?efo_id=EFO_0003924&show_child_trait=false&size=500&page=0""]",DEF8
pigmentation,104178505,GCST90255681,36672889,"[""EFO_0003924""]","[""strict""]",https://www.ebi.ac.uk/gwas/rest/api/v2/associations/104178505,"[""https://www.ebi.ac.uk/gwas/rest/api/v2/associations?efo_id=EFO_0003924&show_child_trait=false&size=500&page=0""]",DPEP1
pigmentation,104178511,GCST90255681,36672889,"[""EFO_0003924""]","[""strict""]",https://www.ebi.ac.uk/gwas/rest/api/v2/associations/104178511,"[""https://www.ebi.ac.uk/gwas/rest/api/v2/associations?efo_id=EFO_0003924&show_child_trait=false&size=500&page=0""]",CNTN4
pigmentation,104178517,GCST90255681,36672889,"[""EFO_0003924""]","[""strict""]",https://www.ebi.ac.uk/gwas/rest/api/v2/associations/104178517,"[""https://www.ebi.ac.uk/gwas/rest/api/v2/associations?efo_id=EFO_0003924&show_child_trait=false&size=500&page=0""]",LINC02538
pigmentation,104178517,GCST90255681,36672889,"[""EFO_0003924""]","[""strict""]",https://www.ebi.ac.uk/gwas/rest/api/v2/associations/104178517,"[""https://www.ebi.ac.uk/gwas/rest/api/v2/associations?efo_id=EFO_0003924&show_child_trait=false&size=500&page=0""]",TCP10L3
pigmentation,104178523,GCST90255681,36672889,"[""EFO_0003924""]","[""strict""]",https://www.ebi.ac.uk/gwas/rest/api/v2/associations/104178523,"[""https://www.ebi.ac.uk/gwas/rest/api/v2/associations?efo_id=EFO_0003924&show_child_trait=false&size=500&page=0""]",SPATA2L
pigmentation,104178523,GCST90255681,36672889,"[""EFO_0003924""]","[""strict""]",https://www.ebi.ac.uk/gwas/rest/api/v2/associations/104178523,"[""https://www.ebi.ac.uk/gwas/rest/api/v2/associations?efo_id=EFO_0003924&show_child_trait=false&size=500&page=0""]",VPS9D1
pigmentation,104178528,GCST90255681,36672889,"[""EFO_0003924""]","[""strict""]",https://www.ebi.ac.uk/gwas/rest/api/v2/associations/104178528,"[""https://www.ebi.ac.uk/gwas/rest/api/v2/associations?efo_id=EFO_0003924&show_child_trait=false&size=500&page=0""]",ANKRD11
pigmentation,104178534,GCST90255681,36672889,"[""EFO_0003924""]","[""strict""]",https://www.ebi.ac.uk/gwas/rest/api/v2/associations/104178534,"[""https://www.ebi.ac.uk/gwas/rest/api/v2/associations?efo_id=EFO_0003924&show_child_trait=false&size=500&page=0""]",EML5
pigmentation,104178539,GCST90255681,36672889,"[""EFO_0003924""]","[""strict""]",https://www.ebi.ac.uk/gwas/rest/api/v2/associations/104178539,"[""https://www.ebi.ac.uk/gwas/rest/api/v2/associations?efo_id=EFO_0003924&show_child_trait=false&size=500&page=0""]",DPEP1
pigmentation,104178545,GCST90255681,36672889,"[""EFO_0003924""]","[""strict""]",https://www.ebi.ac.uk/gwas/rest/api/v2/associations/104178545,"[""https://www.ebi.ac.uk/gwas/rest/api/v2/associations?efo_id=EFO_0003924&show_child_trait=false&size=500&page=0""]",MC4R
pigmentation,104178545,GCST90255681,36672889,"[""EFO_0003924""]","[""strict""]",https://www.ebi.ac.uk/gwas/rest/api/v2/associations/104178545,"[""https://www.ebi.ac.uk/gwas/rest/api/v2/associations?efo_id=EFO_0003924&show_child_trait=false&size=500&page=0""]",MRPS5P4
pigmentation,104178551,GCST90255681,36672889,"[""EFO_0003924""]","[""strict""]",https://www.ebi.ac.uk/gwas/rest/api/v2/associations/104178551,"[""https://www.ebi.ac.uk/gwas/rest/api/v2/associations?efo_id=EFO_0003924&show_child_trait=false&size=500&page=0""]",RPL13
pigmentation,104178557,GCST90255681,36672889,"[""EFO_0003924""]","[""strict""]",https://www.ebi.ac.uk/gwas/rest/api/v2/associations/104178557,"[""https://www.ebi.ac.uk/gwas/rest/api/v2/associations?efo_id=EFO_0003924&show_child_trait=false&size=500&page=0""]",RGS10
pigmentation,104178562,GCST90255681,36672889,"[""EFO_0003924""]","[""strict""]",https://www.ebi.ac.uk/gwas/rest/api/v2/associations/104178562,"[""https://www.ebi.ac.uk/gwas/rest/api/v2/associations?efo_id=EFO_0003924&show_child_trait=false&size=500&page=0""]",FANCA
pigmentation,104178562,GCST90255681,36672889,"[""EFO_0003924""]","[""strict""]",https://www.ebi.ac.uk/gwas/rest/api/v2/associations/104178562,"[""https://www.ebi.ac.uk/gwas/rest/api/v2/associations?efo_id=EFO_0003924&show_child_trait=false&size=500&page=0""]",ZNF276
pigmentation,104178568,GCST90255681,36672889,"[""EFO_0003924""]","[""strict""]",https://www.ebi.ac.uk/gwas/rest/api/v2/associations/104178568,"[""https://www.ebi.ac.uk/gwas/rest/api/v2/associations?efo_id=EFO_0003924&show_child_trait=false&size=500&page=0""]",PPIL2
pigmentation,104178574,GCST90255681,36672889,"[""EFO_0003924""]","[""strict""]",https://www.ebi.ac.uk/gwas/rest/api/v2/associations/104178574,"[""https://www.ebi.ac.uk/gwas/rest/api/v2/associations?efo_id=EFO_0003924&show_child_trait=false&size=500&page=0""]",LPGAT1
pigmentation,104178580,GCST90255681,36672889,"[""EFO_0003924""]","[""strict""]",https://www.ebi.ac.uk/gwas/rest/api/v2/associations/104178580,"[""https://www.ebi.ac.uk/gwas/rest/api/v2/associations?efo_id=EFO_0003924&show_child_trait=false&size=500&page=0""]",FANCA
pigmentation,104178592,GCST90255681,36672889,"[""EFO_0003924""]","[""strict""]",https://www.ebi.ac.uk/gwas/rest/api/v2/associations/104178592,"[""https://www.ebi.ac.uk/gwas/rest/api/v2/associations?efo_id=EFO_0003924&show_child_trait=false&size=500&page=0""]",SGCD
pigmentation,104178598,GCST90255681,36672889,"[""EFO_0003924""]","[""strict""]",https://www.ebi.ac.uk/gwas/rest/api/v2/associations/104178598,"[""https://www.ebi.ac.uk/gwas/rest/api/v2/associations?efo_id=EFO_0003924&show_child_trait=false&size=500&page=0""]",SPG7
pigmentation,104178604,GCST90255681,36672889,"[""EFO_0003924""]","[""strict""]",https://www.ebi.ac.uk/gwas/rest/api/v2/associations/104178604,"[""https://www.ebi.ac.uk/gwas/rest/api/v2/associations?efo_id=EFO_0003924&show_child_trait=false&size=500&page=0""]",GIPC2
pigmentation,104178610,GCST90255681,36672889,"[""EFO_0003924""]","[""strict""]",https://www.ebi.ac.uk/gwas/rest/api/v2/associations/104178610,"[""https://www.ebi.ac.uk/gwas/rest/api/v2/associations?efo_id=EFO_0003924&show_child_trait=false&size=500&page=0""]",LINC02335
pigmentation,104178610,GCST90255681,36672889,"[""EFO_0003924""]","[""strict""]",https://www.ebi.ac.uk/gwas/rest/api/v2/associations/104178610,"[""https://www.ebi.ac.uk/gwas/rest/api/v2/associations?efo_id=EFO_0003924&show_child_trait=false&size=500&page=0""]",RPL13AP25
pigmentation,104178616,GCST90255681,36672889,"[""EFO_0003924""]","[""strict""]",https://www.ebi.ac.uk/gwas/rest/api/v2/associations/104178616,"[""https://www.ebi.ac.uk/gwas/rest/api/v2/associations?efo_id=EFO_0003924&show_child_trait=false&size=500&page=0""]",DPEP1
pigmentation,104178622,GCST90255681,36672889,"[""EFO_0003924""]","[""strict""]",https://www.ebi.ac.uk/gwas/rest/api/v2/associations/104178622,"[""https://www.ebi.ac.uk/gwas/rest/api/v2/associations?efo_id=EFO_0003924&show_child_trait=false&size=500&page=0""]",LINC02089
pigmentation,104178628,GCST90255681,36672889,"[""EFO_0003924""]","[""strict""]",https://www.ebi.ac.uk/gwas/rest/api/v2/associations/104178628,"[""https://www.ebi.ac.uk/gwas/rest/api/v2/associations?efo_id=EFO_0003924&show_child_trait=false&size=500&page=0""]",LINC02120
pigmentation,104178628,GCST90255681,36672889,"[""EFO_0003924""]","[""strict""]",https://www.ebi.ac.uk/gwas/rest/api/v2/associations/104178628,"[""https://www.ebi.ac.uk/gwas/rest/api/v2/associations?efo_id=EFO_0003924&show_child_trait=false&size=500&page=0""]",LINC02160
pigmentation,104178641,GCST90255682,36672889,"[""EFO_0003924""]","[""strict""]",https://www.ebi.ac.uk/gwas/rest/api/v2/associations/104178641,"[""https://www.ebi.ac.uk/gwas/rest/api/v2/associations?efo_id=EFO_0003924&show_child_trait=false&size=500&page=0""]",HERC2
pigmentation,104178647,GCST90255682,36672889,"[""EFO_0003924""]","[""strict""]",https://www.ebi.ac.uk/gwas/rest/api/v2/associations/104178647,"[""https://www.ebi.ac.uk/gwas/rest/api/v2/associations?efo_id=EFO_0003924&show_child_trait=false&size=500&page=0""]",HERC2
pigmentation,104178653,GCST90255682,36672889,"[""EFO_0003924""]","[""strict""]",https://www.ebi.ac.uk/gwas/rest/api/v2/associations/104178653,"[""https://www.ebi.ac.uk/gwas/rest/api/v2/associations?efo_id=EFO_0003924&show_child_trait=false&size=500&page=0""]",HERC2
pigmentation,104178658,GCST90255682,36672889,"[""EFO_0003924""]","[""strict""]",https://www.ebi.ac.uk/gwas/rest/api/v2/associations/104178658,"[""https://www.ebi.ac.uk/gwas/rest/api/v2/associations?efo_id=EFO_0003924&show_child_trait=false&size=500&page=0""]",HERC2
pigmentation,104178664,GCST90255682,36672889,"[""EFO_0003924""]","[""strict""]",https://www.ebi.ac.uk/gwas/rest/api/v2/associations/104178664,"[""https://www.ebi.ac.uk/gwas/rest/api/v2/associations?efo_id=EFO_0003924&show_child_trait=false&size=500&page=0""]",OCA2
pigmentation,104178670,GCST90255682,36672889,"[""EFO_0003924""]","[""strict""]",https://www.ebi.ac.uk/gwas/rest/api/v2/associations/104178670,"[""https://www.ebi.ac.uk/gwas/rest/api/v2/associations?efo_id=EFO_0003924&show_child_trait=false&size=500&page=0""]",OCA2
pigmentation,104178676,GCST90255682,36672889,"[""EFO_0003924""]","[""strict""]",https://www.ebi.ac.uk/gwas/rest/api/v2/associations/104178676,"[""https://www.ebi.ac.uk/gwas/rest/api/v2/associations?efo_id=EFO_0003924&show_child_trait=false&size=500&page=0""]",MRPS11P1
pigmentation,104178676,GCST90255682,36672889,"[""EFO_0003924""]","[""strict""]",https://www.ebi.ac.uk/gwas/rest/api/v2/associations/104178676,"[""https://www.ebi.ac.uk/gwas/rest/api/v2/associations?efo_id=EFO_0003924&show_child_trait=false&size=500&page=0""]",RN7SL607P
pigmentation,104178681,GCST90255682,36672889,"[""EFO_0003924""]","[""strict""]",https://www.ebi.ac.uk/gwas/rest/api/v2/associations/104178681,"[""https://www.ebi.ac.uk/gwas/rest/api/v2/associations?efo_id=EFO_0003924&show_child_trait=false&size=500&page=0""]",SLC45A2
pigmentation,104178687,GCST90255682,36672889,"[""EFO_0003924""]","[""strict""]",https://www.ebi.ac.uk/gwas/rest/api/v2/associations/104178687,"[""https://www.ebi.ac.uk/gwas/rest/api/v2/associations?efo_id=EFO_0003924&show_child_trait=false&size=500&page=0""]",HERC2
pigmentation,104178693,GCST90255682,36672889,"[""EFO_0003924""]","[""strict""]",https://www.ebi.ac.uk/gwas/rest/api/v2/associations/104178693,"[""https://www.ebi.ac.uk/gwas/rest/api/v2/associations?efo_id=EFO_0003924&show_child_trait=false&size=500&page=0""]",HERC2
pigmentation,104178699,GCST90255682,36672889,"[""EFO_0003924""]","[""strict""]",https://www.ebi.ac.uk/gwas/rest/api/v2/associations/104178699,"[""https://www.ebi.ac.uk/gwas/rest/api/v2/associations?efo_id=EFO_0003924&show_child_trait=false&size=500&page=0""]",OCA2
pigmentation,104178704,GCST90255682,36672889,"[""EFO_0003924""]","[""strict""]",https://www.ebi.ac.uk/gwas/rest/api/v2/associations/104178704,"[""https://www.ebi.ac.uk/gwas/rest/api/v2/associations?efo_id=EFO_0003924&show_child_trait=false&size=500&page=0""]",OCA2
pigmentation,104178710,GCST90255682,36672889,"[""EFO_0003924""]","[""strict""]",https://www.ebi.ac.uk/gwas/rest/api/v2/associations/104178710,"[""https://www.ebi.ac.uk/gwas/rest/api/v2/associations?efo_id=EFO_0003924&show_child_trait=false&size=500&page=0""]",OCA2
pigmentation,104178716,GCST90255682,36672889,"[""EFO_0003924""]","[""strict""]",https://www.ebi.ac.uk/gwas/rest/api/v2/associations/104178716,"[""https://www.ebi.ac.uk/gwas/rest/api/v2/associations?efo_id=EFO_0003924&show_child_trait=false&size=500&page=0""]",OCA2
pigmentation,104178722,GCST90255682,36672889,"[""EFO_0003924""]","[""strict""]",https://www.ebi.ac.uk/gwas/rest/api/v2/associations/104178722,"[""https://www.ebi.ac.uk/gwas/rest/api/v2/associations?efo_id=EFO_0003924&show_child_trait=false&size=500&page=0""]",HERC2
pigmentation,104178722,GCST90255682,36672889,"[""EFO_0003924""]","[""strict""]",https://www.ebi.ac.uk/gwas/rest/api/v2/associations/104178722,"[""https://www.ebi.ac.uk/gwas/rest/api/v2/associations?efo_id=EFO_0003924&show_child_trait=false&size=500&page=0""]",OCA2
pigmentation,104178728,GCST90255682,36672889,"[""EFO_0003924""]","[""strict""]",https://www.ebi.ac.uk/gwas/rest/api/v2/associations/104178728,"[""https://www.ebi.ac.uk/gwas/rest/api/v2/associations?efo_id=EFO_0003924&show_child_trait=false&size=500&page=0""]",OCA2
pigmentation,104178734,GCST90255682,36672889,"[""EFO_0003924""]","[""strict""]",https://www.ebi.ac.uk/gwas/rest/api/v2/associations/104178734,"[""https://www.ebi.ac.uk/gwas/rest/api/v2/associations?efo_id=EFO_0003924&show_child_trait=false&size=500&page=0""]",HERC2
pigmentation,104178747,GCST90255683,36672889,"[""EFO_0003924""]","[""strict""]",https://www.ebi.ac.uk/gwas/rest/api/v2/associations/104178747,"[""https://www.ebi.ac.uk/gwas/rest/api/v2/associations?efo_id=EFO_0003924&show_child_trait=false&size=500&page=0""]",SLC45A2
pigmentation,104178753,GCST90255683,36672889,"[""EFO_0003924""]","[""strict""]",https://www.ebi.ac.uk/gwas/rest/api/v2/associations/104178753,"[""https://www.ebi.ac.uk/gwas/rest/api/v2/associations?efo_id=EFO_0003924&show_child_trait=false&size=500&page=0""]",ADAMTS12
pigmentation,104178758,GCST90255683,36672889,"[""EFO_0003924""]","[""strict""]",https://www.ebi.ac.uk/gwas/rest/api/v2/associations/104178758,"[""https://www.ebi.ac.uk/gwas/rest/api/v2/associations?efo_id=EFO_0003924&show_child_trait=false&size=500&page=0""]",HERC2
pigmentation,104178764,GCST90255683,36672889,"[""EFO_0003924""]","[""strict""]",https://www.ebi.ac.uk/gwas/rest/api/v2/associations/104178764,"[""https://www.ebi.ac.uk/gwas/rest/api/v2/associations?efo_id=EFO_0003924&show_child_trait=false&size=500&page=0""]",SLC45A2
pigmentation,104178770,GCST90255683,36672889,"[""EFO_0003924""]","[""strict""]",https://www.ebi.ac.uk/gwas/rest/api/v2/associations/104178770,"[""https://www.ebi.ac.uk/gwas/rest/api/v2/associations?efo_id=EFO_0003924&show_child_trait=false&size=500&page=0""]",ADAMTS12
pigmentation,104178770,GCST90255683,36672889,"[""EFO_0003924""]","[""strict""]",https://www.ebi.ac.uk/gwas/rest/api/v2/associations/104178770,"[""https://www.ebi.ac.uk/gwas/rest/api/v2/associations?efo_id=EFO_0003924&show_child_trait=false&size=500&page=0""]",RXFP3
pigmentation,104178775,GCST90255683,36672889,"[""EFO_0003924""]","[""strict""]",https://www.ebi.ac.uk/gwas/rest/api/v2/associations/104178775,"[""https://www.ebi.ac.uk/gwas/rest/api/v2/associations?efo_id=EFO_0003924&show_child_trait=false&size=500&page=0""]",EXOC2
pigmentation,104178775,GCST90255683,36672889,"[""EFO_0003924""]","[""strict""]",https://www.ebi.ac.uk/gwas/rest/api/v2/associations/104178775,"[""https://www.ebi.ac.uk/gwas/rest/api/v2/associations?efo_id=EFO_0003924&show_child_trait=false&size=500&page=0""]",IRF4
pigmentation,104178780,GCST90255683,36672889,"[""EFO_0003924""]","[""strict""]",https://www.ebi.ac.uk/gwas/rest/api/v2/associations/104178780,"[""https://www.ebi.ac.uk/gwas/rest/api/v2/associations?efo_id=EFO_0003924&show_child_trait=false&size=500&page=0""]",IRF4
pigmentation,104178785,GCST90255683,36672889,"[""EFO_0003924""]","[""strict""]",https://www.ebi.ac.uk/gwas/rest/api/v2/associations/104178785,"[""https://www.ebi.ac.uk/gwas/rest/api/v2/associations?efo_id=EFO_0003924&show_child_trait=false&size=500&page=0""]",EXOC2
pigmentation,104178785,GCST90255683,36672889,"[""EFO_0003924""]","[""strict""]",https://www.ebi.ac.uk/gwas/rest/api/v2/associations/104178785,"[""https://www.ebi.ac.uk/gwas/rest/api/v2/associations?efo_id=EFO_0003924&show_child_trait=false&size=500&page=0""]",IRF4
pigmentation,104178790,GCST90255683,36672889,"[""EFO_0003924""]","[""strict""]",https://www.ebi.ac.uk/gwas/rest/api/v2/associations/104178790,"[""https://www.ebi.ac.uk/gwas/rest/api/v2/associations?efo_id=EFO_0003924&show_child_trait=false&size=500&page=0""]",HERC2
pigmentation,104178795,GCST90255683,36672889,"[""EFO_0003924""]","[""strict""]",https://www.ebi.ac.uk/gwas/rest/api/v2/associations/104178795,"[""https://www.ebi.ac.uk/gwas/rest/api/v2/associations?efo_id=EFO_0003924&show_child_trait=false&size=500&page=0""]",ADAMTS12
pigmentation,104178795,GCST90255683,36672889,"[""EFO_0003924""]","[""strict""]",https://www.ebi.ac.uk/gwas/rest/api/v2/associations/104178795,"[""https://www.ebi.ac.uk/gwas/rest/api/v2/associations?efo_id=EFO_0003924&show_child_trait=false&size=500&page=0""]",RXFP3
pigmentation,104178801,GCST90255683,36672889,"[""EFO_0003924""]","[""strict""]",https://www.ebi.ac.uk/gwas/rest/api/v2/associations/104178801,"[""https://www.ebi.ac.uk/gwas/rest/api/v2/associations?efo_id=EFO_0003924&show_child_trait=false&size=500&page=0""]",RXFP3
pigmentation,104178801,GCST90255683,36672889,"[""EFO_0003924""]","[""strict""]",https://www.ebi.ac.uk/gwas/rest/api/v2/associations/104178801,"[""https://www.ebi.ac.uk/gwas/rest/api/v2/associations?efo_id=EFO_0003924&show_child_trait=false&size=500&page=0""]",SLC45A2
pigmentation,104178807,GCST90255683,36672889,"[""EFO_0003924""]","[""strict""]",https://www.ebi.ac.uk/gwas/rest/api/v2/associations/104178807,"[""https://www.ebi.ac.uk/gwas/rest/api/v2/associations?efo_id=EFO_0003924&show_child_trait=false&size=500&page=0""]",ADAMTS12
pigmentation,104178807,GCST90255683,36672889,"[""EFO_0003924""]","[""strict""]",https://www.ebi.ac.uk/gwas/rest/api/v2/associations/104178807,"[""https://www.ebi.ac.uk/gwas/rest/api/v2/associations?efo_id=EFO_0003924&show_child_trait=false&size=500&page=0""]",RXFP3
pigmentation,104178812,GCST90255683,36672889,"[""EFO_0003924""]","[""strict""]",https://www.ebi.ac.uk/gwas/rest/api/v2/associations/104178812,"[""https://www.ebi.ac.uk/gwas/rest/api/v2/associations?efo_id=EFO_0003924&show_child_trait=false&size=500&page=0""]",SLC45A2
pigmentation,104178818,GCST90255683,36672889,"[""EFO_0003924""]","[""strict""]",https://www.ebi.ac.uk/gwas/rest/api/v2/associations/104178818,"[""https://www.ebi.ac.uk/gwas/rest/api/v2/associations?efo_id=EFO_0003924&show_child_trait=false&size=500&page=0""]",SLC45A2
pigmentation,104178830,GCST90255683,36672889,"[""EFO_0003924""]","[""strict""]",https://www.ebi.ac.uk/gwas/rest/api/v2/associations/104178830,"[""https://www.ebi.ac.uk/gwas/rest/api/v2/associations?efo_id=EFO_0003924&show_child_trait=false&size=500&page=0""]",SLC45A2
pigmentation,104178836,GCST90255683,36672889,"[""EFO_0003924""]","[""strict""]",https://www.ebi.ac.uk/gwas/rest/api/v2/associations/104178836,"[""https://www.ebi.ac.uk/gwas/rest/api/v2/associations?efo_id=EFO_0003924&show_child_trait=false&size=500&page=0""]",HERC2P1
pigmentation,104178842,GCST90255683,36672889,"[""EFO_0003924""]","[""strict""]",https://www.ebi.ac.uk/gwas/rest/api/v2/associations/104178842,"[""https://www.ebi.ac.uk/gwas/rest/api/v2/associations?efo_id=EFO_0003924&show_child_trait=false&size=500&page=0""]",SLC45A2
pigmentation,104178847,GCST90255683,36672889,"[""EFO_0003924""]","[""strict""]",https://www.ebi.ac.uk/gwas/rest/api/v2/associations/104178847,"[""https://www.ebi.ac.uk/gwas/rest/api/v2/associations?efo_id=EFO_0003924&show_child_trait=false&size=500&page=0""]",EXOC2
pigmentation,104178853,GCST90255683,36672889,"[""EFO_0003924""]","[""strict""]",https://www.ebi.ac.uk/gwas/rest/api/v2/associations/104178853,"[""https://www.ebi.ac.uk/gwas/rest/api/v2/associations?efo_id=EFO_0003924&show_child_trait=false&size=500&page=0""]",EXOC2
pigmentation,104178859,GCST90255683,36672889,"[""EFO_0003924""]","[""strict""]",https://www.ebi.ac.uk/gwas/rest/api/v2/associations/104178859,"[""https://www.ebi.ac.uk/gwas/rest/api/v2/associations?efo_id=EFO_0003924&show_child_trait=false&size=500&page=0""]",OCA2
pigmentation,104178864,GCST90255683,36672889,"[""EFO_0003924""]","[""strict""]",https://www.ebi.ac.uk/gwas/rest/api/v2/associations/104178864,"[""https://www.ebi.ac.uk/gwas/rest/api/v2/associations?efo_id=EFO_0003924&show_child_trait=false&size=500&page=0""]",HERC2
pigmentation,104178900,GCST90255684,36672889,"[""EFO_0003949""]","[""strict""]",https://www.ebi.ac.uk/gwas/rest/api/v2/associations/104178900,"[""https://www.ebi.ac.uk/gwas/rest/api/v2/associations?efo_id=EFO_0003949&show_child_trait=false&size=500&page=0""]",LURAP1L-AS1
pigmentation,104178906,GCST90255684,36672889,"[""EFO_0003949""]","[""strict""]",https://www.ebi.ac.uk/gwas/rest/api/v2/associations/104178906,"[""https://www.ebi.ac.uk/gwas/rest/api/v2/associations?efo_id=EFO_0003949&show_child_trait=false&size=500&page=0""]",LURAP1L-AS1
pigmentation,104178912,GCST90255684,36672889,"[""EFO_0003949""]","[""strict""]",https://www.ebi.ac.uk/gwas/rest/api/v2/associations/104178912,"[""https://www.ebi.ac.uk/gwas/rest/api/v2/associations?efo_id=EFO_0003949&show_child_trait=false&size=500&page=0""]",LURAP1L-AS1
pigmentation,104178917,GCST90255684,36672889,"[""EFO_0003949""]","[""strict""]",https://www.ebi.ac.uk/gwas/rest/api/v2/associations/104178917,"[""https://www.ebi.ac.uk/gwas/rest/api/v2/associations?efo_id=EFO_0003949&show_child_trait=false&size=500&page=0""]",HERC2
pigmentation,104178923,GCST90255684,36672889,"[""EFO_0003949""]","[""strict""]",https://www.ebi.ac.uk/gwas/rest/api/v2/associations/104178923,"[""https://www.ebi.ac.uk/gwas/rest/api/v2/associations?efo_id=EFO_0003949&show_child_trait=false&size=500&page=0""]",HERC2
pigmentation,104178928,GCST90255684,36672889,"[""EFO_0003949""]","[""strict""]",https://www.ebi.ac.uk/gwas/rest/api/v2/associations/104178928,"[""https://www.ebi.ac.uk/gwas/rest/api/v2/associations?efo_id=EFO_0003949&show_child_trait=false&size=500&page=0""]",HERC2
pigmentation,104178934,GCST90255684,36672889,"[""EFO_0003949""]","[""strict""]",https://www.ebi.ac.uk/gwas/rest/api/v2/associations/104178934,"[""https://www.ebi.ac.uk/gwas/rest/api/v2/associations?efo_id=EFO_0003949&show_child_trait=false&size=500&page=0""]",HERC2
pigmentation,104178934,GCST90255684,36672889,"[""EFO_0003949""]","[""strict""]",https://www.ebi.ac.uk/gwas/rest/api/v2/associations/104178934,"[""https://www.ebi.ac.uk/gwas/rest/api/v2/associations?efo_id=EFO_0003949&show_child_trait=false&size=500&page=0""]",OCA2
pigmentation,104178940,GCST90255684,36672889,"[""EFO_0003949""]","[""strict""]",https://www.ebi.ac.uk/gwas/rest/api/v2/associations/104178940,"[""https://www.ebi.ac.uk/gwas/rest/api/v2/associations?efo_id=EFO_0003949&show_child_trait=false&size=500&page=0""]",HERC2
pigmentation,104178945,GCST90255684,36672889,"[""EFO_0003949""]","[""strict""]",https://www.ebi.ac.uk/gwas/rest/api/v2/associations/104178945,"[""https://www.ebi.ac.uk/gwas/rest/api/v2/associations?efo_id=EFO_0003949&show_child_trait=false&size=500&page=0""]",HERC2
pigmentation,104178951,GCST90255684,36672889,"[""EFO_0003949""]","[""strict""]",https://www.ebi.ac.uk/gwas/rest/api/v2/associations/104178951,"[""https://www.ebi.ac.uk/gwas/rest/api/v2/associations?efo_id=EFO_0003949&show_child_trait=false&size=500&page=0""]",HERC2
pigmentation,104178957,GCST90255684,36672889,"[""EFO_0003949""]","[""strict""]",https://www.ebi.ac.uk/gwas/rest/api/v2/associations/104178957,"[""https://www.ebi.ac.uk/gwas/rest/api/v2/associations?efo_id=EFO_0003949&show_child_trait=false&size=500&page=0""]",HERC2
pigmentation,104178963,GCST90255684,36672889,"[""EFO_0003949""]","[""strict""]",https://www.ebi.ac.uk/gwas/rest/api/v2/associations/104178963,"[""https://www.ebi.ac.uk/gwas/rest/api/v2/associations?efo_id=EFO_0003949&show_child_trait=false&size=500&page=0""]",HERC2
pigmentation,104178969,GCST90255684,36672889,"[""EFO_0003949""]","[""strict""]",https://www.ebi.ac.uk/gwas/rest/api/v2/associations/104178969,"[""https://www.ebi.ac.uk/gwas/rest/api/v2/associations?efo_id=EFO_0003949&show_child_trait=false&size=500&page=0""]",HERC2
pigmentation,104178969,GCST90255684,36672889,"[""EFO_0003949""]","[""strict""]",https://www.ebi.ac.uk/gwas/rest/api/v2/associations/104178969,"[""https://www.ebi.ac.uk/gwas/rest/api/v2/associations?efo_id=EFO_0003949&show_child_trait=false&size=500&page=0""]",OCA2
pigmentation,104178975,GCST90255684,36672889,"[""EFO_0003949""]","[""strict""]",https://www.ebi.ac.uk/gwas/rest/api/v2/associations/104178975,"[""https://www.ebi.ac.uk/gwas/rest/api/v2/associations?efo_id=EFO_0003949&show_child_trait=false&size=500&page=0""]",OCA2
pigmentation,104178980,GCST90255684,36672889,"[""EFO_0003949""]","[""strict""]",https://www.ebi.ac.uk/gwas/rest/api/v2/associations/104178980,"[""https://www.ebi.ac.uk/gwas/rest/api/v2/associations?efo_id=EFO_0003949&show_child_trait=false&size=500&page=0""]",HERC2
pigmentation,104178985,GCST90255684,36672889,"[""EFO_0003949""]","[""strict""]",https://www.ebi.ac.uk/gwas/rest/api/v2/associations/104178985,"[""https://www.ebi.ac.uk/gwas/rest/api/v2/associations?efo_id=EFO_0003949&show_child_trait=false&size=500&page=0""]",HERC2
pigmentation,104178990,GCST90255684,36672889,"[""EFO_0003949""]","[""strict""]",https://www.ebi.ac.uk/gwas/rest/api/v2/associations/104178990,"[""https://www.ebi.ac.uk/gwas/rest/api/v2/associations?efo_id=EFO_0003949&show_child_trait=false&size=500&page=0""]",HERC2
pigmentation,104178995,GCST90255684,36672889,"[""EFO_0003949""]","[""strict""]",https://www.ebi.ac.uk/gwas/rest/api/v2/associations/104178995,"[""https://www.ebi.ac.uk/gwas/rest/api/v2/associations?efo_id=EFO_0003949&show_child_trait=false&size=500&page=0""]",HERC2
pigmentation,104179001,GCST90255684,36672889,"[""EFO_0003949""]","[""strict""]",https://www.ebi.ac.uk/gwas/rest/api/v2/associations/104179001,"[""https://www.ebi.ac.uk/gwas/rest/api/v2/associations?efo_id=EFO_0003949&show_child_trait=false&size=500&page=0""]",OCA2
pigmentation,104179007,GCST90255684,36672889,"[""EFO_0003949""]","[""strict""]",https://www.ebi.ac.uk/gwas/rest/api/v2/associations/104179007,"[""https://www.ebi.ac.uk/gwas/rest/api/v2/associations?efo_id=EFO_0003949&show_child_trait=false&size=500&page=0""]",HERC2
pigmentation,104179012,GCST90255684,36672889,"[""EFO_0003949""]","[""strict""]",https://www.ebi.ac.uk/gwas/rest/api/v2/associations/104179012,"[""https://www.ebi.ac.uk/gwas/rest/api/v2/associations?efo_id=EFO_0003949&show_child_trait=false&size=500&page=0""]",IRF4
pigmentation,104179017,GCST90255684,36672889,"[""EFO_0003949""]","[""strict""]",https://www.ebi.ac.uk/gwas/rest/api/v2/associations/104179017,"[""https://www.ebi.ac.uk/gwas/rest/api/v2/associations?efo_id=EFO_0003949&show_child_trait=false&size=500&page=0""]",OCA2
pigmentation,104179023,GCST90255684,36672889,"[""EFO_0003949""]","[""strict""]",https://www.ebi.ac.uk/gwas/rest/api/v2/associations/104179023,"[""https://www.ebi.ac.uk/gwas/rest/api/v2/associations?efo_id=EFO_0003949&show_child_trait=false&size=500&page=0""]",APBA2
pigmentation,104179029,GCST90255684,36672889,"[""EFO_0003949""]","[""strict""]",https://www.ebi.ac.uk/gwas/rest/api/v2/associations/104179029,"[""https://www.ebi.ac.uk/gwas/rest/api/v2/associations?efo_id=EFO_0003949&show_child_trait=false&size=500&page=0""]",HERC2
pigmentation,104179035,GCST90255684,36672889,"[""EFO_0003949""]","[""strict""]",https://www.ebi.ac.uk/gwas/rest/api/v2/associations/104179035,"[""https://www.ebi.ac.uk/gwas/rest/api/v2/associations?efo_id=EFO_0003949&show_child_trait=false&size=500&page=0""]",OCA2
pigmentation,104179040,GCST90255684,36672889,"[""EFO_0003949""]","[""strict""]",https://www.ebi.ac.uk/gwas/rest/api/v2/associations/104179040,"[""https://www.ebi.ac.uk/gwas/rest/api/v2/associations?efo_id=EFO_0003949&show_child_trait=false&size=500&page=0""]",HERC2
pigmentation,104179046,GCST90255684,36672889,"[""EFO_0003949""]","[""strict""]",https://www.ebi.ac.uk/gwas/rest/api/v2/associations/104179046,"[""https://www.ebi.ac.uk/gwas/rest/api/v2/associations?efo_id=EFO_0003949&show_child_trait=false&size=500&page=0""]",HERC2
pigmentation,104179052,GCST90255684,36672889,"[""EFO_0003949""]","[""strict""]",https://www.ebi.ac.uk/gwas/rest/api/v2/associations/104179052,"[""https://www.ebi.ac.uk/gwas/rest/api/v2/associations?efo_id=EFO_0003949&show_child_trait=false&size=500&page=0""]",HERC2
pigmentation,104179058,GCST90255684,36672889,"[""EFO_0003949""]","[""strict""]",https://www.ebi.ac.uk/gwas/rest/api/v2/associations/104179058,"[""https://www.ebi.ac.uk/gwas/rest/api/v2/associations?efo_id=EFO_0003949&show_child_trait=false&size=500&page=0""]",APBA2
pigmentation,104179058,GCST90255684,36672889,"[""EFO_0003949""]","[""strict""]",https://www.ebi.ac.uk/gwas/rest/api/v2/associations/104179058,"[""https://www.ebi.ac.uk/gwas/rest/api/v2/associations?efo_id=EFO_0003949&show_child_trait=false&size=500&page=0""]",GOLGA6L7
pigmentation,104179064,GCST90255684,36672889,"[""EFO_0003949""]","[""strict""]",https://www.ebi.ac.uk/gwas/rest/api/v2/associations/104179064,"[""https://www.ebi.ac.uk/gwas/rest/api/v2/associations?efo_id=EFO_0003949&show_child_trait=false&size=500&page=0""]",HERC2
pigmentation,104179070,GCST90255684,36672889,"[""EFO_0003949""]","[""strict""]",https://www.ebi.ac.uk/gwas/rest/api/v2/associations/104179070,"[""https://www.ebi.ac.uk/gwas/rest/api/v2/associations?efo_id=EFO_0003949&show_child_trait=false&size=500&page=0""]",HERC2
pigmentation,104179076,GCST90255684,36672889,"[""EFO_0003949""]","[""strict""]",https://www.ebi.ac.uk/gwas/rest/api/v2/associations/104179076,"[""https://www.ebi.ac.uk/gwas/rest/api/v2/associations?efo_id=EFO_0003949&show_child_trait=false&size=500&page=0""]",HERC2
pigmentation,104179082,GCST90255684,36672889,"[""EFO_0003949""]","[""strict""]",https://www.ebi.ac.uk/gwas/rest/api/v2/associations/104179082,"[""https://www.ebi.ac.uk/gwas/rest/api/v2/associations?efo_id=EFO_0003949&show_child_trait=false&size=500&page=0""]",HERC2
pigmentation,104179088,GCST90255684,36672889,"[""EFO_0003949""]","[""strict""]",https://www.ebi.ac.uk/gwas/rest/api/v2/associations/104179088,"[""https://www.ebi.ac.uk/gwas/rest/api/v2/associations?efo_id=EFO_0003949&show_child_trait=false&size=500&page=0""]",HERC2
pigmentation,104179088,GCST90255684,36672889,"[""EFO_0003949""]","[""strict""]",https://www.ebi.ac.uk/gwas/rest/api/v2/associations/104179088,"[""https://www.ebi.ac.uk/gwas/rest/api/v2/associations?efo_id=EFO_0003949&show_child_trait=false&size=500&page=0""]",OCA2
pigmentation,104179093,GCST90255684,36672889,"[""EFO_0003949""]","[""strict""]",https://www.ebi.ac.uk/gwas/rest/api/v2/associations/104179093,"[""https://www.ebi.ac.uk/gwas/rest/api/v2/associations?efo_id=EFO_0003949&show_child_trait=false&size=500&page=0""]",SLC45A2
pigmentation,104179099,GCST90255684,36672889,"[""EFO_0003949""]","[""strict""]",https://www.ebi.ac.uk/gwas/rest/api/v2/associations/104179099,"[""https://www.ebi.ac.uk/gwas/rest/api/v2/associations?efo_id=EFO_0003949&show_child_trait=false&size=500&page=0""]",OCA2
pigmentation,104179105,GCST90255684,36672889,"[""EFO_0003949""]","[""strict""]",https://www.ebi.ac.uk/gwas/rest/api/v2/associations/104179105,"[""https://www.ebi.ac.uk/gwas/rest/api/v2/associations?efo_id=EFO_0003949&show_child_trait=false&size=500&page=0""]",HERC2
pigmentation,104179111,GCST90255684,36672889,"[""EFO_0003949""]","[""strict""]",https://www.ebi.ac.uk/gwas/rest/api/v2/associations/104179111,"[""https://www.ebi.ac.uk/gwas/rest/api/v2/associations?efo_id=EFO_0003949&show_child_trait=false&size=500&page=0""]",OCA2
pigmentation,104179117,GCST90255684,36672889,"[""EFO_0003949""]","[""strict""]",https://www.ebi.ac.uk/gwas/rest/api/v2/associations/104179117,"[""https://www.ebi.ac.uk/gwas/rest/api/v2/associations?efo_id=EFO_0003949&show_child_trait=false&size=500&page=0""]",HERC2
pigmentation,104179123,GCST90255684,36672889,"[""EFO_0003949""]","[""strict""]",https://www.ebi.ac.uk/gwas/rest/api/v2/associations/104179123,"[""https://www.ebi.ac.uk/gwas/rest/api/v2/associations?efo_id=EFO_0003949&show_child_trait=false&size=500&page=0""]",OCA2
pigmentation,104179129,GCST90255684,36672889,"[""EFO_0003949""]","[""strict""]",https://www.ebi.ac.uk/gwas/rest/api/v2/associations/104179129,"[""https://www.ebi.ac.uk/gwas/rest/api/v2/associations?efo_id=EFO_0003949&show_child_trait=false&size=500&page=0""]",OCA2
pigmentation,104179135,GCST90255684,36672889,"[""EFO_0003949""]","[""strict""]",https://www.ebi.ac.uk/gwas/rest/api/v2/associations/104179135,"[""https://www.ebi.ac.uk/gwas/rest/api/v2/associations?efo_id=EFO_0003949&show_child_trait=false&size=500&page=0""]",HERC2
pigmentation,104179141,GCST90255684,36672889,"[""EFO_0003949""]","[""strict""]",https://www.ebi.ac.uk/gwas/rest/api/v2/associations/104179141,"[""https://www.ebi.ac.uk/gwas/rest/api/v2/associations?efo_id=EFO_0003949&show_child_trait=false&size=500&page=0""]",OCA2
pigmentation,104179147,GCST90255684,36672889,"[""EFO_0003949""]","[""strict""]",https://www.ebi.ac.uk/gwas/rest/api/v2/associations/104179147,"[""https://www.ebi.ac.uk/gwas/rest/api/v2/associations?efo_id=EFO_0003949&show_child_trait=false&size=500&page=0""]",OCA2
pigmentation,104179153,GCST90255684,36672889,"[""EFO_0003949""]","[""strict""]",https://www.ebi.ac.uk/gwas/rest/api/v2/associations/104179153,"[""https://www.ebi.ac.uk/gwas/rest/api/v2/associations?efo_id=EFO_0003949&show_child_trait=false&size=500&page=0""]",HERC2
pigmentation,104179159,GCST90255684,36672889,"[""EFO_0003949""]","[""strict""]",https://www.ebi.ac.uk/gwas/rest/api/v2/associations/104179159,"[""https://www.ebi.ac.uk/gwas/rest/api/v2/associations?efo_id=EFO_0003949&show_child_trait=false&size=500&page=0""]",HERC2
pigmentation,104179165,GCST90255684,36672889,"[""EFO_0003949""]","[""strict""]",https://www.ebi.ac.uk/gwas/rest/api/v2/associations/104179165,"[""https://www.ebi.ac.uk/gwas/rest/api/v2/associations?efo_id=EFO_0003949&show_child_trait=false&size=500&page=0""]",OCA2
pigmentation,104179171,GCST90255684,36672889,"[""EFO_0003949""]","[""strict""]",https://www.ebi.ac.uk/gwas/rest/api/v2/associations/104179171,"[""https://www.ebi.ac.uk/gwas/rest/api/v2/associations?efo_id=EFO_0003949&show_child_trait=false&size=500&page=0""]",HERC2
pigmentation,104179176,GCST90255684,36672889,"[""EFO_0003949""]","[""strict""]",https://www.ebi.ac.uk/gwas/rest/api/v2/associations/104179176,"[""https://www.ebi.ac.uk/gwas/rest/api/v2/associations?efo_id=EFO_0003949&show_child_trait=false&size=500&page=0""]",HERC2
pigmentation,104179182,GCST90255684,36672889,"[""EFO_0003949""]","[""strict""]",https://www.ebi.ac.uk/gwas/rest/api/v2/associations/104179182,"[""https://www.ebi.ac.uk/gwas/rest/api/v2/associations?efo_id=EFO_0003949&show_child_trait=false&size=500&page=0""]",OCA2
pigmentation,104179188,GCST90255684,36672889,"[""EFO_0003949""]","[""strict""]",https://www.ebi.ac.uk/gwas/rest/api/v2/associations/104179188,"[""https://www.ebi.ac.uk/gwas/rest/api/v2/associations?efo_id=EFO_0003949&show_child_trait=false&size=500&page=0""]",OCA2
pigmentation,104179194,GCST90255684,36672889,"[""EFO_0003949""]","[""strict""]",https://www.ebi.ac.uk/gwas/rest/api/v2/associations/104179194,"[""https://www.ebi.ac.uk/gwas/rest/api/v2/associations?efo_id=EFO_0003949&show_child_trait=false&size=500&page=0""]",HERC2
pigmentation,104179200,GCST90255684,36672889,"[""EFO_0003949""]","[""strict""]",https://www.ebi.ac.uk/gwas/rest/api/v2/associations/104179200,"[""https://www.ebi.ac.uk/gwas/rest/api/v2/associations?efo_id=EFO_0003949&show_child_trait=false&size=500&page=0""]",HERC2
pigmentation,104179206,GCST90255684,36672889,"[""EFO_0003949""]","[""strict""]",https://www.ebi.ac.uk/gwas/rest/api/v2/associations/104179206,"[""https://www.ebi.ac.uk/gwas/rest/api/v2/associations?efo_id=EFO_0003949&show_child_trait=false&size=500&page=0""]",SLC45A2
pigmentation,104179212,GCST90255684,36672889,"[""EFO_0003949""]","[""strict""]",https://www.ebi.ac.uk/gwas/rest/api/v2/associations/104179212,"[""https://www.ebi.ac.uk/gwas/rest/api/v2/associations?efo_id=EFO_0003949&show_child_trait=false&size=500&page=0""]",OCA2
pigmentation,104179218,GCST90255684,36672889,"[""EFO_0003949""]","[""strict""]",https://www.ebi.ac.uk/gwas/rest/api/v2/associations/104179218,"[""https://www.ebi.ac.uk/gwas/rest/api/v2/associations?efo_id=EFO_0003949&show_child_trait=false&size=500&page=0""]",APBA2
pigmentation,104179224,GCST90255684,36672889,"[""EFO_0003949""]","[""strict""]",https://www.ebi.ac.uk/gwas/rest/api/v2/associations/104179224,"[""https://www.ebi.ac.uk/gwas/rest/api/v2/associations?efo_id=EFO_0003949&show_child_trait=false&size=500&page=0""]",HERC2
pigmentation,104179230,GCST90255684,36672889,"[""EFO_0003949""]","[""strict""]",https://www.ebi.ac.uk/gwas/rest/api/v2/associations/104179230,"[""https://www.ebi.ac.uk/gwas/rest/api/v2/associations?efo_id=EFO_0003949&show_child_trait=false&size=500&page=0""]",HERC2
pigmentation,104179236,GCST90255684,36672889,"[""EFO_0003949""]","[""strict""]",https://www.ebi.ac.uk/gwas/rest/api/v2/associations/104179236,"[""https://www.ebi.ac.uk/gwas/rest/api/v2/associations?efo_id=EFO_0003949&show_child_trait=false&size=500&page=0""]",HERC2
pigmentation,104179242,GCST90255684,36672889,"[""EFO_0003949""]","[""strict""]",https://www.ebi.ac.uk/gwas/rest/api/v2/associations/104179242,"[""https://www.ebi.ac.uk/gwas/rest/api/v2/associations?efo_id=EFO_0003949&show_child_trait=false&size=500&page=0""]",LURAP1L-AS1
pigmentation,104179248,GCST90255684,36672889,"[""EFO_0003949""]","[""strict""]",https://www.ebi.ac.uk/gwas/rest/api/v2/associations/104179248,"[""https://www.ebi.ac.uk/gwas/rest/api/v2/associations?efo_id=EFO_0003949&show_child_trait=false&size=500&page=0""]",OCA2
pigmentation,104179254,GCST90255684,36672889,"[""EFO_0003949""]","[""strict""]",https://www.ebi.ac.uk/gwas/rest/api/v2/associations/104179254,"[""https://www.ebi.ac.uk/gwas/rest/api/v2/associations?efo_id=EFO_0003949&show_child_trait=false&size=500&page=0""]",OCA2
pigmentation,104179259,GCST90255684,36672889,"[""EFO_0003949""]","[""strict""]",https://www.ebi.ac.uk/gwas/rest/api/v2/associations/104179259,"[""https://www.ebi.ac.uk/gwas/rest/api/v2/associations?efo_id=EFO_0003949&show_child_trait=false&size=500&page=0""]",OCA2
pigmentation,104179264,GCST90255684,36672889,"[""EFO_0003949""]","[""strict""]",https://www.ebi.ac.uk/gwas/rest/api/v2/associations/104179264,"[""https://www.ebi.ac.uk/gwas/rest/api/v2/associations?efo_id=EFO_0003949&show_child_trait=false&size=500&page=0""]",OCA2
pigmentation,104179269,GCST90255684,36672889,"[""EFO_0003949""]","[""strict""]",https://www.ebi.ac.uk/gwas/rest/api/v2/associations/104179269,"[""https://www.ebi.ac.uk/gwas/rest/api/v2/associations?efo_id=EFO_0003949&show_child_trait=false&size=500&page=0""]",OCA2
pigmentation,104179274,GCST90255684,36672889,"[""EFO_0003949""]","[""strict""]",https://www.ebi.ac.uk/gwas/rest/api/v2/associations/104179274,"[""https://www.ebi.ac.uk/gwas/rest/api/v2/associations?efo_id=EFO_0003949&show_child_trait=false&size=500&page=0""]",HERC2
pigmentation,104179280,GCST90255684,36672889,"[""EFO_0003949""]","[""strict""]",https://www.ebi.ac.uk/gwas/rest/api/v2/associations/104179280,"[""https://www.ebi.ac.uk/gwas/rest/api/v2/associations?efo_id=EFO_0003949&show_child_trait=false&size=500&page=0""]",HERC2
pigmentation,104179286,GCST90255684,36672889,"[""EFO_0003949""]","[""strict""]",https://www.ebi.ac.uk/gwas/rest/api/v2/associations/104179286,"[""https://www.ebi.ac.uk/gwas/rest/api/v2/associations?efo_id=EFO_0003949&show_child_trait=false&size=500&page=0""]",GOLGA8F
pigmentation,104179286,GCST90255684,36672889,"[""EFO_0003949""]","[""strict""]",https://www.ebi.ac.uk/gwas/rest/api/v2/associations/104179286,"[""https://www.ebi.ac.uk/gwas/rest/api/v2/associations?efo_id=EFO_0003949&show_child_trait=false&size=500&page=0""]",MPHOSPH10P7
pigmentation,104179292,GCST90255684,36672889,"[""EFO_0003949""]","[""strict""]",https://www.ebi.ac.uk/gwas/rest/api/v2/associations/104179292,"[""https://www.ebi.ac.uk/gwas/rest/api/v2/associations?efo_id=EFO_0003949&show_child_trait=false&size=500&page=0""]",HERC2
pigmentation,104179298,GCST90255684,36672889,"[""EFO_0003949""]","[""strict""]",https://www.ebi.ac.uk/gwas/rest/api/v2/associations/104179298,"[""https://www.ebi.ac.uk/gwas/rest/api/v2/associations?efo_id=EFO_0003949&show_child_trait=false&size=500&page=0""]",HERC2
pigmentation,104179304,GCST90255684,36672889,"[""EFO_0003949""]","[""strict""]",https://www.ebi.ac.uk/gwas/rest/api/v2/associations/104179304,"[""https://www.ebi.ac.uk/gwas/rest/api/v2/associations?efo_id=EFO_0003949&show_child_trait=false&size=500&page=0""]",OCA2
pigmentation,104179310,GCST90255684,36672889,"[""EFO_0003949""]","[""strict""]",https://www.ebi.ac.uk/gwas/rest/api/v2/associations/104179310,"[""https://www.ebi.ac.uk/gwas/rest/api/v2/associations?efo_id=EFO_0003949&show_child_trait=false&size=500&page=0""]",HERC2
pigmentation,104179310,GCST90255684,36672889,"[""EFO_0003949""]","[""strict""]",https://www.ebi.ac.uk/gwas/rest/api/v2/associations/104179310,"[""https://www.ebi.ac.uk/gwas/rest/api/v2/associations?efo_id=EFO_0003949&show_child_trait=false&size=500&page=0""]",OCA2
pigmentation,104179316,GCST90255684,36672889,"[""EFO_0003949""]","[""strict""]",https://www.ebi.ac.uk/gwas/rest/api/v2/associations/104179316,"[""https://www.ebi.ac.uk/gwas/rest/api/v2/associations?efo_id=EFO_0003949&show_child_trait=false&size=500&page=0""]",OCA2
pigmentation,104179322,GCST90255684,36672889,"[""EFO_0003949""]","[""strict""]",https://www.ebi.ac.uk/gwas/rest/api/v2/associations/104179322,"[""https://www.ebi.ac.uk/gwas/rest/api/v2/associations?efo_id=EFO_0003949&show_child_trait=false&size=500&page=0""]",HERC2
pigmentation,104179322,GCST90255684,36672889,"[""EFO_0003949""]","[""strict""]",https://www.ebi.ac.uk/gwas/rest/api/v2/associations/104179322,"[""https://www.ebi.ac.uk/gwas/rest/api/v2/associations?efo_id=EFO_0003949&show_child_trait=false&size=500&page=0""]",OCA2
pigmentation,104179327,GCST90255684,36672889,"[""EFO_0003949""]","[""strict""]",https://www.ebi.ac.uk/gwas/rest/api/v2/associations/104179327,"[""https://www.ebi.ac.uk/gwas/rest/api/v2/associations?efo_id=EFO_0003949&show_child_trait=false&size=500&page=0""]",OCA2
pigmentation,104179333,GCST90255684,36672889,"[""EFO_0003949""]","[""strict""]",https://www.ebi.ac.uk/gwas/rest/api/v2/associations/104179333,"[""https://www.ebi.ac.uk/gwas/rest/api/v2/associations?efo_id=EFO_0003949&show_child_trait=false&size=500&page=0""]",NUP205
pigmentation,104179339,GCST90255684,36672889,"[""EFO_0003949""]","[""strict""]",https://www.ebi.ac.uk/gwas/rest/api/v2/associations/104179339,"[""https://www.ebi.ac.uk/gwas/rest/api/v2/associations?efo_id=EFO_0003949&show_child_trait=false&size=500&page=0""]",OCA2
pigmentation,104179345,GCST90255684,36672889,"[""EFO_0003949""]","[""strict""]",https://www.ebi.ac.uk/gwas/rest/api/v2/associations/104179345,"[""https://www.ebi.ac.uk/gwas/rest/api/v2/associations?efo_id=EFO_0003949&show_child_trait=false&size=500&page=0""]",LURAP1L-AS1
pigmentation,104179351,GCST90255684,36672889,"[""EFO_0003949""]","[""strict""]",https://www.ebi.ac.uk/gwas/rest/api/v2/associations/104179351,"[""https://www.ebi.ac.uk/gwas/rest/api/v2/associations?efo_id=EFO_0003949&show_child_trait=false&size=500&page=0""]",OCA2
pigmentation,104179356,GCST90255684,36672889,"[""EFO_0003949""]","[""strict""]",https://www.ebi.ac.uk/gwas/rest/api/v2/associations/104179356,"[""https://www.ebi.ac.uk/gwas/rest/api/v2/associations?efo_id=EFO_0003949&show_child_trait=false&size=500&page=0""]",OCA2
pigmentation,104179362,GCST90255684,36672889,"[""EFO_0003949""]","[""strict""]",https://www.ebi.ac.uk/gwas/rest/api/v2/associations/104179362,"[""https://www.ebi.ac.uk/gwas/rest/api/v2/associations?efo_id=EFO_0003949&show_child_trait=false&size=500&page=0""]",OCA2
pigmentation,104179368,GCST90255684,36672889,"[""EFO_0003949""]","[""strict""]",https://www.ebi.ac.uk/gwas/rest/api/v2/associations/104179368,"[""https://www.ebi.ac.uk/gwas/rest/api/v2/associations?efo_id=EFO_0003949&show_child_trait=false&size=500&page=0""]",OCA2
pigmentation,104179374,GCST90255684,36672889,"[""EFO_0003949""]","[""strict""]",https://www.ebi.ac.uk/gwas/rest/api/v2/associations/104179374,"[""https://www.ebi.ac.uk/gwas/rest/api/v2/associations?efo_id=EFO_0003949&show_child_trait=false&size=500&page=0""]",OCA2
pigmentation,104179380,GCST90255684,36672889,"[""EFO_0003949""]","[""strict""]",https://www.ebi.ac.uk/gwas/rest/api/v2/associations/104179380,"[""https://www.ebi.ac.uk/gwas/rest/api/v2/associations?efo_id=EFO_0003949&show_child_trait=false&size=500&page=0""]",HERC2
pigmentation,104179380,GCST90255684,36672889,"[""EFO_0003949""]","[""strict""]",https://www.ebi.ac.uk/gwas/rest/api/v2/associations/104179380,"[""https://www.ebi.ac.uk/gwas/rest/api/v2/associations?efo_id=EFO_0003949&show_child_trait=false&size=500&page=0""]",HERC2P1
pigmentation,104179386,GCST90255684,36672889,"[""EFO_0003949""]","[""strict""]",https://www.ebi.ac.uk/gwas/rest/api/v2/associations/104179386,"[""https://www.ebi.ac.uk/gwas/rest/api/v2/associations?efo_id=EFO_0003949&show_child_trait=false&size=500&page=0""]",OCA2
pigmentation,104179392,GCST90255684,36672889,"[""EFO_0003949""]","[""strict""]",https://www.ebi.ac.uk/gwas/rest/api/v2/associations/104179392,"[""https://www.ebi.ac.uk/gwas/rest/api/v2/associations?efo_id=EFO_0003949&show_child_trait=false&size=500&page=0""]",HERC2
pigmentation,104179398,GCST90255684,36672889,"[""EFO_0003949""]","[""strict""]",https://www.ebi.ac.uk/gwas/rest/api/v2/associations/104179398,"[""https://www.ebi.ac.uk/gwas/rest/api/v2/associations?efo_id=EFO_0003949&show_child_trait=false&size=500&page=0""]",GOLGA6L7
pigmentation,104179403,GCST90255684,36672889,"[""EFO_0003949""]","[""strict""]",https://www.ebi.ac.uk/gwas/rest/api/v2/associations/104179403,"[""https://www.ebi.ac.uk/gwas/rest/api/v2/associations?efo_id=EFO_0003949&show_child_trait=false&size=500&page=0""]",HERC2
pigmentation,104179409,GCST90255684,36672889,"[""EFO_0003949""]","[""strict""]",https://www.ebi.ac.uk/gwas/rest/api/v2/associations/104179409,"[""https://www.ebi.ac.uk/gwas/rest/api/v2/associations?efo_id=EFO_0003949&show_child_trait=false&size=500&page=0""]",OCA2
pigmentation,104179414,GCST90255684,36672889,"[""EFO_0003949""]","[""strict""]",https://www.ebi.ac.uk/gwas/rest/api/v2/associations/104179414,"[""https://www.ebi.ac.uk/gwas/rest/api/v2/associations?efo_id=EFO_0003949&show_child_trait=false&size=500&page=0""]",OCA2
pigmentation,104179419,GCST90255684,36672889,"[""EFO_0003949""]","[""strict""]",https://www.ebi.ac.uk/gwas/rest/api/v2/associations/104179419,"[""https://www.ebi.ac.uk/gwas/rest/api/v2/associations?efo_id=EFO_0003949&show_child_trait=false&size=500&page=0""]",HERC2
pigmentation,104179425,GCST90255684,36672889,"[""EFO_0003949""]","[""strict""]",https://www.ebi.ac.uk/gwas/rest/api/v2/associations/104179425,"[""https://www.ebi.ac.uk/gwas/rest/api/v2/associations?efo_id=EFO_0003949&show_child_trait=false&size=500&page=0""]",HERC2
pigmentation,104179431,GCST90255684,36672889,"[""EFO_0003949""]","[""strict""]",https://www.ebi.ac.uk/gwas/rest/api/v2/associations/104179431,"[""https://www.ebi.ac.uk/gwas/rest/api/v2/associations?efo_id=EFO_0003949&show_child_trait=false&size=500&page=0""]",OCA2
pigmentation,104179443,GCST90255685,36672889,"[""EFO_0003963""]","[""broad""]",https://www.ebi.ac.uk/gwas/rest/api/v2/associations/104179443,"[""https://www.ebi.ac.uk/gwas/rest/api/v2/associations?efo_id=EFO_0003963&show_child_trait=false&size=500&page=0""]",IRF4
pigmentation,104179448,GCST90255685,36672889,"[""EFO_0003963""]","[""broad""]",https://www.ebi.ac.uk/gwas/rest/api/v2/associations/104179448,"[""https://www.ebi.ac.uk/gwas/rest/api/v2/associations?efo_id=EFO_0003963&show_child_trait=false&size=500&page=0""]",EXOC2
pigmentation,104179448,GCST90255685,36672889,"[""EFO_0003963""]","[""broad""]",https://www.ebi.ac.uk/gwas/rest/api/v2/associations/104179448,"[""https://www.ebi.ac.uk/gwas/rest/api/v2/associations?efo_id=EFO_0003963&show_child_trait=false&size=500&page=0""]",IRF4
pigmentation,104179453,GCST90255685,36672889,"[""EFO_0003963""]","[""broad""]",https://www.ebi.ac.uk/gwas/rest/api/v2/associations/104179453,"[""https://www.ebi.ac.uk/gwas/rest/api/v2/associations?efo_id=EFO_0003963&show_child_trait=false&size=500&page=0""]",SLC45A2
pigmentation,104179458,GCST90255685,36672889,"[""EFO_0003963""]","[""broad""]",https://www.ebi.ac.uk/gwas/rest/api/v2/associations/104179458,"[""https://www.ebi.ac.uk/gwas/rest/api/v2/associations?efo_id=EFO_0003963&show_child_trait=false&size=500&page=0""]",MC1R
pigmentation,104179463,GCST90255685,36672889,"[""EFO_0003963""]","[""broad""]",https://www.ebi.ac.uk/gwas/rest/api/v2/associations/104179463,"[""https://www.ebi.ac.uk/gwas/rest/api/v2/associations?efo_id=EFO_0003963&show_child_trait=false&size=500&page=0""]",SLC45A2
pigmentation,104179469,GCST90255685,36672889,"[""EFO_0003963""]","[""broad""]",https://www.ebi.ac.uk/gwas/rest/api/v2/associations/104179469,"[""https://www.ebi.ac.uk/gwas/rest/api/v2/associations?efo_id=EFO_0003963&show_child_trait=false&size=500&page=0""]",LINC00299
pigmentation,104179469,GCST90255685,36672889,"[""EFO_0003963""]","[""broad""]",https://www.ebi.ac.uk/gwas/rest/api/v2/associations/104179469,"[""https://www.ebi.ac.uk/gwas/rest/api/v2/associations?efo_id=EFO_0003963&show_child_trait=false&size=500&page=0""]",LINC01871
pigmentation,104179474,GCST90255685,36672889,"[""EFO_0003963""]","[""broad""]",https://www.ebi.ac.uk/gwas/rest/api/v2/associations/104179474,"[""https://www.ebi.ac.uk/gwas/rest/api/v2/associations?efo_id=EFO_0003963&show_child_trait=false&size=500&page=0""]",EXOC2
pigmentation,104179474,GCST90255685,36672889,"[""EFO_0003963""]","[""broad""]",https://www.ebi.ac.uk/gwas/rest/api/v2/associations/104179474,"[""https://www.ebi.ac.uk/gwas/rest/api/v2/associations?efo_id=EFO_0003963&show_child_trait=false&size=500&page=0""]",IRF4
pigmentation,104179487,GCST90255686,36672889,"[""MONDO_0005434""]","[""broad""]",https://www.ebi.ac.uk/gwas/rest/api/v2/associations/104179487,"[""https://www.ebi.ac.uk/gwas/rest/api/v2/associations?efo_id=MONDO_0005434&show_child_trait=false&size=500&page=0""]",SLC45A2
pigmentation,104179492,GCST90255686,36672889,"[""MONDO_0005434""]","[""broad""]",https://www.ebi.ac.uk/gwas/rest/api/v2/associations/104179492,"[""https://www.ebi.ac.uk/gwas/rest/api/v2/associations?efo_id=MONDO_0005434&show_child_trait=false&size=500&page=0""]",TYR
pigmentation,104179498,GCST90255686,36672889,"[""MONDO_0005434""]","[""broad""]",https://www.ebi.ac.uk/gwas/rest/api/v2/associations/104179498,"[""https://www.ebi.ac.uk/gwas/rest/api/v2/associations?efo_id=MONDO_0005434&show_child_trait=false&size=500&page=0""]",ADAMTS12
pigmentation,104179504,GCST90255686,36672889,"[""MONDO_0005434""]","[""broad""]",https://www.ebi.ac.uk/gwas/rest/api/v2/associations/104179504,"[""https://www.ebi.ac.uk/gwas/rest/api/v2/associations?efo_id=MONDO_0005434&show_child_trait=false&size=500&page=0""]",ADAMTS12
pigmentation,104179504,GCST90255686,36672889,"[""MONDO_0005434""]","[""broad""]",https://www.ebi.ac.uk/gwas/rest/api/v2/associations/104179504,"[""https://www.ebi.ac.uk/gwas/rest/api/v2/associations?efo_id=MONDO_0005434&show_child_trait=false&size=500&page=0""]",RXFP3
pigmentation,104179509,GCST90255686,36672889,"[""MONDO_0005434""]","[""broad""]",https://www.ebi.ac.uk/gwas/rest/api/v2/associations/104179509,"[""https://www.ebi.ac.uk/gwas/rest/api/v2/associations?efo_id=MONDO_0005434&show_child_trait=false&size=500&page=0""]",SLC45A2
pigmentation,104179514,GCST90255686,36672889,"[""MONDO_0005434""]","[""broad""]",https://www.ebi.ac.uk/gwas/rest/api/v2/associations/104179514,"[""https://www.ebi.ac.uk/gwas/rest/api/v2/associations?efo_id=MONDO_0005434&show_child_trait=false&size=500&page=0""]",IRF4
pigmentation,104179519,GCST90255686,36672889,"[""MONDO_0005434""]","[""broad""]",https://www.ebi.ac.uk/gwas/rest/api/v2/associations/104179519,"[""https://www.ebi.ac.uk/gwas/rest/api/v2/associations?efo_id=MONDO_0005434&show_child_trait=false&size=500&page=0""]",HERC2
pigmentation,104179524,GCST90255686,36672889,"[""MONDO_0005434""]","[""broad""]",https://www.ebi.ac.uk/gwas/rest/api/v2/associations/104179524,"[""https://www.ebi.ac.uk/gwas/rest/api/v2/associations?efo_id=MONDO_0005434&show_child_trait=false&size=500&page=0""]",ADAMTS12
pigmentation,104179524,GCST90255686,36672889,"[""MONDO_0005434""]","[""broad""]",https://www.ebi.ac.uk/gwas/rest/api/v2/associations/104179524,"[""https://www.ebi.ac.uk/gwas/rest/api/v2/associations?efo_id=MONDO_0005434&show_child_trait=false&size=500&page=0""]",RXFP3
pigmentation,104179530,GCST90255686,36672889,"[""MONDO_0005434""]","[""broad""]",https://www.ebi.ac.uk/gwas/rest/api/v2/associations/104179530,"[""https://www.ebi.ac.uk/gwas/rest/api/v2/associations?efo_id=MONDO_0005434&show_child_trait=false&size=500&page=0""]",ADAMTS12
pigmentation,104179535,GCST90255686,36672889,"[""MONDO_0005434""]","[""broad""]",https://www.ebi.ac.uk/gwas/rest/api/v2/associations/104179535,"[""https://www.ebi.ac.uk/gwas/rest/api/v2/associations?efo_id=MONDO_0005434&show_child_trait=false&size=500&page=0""]",RXFP3
pigmentation,104179535,GCST90255686,36672889,"[""MONDO_0005434""]","[""broad""]",https://www.ebi.ac.uk/gwas/rest/api/v2/associations/104179535,"[""https://www.ebi.ac.uk/gwas/rest/api/v2/associations?efo_id=MONDO_0005434&show_child_trait=false&size=500&page=0""]",SLC45A2
pigmentation,104179540,GCST90255686,36672889,"[""MONDO_0005434""]","[""broad""]",https://www.ebi.ac.uk/gwas/rest/api/v2/associations/104179540,"[""https://www.ebi.ac.uk/gwas/rest/api/v2/associations?efo_id=MONDO_0005434&show_child_trait=false&size=500&page=0""]",SLC45A2
pigmentation,104179545,GCST90255686,36672889,"[""MONDO_0005434""]","[""broad""]",https://www.ebi.ac.uk/gwas/rest/api/v2/associations/104179545,"[""https://www.ebi.ac.uk/gwas/rest/api/v2/associations?efo_id=MONDO_0005434&show_child_trait=false&size=500&page=0""]",OCA2
pigmentation,104179551,GCST90255686,36672889,"[""MONDO_0005434""]","[""broad""]",https://www.ebi.ac.uk/gwas/rest/api/v2/associations/104179551,"[""https://www.ebi.ac.uk/gwas/rest/api/v2/associations?efo_id=MONDO_0005434&show_child_trait=false&size=500&page=0""]",ADAMTS12
pigmentation,104179551,GCST90255686,36672889,"[""MONDO_0005434""]","[""broad""]",https://www.ebi.ac.uk/gwas/rest/api/v2/associations/104179551,"[""https://www.ebi.ac.uk/gwas/rest/api/v2/associations?efo_id=MONDO_0005434&show_child_trait=false&size=500&page=0""]",RXFP3
pigmentation,104179557,GCST90255686,36672889,"[""MONDO_0005434""]","[""broad""]",https://www.ebi.ac.uk/gwas/rest/api/v2/associations/104179557,"[""https://www.ebi.ac.uk/gwas/rest/api/v2/associations?efo_id=MONDO_0005434&show_child_trait=false&size=500&page=0""]",ADAMTS12
pigmentation,104179557,GCST90255686,36672889,"[""MONDO_0005434""]","[""broad""]",https://www.ebi.ac.uk/gwas/rest/api/v2/associations/104179557,"[""https://www.ebi.ac.uk/gwas/rest/api/v2/associations?efo_id=MONDO_0005434&show_child_trait=false&size=500&page=0""]",RXFP3
pigmentation,104179563,GCST90255686,36672889,"[""MONDO_0005434""]","[""broad""]",https://www.ebi.ac.uk/gwas/rest/api/v2/associations/104179563,"[""https://www.ebi.ac.uk/gwas/rest/api/v2/associations?efo_id=MONDO_0005434&show_child_trait=false&size=500&page=0""]",ADAMTS12
pigmentation,104179568,GCST90255686,36672889,"[""MONDO_0005434""]","[""broad""]",https://www.ebi.ac.uk/gwas/rest/api/v2/associations/104179568,"[""https://www.ebi.ac.uk/gwas/rest/api/v2/associations?efo_id=MONDO_0005434&show_child_trait=false&size=500&page=0""]",ANKRD11
pigmentation,104179574,GCST90255686,36672889,"[""MONDO_0005434""]","[""broad""]",https://www.ebi.ac.uk/gwas/rest/api/v2/associations/104179574,"[""https://www.ebi.ac.uk/gwas/rest/api/v2/associations?efo_id=MONDO_0005434&show_child_trait=false&size=500&page=0""]",ADAMTS12
pigmentation,104179574,GCST90255686,36672889,"[""MONDO_0005434""]","[""broad""]",https://www.ebi.ac.uk/gwas/rest/api/v2/associations/104179574,"[""https://www.ebi.ac.uk/gwas/rest/api/v2/associations?efo_id=MONDO_0005434&show_child_trait=false&size=500&page=0""]",RXFP3
pigmentation,104179580,GCST90255686,36672889,"[""MONDO_0005434""]","[""broad""]",https://www.ebi.ac.uk/gwas/rest/api/v2/associations/104179580,"[""https://www.ebi.ac.uk/gwas/rest/api/v2/associations?efo_id=MONDO_0005434&show_child_trait=false&size=500&page=0""]",RXFP3
pigmentation,104179580,GCST90255686,36672889,"[""MONDO_0005434""]","[""broad""]",https://www.ebi.ac.uk/gwas/rest/api/v2/associations/104179580,"[""https://www.ebi.ac.uk/gwas/rest/api/v2/associations?efo_id=MONDO_0005434&show_child_trait=false&size=500&page=0""]",SLC45A2
pigmentation,104179585,GCST90255686,36672889,"[""MONDO_0005434""]","[""broad""]",https://www.ebi.ac.uk/gwas/rest/api/v2/associations/104179585,"[""https://www.ebi.ac.uk/gwas/rest/api/v2/associations?efo_id=MONDO_0005434&show_child_trait=false&size=500&page=0""]",SLC45A2
pigmentation,104179590,GCST90255686,36672889,"[""MONDO_0005434""]","[""broad""]",https://www.ebi.ac.uk/gwas/rest/api/v2/associations/104179590,"[""https://www.ebi.ac.uk/gwas/rest/api/v2/associations?efo_id=MONDO_0005434&show_child_trait=false&size=500&page=0""]",SLC45A2
pigmentation,104179596,GCST90255686,36672889,"[""MONDO_0005434""]","[""broad""]",https://www.ebi.ac.uk/gwas/rest/api/v2/associations/104179596,"[""https://www.ebi.ac.uk/gwas/rest/api/v2/associations?efo_id=MONDO_0005434&show_child_trait=false&size=500&page=0""]",ADAMTS12
pigmentation,104179602,GCST90255686,36672889,"[""MONDO_0005434""]","[""broad""]",https://www.ebi.ac.uk/gwas/rest/api/v2/associations/104179602,"[""https://www.ebi.ac.uk/gwas/rest/api/v2/associations?efo_id=MONDO_0005434&show_child_trait=false&size=500&page=0""]",SLC45A2
pigmentation,104179608,GCST90255686,36672889,"[""MONDO_0005434""]","[""broad""]",https://www.ebi.ac.uk/gwas/rest/api/v2/associations/104179608,"[""https://www.ebi.ac.uk/gwas/rest/api/v2/associations?efo_id=MONDO_0005434&show_child_trait=false&size=500&page=0""]",SLC45A2
pigmentation,104179614,GCST90255686,36672889,"[""MONDO_0005434""]","[""broad""]",https://www.ebi.ac.uk/gwas/rest/api/v2/associations/104179614,"[""https://www.ebi.ac.uk/gwas/rest/api/v2/associations?efo_id=MONDO_0005434&show_child_trait=false&size=500&page=0""]",SLC45A2
pigmentation,104179620,GCST90255686,36672889,"[""MONDO_0005434""]","[""broad""]",https://www.ebi.ac.uk/gwas/rest/api/v2/associations/104179620,"[""https://www.ebi.ac.uk/gwas/rest/api/v2/associations?efo_id=MONDO_0005434&show_child_trait=false&size=500&page=0""]",LINC00385
pigmentation,104179625,GCST90255686,36672889,"[""MONDO_0005434""]","[""broad""]",https://www.ebi.ac.uk/gwas/rest/api/v2/associations/104179625,"[""https://www.ebi.ac.uk/gwas/rest/api/v2/associations?efo_id=MONDO_0005434&show_child_trait=false&size=500&page=0""]",ADAMTS12
pigmentation,104179625,GCST90255686,36672889,"[""MONDO_0005434""]","[""broad""]",https://www.ebi.ac.uk/gwas/rest/api/v2/associations/104179625,"[""https://www.ebi.ac.uk/gwas/rest/api/v2/associations?efo_id=MONDO_0005434&show_child_trait=false&size=500&page=0""]",RXFP3
pigmentation,104179631,GCST90255686,36672889,"[""MONDO_0005434""]","[""broad""]",https://www.ebi.ac.uk/gwas/rest/api/v2/associations/104179631,"[""https://www.ebi.ac.uk/gwas/rest/api/v2/associations?efo_id=MONDO_0005434&show_child_trait=false&size=500&page=0""]",ADAMTS12
pigmentation,104179631,GCST90255686,36672889,"[""MONDO_0005434""]","[""broad""]",https://www.ebi.ac.uk/gwas/rest/api/v2/associations/104179631,"[""https://www.ebi.ac.uk/gwas/rest/api/v2/associations?efo_id=MONDO_0005434&show_child_trait=false&size=500&page=0""]",RXFP3
pigmentation,104179637,GCST90255686,36672889,"[""MONDO_0005434""]","[""broad""]",https://www.ebi.ac.uk/gwas/rest/api/v2/associations/104179637,"[""https://www.ebi.ac.uk/gwas/rest/api/v2/associations?efo_id=MONDO_0005434&show_child_trait=false&size=500&page=0""]",KATNAL1
pigmentation,104179637,GCST90255686,36672889,"[""MONDO_0005434""]","[""broad""]",https://www.ebi.ac.uk/gwas/rest/api/v2/associations/104179637,"[""https://www.ebi.ac.uk/gwas/rest/api/v2/associations?efo_id=MONDO_0005434&show_child_trait=false&size=500&page=0""]",LINC00385
pigmentation,104179656,GCST90255687,36672889,"[""MONDO_0005434""]","[""broad""]",https://www.ebi.ac.uk/gwas/rest/api/v2/associations/104179656,"[""https://www.ebi.ac.uk/gwas/rest/api/v2/associations?efo_id=MONDO_0005434&show_child_trait=false&size=500&page=0""]",ADAMTS12
pigmentation,104179661,GCST90255687,36672889,"[""MONDO_0005434""]","[""broad""]",https://www.ebi.ac.uk/gwas/rest/api/v2/associations/104179661,"[""https://www.ebi.ac.uk/gwas/rest/api/v2/associations?efo_id=MONDO_0005434&show_child_trait=false&size=500&page=0""]",SLC45A2
pigmentation,104179666,GCST90255687,36672889,"[""MONDO_0005434""]","[""broad""]",https://www.ebi.ac.uk/gwas/rest/api/v2/associations/104179666,"[""https://www.ebi.ac.uk/gwas/rest/api/v2/associations?efo_id=MONDO_0005434&show_child_trait=false&size=500&page=0""]",IRF4
pigmentation,104179671,GCST90255687,36672889,"[""MONDO_0005434""]","[""broad""]",https://www.ebi.ac.uk/gwas/rest/api/v2/associations/104179671,"[""https://www.ebi.ac.uk/gwas/rest/api/v2/associations?efo_id=MONDO_0005434&show_child_trait=false&size=500&page=0""]",HERC2
pigmentation,104179677,GCST90255687,36672889,"[""MONDO_0005434""]","[""broad""]",https://www.ebi.ac.uk/gwas/rest/api/v2/associations/104179677,"[""https://www.ebi.ac.uk/gwas/rest/api/v2/associations?efo_id=MONDO_0005434&show_child_trait=false&size=500&page=0""]",CHMP1A
pigmentation,104179682,GCST90255687,36672889,"[""MONDO_0005434""]","[""broad""]",https://www.ebi.ac.uk/gwas/rest/api/v2/associations/104179682,"[""https://www.ebi.ac.uk/gwas/rest/api/v2/associations?efo_id=MONDO_0005434&show_child_trait=false&size=500&page=0""]",ADAMTS12
pigmentation,104179682,GCST90255687,36672889,"[""MONDO_0005434""]","[""broad""]",https://www.ebi.ac.uk/gwas/rest/api/v2/associations/104179682,"[""https://www.ebi.ac.uk/gwas/rest/api/v2/associations?efo_id=MONDO_0005434&show_child_trait=false&size=500&page=0""]",RXFP3
pigmentation,104179687,GCST90255687,36672889,"[""MONDO_0005434""]","[""broad""]",https://www.ebi.ac.uk/gwas/rest/api/v2/associations/104179687,"[""https://www.ebi.ac.uk/gwas/rest/api/v2/associations?efo_id=MONDO_0005434&show_child_trait=false&size=500&page=0""]",SLC45A2
pigmentation,104179692,GCST90255687,36672889,"[""MONDO_0005434""]","[""broad""]",https://www.ebi.ac.uk/gwas/rest/api/v2/associations/104179692,"[""https://www.ebi.ac.uk/gwas/rest/api/v2/associations?efo_id=MONDO_0005434&show_child_trait=false&size=500&page=0""]",MC1R
pigmentation,104179697,GCST90255687,36672889,"[""MONDO_0005434""]","[""broad""]",https://www.ebi.ac.uk/gwas/rest/api/v2/associations/104179697,"[""https://www.ebi.ac.uk/gwas/rest/api/v2/associations?efo_id=MONDO_0005434&show_child_trait=false&size=500&page=0""]",MC1R
pigmentation,104179703,GCST90255687,36672889,"[""MONDO_0005434""]","[""broad""]",https://www.ebi.ac.uk/gwas/rest/api/v2/associations/104179703,"[""https://www.ebi.ac.uk/gwas/rest/api/v2/associations?efo_id=MONDO_0005434&show_child_trait=false&size=500&page=0""]",ADAMTS12
pigmentation,104179703,GCST90255687,36672889,"[""MONDO_0005434""]","[""broad""]",https://www.ebi.ac.uk/gwas/rest/api/v2/associations/104179703,"[""https://www.ebi.ac.uk/gwas/rest/api/v2/associations?efo_id=MONDO_0005434&show_child_trait=false&size=500&page=0""]",RXFP3
pigmentation,104179709,GCST90255687,36672889,"[""MONDO_0005434""]","[""broad""]",https://www.ebi.ac.uk/gwas/rest/api/v2/associations/104179709,"[""https://www.ebi.ac.uk/gwas/rest/api/v2/associations?efo_id=MONDO_0005434&show_child_trait=false&size=500&page=0""]",SLC45A2
pigmentation,104179715,GCST90255687,36672889,"[""MONDO_0005434""]","[""broad""]",https://www.ebi.ac.uk/gwas/rest/api/v2/associations/104179715,"[""https://www.ebi.ac.uk/gwas/rest/api/v2/associations?efo_id=MONDO_0005434&show_child_trait=false&size=500&page=0""]",SLC45A2
pigmentation,104179720,GCST90255687,36672889,"[""MONDO_0005434""]","[""broad""]",https://www.ebi.ac.uk/gwas/rest/api/v2/associations/104179720,"[""https://www.ebi.ac.uk/gwas/rest/api/v2/associations?efo_id=MONDO_0005434&show_child_trait=false&size=500&page=0""]",ADAMTS12
pigmentation,104179720,GCST90255687,36672889,"[""MONDO_0005434""]","[""broad""]",https://www.ebi.ac.uk/gwas/rest/api/v2/associations/104179720,"[""https://www.ebi.ac.uk/gwas/rest/api/v2/associations?efo_id=MONDO_0005434&show_child_trait=false&size=500&page=0""]",RXFP3
pigmentation,104179725,GCST90255687,36672889,"[""MONDO_0005434""]","[""broad""]",https://www.ebi.ac.uk/gwas/rest/api/v2/associations/104179725,"[""https://www.ebi.ac.uk/gwas/rest/api/v2/associations?efo_id=MONDO_0005434&show_child_trait=false&size=500&page=0""]",DUSP22
pigmentation,104179725,GCST90255687,36672889,"[""MONDO_0005434""]","[""broad""]",https://www.ebi.ac.uk/gwas/rest/api/v2/associations/104179725,"[""https://www.ebi.ac.uk/gwas/rest/api/v2/associations?efo_id=MONDO_0005434&show_child_trait=false&size=500&page=0""]",IRF4
pigmentation,104179730,GCST90255687,36672889,"[""MONDO_0005434""]","[""broad""]",https://www.ebi.ac.uk/gwas/rest/api/v2/associations/104179730,"[""https://www.ebi.ac.uk/gwas/rest/api/v2/associations?efo_id=MONDO_0005434&show_child_trait=false&size=500&page=0""]",ANKRD11
pigmentation,104179735,GCST90255687,36672889,"[""MONDO_0005434""]","[""broad""]",https://www.ebi.ac.uk/gwas/rest/api/v2/associations/104179735,"[""https://www.ebi.ac.uk/gwas/rest/api/v2/associations?efo_id=MONDO_0005434&show_child_trait=false&size=500&page=0""]",RXFP3
pigmentation,104179735,GCST90255687,36672889,"[""MONDO_0005434""]","[""broad""]",https://www.ebi.ac.uk/gwas/rest/api/v2/associations/104179735,"[""https://www.ebi.ac.uk/gwas/rest/api/v2/associations?efo_id=MONDO_0005434&show_child_trait=false&size=500&page=0""]",SLC45A2
pigmentation,104179740,GCST90255687,36672889,"[""MONDO_0005434""]","[""broad""]",https://www.ebi.ac.uk/gwas/rest/api/v2/associations/104179740,"[""https://www.ebi.ac.uk/gwas/rest/api/v2/associations?efo_id=MONDO_0005434&show_child_trait=false&size=500&page=0""]",SLC45A2
pigmentation,104179745,GCST90255687,36672889,"[""MONDO_0005434""]","[""broad""]",https://www.ebi.ac.uk/gwas/rest/api/v2/associations/104179745,"[""https://www.ebi.ac.uk/gwas/rest/api/v2/associations?efo_id=MONDO_0005434&show_child_trait=false&size=500&page=0""]",SLC45A2
pigmentation,104179751,GCST90255687,36672889,"[""MONDO_0005434""]","[""broad""]",https://www.ebi.ac.uk/gwas/rest/api/v2/associations/104179751,"[""https://www.ebi.ac.uk/gwas/rest/api/v2/associations?efo_id=MONDO_0005434&show_child_trait=false&size=500&page=0""]",SLC45A2
pigmentation,104179756,GCST90255687,36672889,"[""MONDO_0005434""]","[""broad""]",https://www.ebi.ac.uk/gwas/rest/api/v2/associations/104179756,"[""https://www.ebi.ac.uk/gwas/rest/api/v2/associations?efo_id=MONDO_0005434&show_child_trait=false&size=500&page=0""]",DPEP1
pigmentation,104179761,GCST90255687,36672889,"[""MONDO_0005434""]","[""broad""]",https://www.ebi.ac.uk/gwas/rest/api/v2/associations/104179761,"[""https://www.ebi.ac.uk/gwas/rest/api/v2/associations?efo_id=MONDO_0005434&show_child_trait=false&size=500&page=0""]",SLC45A2
pigmentation,104179767,GCST90255687,36672889,"[""MONDO_0005434""]","[""broad""]",https://www.ebi.ac.uk/gwas/rest/api/v2/associations/104179767,"[""https://www.ebi.ac.uk/gwas/rest/api/v2/associations?efo_id=MONDO_0005434&show_child_trait=false&size=500&page=0""]",SLC45A2
pigmentation,104179772,GCST90255687,36672889,"[""MONDO_0005434""]","[""broad""]",https://www.ebi.ac.uk/gwas/rest/api/v2/associations/104179772,"[""https://www.ebi.ac.uk/gwas/rest/api/v2/associations?efo_id=MONDO_0005434&show_child_trait=false&size=500&page=0""]",ANKRD11
pigmentation,104179778,GCST90255687,36672889,"[""MONDO_0005434""]","[""broad""]",https://www.ebi.ac.uk/gwas/rest/api/v2/associations/104179778,"[""https://www.ebi.ac.uk/gwas/rest/api/v2/associations?efo_id=MONDO_0005434&show_child_trait=false&size=500&page=0""]",RXFP3
pigmentation,104179827,GCST90255688,36672889,"[""OBA_VT0002095""]","[""strict""]",https://www.ebi.ac.uk/gwas/rest/api/v2/associations/104179827,"[""https://www.ebi.ac.uk/gwas/rest/api/v2/associations?efo_id=OBA_VT0002095&show_child_trait=false&size=500&page=0""]",SLC45A2
pigmentation,104179833,GCST90255688,36672889,"[""OBA_VT0002095""]","[""strict""]",https://www.ebi.ac.uk/gwas/rest/api/v2/associations/104179833,"[""https://www.ebi.ac.uk/gwas/rest/api/v2/associations?efo_id=OBA_VT0002095&show_child_trait=false&size=500&page=0""]",RXFP3
pigmentation,104179833,GCST90255688,36672889,"[""OBA_VT0002095""]","[""strict""]",https://www.ebi.ac.uk/gwas/rest/api/v2/associations/104179833,"[""https://www.ebi.ac.uk/gwas/rest/api/v2/associations?efo_id=OBA_VT0002095&show_child_trait=false&size=500&page=0""]",SLC45A2
pigmentation,104179839,GCST90255688,36672889,"[""OBA_VT0002095""]","[""strict""]",https://www.ebi.ac.uk/gwas/rest/api/v2/associations/104179839,"[""https://www.ebi.ac.uk/gwas/rest/api/v2/associations?efo_id=OBA_VT0002095&show_child_trait=false&size=500&page=0""]",SLC45A2
pigmentation,104179844,GCST90255688,36672889,"[""OBA_VT0002095""]","[""strict""]",https://www.ebi.ac.uk/gwas/rest/api/v2/associations/104179844,"[""https://www.ebi.ac.uk/gwas/rest/api/v2/associations?efo_id=OBA_VT0002095&show_child_trait=false&size=500&page=0""]",HERC2
pigmentation,104179849,GCST90255688,36672889,"[""OBA_VT0002095""]","[""strict""]",https://www.ebi.ac.uk/gwas/rest/api/v2/associations/104179849,"[""https://www.ebi.ac.uk/gwas/rest/api/v2/associations?efo_id=OBA_VT0002095&show_child_trait=false&size=500&page=0""]",HERC2
pigmentation,104179854,GCST90255688,36672889,"[""OBA_VT0002095""]","[""strict""]",https://www.ebi.ac.uk/gwas/rest/api/v2/associations/104179854,"[""https://www.ebi.ac.uk/gwas/rest/api/v2/associations?efo_id=OBA_VT0002095&show_child_trait=false&size=500&page=0""]",TYR
pigmentation,104179859,GCST90255688,36672889,"[""OBA_VT0002095""]","[""strict""]",https://www.ebi.ac.uk/gwas/rest/api/v2/associations/104179859,"[""https://www.ebi.ac.uk/gwas/rest/api/v2/associations?efo_id=OBA_VT0002095&show_child_trait=false&size=500&page=0""]",HERC2
pigmentation,104179864,GCST90255688,36672889,"[""OBA_VT0002095""]","[""strict""]",https://www.ebi.ac.uk/gwas/rest/api/v2/associations/104179864,"[""https://www.ebi.ac.uk/gwas/rest/api/v2/associations?efo_id=OBA_VT0002095&show_child_trait=false&size=500&page=0""]",HERC2
pigmentation,104179869,GCST90255688,36672889,"[""OBA_VT0002095""]","[""strict""]",https://www.ebi.ac.uk/gwas/rest/api/v2/associations/104179869,"[""https://www.ebi.ac.uk/gwas/rest/api/v2/associations?efo_id=OBA_VT0002095&show_child_trait=false&size=500&page=0""]",HERC2
pigmentation,104179875,GCST90255688,36672889,"[""OBA_VT0002095""]","[""strict""]",https://www.ebi.ac.uk/gwas/rest/api/v2/associations/104179875,"[""https://www.ebi.ac.uk/gwas/rest/api/v2/associations?efo_id=OBA_VT0002095&show_child_trait=false&size=500&page=0""]",ADAMTS12
pigmentation,104179880,GCST90255688,36672889,"[""OBA_VT0002095""]","[""strict""]",https://www.ebi.ac.uk/gwas/rest/api/v2/associations/104179880,"[""https://www.ebi.ac.uk/gwas/rest/api/v2/associations?efo_id=OBA_VT0002095&show_child_trait=false&size=500&page=0""]",ADAMTS12
pigmentation,104179885,GCST90255688,36672889,"[""OBA_VT0002095""]","[""strict""]",https://www.ebi.ac.uk/gwas/rest/api/v2/associations/104179885,"[""https://www.ebi.ac.uk/gwas/rest/api/v2/associations?efo_id=OBA_VT0002095&show_child_trait=false&size=500&page=0""]",ADAMTS12
pigmentation,104179890,GCST90255688,36672889,"[""OBA_VT0002095""]","[""strict""]",https://www.ebi.ac.uk/gwas/rest/api/v2/associations/104179890,"[""https://www.ebi.ac.uk/gwas/rest/api/v2/associations?efo_id=OBA_VT0002095&show_child_trait=false&size=500&page=0""]",HERC2
pigmentation,104179895,GCST90255688,36672889,"[""OBA_VT0002095""]","[""strict""]",https://www.ebi.ac.uk/gwas/rest/api/v2/associations/104179895,"[""https://www.ebi.ac.uk/gwas/rest/api/v2/associations?efo_id=OBA_VT0002095&show_child_trait=false&size=500&page=0""]",FANCA
pigmentation,104179895,GCST90255688,36672889,"[""OBA_VT0002095""]","[""strict""]",https://www.ebi.ac.uk/gwas/rest/api/v2/associations/104179895,"[""https://www.ebi.ac.uk/gwas/rest/api/v2/associations?efo_id=OBA_VT0002095&show_child_trait=false&size=500&page=0""]",ZNF276
pigmentation,104179900,GCST90255688,36672889,"[""OBA_VT0002095""]","[""strict""]",https://www.ebi.ac.uk/gwas/rest/api/v2/associations/104179900,"[""https://www.ebi.ac.uk/gwas/rest/api/v2/associations?efo_id=OBA_VT0002095&show_child_trait=false&size=500&page=0""]",HERC2
pigmentation,104179905,GCST90255688,36672889,"[""OBA_VT0002095""]","[""strict""]",https://www.ebi.ac.uk/gwas/rest/api/v2/associations/104179905,"[""https://www.ebi.ac.uk/gwas/rest/api/v2/associations?efo_id=OBA_VT0002095&show_child_trait=false&size=500&page=0""]",HERC2
pigmentation,104179910,GCST90255688,36672889,"[""OBA_VT0002095""]","[""strict""]",https://www.ebi.ac.uk/gwas/rest/api/v2/associations/104179910,"[""https://www.ebi.ac.uk/gwas/rest/api/v2/associations?efo_id=OBA_VT0002095&show_child_trait=false&size=500&page=0""]",ADAMTS12
pigmentation,104179910,GCST90255688,36672889,"[""OBA_VT0002095""]","[""strict""]",https://www.ebi.ac.uk/gwas/rest/api/v2/associations/104179910,"[""https://www.ebi.ac.uk/gwas/rest/api/v2/associations?efo_id=OBA_VT0002095&show_child_trait=false&size=500&page=0""]",RXFP3
pigmentation,104179915,GCST90255688,36672889,"[""OBA_VT0002095""]","[""strict""]",https://www.ebi.ac.uk/gwas/rest/api/v2/associations/104179915,"[""https://www.ebi.ac.uk/gwas/rest/api/v2/associations?efo_id=OBA_VT0002095&show_child_trait=false&size=500&page=0""]",SLC45A2
pigmentation,104179921,GCST90255688,36672889,"[""OBA_VT0002095""]","[""strict""]",https://www.ebi.ac.uk/gwas/rest/api/v2/associations/104179921,"[""https://www.ebi.ac.uk/gwas/rest/api/v2/associations?efo_id=OBA_VT0002095&show_child_trait=false&size=500&page=0""]",RXFP3
pigmentation,104179921,GCST90255688,36672889,"[""OBA_VT0002095""]","[""strict""]",https://www.ebi.ac.uk/gwas/rest/api/v2/associations/104179921,"[""https://www.ebi.ac.uk/gwas/rest/api/v2/associations?efo_id=OBA_VT0002095&show_child_trait=false&size=500&page=0""]",SLC45A2
pigmentation,104179926,GCST90255688,36672889,"[""OBA_VT0002095""]","[""strict""]",https://www.ebi.ac.uk/gwas/rest/api/v2/associations/104179926,"[""https://www.ebi.ac.uk/gwas/rest/api/v2/associations?efo_id=OBA_VT0002095&show_child_trait=false&size=500&page=0""]",HERC2
pigmentation,104179931,GCST90255688,36672889,"[""OBA_VT0002095""]","[""strict""]",https://www.ebi.ac.uk/gwas/rest/api/v2/associations/104179931,"[""https://www.ebi.ac.uk/gwas/rest/api/v2/associations?efo_id=OBA_VT0002095&show_child_trait=false&size=500&page=0""]",CHMP1A
pigmentation,104179936,GCST90255688,36672889,"[""OBA_VT0002095""]","[""strict""]",https://www.ebi.ac.uk/gwas/rest/api/v2/associations/104179936,"[""https://www.ebi.ac.uk/gwas/rest/api/v2/associations?efo_id=OBA_VT0002095&show_child_trait=false&size=500&page=0""]",ADAMTS12
pigmentation,104179936,GCST90255688,36672889,"[""OBA_VT0002095""]","[""strict""]",https://www.ebi.ac.uk/gwas/rest/api/v2/associations/104179936,"[""https://www.ebi.ac.uk/gwas/rest/api/v2/associations?efo_id=OBA_VT0002095&show_child_trait=false&size=500&page=0""]",RXFP3
pigmentation,104179941,GCST90255688,36672889,"[""OBA_VT0002095""]","[""strict""]",https://www.ebi.ac.uk/gwas/rest/api/v2/associations/104179941,"[""https://www.ebi.ac.uk/gwas/rest/api/v2/associations?efo_id=OBA_VT0002095&show_child_trait=false&size=500&page=0""]",HERC2
pigmentation,104179946,GCST90255688,36672889,"[""OBA_VT0002095""]","[""strict""]",https://www.ebi.ac.uk/gwas/rest/api/v2/associations/104179946,"[""https://www.ebi.ac.uk/gwas/rest/api/v2/associations?efo_id=OBA_VT0002095&show_child_trait=false&size=500&page=0""]",ADAMTS12
pigmentation,104179951,GCST90255688,36672889,"[""OBA_VT0002095""]","[""strict""]",https://www.ebi.ac.uk/gwas/rest/api/v2/associations/104179951,"[""https://www.ebi.ac.uk/gwas/rest/api/v2/associations?efo_id=OBA_VT0002095&show_child_trait=false&size=500&page=0""]",OCA2
pigmentation,104179957,GCST90255688,36672889,"[""OBA_VT0002095""]","[""strict""]",https://www.ebi.ac.uk/gwas/rest/api/v2/associations/104179957,"[""https://www.ebi.ac.uk/gwas/rest/api/v2/associations?efo_id=OBA_VT0002095&show_child_trait=false&size=500&page=0""]",ADAMTS12
pigmentation,104179963,GCST90255688,36672889,"[""OBA_VT0002095""]","[""strict""]",https://www.ebi.ac.uk/gwas/rest/api/v2/associations/104179963,"[""https://www.ebi.ac.uk/gwas/rest/api/v2/associations?efo_id=OBA_VT0002095&show_child_trait=false&size=500&page=0""]",HERC2
pigmentation,104179968,GCST90255688,36672889,"[""OBA_VT0002095""]","[""strict""]",https://www.ebi.ac.uk/gwas/rest/api/v2/associations/104179968,"[""https://www.ebi.ac.uk/gwas/rest/api/v2/associations?efo_id=OBA_VT0002095&show_child_trait=false&size=500&page=0""]",RXFP3
pigmentation,104179968,GCST90255688,36672889,"[""OBA_VT0002095""]","[""strict""]",https://www.ebi.ac.uk/gwas/rest/api/v2/associations/104179968,"[""https://www.ebi.ac.uk/gwas/rest/api/v2/associations?efo_id=OBA_VT0002095&show_child_trait=false&size=500&page=0""]",SLC45A2
pigmentation,104179974,GCST90255688,36672889,"[""OBA_VT0002095""]","[""strict""]",https://www.ebi.ac.uk/gwas/rest/api/v2/associations/104179974,"[""https://www.ebi.ac.uk/gwas/rest/api/v2/associations?efo_id=OBA_VT0002095&show_child_trait=false&size=500&page=0""]",C1QTNF3
pigmentation,104179974,GCST90255688,36672889,"[""OBA_VT0002095""]","[""strict""]",https://www.ebi.ac.uk/gwas/rest/api/v2/associations/104179974,"[""https://www.ebi.ac.uk/gwas/rest/api/v2/associations?efo_id=OBA_VT0002095&show_child_trait=false&size=500&page=0""]",C1QTNF3-AMACR
pigmentation,104179979,GCST90255688,36672889,"[""OBA_VT0002095""]","[""strict""]",https://www.ebi.ac.uk/gwas/rest/api/v2/associations/104179979,"[""https://www.ebi.ac.uk/gwas/rest/api/v2/associations?efo_id=OBA_VT0002095&show_child_trait=false&size=500&page=0""]",HERC2
pigmentation,104179984,GCST90255688,36672889,"[""OBA_VT0002095""]","[""strict""]",https://www.ebi.ac.uk/gwas/rest/api/v2/associations/104179984,"[""https://www.ebi.ac.uk/gwas/rest/api/v2/associations?efo_id=OBA_VT0002095&show_child_trait=false&size=500&page=0""]",HERC2
pigmentation,104179984,GCST90255688,36672889,"[""OBA_VT0002095""]","[""strict""]",https://www.ebi.ac.uk/gwas/rest/api/v2/associations/104179984,"[""https://www.ebi.ac.uk/gwas/rest/api/v2/associations?efo_id=OBA_VT0002095&show_child_trait=false&size=500&page=0""]",OCA2
pigmentation,104179990,GCST90255688,36672889,"[""OBA_VT0002095""]","[""strict""]",https://www.ebi.ac.uk/gwas/rest/api/v2/associations/104179990,"[""https://www.ebi.ac.uk/gwas/rest/api/v2/associations?efo_id=OBA_VT0002095&show_child_trait=false&size=500&page=0""]",ADAMTS12
pigmentation,104179990,GCST90255688,36672889,"[""OBA_VT0002095""]","[""strict""]",https://www.ebi.ac.uk/gwas/rest/api/v2/associations/104179990,"[""https://www.ebi.ac.uk/gwas/rest/api/v2/associations?efo_id=OBA_VT0002095&show_child_trait=false&size=500&page=0""]",RXFP3
pigmentation,104179995,GCST90255688,36672889,"[""OBA_VT0002095""]","[""strict""]",https://www.ebi.ac.uk/gwas/rest/api/v2/associations/104179995,"[""https://www.ebi.ac.uk/gwas/rest/api/v2/associations?efo_id=OBA_VT0002095&show_child_trait=false&size=500&page=0""]",SLC45A2
pigmentation,104180000,GCST90255688,36672889,"[""OBA_VT0002095""]","[""strict""]",https://www.ebi.ac.uk/gwas/rest/api/v2/associations/104180000,"[""https://www.ebi.ac.uk/gwas/rest/api/v2/associations?efo_id=OBA_VT0002095&show_child_trait=false&size=500&page=0""]",OCA2
pigmentation,104180005,GCST90255688,36672889,"[""OBA_VT0002095""]","[""strict""]",https://www.ebi.ac.uk/gwas/rest/api/v2/associations/104180005,"[""https://www.ebi.ac.uk/gwas/rest/api/v2/associations?efo_id=OBA_VT0002095&show_child_trait=false&size=500&page=0""]",MC1R
pigmentation,104180010,GCST90255688,36672889,"[""OBA_VT0002095""]","[""strict""]",https://www.ebi.ac.uk/gwas/rest/api/v2/associations/104180010,"[""https://www.ebi.ac.uk/gwas/rest/api/v2/associations?efo_id=OBA_VT0002095&show_child_trait=false&size=500&page=0""]",MC1R
pigmentation,104180015,GCST90255688,36672889,"[""OBA_VT0002095""]","[""strict""]",https://www.ebi.ac.uk/gwas/rest/api/v2/associations/104180015,"[""https://www.ebi.ac.uk/gwas/rest/api/v2/associations?efo_id=OBA_VT0002095&show_child_trait=false&size=500&page=0""]",MC1R
pigmentation,104180021,GCST90255688,36672889,"[""OBA_VT0002095""]","[""strict""]",https://www.ebi.ac.uk/gwas/rest/api/v2/associations/104180021,"[""https://www.ebi.ac.uk/gwas/rest/api/v2/associations?efo_id=OBA_VT0002095&show_child_trait=false&size=500&page=0""]",ADAMTS12
pigmentation,104180021,GCST90255688,36672889,"[""OBA_VT0002095""]","[""strict""]",https://www.ebi.ac.uk/gwas/rest/api/v2/associations/104180021,"[""https://www.ebi.ac.uk/gwas/rest/api/v2/associations?efo_id=OBA_VT0002095&show_child_trait=false&size=500&page=0""]",RXFP3
pigmentation,104180026,GCST90255688,36672889,"[""OBA_VT0002095""]","[""strict""]",https://www.ebi.ac.uk/gwas/rest/api/v2/associations/104180026,"[""https://www.ebi.ac.uk/gwas/rest/api/v2/associations?efo_id=OBA_VT0002095&show_child_trait=false&size=500&page=0""]",OCA2
pigmentation,104180031,GCST90255688,36672889,"[""OBA_VT0002095""]","[""strict""]",https://www.ebi.ac.uk/gwas/rest/api/v2/associations/104180031,"[""https://www.ebi.ac.uk/gwas/rest/api/v2/associations?efo_id=OBA_VT0002095&show_child_trait=false&size=500&page=0""]",OCA2
pigmentation,104180036,GCST90255688,36672889,"[""OBA_VT0002095""]","[""strict""]",https://www.ebi.ac.uk/gwas/rest/api/v2/associations/104180036,"[""https://www.ebi.ac.uk/gwas/rest/api/v2/associations?efo_id=OBA_VT0002095&show_child_trait=false&size=500&page=0""]",SLC45A2
pigmentation,104180042,GCST90255688,36672889,"[""OBA_VT0002095""]","[""strict""]",https://www.ebi.ac.uk/gwas/rest/api/v2/associations/104180042,"[""https://www.ebi.ac.uk/gwas/rest/api/v2/associations?efo_id=OBA_VT0002095&show_child_trait=false&size=500&page=0""]",GRM5
pigmentation,104180042,GCST90255688,36672889,"[""OBA_VT0002095""]","[""strict""]",https://www.ebi.ac.uk/gwas/rest/api/v2/associations/104180042,"[""https://www.ebi.ac.uk/gwas/rest/api/v2/associations?efo_id=OBA_VT0002095&show_child_trait=false&size=500&page=0""]",TYR
pigmentation,104180047,GCST90255688,36672889,"[""OBA_VT0002095""]","[""strict""]",https://www.ebi.ac.uk/gwas/rest/api/v2/associations/104180047,"[""https://www.ebi.ac.uk/gwas/rest/api/v2/associations?efo_id=OBA_VT0002095&show_child_trait=false&size=500&page=0""]",SLC45A2
pigmentation,104180052,GCST90255688,36672889,"[""OBA_VT0002095""]","[""strict""]",https://www.ebi.ac.uk/gwas/rest/api/v2/associations/104180052,"[""https://www.ebi.ac.uk/gwas/rest/api/v2/associations?efo_id=OBA_VT0002095&show_child_trait=false&size=500&page=0""]",ADAMTS12
pigmentation,104180052,GCST90255688,36672889,"[""OBA_VT0002095""]","[""strict""]",https://www.ebi.ac.uk/gwas/rest/api/v2/associations/104180052,"[""https://www.ebi.ac.uk/gwas/rest/api/v2/associations?efo_id=OBA_VT0002095&show_child_trait=false&size=500&page=0""]",RXFP3
pigmentation,104180057,GCST90255688,36672889,"[""OBA_VT0002095""]","[""strict""]",https://www.ebi.ac.uk/gwas/rest/api/v2/associations/104180057,"[""https://www.ebi.ac.uk/gwas/rest/api/v2/associations?efo_id=OBA_VT0002095&show_child_trait=false&size=500&page=0""]",HERC2
pigmentation,104180062,GCST90255688,36672889,"[""OBA_VT0002095""]","[""strict""]",https://www.ebi.ac.uk/gwas/rest/api/v2/associations/104180062,"[""https://www.ebi.ac.uk/gwas/rest/api/v2/associations?efo_id=OBA_VT0002095&show_child_trait=false&size=500&page=0""]",ADAMTS12
pigmentation,104180068,GCST90255688,36672889,"[""OBA_VT0002095""]","[""strict""]",https://www.ebi.ac.uk/gwas/rest/api/v2/associations/104180068,"[""https://www.ebi.ac.uk/gwas/rest/api/v2/associations?efo_id=OBA_VT0002095&show_child_trait=false&size=500&page=0""]",ADAMTS12
pigmentation,104180073,GCST90255688,36672889,"[""OBA_VT0002095""]","[""strict""]",https://www.ebi.ac.uk/gwas/rest/api/v2/associations/104180073,"[""https://www.ebi.ac.uk/gwas/rest/api/v2/associations?efo_id=OBA_VT0002095&show_child_trait=false&size=500&page=0""]",LURAP1L-AS1
pigmentation,104180073,GCST90255688,36672889,"[""OBA_VT0002095""]","[""strict""]",https://www.ebi.ac.uk/gwas/rest/api/v2/associations/104180073,"[""https://www.ebi.ac.uk/gwas/rest/api/v2/associations?efo_id=OBA_VT0002095&show_child_trait=false&size=500&page=0""]",TYRP1
pigmentation,104180078,GCST90255688,36672889,"[""OBA_VT0002095""]","[""strict""]",https://www.ebi.ac.uk/gwas/rest/api/v2/associations/104180078,"[""https://www.ebi.ac.uk/gwas/rest/api/v2/associations?efo_id=OBA_VT0002095&show_child_trait=false&size=500&page=0""]",ANKRD11
pigmentation,104180083,GCST90255688,36672889,"[""OBA_VT0002095""]","[""strict""]",https://www.ebi.ac.uk/gwas/rest/api/v2/associations/104180083,"[""https://www.ebi.ac.uk/gwas/rest/api/v2/associations?efo_id=OBA_VT0002095&show_child_trait=false&size=500&page=0""]",HERC2
pigmentation,104180089,GCST90255688,36672889,"[""OBA_VT0002095""]","[""strict""]",https://www.ebi.ac.uk/gwas/rest/api/v2/associations/104180089,"[""https://www.ebi.ac.uk/gwas/rest/api/v2/associations?efo_id=OBA_VT0002095&show_child_trait=false&size=500&page=0""]",ADAMTS12
pigmentation,104180094,GCST90255688,36672889,"[""OBA_VT0002095""]","[""strict""]",https://www.ebi.ac.uk/gwas/rest/api/v2/associations/104180094,"[""https://www.ebi.ac.uk/gwas/rest/api/v2/associations?efo_id=OBA_VT0002095&show_child_trait=false&size=500&page=0""]",OCA2
pigmentation,104180100,GCST90255688,36672889,"[""OBA_VT0002095""]","[""strict""]",https://www.ebi.ac.uk/gwas/rest/api/v2/associations/104180100,"[""https://www.ebi.ac.uk/gwas/rest/api/v2/associations?efo_id=OBA_VT0002095&show_child_trait=false&size=500&page=0""]",ADAMTS12
pigmentation,104180100,GCST90255688,36672889,"[""OBA_VT0002095""]","[""strict""]",https://www.ebi.ac.uk/gwas/rest/api/v2/associations/104180100,"[""https://www.ebi.ac.uk/gwas/rest/api/v2/associations?efo_id=OBA_VT0002095&show_child_trait=false&size=500&page=0""]",RXFP3
pigmentation,104180105,GCST90255688,36672889,"[""OBA_VT0002095""]","[""strict""]",https://www.ebi.ac.uk/gwas/rest/api/v2/associations/104180105,"[""https://www.ebi.ac.uk/gwas/rest/api/v2/associations?efo_id=OBA_VT0002095&show_child_trait=false&size=500&page=0""]",ADAMTS12
pigmentation,104180105,GCST90255688,36672889,"[""OBA_VT0002095""]","[""strict""]",https://www.ebi.ac.uk/gwas/rest/api/v2/associations/104180105,"[""https://www.ebi.ac.uk/gwas/rest/api/v2/associations?efo_id=OBA_VT0002095&show_child_trait=false&size=500&page=0""]",RXFP3
pigmentation,104180110,GCST90255688,36672889,"[""OBA_VT0002095""]","[""strict""]",https://www.ebi.ac.uk/gwas/rest/api/v2/associations/104180110,"[""https://www.ebi.ac.uk/gwas/rest/api/v2/associations?efo_id=OBA_VT0002095&show_child_trait=false&size=500&page=0""]",OCA2
pigmentation,104180115,GCST90255688,36672889,"[""OBA_VT0002095""]","[""strict""]",https://www.ebi.ac.uk/gwas/rest/api/v2/associations/104180115,"[""https://www.ebi.ac.uk/gwas/rest/api/v2/associations?efo_id=OBA_VT0002095&show_child_trait=false&size=500&page=0""]",HERC2
pigmentation,104180121,GCST90255688,36672889,"[""OBA_VT0002095""]","[""strict""]",https://www.ebi.ac.uk/gwas/rest/api/v2/associations/104180121,"[""https://www.ebi.ac.uk/gwas/rest/api/v2/associations?efo_id=OBA_VT0002095&show_child_trait=false&size=500&page=0""]",RXFP3
pigmentation,104180121,GCST90255688,36672889,"[""OBA_VT0002095""]","[""strict""]",https://www.ebi.ac.uk/gwas/rest/api/v2/associations/104180121,"[""https://www.ebi.ac.uk/gwas/rest/api/v2/associations?efo_id=OBA_VT0002095&show_child_trait=false&size=500&page=0""]",SLC45A2
pigmentation,104180126,GCST90255688,36672889,"[""OBA_VT0002095""]","[""strict""]",https://www.ebi.ac.uk/gwas/rest/api/v2/associations/104180126,"[""https://www.ebi.ac.uk/gwas/rest/api/v2/associations?efo_id=OBA_VT0002095&show_child_trait=false&size=500&page=0""]",RXFP3
pigmentation,104180126,GCST90255688,36672889,"[""OBA_VT0002095""]","[""strict""]",https://www.ebi.ac.uk/gwas/rest/api/v2/associations/104180126,"[""https://www.ebi.ac.uk/gwas/rest/api/v2/associations?efo_id=OBA_VT0002095&show_child_trait=false&size=500&page=0""]",SLC45A2
pigmentation,104180131,GCST90255688,36672889,"[""OBA_VT0002095""]","[""strict""]",https://www.ebi.ac.uk/gwas/rest/api/v2/associations/104180131,"[""https://www.ebi.ac.uk/gwas/rest/api/v2/associations?efo_id=OBA_VT0002095&show_child_trait=false&size=500&page=0""]",SLC45A2
pigmentation,104180136,GCST90255688,36672889,"[""OBA_VT0002095""]","[""strict""]",https://www.ebi.ac.uk/gwas/rest/api/v2/associations/104180136,"[""https://www.ebi.ac.uk/gwas/rest/api/v2/associations?efo_id=OBA_VT0002095&show_child_trait=false&size=500&page=0""]",SLC45A2
pigmentation,104180141,GCST90255688,36672889,"[""OBA_VT0002095""]","[""strict""]",https://www.ebi.ac.uk/gwas/rest/api/v2/associations/104180141,"[""https://www.ebi.ac.uk/gwas/rest/api/v2/associations?efo_id=OBA_VT0002095&show_child_trait=false&size=500&page=0""]",SLC45A2
pigmentation,104180147,GCST90255688,36672889,"[""OBA_VT0002095""]","[""strict""]",https://www.ebi.ac.uk/gwas/rest/api/v2/associations/104180147,"[""https://www.ebi.ac.uk/gwas/rest/api/v2/associations?efo_id=OBA_VT0002095&show_child_trait=false&size=500&page=0""]",OCA2
pigmentation,104180153,GCST90255688,36672889,"[""OBA_VT0002095""]","[""strict""]",https://www.ebi.ac.uk/gwas/rest/api/v2/associations/104180153,"[""https://www.ebi.ac.uk/gwas/rest/api/v2/associations?efo_id=OBA_VT0002095&show_child_trait=false&size=500&page=0""]",SLC45A2
pigmentation,104180159,GCST90255688,36672889,"[""OBA_VT0002095""]","[""strict""]",https://www.ebi.ac.uk/gwas/rest/api/v2/associations/104180159,"[""https://www.ebi.ac.uk/gwas/rest/api/v2/associations?efo_id=OBA_VT0002095&show_child_trait=false&size=500&page=0""]",AMACR
pigmentation,104180159,GCST90255688,36672889,"[""OBA_VT0002095""]","[""strict""]",https://www.ebi.ac.uk/gwas/rest/api/v2/associations/104180159,"[""https://www.ebi.ac.uk/gwas/rest/api/v2/associations?efo_id=OBA_VT0002095&show_child_trait=false&size=500&page=0""]",C1QTNF3-AMACR
pigmentation,104180164,GCST90255688,36672889,"[""OBA_VT0002095""]","[""strict""]",https://www.ebi.ac.uk/gwas/rest/api/v2/associations/104180164,"[""https://www.ebi.ac.uk/gwas/rest/api/v2/associations?efo_id=OBA_VT0002095&show_child_trait=false&size=500&page=0""]",ADAMTS12
pigmentation,104180170,GCST90255688,36672889,"[""OBA_VT0002095""]","[""strict""]",https://www.ebi.ac.uk/gwas/rest/api/v2/associations/104180170,"[""https://www.ebi.ac.uk/gwas/rest/api/v2/associations?efo_id=OBA_VT0002095&show_child_trait=false&size=500&page=0""]",NOX4
pigmentation,104180170,GCST90255688,36672889,"[""OBA_VT0002095""]","[""strict""]",https://www.ebi.ac.uk/gwas/rest/api/v2/associations/104180170,"[""https://www.ebi.ac.uk/gwas/rest/api/v2/associations?efo_id=OBA_VT0002095&show_child_trait=false&size=500&page=0""]",TYR
pigmentation,104180176,GCST90255688,36672889,"[""OBA_VT0002095""]","[""strict""]",https://www.ebi.ac.uk/gwas/rest/api/v2/associations/104180176,"[""https://www.ebi.ac.uk/gwas/rest/api/v2/associations?efo_id=OBA_VT0002095&show_child_trait=false&size=500&page=0""]",ADAMTS12
pigmentation,104180181,GCST90255688,36672889,"[""OBA_VT0002095""]","[""strict""]",https://www.ebi.ac.uk/gwas/rest/api/v2/associations/104180181,"[""https://www.ebi.ac.uk/gwas/rest/api/v2/associations?efo_id=OBA_VT0002095&show_child_trait=false&size=500&page=0""]",HERC2
pigmentation,104180186,GCST90255688,36672889,"[""OBA_VT0002095""]","[""strict""]",https://www.ebi.ac.uk/gwas/rest/api/v2/associations/104180186,"[""https://www.ebi.ac.uk/gwas/rest/api/v2/associations?efo_id=OBA_VT0002095&show_child_trait=false&size=500&page=0""]",HERC2
pigmentation,104180191,GCST90255688,36672889,"[""OBA_VT0002095""]","[""strict""]",https://www.ebi.ac.uk/gwas/rest/api/v2/associations/104180191,"[""https://www.ebi.ac.uk/gwas/rest/api/v2/associations?efo_id=OBA_VT0002095&show_child_trait=false&size=500&page=0""]",SLC45A2
pigmentation,104180196,GCST90255688,36672889,"[""OBA_VT0002095""]","[""strict""]",https://www.ebi.ac.uk/gwas/rest/api/v2/associations/104180196,"[""https://www.ebi.ac.uk/gwas/rest/api/v2/associations?efo_id=OBA_VT0002095&show_child_trait=false&size=500&page=0""]",HERC2
pigmentation,104180202,GCST90255688,36672889,"[""OBA_VT0002095""]","[""strict""]",https://www.ebi.ac.uk/gwas/rest/api/v2/associations/104180202,"[""https://www.ebi.ac.uk/gwas/rest/api/v2/associations?efo_id=OBA_VT0002095&show_child_trait=false&size=500&page=0""]",AMACR
pigmentation,104180202,GCST90255688,36672889,"[""OBA_VT0002095""]","[""strict""]",https://www.ebi.ac.uk/gwas/rest/api/v2/associations/104180202,"[""https://www.ebi.ac.uk/gwas/rest/api/v2/associations?efo_id=OBA_VT0002095&show_child_trait=false&size=500&page=0""]",C1QTNF3-AMACR
pigmentation,104180207,GCST90255688,36672889,"[""OBA_VT0002095""]","[""strict""]",https://www.ebi.ac.uk/gwas/rest/api/v2/associations/104180207,"[""https://www.ebi.ac.uk/gwas/rest/api/v2/associations?efo_id=OBA_VT0002095&show_child_trait=false&size=500&page=0""]",OCA2
pigmentation,104180212,GCST90255688,36672889,"[""OBA_VT0002095""]","[""strict""]",https://www.ebi.ac.uk/gwas/rest/api/v2/associations/104180212,"[""https://www.ebi.ac.uk/gwas/rest/api/v2/associations?efo_id=OBA_VT0002095&show_child_trait=false&size=500&page=0""]",DPEP1
pigmentation,104180217,GCST90255688,36672889,"[""OBA_VT0002095""]","[""strict""]",https://www.ebi.ac.uk/gwas/rest/api/v2/associations/104180217,"[""https://www.ebi.ac.uk/gwas/rest/api/v2/associations?efo_id=OBA_VT0002095&show_child_trait=false&size=500&page=0""]",OCA2
pigmentation,104180222,GCST90255688,36672889,"[""OBA_VT0002095""]","[""strict""]",https://www.ebi.ac.uk/gwas/rest/api/v2/associations/104180222,"[""https://www.ebi.ac.uk/gwas/rest/api/v2/associations?efo_id=OBA_VT0002095&show_child_trait=false&size=500&page=0""]",OCA2
pigmentation,104180227,GCST90255688,36672889,"[""OBA_VT0002095""]","[""strict""]",https://www.ebi.ac.uk/gwas/rest/api/v2/associations/104180227,"[""https://www.ebi.ac.uk/gwas/rest/api/v2/associations?efo_id=OBA_VT0002095&show_child_trait=false&size=500&page=0""]",OCA2
pigmentation,104180233,GCST90255688,36672889,"[""OBA_VT0002095""]","[""strict""]",https://www.ebi.ac.uk/gwas/rest/api/v2/associations/104180233,"[""https://www.ebi.ac.uk/gwas/rest/api/v2/associations?efo_id=OBA_VT0002095&show_child_trait=false&size=500&page=0""]",DPEP1
pigmentation,104180239,GCST90255688,36672889,"[""OBA_VT0002095""]","[""strict""]",https://www.ebi.ac.uk/gwas/rest/api/v2/associations/104180239,"[""https://www.ebi.ac.uk/gwas/rest/api/v2/associations?efo_id=OBA_VT0002095&show_child_trait=false&size=500&page=0""]",SLC45A2
pigmentation,104180244,GCST90255688,36672889,"[""OBA_VT0002095""]","[""strict""]",https://www.ebi.ac.uk/gwas/rest/api/v2/associations/104180244,"[""https://www.ebi.ac.uk/gwas/rest/api/v2/associations?efo_id=OBA_VT0002095&show_child_trait=false&size=500&page=0""]",HERC2
pigmentation,104180250,GCST90255688,36672889,"[""OBA_VT0002095""]","[""strict""]",https://www.ebi.ac.uk/gwas/rest/api/v2/associations/104180250,"[""https://www.ebi.ac.uk/gwas/rest/api/v2/associations?efo_id=OBA_VT0002095&show_child_trait=false&size=500&page=0""]",RXFP3
pigmentation,104180250,GCST90255688,36672889,"[""OBA_VT0002095""]","[""strict""]",https://www.ebi.ac.uk/gwas/rest/api/v2/associations/104180250,"[""https://www.ebi.ac.uk/gwas/rest/api/v2/associations?efo_id=OBA_VT0002095&show_child_trait=false&size=500&page=0""]",SLC45A2
pigmentation,104180255,GCST90255688,36672889,"[""OBA_VT0002095""]","[""strict""]",https://www.ebi.ac.uk/gwas/rest/api/v2/associations/104180255,"[""https://www.ebi.ac.uk/gwas/rest/api/v2/associations?efo_id=OBA_VT0002095&show_child_trait=false&size=500&page=0""]",OCA2
pigmentation,104180260,GCST90255688,36672889,"[""OBA_VT0002095""]","[""strict""]",https://www.ebi.ac.uk/gwas/rest/api/v2/associations/104180260,"[""https://www.ebi.ac.uk/gwas/rest/api/v2/associations?efo_id=OBA_VT0002095&show_child_trait=false&size=500&page=0""]",HERC2
pigmentation,104180260,GCST90255688,36672889,"[""OBA_VT0002095""]","[""strict""]",https://www.ebi.ac.uk/gwas/rest/api/v2/associations/104180260,"[""https://www.ebi.ac.uk/gwas/rest/api/v2/associations?efo_id=OBA_VT0002095&show_child_trait=false&size=500&page=0""]",OCA2
pigmentation,104180265,GCST90255688,36672889,"[""OBA_VT0002095""]","[""strict""]",https://www.ebi.ac.uk/gwas/rest/api/v2/associations/104180265,"[""https://www.ebi.ac.uk/gwas/rest/api/v2/associations?efo_id=OBA_VT0002095&show_child_trait=false&size=500&page=0""]",OCA2
pigmentation,104180270,GCST90255688,36672889,"[""OBA_VT0002095""]","[""strict""]",https://www.ebi.ac.uk/gwas/rest/api/v2/associations/104180270,"[""https://www.ebi.ac.uk/gwas/rest/api/v2/associations?efo_id=OBA_VT0002095&show_child_trait=false&size=500&page=0""]",NCOA6
pigmentation,104180275,GCST90255688,36672889,"[""OBA_VT0002095""]","[""strict""]",https://www.ebi.ac.uk/gwas/rest/api/v2/associations/104180275,"[""https://www.ebi.ac.uk/gwas/rest/api/v2/associations?efo_id=OBA_VT0002095&show_child_trait=false&size=500&page=0""]",SLC45A2
pigmentation,104180281,GCST90255688,36672889,"[""OBA_VT0002095""]","[""strict""]",https://www.ebi.ac.uk/gwas/rest/api/v2/associations/104180281,"[""https://www.ebi.ac.uk/gwas/rest/api/v2/associations?efo_id=OBA_VT0002095&show_child_trait=false&size=500&page=0""]",SLC45A2
pigmentation,104180287,GCST90255688,36672889,"[""OBA_VT0002095""]","[""strict""]",https://www.ebi.ac.uk/gwas/rest/api/v2/associations/104180287,"[""https://www.ebi.ac.uk/gwas/rest/api/v2/associations?efo_id=OBA_VT0002095&show_child_trait=false&size=500&page=0""]",OCA2
pigmentation,104180293,GCST90255688,36672889,"[""OBA_VT0002095""]","[""strict""]",https://www.ebi.ac.uk/gwas/rest/api/v2/associations/104180293,"[""https://www.ebi.ac.uk/gwas/rest/api/v2/associations?efo_id=OBA_VT0002095&show_child_trait=false&size=500&page=0""]",TYR
pigmentation,104180298,GCST90255688,36672889,"[""OBA_VT0002095""]","[""strict""]",https://www.ebi.ac.uk/gwas/rest/api/v2/associations/104180298,"[""https://www.ebi.ac.uk/gwas/rest/api/v2/associations?efo_id=OBA_VT0002095&show_child_trait=false&size=500&page=0""]",OCA2
pigmentation,104180304,GCST90255688,36672889,"[""OBA_VT0002095""]","[""strict""]",https://www.ebi.ac.uk/gwas/rest/api/v2/associations/104180304,"[""https://www.ebi.ac.uk/gwas/rest/api/v2/associations?efo_id=OBA_VT0002095&show_child_trait=false&size=500&page=0""]",SPIRE2
pigmentation,104180309,GCST90255688,36672889,"[""OBA_VT0002095""]","[""strict""]",https://www.ebi.ac.uk/gwas/rest/api/v2/associations/104180309,"[""https://www.ebi.ac.uk/gwas/rest/api/v2/associations?efo_id=OBA_VT0002095&show_child_trait=false&size=500&page=0""]",OCA2
pigmentation,104180314,GCST90255688,36672889,"[""OBA_VT0002095""]","[""strict""]",https://www.ebi.ac.uk/gwas/rest/api/v2/associations/104180314,"[""https://www.ebi.ac.uk/gwas/rest/api/v2/associations?efo_id=OBA_VT0002095&show_child_trait=false&size=500&page=0""]",SLC45A2
pigmentation,104180319,GCST90255688,36672889,"[""OBA_VT0002095""]","[""strict""]",https://www.ebi.ac.uk/gwas/rest/api/v2/associations/104180319,"[""https://www.ebi.ac.uk/gwas/rest/api/v2/associations?efo_id=OBA_VT0002095&show_child_trait=false&size=500&page=0""]",HERC2
pigmentation,104180319,GCST90255688,36672889,"[""OBA_VT0002095""]","[""strict""]",https://www.ebi.ac.uk/gwas/rest/api/v2/associations/104180319,"[""https://www.ebi.ac.uk/gwas/rest/api/v2/associations?efo_id=OBA_VT0002095&show_child_trait=false&size=500&page=0""]",HERC2P1
pigmentation,104180324,GCST90255688,36672889,"[""OBA_VT0002095""]","[""strict""]",https://www.ebi.ac.uk/gwas/rest/api/v2/associations/104180324,"[""https://www.ebi.ac.uk/gwas/rest/api/v2/associations?efo_id=OBA_VT0002095&show_child_trait=false&size=500&page=0""]",HERC2
pigmentation,104180330,GCST90255688,36672889,"[""OBA_VT0002095""]","[""strict""]",https://www.ebi.ac.uk/gwas/rest/api/v2/associations/104180330,"[""https://www.ebi.ac.uk/gwas/rest/api/v2/associations?efo_id=OBA_VT0002095&show_child_trait=false&size=500&page=0""]",ADAMTS12
pigmentation,104180335,GCST90255688,36672889,"[""OBA_VT0002095""]","[""strict""]",https://www.ebi.ac.uk/gwas/rest/api/v2/associations/104180335,"[""https://www.ebi.ac.uk/gwas/rest/api/v2/associations?efo_id=OBA_VT0002095&show_child_trait=false&size=500&page=0""]",OCA2
pigmentation,104180341,GCST90255688,36672889,"[""OBA_VT0002095""]","[""strict""]",https://www.ebi.ac.uk/gwas/rest/api/v2/associations/104180341,"[""https://www.ebi.ac.uk/gwas/rest/api/v2/associations?efo_id=OBA_VT0002095&show_child_trait=false&size=500&page=0""]",ADAMTS12
pigmentation,104180341,GCST90255688,36672889,"[""OBA_VT0002095""]","[""strict""]",https://www.ebi.ac.uk/gwas/rest/api/v2/associations/104180341,"[""https://www.ebi.ac.uk/gwas/rest/api/v2/associations?efo_id=OBA_VT0002095&show_child_trait=false&size=500&page=0""]",RXFP3
pigmentation,104180346,GCST90255688,36672889,"[""OBA_VT0002095""]","[""strict""]",https://www.ebi.ac.uk/gwas/rest/api/v2/associations/104180346,"[""https://www.ebi.ac.uk/gwas/rest/api/v2/associations?efo_id=OBA_VT0002095&show_child_trait=false&size=500&page=0""]",ADAMTS12
pigmentation,104180346,GCST90255688,36672889,"[""OBA_VT0002095""]","[""strict""]",https://www.ebi.ac.uk/gwas/rest/api/v2/associations/104180346,"[""https://www.ebi.ac.uk/gwas/rest/api/v2/associations?efo_id=OBA_VT0002095&show_child_trait=false&size=500&page=0""]",RXFP3
pigmentation,104180352,GCST90255688,36672889,"[""OBA_VT0002095""]","[""strict""]",https://www.ebi.ac.uk/gwas/rest/api/v2/associations/104180352,"[""https://www.ebi.ac.uk/gwas/rest/api/v2/associations?efo_id=OBA_VT0002095&show_child_trait=false&size=500&page=0""]",ADAMTS12
pigmentation,104180358,GCST90255688,36672889,"[""OBA_VT0002095""]","[""strict""]",https://www.ebi.ac.uk/gwas/rest/api/v2/associations/104180358,"[""https://www.ebi.ac.uk/gwas/rest/api/v2/associations?efo_id=OBA_VT0002095&show_child_trait=false&size=500&page=0""]",RXFP3
pigmentation,104180363,GCST90255688,36672889,"[""OBA_VT0002095""]","[""strict""]",https://www.ebi.ac.uk/gwas/rest/api/v2/associations/104180363,"[""https://www.ebi.ac.uk/gwas/rest/api/v2/associations?efo_id=OBA_VT0002095&show_child_trait=false&size=500&page=0""]",OCA2
pigmentation,104180368,GCST90255688,36672889,"[""OBA_VT0002095""]","[""strict""]",https://www.ebi.ac.uk/gwas/rest/api/v2/associations/104180368,"[""https://www.ebi.ac.uk/gwas/rest/api/v2/associations?efo_id=OBA_VT0002095&show_child_trait=false&size=500&page=0""]",HERC2
pigmentation,104180373,GCST90255688,36672889,"[""OBA_VT0002095""]","[""strict""]",https://www.ebi.ac.uk/gwas/rest/api/v2/associations/104180373,"[""https://www.ebi.ac.uk/gwas/rest/api/v2/associations?efo_id=OBA_VT0002095&show_child_trait=false&size=500&page=0""]",OCA2
pigmentation,104180405,GCST90255689,36672889,"[""OBA_VT0002095""]","[""strict""]",https://www.ebi.ac.uk/gwas/rest/api/v2/associations/104180405,"[""https://www.ebi.ac.uk/gwas/rest/api/v2/associations?efo_id=OBA_VT0002095&show_child_trait=false&size=500&page=0""]",SLC45A2
pigmentation,104180410,GCST90255689,36672889,"[""OBA_VT0002095""]","[""strict""]",https://www.ebi.ac.uk/gwas/rest/api/v2/associations/104180410,"[""https://www.ebi.ac.uk/gwas/rest/api/v2/associations?efo_id=OBA_VT0002095&show_child_trait=false&size=500&page=0""]",RXFP3
pigmentation,104180410,GCST90255689,36672889,"[""OBA_VT0002095""]","[""strict""]",https://www.ebi.ac.uk/gwas/rest/api/v2/associations/104180410,"[""https://www.ebi.ac.uk/gwas/rest/api/v2/associations?efo_id=OBA_VT0002095&show_child_trait=false&size=500&page=0""]",SLC45A2
pigmentation,104180415,GCST90255689,36672889,"[""OBA_VT0002095""]","[""strict""]",https://www.ebi.ac.uk/gwas/rest/api/v2/associations/104180415,"[""https://www.ebi.ac.uk/gwas/rest/api/v2/associations?efo_id=OBA_VT0002095&show_child_trait=false&size=500&page=0""]",HERC2
pigmentation,104180420,GCST90255689,36672889,"[""OBA_VT0002095""]","[""strict""]",https://www.ebi.ac.uk/gwas/rest/api/v2/associations/104180420,"[""https://www.ebi.ac.uk/gwas/rest/api/v2/associations?efo_id=OBA_VT0002095&show_child_trait=false&size=500&page=0""]",HERC2
pigmentation,104180425,GCST90255689,36672889,"[""OBA_VT0002095""]","[""strict""]",https://www.ebi.ac.uk/gwas/rest/api/v2/associations/104180425,"[""https://www.ebi.ac.uk/gwas/rest/api/v2/associations?efo_id=OBA_VT0002095&show_child_trait=false&size=500&page=0""]",TYR
pigmentation,104180430,GCST90255689,36672889,"[""OBA_VT0002095""]","[""strict""]",https://www.ebi.ac.uk/gwas/rest/api/v2/associations/104180430,"[""https://www.ebi.ac.uk/gwas/rest/api/v2/associations?efo_id=OBA_VT0002095&show_child_trait=false&size=500&page=0""]",HERC2
pigmentation,104180435,GCST90255689,36672889,"[""OBA_VT0002095""]","[""strict""]",https://www.ebi.ac.uk/gwas/rest/api/v2/associations/104180435,"[""https://www.ebi.ac.uk/gwas/rest/api/v2/associations?efo_id=OBA_VT0002095&show_child_trait=false&size=500&page=0""]",HERC2
pigmentation,104180440,GCST90255689,36672889,"[""OBA_VT0002095""]","[""strict""]",https://www.ebi.ac.uk/gwas/rest/api/v2/associations/104180440,"[""https://www.ebi.ac.uk/gwas/rest/api/v2/associations?efo_id=OBA_VT0002095&show_child_trait=false&size=500&page=0""]",HERC2
pigmentation,104180445,GCST90255689,36672889,"[""OBA_VT0002095""]","[""strict""]",https://www.ebi.ac.uk/gwas/rest/api/v2/associations/104180445,"[""https://www.ebi.ac.uk/gwas/rest/api/v2/associations?efo_id=OBA_VT0002095&show_child_trait=false&size=500&page=0""]",ADAMTS12
pigmentation,104180450,GCST90255689,36672889,"[""OBA_VT0002095""]","[""strict""]",https://www.ebi.ac.uk/gwas/rest/api/v2/associations/104180450,"[""https://www.ebi.ac.uk/gwas/rest/api/v2/associations?efo_id=OBA_VT0002095&show_child_trait=false&size=500&page=0""]",HERC2
pigmentation,104180455,GCST90255689,36672889,"[""OBA_VT0002095""]","[""strict""]",https://www.ebi.ac.uk/gwas/rest/api/v2/associations/104180455,"[""https://www.ebi.ac.uk/gwas/rest/api/v2/associations?efo_id=OBA_VT0002095&show_child_trait=false&size=500&page=0""]",FANCA
pigmentation,104180455,GCST90255689,36672889,"[""OBA_VT0002095""]","[""strict""]",https://www.ebi.ac.uk/gwas/rest/api/v2/associations/104180455,"[""https://www.ebi.ac.uk/gwas/rest/api/v2/associations?efo_id=OBA_VT0002095&show_child_trait=false&size=500&page=0""]",ZNF276
pigmentation,104180461,GCST90255689,36672889,"[""OBA_VT0002095""]","[""strict""]",https://www.ebi.ac.uk/gwas/rest/api/v2/associations/104180461,"[""https://www.ebi.ac.uk/gwas/rest/api/v2/associations?efo_id=OBA_VT0002095&show_child_trait=false&size=500&page=0""]",HERC2
pigmentation,104180466,GCST90255689,36672889,"[""OBA_VT0002095""]","[""strict""]",https://www.ebi.ac.uk/gwas/rest/api/v2/associations/104180466,"[""https://www.ebi.ac.uk/gwas/rest/api/v2/associations?efo_id=OBA_VT0002095&show_child_trait=false&size=500&page=0""]",HERC2
pigmentation,104180471,GCST90255689,36672889,"[""OBA_VT0002095""]","[""strict""]",https://www.ebi.ac.uk/gwas/rest/api/v2/associations/104180471,"[""https://www.ebi.ac.uk/gwas/rest/api/v2/associations?efo_id=OBA_VT0002095&show_child_trait=false&size=500&page=0""]",ADAMTS12
pigmentation,104180471,GCST90255689,36672889,"[""OBA_VT0002095""]","[""strict""]",https://www.ebi.ac.uk/gwas/rest/api/v2/associations/104180471,"[""https://www.ebi.ac.uk/gwas/rest/api/v2/associations?efo_id=OBA_VT0002095&show_child_trait=false&size=500&page=0""]",RXFP3
pigmentation,104180476,GCST90255689,36672889,"[""OBA_VT0002095""]","[""strict""]",https://www.ebi.ac.uk/gwas/rest/api/v2/associations/104180476,"[""https://www.ebi.ac.uk/gwas/rest/api/v2/associations?efo_id=OBA_VT0002095&show_child_trait=false&size=500&page=0""]",SLC45A2
pigmentation,104180481,GCST90255689,36672889,"[""OBA_VT0002095""]","[""strict""]",https://www.ebi.ac.uk/gwas/rest/api/v2/associations/104180481,"[""https://www.ebi.ac.uk/gwas/rest/api/v2/associations?efo_id=OBA_VT0002095&show_child_trait=false&size=500&page=0""]",HERC2
pigmentation,104180486,GCST90255689,36672889,"[""OBA_VT0002095""]","[""strict""]",https://www.ebi.ac.uk/gwas/rest/api/v2/associations/104180486,"[""https://www.ebi.ac.uk/gwas/rest/api/v2/associations?efo_id=OBA_VT0002095&show_child_trait=false&size=500&page=0""]",ADAMTS12
pigmentation,104180486,GCST90255689,36672889,"[""OBA_VT0002095""]","[""strict""]",https://www.ebi.ac.uk/gwas/rest/api/v2/associations/104180486,"[""https://www.ebi.ac.uk/gwas/rest/api/v2/associations?efo_id=OBA_VT0002095&show_child_trait=false&size=500&page=0""]",RXFP3
pigmentation,104180491,GCST90255689,36672889,"[""OBA_VT0002095""]","[""strict""]",https://www.ebi.ac.uk/gwas/rest/api/v2/associations/104180491,"[""https://www.ebi.ac.uk/gwas/rest/api/v2/associations?efo_id=OBA_VT0002095&show_child_trait=false&size=500&page=0""]",HERC2
pigmentation,104180496,GCST90255689,36672889,"[""OBA_VT0002095""]","[""strict""]",https://www.ebi.ac.uk/gwas/rest/api/v2/associations/104180496,"[""https://www.ebi.ac.uk/gwas/rest/api/v2/associations?efo_id=OBA_VT0002095&show_child_trait=false&size=500&page=0""]",ADAMTS12
pigmentation,104180501,GCST90255689,36672889,"[""OBA_VT0002095""]","[""strict""]",https://www.ebi.ac.uk/gwas/rest/api/v2/associations/104180501,"[""https://www.ebi.ac.uk/gwas/rest/api/v2/associations?efo_id=OBA_VT0002095&show_child_trait=false&size=500&page=0""]",RXFP3
pigmentation,104180501,GCST90255689,36672889,"[""OBA_VT0002095""]","[""strict""]",https://www.ebi.ac.uk/gwas/rest/api/v2/associations/104180501,"[""https://www.ebi.ac.uk/gwas/rest/api/v2/associations?efo_id=OBA_VT0002095&show_child_trait=false&size=500&page=0""]",SLC45A2
pigmentation,104180506,GCST90255689,36672889,"[""OBA_VT0002095""]","[""strict""]",https://www.ebi.ac.uk/gwas/rest/api/v2/associations/104180506,"[""https://www.ebi.ac.uk/gwas/rest/api/v2/associations?efo_id=OBA_VT0002095&show_child_trait=false&size=500&page=0""]",HERC2
pigmentation,104180511,GCST90255689,36672889,"[""OBA_VT0002095""]","[""strict""]",https://www.ebi.ac.uk/gwas/rest/api/v2/associations/104180511,"[""https://www.ebi.ac.uk/gwas/rest/api/v2/associations?efo_id=OBA_VT0002095&show_child_trait=false&size=500&page=0""]",HERC2
pigmentation,104180511,GCST90255689,36672889,"[""OBA_VT0002095""]","[""strict""]",https://www.ebi.ac.uk/gwas/rest/api/v2/associations/104180511,"[""https://www.ebi.ac.uk/gwas/rest/api/v2/associations?efo_id=OBA_VT0002095&show_child_trait=false&size=500&page=0""]",OCA2
pigmentation,104180516,GCST90255689,36672889,"[""OBA_VT0002095""]","[""strict""]",https://www.ebi.ac.uk/gwas/rest/api/v2/associations/104180516,"[""https://www.ebi.ac.uk/gwas/rest/api/v2/associations?efo_id=OBA_VT0002095&show_child_trait=false&size=500&page=0""]",ADAMTS12
pigmentation,104180516,GCST90255689,36672889,"[""OBA_VT0002095""]","[""strict""]",https://www.ebi.ac.uk/gwas/rest/api/v2/associations/104180516,"[""https://www.ebi.ac.uk/gwas/rest/api/v2/associations?efo_id=OBA_VT0002095&show_child_trait=false&size=500&page=0""]",RXFP3
pigmentation,104180521,GCST90255689,36672889,"[""OBA_VT0002095""]","[""strict""]",https://www.ebi.ac.uk/gwas/rest/api/v2/associations/104180521,"[""https://www.ebi.ac.uk/gwas/rest/api/v2/associations?efo_id=OBA_VT0002095&show_child_trait=false&size=500&page=0""]",SLC45A2
pigmentation,104180526,GCST90255689,36672889,"[""OBA_VT0002095""]","[""strict""]",https://www.ebi.ac.uk/gwas/rest/api/v2/associations/104180526,"[""https://www.ebi.ac.uk/gwas/rest/api/v2/associations?efo_id=OBA_VT0002095&show_child_trait=false&size=500&page=0""]",OCA2
pigmentation,104180531,GCST90255689,36672889,"[""OBA_VT0002095""]","[""strict""]",https://www.ebi.ac.uk/gwas/rest/api/v2/associations/104180531,"[""https://www.ebi.ac.uk/gwas/rest/api/v2/associations?efo_id=OBA_VT0002095&show_child_trait=false&size=500&page=0""]",MC1R
pigmentation,104180536,GCST90255689,36672889,"[""OBA_VT0002095""]","[""strict""]",https://www.ebi.ac.uk/gwas/rest/api/v2/associations/104180536,"[""https://www.ebi.ac.uk/gwas/rest/api/v2/associations?efo_id=OBA_VT0002095&show_child_trait=false&size=500&page=0""]",MC1R
pigmentation,104180541,GCST90255689,36672889,"[""OBA_VT0002095""]","[""strict""]",https://www.ebi.ac.uk/gwas/rest/api/v2/associations/104180541,"[""https://www.ebi.ac.uk/gwas/rest/api/v2/associations?efo_id=OBA_VT0002095&show_child_trait=false&size=500&page=0""]",MC1R
pigmentation,104180546,GCST90255689,36672889,"[""OBA_VT0002095""]","[""strict""]",https://www.ebi.ac.uk/gwas/rest/api/v2/associations/104180546,"[""https://www.ebi.ac.uk/gwas/rest/api/v2/associations?efo_id=OBA_VT0002095&show_child_trait=false&size=500&page=0""]",ADAMTS12
pigmentation,104180546,GCST90255689,36672889,"[""OBA_VT0002095""]","[""strict""]",https://www.ebi.ac.uk/gwas/rest/api/v2/associations/104180546,"[""https://www.ebi.ac.uk/gwas/rest/api/v2/associations?efo_id=OBA_VT0002095&show_child_trait=false&size=500&page=0""]",RXFP3
pigmentation,104180551,GCST90255689,36672889,"[""OBA_VT0002095""]","[""strict""]",https://www.ebi.ac.uk/gwas/rest/api/v2/associations/104180551,"[""https://www.ebi.ac.uk/gwas/rest/api/v2/associations?efo_id=OBA_VT0002095&show_child_trait=false&size=500&page=0""]",OCA2
pigmentation,104180556,GCST90255689,36672889,"[""OBA_VT0002095""]","[""strict""]",https://www.ebi.ac.uk/gwas/rest/api/v2/associations/104180556,"[""https://www.ebi.ac.uk/gwas/rest/api/v2/associations?efo_id=OBA_VT0002095&show_child_trait=false&size=500&page=0""]",OCA2
pigmentation,104180561,GCST90255689,36672889,"[""OBA_VT0002095""]","[""strict""]",https://www.ebi.ac.uk/gwas/rest/api/v2/associations/104180561,"[""https://www.ebi.ac.uk/gwas/rest/api/v2/associations?efo_id=OBA_VT0002095&show_child_trait=false&size=500&page=0""]",SLC45A2
pigmentation,104180566,GCST90255689,36672889,"[""OBA_VT0002095""]","[""strict""]",https://www.ebi.ac.uk/gwas/rest/api/v2/associations/104180566,"[""https://www.ebi.ac.uk/gwas/rest/api/v2/associations?efo_id=OBA_VT0002095&show_child_trait=false&size=500&page=0""]",GRM5
pigmentation,104180566,GCST90255689,36672889,"[""OBA_VT0002095""]","[""strict""]",https://www.ebi.ac.uk/gwas/rest/api/v2/associations/104180566,"[""https://www.ebi.ac.uk/gwas/rest/api/v2/associations?efo_id=OBA_VT0002095&show_child_trait=false&size=500&page=0""]",TYR
pigmentation,104180571,GCST90255689,36672889,"[""OBA_VT0002095""]","[""strict""]",https://www.ebi.ac.uk/gwas/rest/api/v2/associations/104180571,"[""https://www.ebi.ac.uk/gwas/rest/api/v2/associations?efo_id=OBA_VT0002095&show_child_trait=false&size=500&page=0""]",SLC45A2
pigmentation,104180576,GCST90255689,36672889,"[""OBA_VT0002095""]","[""strict""]",https://www.ebi.ac.uk/gwas/rest/api/v2/associations/104180576,"[""https://www.ebi.ac.uk/gwas/rest/api/v2/associations?efo_id=OBA_VT0002095&show_child_trait=false&size=500&page=0""]",ADAMTS12
pigmentation,104180576,GCST90255689,36672889,"[""OBA_VT0002095""]","[""strict""]",https://www.ebi.ac.uk/gwas/rest/api/v2/associations/104180576,"[""https://www.ebi.ac.uk/gwas/rest/api/v2/associations?efo_id=OBA_VT0002095&show_child_trait=false&size=500&page=0""]",RXFP3
pigmentation,104180581,GCST90255689,36672889,"[""OBA_VT0002095""]","[""strict""]",https://www.ebi.ac.uk/gwas/rest/api/v2/associations/104180581,"[""https://www.ebi.ac.uk/gwas/rest/api/v2/associations?efo_id=OBA_VT0002095&show_child_trait=false&size=500&page=0""]",HERC2
pigmentation,104180586,GCST90255689,36672889,"[""OBA_VT0002095""]","[""strict""]",https://www.ebi.ac.uk/gwas/rest/api/v2/associations/104180586,"[""https://www.ebi.ac.uk/gwas/rest/api/v2/associations?efo_id=OBA_VT0002095&show_child_trait=false&size=500&page=0""]",ADAMTS12
pigmentation,104180591,GCST90255689,36672889,"[""OBA_VT0002095""]","[""strict""]",https://www.ebi.ac.uk/gwas/rest/api/v2/associations/104180591,"[""https://www.ebi.ac.uk/gwas/rest/api/v2/associations?efo_id=OBA_VT0002095&show_child_trait=false&size=500&page=0""]",ADAMTS12
pigmentation,104180596,GCST90255689,36672889,"[""OBA_VT0002095""]","[""strict""]",https://www.ebi.ac.uk/gwas/rest/api/v2/associations/104180596,"[""https://www.ebi.ac.uk/gwas/rest/api/v2/associations?efo_id=OBA_VT0002095&show_child_trait=false&size=500&page=0""]",LURAP1L-AS1
pigmentation,104180596,GCST90255689,36672889,"[""OBA_VT0002095""]","[""strict""]",https://www.ebi.ac.uk/gwas/rest/api/v2/associations/104180596,"[""https://www.ebi.ac.uk/gwas/rest/api/v2/associations?efo_id=OBA_VT0002095&show_child_trait=false&size=500&page=0""]",TYRP1
pigmentation,104180601,GCST90255689,36672889,"[""OBA_VT0002095""]","[""strict""]",https://www.ebi.ac.uk/gwas/rest/api/v2/associations/104180601,"[""https://www.ebi.ac.uk/gwas/rest/api/v2/associations?efo_id=OBA_VT0002095&show_child_trait=false&size=500&page=0""]",SLC45A2
pigmentation,104180606,GCST90255689,36672889,"[""OBA_VT0002095""]","[""strict""]",https://www.ebi.ac.uk/gwas/rest/api/v2/associations/104180606,"[""https://www.ebi.ac.uk/gwas/rest/api/v2/associations?efo_id=OBA_VT0002095&show_child_trait=false&size=500&page=0""]",ANKRD11
pigmentation,104180611,GCST90255689,36672889,"[""OBA_VT0002095""]","[""strict""]",https://www.ebi.ac.uk/gwas/rest/api/v2/associations/104180611,"[""https://www.ebi.ac.uk/gwas/rest/api/v2/associations?efo_id=OBA_VT0002095&show_child_trait=false&size=500&page=0""]",HERC2
pigmentation,104180616,GCST90255689,36672889,"[""OBA_VT0002095""]","[""strict""]",https://www.ebi.ac.uk/gwas/rest/api/v2/associations/104180616,"[""https://www.ebi.ac.uk/gwas/rest/api/v2/associations?efo_id=OBA_VT0002095&show_child_trait=false&size=500&page=0""]",OCA2
pigmentation,104180621,GCST90255689,36672889,"[""OBA_VT0002095""]","[""strict""]",https://www.ebi.ac.uk/gwas/rest/api/v2/associations/104180621,"[""https://www.ebi.ac.uk/gwas/rest/api/v2/associations?efo_id=OBA_VT0002095&show_child_trait=false&size=500&page=0""]",ADAMTS12
pigmentation,104180621,GCST90255689,36672889,"[""OBA_VT0002095""]","[""strict""]",https://www.ebi.ac.uk/gwas/rest/api/v2/associations/104180621,"[""https://www.ebi.ac.uk/gwas/rest/api/v2/associations?efo_id=OBA_VT0002095&show_child_trait=false&size=500&page=0""]",RXFP3
pigmentation,104180626,GCST90255689,36672889,"[""OBA_VT0002095""]","[""strict""]",https://www.ebi.ac.uk/gwas/rest/api/v2/associations/104180626,"[""https://www.ebi.ac.uk/gwas/rest/api/v2/associations?efo_id=OBA_VT0002095&show_child_trait=false&size=500&page=0""]",OCA2
pigmentation,104180631,GCST90255689,36672889,"[""OBA_VT0002095""]","[""strict""]",https://www.ebi.ac.uk/gwas/rest/api/v2/associations/104180631,"[""https://www.ebi.ac.uk/gwas/rest/api/v2/associations?efo_id=OBA_VT0002095&show_child_trait=false&size=500&page=0""]",HERC2
pigmentation,104180636,GCST90255689,36672889,"[""OBA_VT0002095""]","[""strict""]",https://www.ebi.ac.uk/gwas/rest/api/v2/associations/104180636,"[""https://www.ebi.ac.uk/gwas/rest/api/v2/associations?efo_id=OBA_VT0002095&show_child_trait=false&size=500&page=0""]",RXFP3
pigmentation,104180636,GCST90255689,36672889,"[""OBA_VT0002095""]","[""strict""]",https://www.ebi.ac.uk/gwas/rest/api/v2/associations/104180636,"[""https://www.ebi.ac.uk/gwas/rest/api/v2/associations?efo_id=OBA_VT0002095&show_child_trait=false&size=500&page=0""]",SLC45A2
pigmentation,104180641,GCST90255689,36672889,"[""OBA_VT0002095""]","[""strict""]",https://www.ebi.ac.uk/gwas/rest/api/v2/associations/104180641,"[""https://www.ebi.ac.uk/gwas/rest/api/v2/associations?efo_id=OBA_VT0002095&show_child_trait=false&size=500&page=0""]",SLC45A2
pigmentation,104180646,GCST90255689,36672889,"[""OBA_VT0002095""]","[""strict""]",https://www.ebi.ac.uk/gwas/rest/api/v2/associations/104180646,"[""https://www.ebi.ac.uk/gwas/rest/api/v2/associations?efo_id=OBA_VT0002095&show_child_trait=false&size=500&page=0""]",SLC45A2
pigmentation,104180651,GCST90255689,36672889,"[""OBA_VT0002095""]","[""strict""]",https://www.ebi.ac.uk/gwas/rest/api/v2/associations/104180651,"[""https://www.ebi.ac.uk/gwas/rest/api/v2/associations?efo_id=OBA_VT0002095&show_child_trait=false&size=500&page=0""]",OCA2
pigmentation,104180656,GCST90255689,36672889,"[""OBA_VT0002095""]","[""strict""]",https://www.ebi.ac.uk/gwas/rest/api/v2/associations/104180656,"[""https://www.ebi.ac.uk/gwas/rest/api/v2/associations?efo_id=OBA_VT0002095&show_child_trait=false&size=500&page=0""]",SLC45A2
pigmentation,104180661,GCST90255689,36672889,"[""OBA_VT0002095""]","[""strict""]",https://www.ebi.ac.uk/gwas/rest/api/v2/associations/104180661,"[""https://www.ebi.ac.uk/gwas/rest/api/v2/associations?efo_id=OBA_VT0002095&show_child_trait=false&size=500&page=0""]",NOX4
pigmentation,104180661,GCST90255689,36672889,"[""OBA_VT0002095""]","[""strict""]",https://www.ebi.ac.uk/gwas/rest/api/v2/associations/104180661,"[""https://www.ebi.ac.uk/gwas/rest/api/v2/associations?efo_id=OBA_VT0002095&show_child_trait=false&size=500&page=0""]",TYR
pigmentation,104180666,GCST90255689,36672889,"[""OBA_VT0002095""]","[""strict""]",https://www.ebi.ac.uk/gwas/rest/api/v2/associations/104180666,"[""https://www.ebi.ac.uk/gwas/rest/api/v2/associations?efo_id=OBA_VT0002095&show_child_trait=false&size=500&page=0""]",ADAMTS12
pigmentation,104180671,GCST90255689,36672889,"[""OBA_VT0002095""]","[""strict""]",https://www.ebi.ac.uk/gwas/rest/api/v2/associations/104180671,"[""https://www.ebi.ac.uk/gwas/rest/api/v2/associations?efo_id=OBA_VT0002095&show_child_trait=false&size=500&page=0""]",HERC2
pigmentation,104180676,GCST90255689,36672889,"[""OBA_VT0002095""]","[""strict""]",https://www.ebi.ac.uk/gwas/rest/api/v2/associations/104180676,"[""https://www.ebi.ac.uk/gwas/rest/api/v2/associations?efo_id=OBA_VT0002095&show_child_trait=false&size=500&page=0""]",HERC2
pigmentation,104180681,GCST90255689,36672889,"[""OBA_VT0002095""]","[""strict""]",https://www.ebi.ac.uk/gwas/rest/api/v2/associations/104180681,"[""https://www.ebi.ac.uk/gwas/rest/api/v2/associations?efo_id=OBA_VT0002095&show_child_trait=false&size=500&page=0""]",SLC45A2
pigmentation,104180686,GCST90255689,36672889,"[""OBA_VT0002095""]","[""strict""]",https://www.ebi.ac.uk/gwas/rest/api/v2/associations/104180686,"[""https://www.ebi.ac.uk/gwas/rest/api/v2/associations?efo_id=OBA_VT0002095&show_child_trait=false&size=500&page=0""]",HERC2
pigmentation,104180691,GCST90255689,36672889,"[""OBA_VT0002095""]","[""strict""]",https://www.ebi.ac.uk/gwas/rest/api/v2/associations/104180691,"[""https://www.ebi.ac.uk/gwas/rest/api/v2/associations?efo_id=OBA_VT0002095&show_child_trait=false&size=500&page=0""]",OCA2
pigmentation,104180696,GCST90255689,36672889,"[""OBA_VT0002095""]","[""strict""]",https://www.ebi.ac.uk/gwas/rest/api/v2/associations/104180696,"[""https://www.ebi.ac.uk/gwas/rest/api/v2/associations?efo_id=OBA_VT0002095&show_child_trait=false&size=500&page=0""]",OCA2
pigmentation,104180701,GCST90255689,36672889,"[""OBA_VT0002095""]","[""strict""]",https://www.ebi.ac.uk/gwas/rest/api/v2/associations/104180701,"[""https://www.ebi.ac.uk/gwas/rest/api/v2/associations?efo_id=OBA_VT0002095&show_child_trait=false&size=500&page=0""]",OCA2
pigmentation,104180706,GCST90255689,36672889,"[""OBA_VT0002095""]","[""strict""]",https://www.ebi.ac.uk/gwas/rest/api/v2/associations/104180706,"[""https://www.ebi.ac.uk/gwas/rest/api/v2/associations?efo_id=OBA_VT0002095&show_child_trait=false&size=500&page=0""]",OCA2
pigmentation,104180711,GCST90255689,36672889,"[""OBA_VT0002095""]","[""strict""]",https://www.ebi.ac.uk/gwas/rest/api/v2/associations/104180711,"[""https://www.ebi.ac.uk/gwas/rest/api/v2/associations?efo_id=OBA_VT0002095&show_child_trait=false&size=500&page=0""]",DPEP1
pigmentation,104180716,GCST90255689,36672889,"[""OBA_VT0002095""]","[""strict""]",https://www.ebi.ac.uk/gwas/rest/api/v2/associations/104180716,"[""https://www.ebi.ac.uk/gwas/rest/api/v2/associations?efo_id=OBA_VT0002095&show_child_trait=false&size=500&page=0""]",SLC45A2
pigmentation,104180721,GCST90255689,36672889,"[""OBA_VT0002095""]","[""strict""]",https://www.ebi.ac.uk/gwas/rest/api/v2/associations/104180721,"[""https://www.ebi.ac.uk/gwas/rest/api/v2/associations?efo_id=OBA_VT0002095&show_child_trait=false&size=500&page=0""]",HERC2
pigmentation,104180721,GCST90255689,36672889,"[""OBA_VT0002095""]","[""strict""]",https://www.ebi.ac.uk/gwas/rest/api/v2/associations/104180721,"[""https://www.ebi.ac.uk/gwas/rest/api/v2/associations?efo_id=OBA_VT0002095&show_child_trait=false&size=500&page=0""]",OCA2
pigmentation,104180726,GCST90255689,36672889,"[""OBA_VT0002095""]","[""strict""]",https://www.ebi.ac.uk/gwas/rest/api/v2/associations/104180726,"[""https://www.ebi.ac.uk/gwas/rest/api/v2/associations?efo_id=OBA_VT0002095&show_child_trait=false&size=500&page=0""]",OCA2
pigmentation,104180731,GCST90255689,36672889,"[""OBA_VT0002095""]","[""strict""]",https://www.ebi.ac.uk/gwas/rest/api/v2/associations/104180731,"[""https://www.ebi.ac.uk/gwas/rest/api/v2/associations?efo_id=OBA_VT0002095&show_child_trait=false&size=500&page=0""]",SLC45A2
pigmentation,104180736,GCST90255689,36672889,"[""OBA_VT0002095""]","[""strict""]",https://www.ebi.ac.uk/gwas/rest/api/v2/associations/104180736,"[""https://www.ebi.ac.uk/gwas/rest/api/v2/associations?efo_id=OBA_VT0002095&show_child_trait=false&size=500&page=0""]",SLC45A2
pigmentation,104180741,GCST90255689,36672889,"[""OBA_VT0002095""]","[""strict""]",https://www.ebi.ac.uk/gwas/rest/api/v2/associations/104180741,"[""https://www.ebi.ac.uk/gwas/rest/api/v2/associations?efo_id=OBA_VT0002095&show_child_trait=false&size=500&page=0""]",OCA2
pigmentation,104180746,GCST90255689,36672889,"[""OBA_VT0002095""]","[""strict""]",https://www.ebi.ac.uk/gwas/rest/api/v2/associations/104180746,"[""https://www.ebi.ac.uk/gwas/rest/api/v2/associations?efo_id=OBA_VT0002095&show_child_trait=false&size=500&page=0""]",OCA2
pigmentation,104180751,GCST90255689,36672889,"[""OBA_VT0002095""]","[""strict""]",https://www.ebi.ac.uk/gwas/rest/api/v2/associations/104180751,"[""https://www.ebi.ac.uk/gwas/rest/api/v2/associations?efo_id=OBA_VT0002095&show_child_trait=false&size=500&page=0""]",SPIRE2
pigmentation,104180756,GCST90255689,36672889,"[""OBA_VT0002095""]","[""strict""]",https://www.ebi.ac.uk/gwas/rest/api/v2/associations/104180756,"[""https://www.ebi.ac.uk/gwas/rest/api/v2/associations?efo_id=OBA_VT0002095&show_child_trait=false&size=500&page=0""]",OCA2
pigmentation,104180761,GCST90255689,36672889,"[""OBA_VT0002095""]","[""strict""]",https://www.ebi.ac.uk/gwas/rest/api/v2/associations/104180761,"[""https://www.ebi.ac.uk/gwas/rest/api/v2/associations?efo_id=OBA_VT0002095&show_child_trait=false&size=500&page=0""]",SLC45A2
pigmentation,104180766,GCST90255689,36672889,"[""OBA_VT0002095""]","[""strict""]",https://www.ebi.ac.uk/gwas/rest/api/v2/associations/104180766,"[""https://www.ebi.ac.uk/gwas/rest/api/v2/associations?efo_id=OBA_VT0002095&show_child_trait=false&size=500&page=0""]",HERC2
pigmentation,104180771,GCST90255689,36672889,"[""OBA_VT0002095""]","[""strict""]",https://www.ebi.ac.uk/gwas/rest/api/v2/associations/104180771,"[""https://www.ebi.ac.uk/gwas/rest/api/v2/associations?efo_id=OBA_VT0002095&show_child_trait=false&size=500&page=0""]",OCA2
pigmentation,104180776,GCST90255689,36672889,"[""OBA_VT0002095""]","[""strict""]",https://www.ebi.ac.uk/gwas/rest/api/v2/associations/104180776,"[""https://www.ebi.ac.uk/gwas/rest/api/v2/associations?efo_id=OBA_VT0002095&show_child_trait=false&size=500&page=0""]",ADAMTS12
pigmentation,104180776,GCST90255689,36672889,"[""OBA_VT0002095""]","[""strict""]",https://www.ebi.ac.uk/gwas/rest/api/v2/associations/104180776,"[""https://www.ebi.ac.uk/gwas/rest/api/v2/associations?efo_id=OBA_VT0002095&show_child_trait=false&size=500&page=0""]",RXFP3
pigmentation,104180781,GCST90255689,36672889,"[""OBA_VT0002095""]","[""strict""]",https://www.ebi.ac.uk/gwas/rest/api/v2/associations/104180781,"[""https://www.ebi.ac.uk/gwas/rest/api/v2/associations?efo_id=OBA_VT0002095&show_child_trait=false&size=500&page=0""]",ADAMTS12
pigmentation,104180781,GCST90255689,36672889,"[""OBA_VT0002095""]","[""strict""]",https://www.ebi.ac.uk/gwas/rest/api/v2/associations/104180781,"[""https://www.ebi.ac.uk/gwas/rest/api/v2/associations?efo_id=OBA_VT0002095&show_child_trait=false&size=500&page=0""]",RXFP3
pigmentation,104180786,GCST90255689,36672889,"[""OBA_VT0002095""]","[""strict""]",https://www.ebi.ac.uk/gwas/rest/api/v2/associations/104180786,"[""https://www.ebi.ac.uk/gwas/rest/api/v2/associations?efo_id=OBA_VT0002095&show_child_trait=false&size=500&page=0""]",HERC2
pigmentation,104180791,GCST90255689,36672889,"[""OBA_VT0002095""]","[""strict""]",https://www.ebi.ac.uk/gwas/rest/api/v2/associations/104180791,"[""https://www.ebi.ac.uk/gwas/rest/api/v2/associations?efo_id=OBA_VT0002095&show_child_trait=false&size=500&page=0""]",OCA2
pigmentation,104180814,GCST90255690,36672889,"[""OBA_VT0002095""]","[""strict""]",https://www.ebi.ac.uk/gwas/rest/api/v2/associations/104180814,"[""https://www.ebi.ac.uk/gwas/rest/api/v2/associations?efo_id=OBA_VT0002095&show_child_trait=false&size=500&page=0""]",ADAMTS12
pigmentation,104180814,GCST90255690,36672889,"[""OBA_VT0002095""]","[""strict""]",https://www.ebi.ac.uk/gwas/rest/api/v2/associations/104180814,"[""https://www.ebi.ac.uk/gwas/rest/api/v2/associations?efo_id=OBA_VT0002095&show_child_trait=false&size=500&page=0""]",RXFP3
pigmentation,104180819,GCST90255690,36672889,"[""OBA_VT0002095""]","[""strict""]",https://www.ebi.ac.uk/gwas/rest/api/v2/associations/104180819,"[""https://www.ebi.ac.uk/gwas/rest/api/v2/associations?efo_id=OBA_VT0002095&show_child_trait=false&size=500&page=0""]",TYR
pigmentation,104180824,GCST90255690,36672889,"[""OBA_VT0002095""]","[""strict""]",https://www.ebi.ac.uk/gwas/rest/api/v2/associations/104180824,"[""https://www.ebi.ac.uk/gwas/rest/api/v2/associations?efo_id=OBA_VT0002095&show_child_trait=false&size=500&page=0""]",SLC45A2
pigmentation,104180829,GCST90255690,36672889,"[""OBA_VT0002095""]","[""strict""]",https://www.ebi.ac.uk/gwas/rest/api/v2/associations/104180829,"[""https://www.ebi.ac.uk/gwas/rest/api/v2/associations?efo_id=OBA_VT0002095&show_child_trait=false&size=500&page=0""]",SLC45A2
pigmentation,104180840,GCST90255690,36672889,"[""OBA_VT0002095""]","[""strict""]",https://www.ebi.ac.uk/gwas/rest/api/v2/associations/104180840,"[""https://www.ebi.ac.uk/gwas/rest/api/v2/associations?efo_id=OBA_VT0002095&show_child_trait=false&size=500&page=0""]",ADAMTS12
pigmentation,104180845,GCST90255690,36672889,"[""OBA_VT0002095""]","[""strict""]",https://www.ebi.ac.uk/gwas/rest/api/v2/associations/104180845,"[""https://www.ebi.ac.uk/gwas/rest/api/v2/associations?efo_id=OBA_VT0002095&show_child_trait=false&size=500&page=0""]",ADAMTS12
pigmentation,104180850,GCST90255690,36672889,"[""OBA_VT0002095""]","[""strict""]",https://www.ebi.ac.uk/gwas/rest/api/v2/associations/104180850,"[""https://www.ebi.ac.uk/gwas/rest/api/v2/associations?efo_id=OBA_VT0002095&show_child_trait=false&size=500&page=0""]",HERC2
pigmentation,104180855,GCST90255690,36672889,"[""OBA_VT0002095""]","[""strict""]",https://www.ebi.ac.uk/gwas/rest/api/v2/associations/104180855,"[""https://www.ebi.ac.uk/gwas/rest/api/v2/associations?efo_id=OBA_VT0002095&show_child_trait=false&size=500&page=0""]",FANCA
pigmentation,104180855,GCST90255690,36672889,"[""OBA_VT0002095""]","[""strict""]",https://www.ebi.ac.uk/gwas/rest/api/v2/associations/104180855,"[""https://www.ebi.ac.uk/gwas/rest/api/v2/associations?efo_id=OBA_VT0002095&show_child_trait=false&size=500&page=0""]",ZNF276
pigmentation,104180860,GCST90255690,36672889,"[""OBA_VT0002095""]","[""strict""]",https://www.ebi.ac.uk/gwas/rest/api/v2/associations/104180860,"[""https://www.ebi.ac.uk/gwas/rest/api/v2/associations?efo_id=OBA_VT0002095&show_child_trait=false&size=500&page=0""]",ADAMTS12
pigmentation,104180860,GCST90255690,36672889,"[""OBA_VT0002095""]","[""strict""]",https://www.ebi.ac.uk/gwas/rest/api/v2/associations/104180860,"[""https://www.ebi.ac.uk/gwas/rest/api/v2/associations?efo_id=OBA_VT0002095&show_child_trait=false&size=500&page=0""]",RXFP3
pigmentation,104180865,GCST90255690,36672889,"[""OBA_VT0002095""]","[""strict""]",https://www.ebi.ac.uk/gwas/rest/api/v2/associations/104180865,"[""https://www.ebi.ac.uk/gwas/rest/api/v2/associations?efo_id=OBA_VT0002095&show_child_trait=false&size=500&page=0""]",SLC45A2
pigmentation,104180870,GCST90255690,36672889,"[""OBA_VT0002095""]","[""strict""]",https://www.ebi.ac.uk/gwas/rest/api/v2/associations/104180870,"[""https://www.ebi.ac.uk/gwas/rest/api/v2/associations?efo_id=OBA_VT0002095&show_child_trait=false&size=500&page=0""]",RXFP3
pigmentation,104180870,GCST90255690,36672889,"[""OBA_VT0002095""]","[""strict""]",https://www.ebi.ac.uk/gwas/rest/api/v2/associations/104180870,"[""https://www.ebi.ac.uk/gwas/rest/api/v2/associations?efo_id=OBA_VT0002095&show_child_trait=false&size=500&page=0""]",SLC45A2
pigmentation,104180875,GCST90255690,36672889,"[""OBA_VT0002095""]","[""strict""]",https://www.ebi.ac.uk/gwas/rest/api/v2/associations/104180875,"[""https://www.ebi.ac.uk/gwas/rest/api/v2/associations?efo_id=OBA_VT0002095&show_child_trait=false&size=500&page=0""]",IRF4
pigmentation,104180880,GCST90255690,36672889,"[""OBA_VT0002095""]","[""strict""]",https://www.ebi.ac.uk/gwas/rest/api/v2/associations/104180880,"[""https://www.ebi.ac.uk/gwas/rest/api/v2/associations?efo_id=OBA_VT0002095&show_child_trait=false&size=500&page=0""]",HERC2
pigmentation,104180885,GCST90255690,36672889,"[""OBA_VT0002095""]","[""strict""]",https://www.ebi.ac.uk/gwas/rest/api/v2/associations/104180885,"[""https://www.ebi.ac.uk/gwas/rest/api/v2/associations?efo_id=OBA_VT0002095&show_child_trait=false&size=500&page=0""]",ADAMTS12
pigmentation,104180885,GCST90255690,36672889,"[""OBA_VT0002095""]","[""strict""]",https://www.ebi.ac.uk/gwas/rest/api/v2/associations/104180885,"[""https://www.ebi.ac.uk/gwas/rest/api/v2/associations?efo_id=OBA_VT0002095&show_child_trait=false&size=500&page=0""]",RXFP3
pigmentation,104180891,GCST90255690,36672889,"[""OBA_VT0002095""]","[""strict""]",https://www.ebi.ac.uk/gwas/rest/api/v2/associations/104180891,"[""https://www.ebi.ac.uk/gwas/rest/api/v2/associations?efo_id=OBA_VT0002095&show_child_trait=false&size=500&page=0""]",ADAMTS12
pigmentation,104180896,GCST90255690,36672889,"[""OBA_VT0002095""]","[""strict""]",https://www.ebi.ac.uk/gwas/rest/api/v2/associations/104180896,"[""https://www.ebi.ac.uk/gwas/rest/api/v2/associations?efo_id=OBA_VT0002095&show_child_trait=false&size=500&page=0""]",ADAMTS12
pigmentation,104180901,GCST90255690,36672889,"[""OBA_VT0002095""]","[""strict""]",https://www.ebi.ac.uk/gwas/rest/api/v2/associations/104180901,"[""https://www.ebi.ac.uk/gwas/rest/api/v2/associations?efo_id=OBA_VT0002095&show_child_trait=false&size=500&page=0""]",ADAMTS12
pigmentation,104180906,GCST90255690,36672889,"[""OBA_VT0002095""]","[""strict""]",https://www.ebi.ac.uk/gwas/rest/api/v2/associations/104180906,"[""https://www.ebi.ac.uk/gwas/rest/api/v2/associations?efo_id=OBA_VT0002095&show_child_trait=false&size=500&page=0""]",RXFP3
pigmentation,104180906,GCST90255690,36672889,"[""OBA_VT0002095""]","[""strict""]",https://www.ebi.ac.uk/gwas/rest/api/v2/associations/104180906,"[""https://www.ebi.ac.uk/gwas/rest/api/v2/associations?efo_id=OBA_VT0002095&show_child_trait=false&size=500&page=0""]",SLC45A2
pigmentation,104180911,GCST90255690,36672889,"[""OBA_VT0002095""]","[""strict""]",https://www.ebi.ac.uk/gwas/rest/api/v2/associations/104180911,"[""https://www.ebi.ac.uk/gwas/rest/api/v2/associations?efo_id=OBA_VT0002095&show_child_trait=false&size=500&page=0""]",C1QTNF3
pigmentation,104180911,GCST90255690,36672889,"[""OBA_VT0002095""]","[""strict""]",https://www.ebi.ac.uk/gwas/rest/api/v2/associations/104180911,"[""https://www.ebi.ac.uk/gwas/rest/api/v2/associations?efo_id=OBA_VT0002095&show_child_trait=false&size=500&page=0""]",C1QTNF3-AMACR
pigmentation,104180916,GCST90255690,36672889,"[""OBA_VT0002095""]","[""strict""]",https://www.ebi.ac.uk/gwas/rest/api/v2/associations/104180916,"[""https://www.ebi.ac.uk/gwas/rest/api/v2/associations?efo_id=OBA_VT0002095&show_child_trait=false&size=500&page=0""]",ADAMTS12
pigmentation,104180916,GCST90255690,36672889,"[""OBA_VT0002095""]","[""strict""]",https://www.ebi.ac.uk/gwas/rest/api/v2/associations/104180916,"[""https://www.ebi.ac.uk/gwas/rest/api/v2/associations?efo_id=OBA_VT0002095&show_child_trait=false&size=500&page=0""]",RXFP3
pigmentation,104180921,GCST90255690,36672889,"[""OBA_VT0002095""]","[""strict""]",https://www.ebi.ac.uk/gwas/rest/api/v2/associations/104180921,"[""https://www.ebi.ac.uk/gwas/rest/api/v2/associations?efo_id=OBA_VT0002095&show_child_trait=false&size=500&page=0""]",SLC45A2
pigmentation,104180926,GCST90255690,36672889,"[""OBA_VT0002095""]","[""strict""]",https://www.ebi.ac.uk/gwas/rest/api/v2/associations/104180926,"[""https://www.ebi.ac.uk/gwas/rest/api/v2/associations?efo_id=OBA_VT0002095&show_child_trait=false&size=500&page=0""]",OCA2
pigmentation,104180931,GCST90255690,36672889,"[""OBA_VT0002095""]","[""strict""]",https://www.ebi.ac.uk/gwas/rest/api/v2/associations/104180931,"[""https://www.ebi.ac.uk/gwas/rest/api/v2/associations?efo_id=OBA_VT0002095&show_child_trait=false&size=500&page=0""]",MC1R
pigmentation,104180936,GCST90255690,36672889,"[""OBA_VT0002095""]","[""strict""]",https://www.ebi.ac.uk/gwas/rest/api/v2/associations/104180936,"[""https://www.ebi.ac.uk/gwas/rest/api/v2/associations?efo_id=OBA_VT0002095&show_child_trait=false&size=500&page=0""]",MC1R
pigmentation,104180941,GCST90255690,36672889,"[""OBA_VT0002095""]","[""strict""]",https://www.ebi.ac.uk/gwas/rest/api/v2/associations/104180941,"[""https://www.ebi.ac.uk/gwas/rest/api/v2/associations?efo_id=OBA_VT0002095&show_child_trait=false&size=500&page=0""]",ADAMTS12
pigmentation,104180941,GCST90255690,36672889,"[""OBA_VT0002095""]","[""strict""]",https://www.ebi.ac.uk/gwas/rest/api/v2/associations/104180941,"[""https://www.ebi.ac.uk/gwas/rest/api/v2/associations?efo_id=OBA_VT0002095&show_child_trait=false&size=500&page=0""]",RXFP3
pigmentation,104180947,GCST90255690,36672889,"[""OBA_VT0002095""]","[""strict""]",https://www.ebi.ac.uk/gwas/rest/api/v2/associations/104180947,"[""https://www.ebi.ac.uk/gwas/rest/api/v2/associations?efo_id=OBA_VT0002095&show_child_trait=false&size=500&page=0""]",ADAMTS12
pigmentation,104180952,GCST90255690,36672889,"[""OBA_VT0002095""]","[""strict""]",https://www.ebi.ac.uk/gwas/rest/api/v2/associations/104180952,"[""https://www.ebi.ac.uk/gwas/rest/api/v2/associations?efo_id=OBA_VT0002095&show_child_trait=false&size=500&page=0""]",SLC45A2
pigmentation,104180957,GCST90255690,36672889,"[""OBA_VT0002095""]","[""strict""]",https://www.ebi.ac.uk/gwas/rest/api/v2/associations/104180957,"[""https://www.ebi.ac.uk/gwas/rest/api/v2/associations?efo_id=OBA_VT0002095&show_child_trait=false&size=500&page=0""]",GRM5
pigmentation,104180957,GCST90255690,36672889,"[""OBA_VT0002095""]","[""strict""]",https://www.ebi.ac.uk/gwas/rest/api/v2/associations/104180957,"[""https://www.ebi.ac.uk/gwas/rest/api/v2/associations?efo_id=OBA_VT0002095&show_child_trait=false&size=500&page=0""]",TYR
pigmentation,104180962,GCST90255690,36672889,"[""OBA_VT0002095""]","[""strict""]",https://www.ebi.ac.uk/gwas/rest/api/v2/associations/104180962,"[""https://www.ebi.ac.uk/gwas/rest/api/v2/associations?efo_id=OBA_VT0002095&show_child_trait=false&size=500&page=0""]",SLC45A2
pigmentation,104180967,GCST90255690,36672889,"[""OBA_VT0002095""]","[""strict""]",https://www.ebi.ac.uk/gwas/rest/api/v2/associations/104180967,"[""https://www.ebi.ac.uk/gwas/rest/api/v2/associations?efo_id=OBA_VT0002095&show_child_trait=false&size=500&page=0""]",ADAMTS12
pigmentation,104180967,GCST90255690,36672889,"[""OBA_VT0002095""]","[""strict""]",https://www.ebi.ac.uk/gwas/rest/api/v2/associations/104180967,"[""https://www.ebi.ac.uk/gwas/rest/api/v2/associations?efo_id=OBA_VT0002095&show_child_trait=false&size=500&page=0""]",RXFP3
pigmentation,104180972,GCST90255690,36672889,"[""OBA_VT0002095""]","[""strict""]",https://www.ebi.ac.uk/gwas/rest/api/v2/associations/104180972,"[""https://www.ebi.ac.uk/gwas/rest/api/v2/associations?efo_id=OBA_VT0002095&show_child_trait=false&size=500&page=0""]",HERC2
pigmentation,104180978,GCST90255690,36672889,"[""OBA_VT0002095""]","[""strict""]",https://www.ebi.ac.uk/gwas/rest/api/v2/associations/104180978,"[""https://www.ebi.ac.uk/gwas/rest/api/v2/associations?efo_id=OBA_VT0002095&show_child_trait=false&size=500&page=0""]",ADAMTS12
pigmentation,104180983,GCST90255690,36672889,"[""OBA_VT0002095""]","[""strict""]",https://www.ebi.ac.uk/gwas/rest/api/v2/associations/104180983,"[""https://www.ebi.ac.uk/gwas/rest/api/v2/associations?efo_id=OBA_VT0002095&show_child_trait=false&size=500&page=0""]",ADAMTS12
pigmentation,104180988,GCST90255690,36672889,"[""OBA_VT0002095""]","[""strict""]",https://www.ebi.ac.uk/gwas/rest/api/v2/associations/104180988,"[""https://www.ebi.ac.uk/gwas/rest/api/v2/associations?efo_id=OBA_VT0002095&show_child_trait=false&size=500&page=0""]",HERC2
pigmentation,104180993,GCST90255690,36672889,"[""OBA_VT0002095""]","[""strict""]",https://www.ebi.ac.uk/gwas/rest/api/v2/associations/104180993,"[""https://www.ebi.ac.uk/gwas/rest/api/v2/associations?efo_id=OBA_VT0002095&show_child_trait=false&size=500&page=0""]",ADAMTS12
pigmentation,104180998,GCST90255690,36672889,"[""OBA_VT0002095""]","[""strict""]",https://www.ebi.ac.uk/gwas/rest/api/v2/associations/104180998,"[""https://www.ebi.ac.uk/gwas/rest/api/v2/associations?efo_id=OBA_VT0002095&show_child_trait=false&size=500&page=0""]",OCA2
pigmentation,104181003,GCST90255690,36672889,"[""OBA_VT0002095""]","[""strict""]",https://www.ebi.ac.uk/gwas/rest/api/v2/associations/104181003,"[""https://www.ebi.ac.uk/gwas/rest/api/v2/associations?efo_id=OBA_VT0002095&show_child_trait=false&size=500&page=0""]",ADAMTS12
pigmentation,104181003,GCST90255690,36672889,"[""OBA_VT0002095""]","[""strict""]",https://www.ebi.ac.uk/gwas/rest/api/v2/associations/104181003,"[""https://www.ebi.ac.uk/gwas/rest/api/v2/associations?efo_id=OBA_VT0002095&show_child_trait=false&size=500&page=0""]",RXFP3
pigmentation,104181008,GCST90255690,36672889,"[""OBA_VT0002095""]","[""strict""]",https://www.ebi.ac.uk/gwas/rest/api/v2/associations/104181008,"[""https://www.ebi.ac.uk/gwas/rest/api/v2/associations?efo_id=OBA_VT0002095&show_child_trait=false&size=500&page=0""]",OCA2
pigmentation,104181013,GCST90255690,36672889,"[""OBA_VT0002095""]","[""strict""]",https://www.ebi.ac.uk/gwas/rest/api/v2/associations/104181013,"[""https://www.ebi.ac.uk/gwas/rest/api/v2/associations?efo_id=OBA_VT0002095&show_child_trait=false&size=500&page=0""]",RXFP3
pigmentation,104181013,GCST90255690,36672889,"[""OBA_VT0002095""]","[""strict""]",https://www.ebi.ac.uk/gwas/rest/api/v2/associations/104181013,"[""https://www.ebi.ac.uk/gwas/rest/api/v2/associations?efo_id=OBA_VT0002095&show_child_trait=false&size=500&page=0""]",SLC45A2
pigmentation,104181018,GCST90255690,36672889,"[""OBA_VT0002095""]","[""strict""]",https://www.ebi.ac.uk/gwas/rest/api/v2/associations/104181018,"[""https://www.ebi.ac.uk/gwas/rest/api/v2/associations?efo_id=OBA_VT0002095&show_child_trait=false&size=500&page=0""]",RXFP3
pigmentation,104181018,GCST90255690,36672889,"[""OBA_VT0002095""]","[""strict""]",https://www.ebi.ac.uk/gwas/rest/api/v2/associations/104181018,"[""https://www.ebi.ac.uk/gwas/rest/api/v2/associations?efo_id=OBA_VT0002095&show_child_trait=false&size=500&page=0""]",SLC45A2
pigmentation,104181023,GCST90255690,36672889,"[""OBA_VT0002095""]","[""strict""]",https://www.ebi.ac.uk/gwas/rest/api/v2/associations/104181023,"[""https://www.ebi.ac.uk/gwas/rest/api/v2/associations?efo_id=OBA_VT0002095&show_child_trait=false&size=500&page=0""]",SLC45A2
pigmentation,104181028,GCST90255690,36672889,"[""OBA_VT0002095""]","[""strict""]",https://www.ebi.ac.uk/gwas/rest/api/v2/associations/104181028,"[""https://www.ebi.ac.uk/gwas/rest/api/v2/associations?efo_id=OBA_VT0002095&show_child_trait=false&size=500&page=0""]",SLC45A2
pigmentation,104181033,GCST90255690,36672889,"[""OBA_VT0002095""]","[""strict""]",https://www.ebi.ac.uk/gwas/rest/api/v2/associations/104181033,"[""https://www.ebi.ac.uk/gwas/rest/api/v2/associations?efo_id=OBA_VT0002095&show_child_trait=false&size=500&page=0""]",SLC45A2
pigmentation,104181038,GCST90255690,36672889,"[""OBA_VT0002095""]","[""strict""]",https://www.ebi.ac.uk/gwas/rest/api/v2/associations/104181038,"[""https://www.ebi.ac.uk/gwas/rest/api/v2/associations?efo_id=OBA_VT0002095&show_child_trait=false&size=500&page=0""]",SLC45A2
pigmentation,104181043,GCST90255690,36672889,"[""OBA_VT0002095""]","[""strict""]",https://www.ebi.ac.uk/gwas/rest/api/v2/associations/104181043,"[""https://www.ebi.ac.uk/gwas/rest/api/v2/associations?efo_id=OBA_VT0002095&show_child_trait=false&size=500&page=0""]",ADAMTS12
pigmentation,104181048,GCST90255690,36672889,"[""OBA_VT0002095""]","[""strict""]",https://www.ebi.ac.uk/gwas/rest/api/v2/associations/104181048,"[""https://www.ebi.ac.uk/gwas/rest/api/v2/associations?efo_id=OBA_VT0002095&show_child_trait=false&size=500&page=0""]",NOX4
pigmentation,104181048,GCST90255690,36672889,"[""OBA_VT0002095""]","[""strict""]",https://www.ebi.ac.uk/gwas/rest/api/v2/associations/104181048,"[""https://www.ebi.ac.uk/gwas/rest/api/v2/associations?efo_id=OBA_VT0002095&show_child_trait=false&size=500&page=0""]",TYR
pigmentation,104181053,GCST90255690,36672889,"[""OBA_VT0002095""]","[""strict""]",https://www.ebi.ac.uk/gwas/rest/api/v2/associations/104181053,"[""https://www.ebi.ac.uk/gwas/rest/api/v2/associations?efo_id=OBA_VT0002095&show_child_trait=false&size=500&page=0""]",ADAMTS12
pigmentation,104181058,GCST90255690,36672889,"[""OBA_VT0002095""]","[""strict""]",https://www.ebi.ac.uk/gwas/rest/api/v2/associations/104181058,"[""https://www.ebi.ac.uk/gwas/rest/api/v2/associations?efo_id=OBA_VT0002095&show_child_trait=false&size=500&page=0""]",SLC45A2
pigmentation,104181063,GCST90255690,36672889,"[""OBA_VT0002095""]","[""strict""]",https://www.ebi.ac.uk/gwas/rest/api/v2/associations/104181063,"[""https://www.ebi.ac.uk/gwas/rest/api/v2/associations?efo_id=OBA_VT0002095&show_child_trait=false&size=500&page=0""]",BNC2
pigmentation,104181063,GCST90255690,36672889,"[""OBA_VT0002095""]","[""strict""]",https://www.ebi.ac.uk/gwas/rest/api/v2/associations/104181063,"[""https://www.ebi.ac.uk/gwas/rest/api/v2/associations?efo_id=OBA_VT0002095&show_child_trait=false&size=500&page=0""]",RN7SL720P
pigmentation,104181068,GCST90255690,36672889,"[""OBA_VT0002095""]","[""strict""]",https://www.ebi.ac.uk/gwas/rest/api/v2/associations/104181068,"[""https://www.ebi.ac.uk/gwas/rest/api/v2/associations?efo_id=OBA_VT0002095&show_child_trait=false&size=500&page=0""]",OCA2
pigmentation,104181073,GCST90255690,36672889,"[""OBA_VT0002095""]","[""strict""]",https://www.ebi.ac.uk/gwas/rest/api/v2/associations/104181073,"[""https://www.ebi.ac.uk/gwas/rest/api/v2/associations?efo_id=OBA_VT0002095&show_child_trait=false&size=500&page=0""]",SLC45A2
pigmentation,104181079,GCST90255690,36672889,"[""OBA_VT0002095""]","[""strict""]",https://www.ebi.ac.uk/gwas/rest/api/v2/associations/104181079,"[""https://www.ebi.ac.uk/gwas/rest/api/v2/associations?efo_id=OBA_VT0002095&show_child_trait=false&size=500&page=0""]",HYDIN
pigmentation,104181084,GCST90255690,36672889,"[""OBA_VT0002095""]","[""strict""]",https://www.ebi.ac.uk/gwas/rest/api/v2/associations/104181084,"[""https://www.ebi.ac.uk/gwas/rest/api/v2/associations?efo_id=OBA_VT0002095&show_child_trait=false&size=500&page=0""]",RXFP3
pigmentation,104181084,GCST90255690,36672889,"[""OBA_VT0002095""]","[""strict""]",https://www.ebi.ac.uk/gwas/rest/api/v2/associations/104181084,"[""https://www.ebi.ac.uk/gwas/rest/api/v2/associations?efo_id=OBA_VT0002095&show_child_trait=false&size=500&page=0""]",SLC45A2
pigmentation,104181089,GCST90255690,36672889,"[""OBA_VT0002095""]","[""strict""]",https://www.ebi.ac.uk/gwas/rest/api/v2/associations/104181089,"[""https://www.ebi.ac.uk/gwas/rest/api/v2/associations?efo_id=OBA_VT0002095&show_child_trait=false&size=500&page=0""]",SLC45A2
pigmentation,104181094,GCST90255690,36672889,"[""OBA_VT0002095""]","[""strict""]",https://www.ebi.ac.uk/gwas/rest/api/v2/associations/104181094,"[""https://www.ebi.ac.uk/gwas/rest/api/v2/associations?efo_id=OBA_VT0002095&show_child_trait=false&size=500&page=0""]",OCA2
pigmentation,104181099,GCST90255690,36672889,"[""OBA_VT0002095""]","[""strict""]",https://www.ebi.ac.uk/gwas/rest/api/v2/associations/104181099,"[""https://www.ebi.ac.uk/gwas/rest/api/v2/associations?efo_id=OBA_VT0002095&show_child_trait=false&size=500&page=0""]",TYR
pigmentation,104181104,GCST90255690,36672889,"[""OBA_VT0002095""]","[""strict""]",https://www.ebi.ac.uk/gwas/rest/api/v2/associations/104181104,"[""https://www.ebi.ac.uk/gwas/rest/api/v2/associations?efo_id=OBA_VT0002095&show_child_trait=false&size=500&page=0""]",SLC45A2
pigmentation,104181109,GCST90255690,36672889,"[""OBA_VT0002095""]","[""strict""]",https://www.ebi.ac.uk/gwas/rest/api/v2/associations/104181109,"[""https://www.ebi.ac.uk/gwas/rest/api/v2/associations?efo_id=OBA_VT0002095&show_child_trait=false&size=500&page=0""]",SLC45A2
pigmentation,104181114,GCST90255690,36672889,"[""OBA_VT0002095""]","[""strict""]",https://www.ebi.ac.uk/gwas/rest/api/v2/associations/104181114,"[""https://www.ebi.ac.uk/gwas/rest/api/v2/associations?efo_id=OBA_VT0002095&show_child_trait=false&size=500&page=0""]",HERC2
pigmentation,104181119,GCST90255690,36672889,"[""OBA_VT0002095""]","[""strict""]",https://www.ebi.ac.uk/gwas/rest/api/v2/associations/104181119,"[""https://www.ebi.ac.uk/gwas/rest/api/v2/associations?efo_id=OBA_VT0002095&show_child_trait=false&size=500&page=0""]",ADAMTS12
pigmentation,104181119,GCST90255690,36672889,"[""OBA_VT0002095""]","[""strict""]",https://www.ebi.ac.uk/gwas/rest/api/v2/associations/104181119,"[""https://www.ebi.ac.uk/gwas/rest/api/v2/associations?efo_id=OBA_VT0002095&show_child_trait=false&size=500&page=0""]",RXFP3
pigmentation,104181125,GCST90255690,36672889,"[""OBA_VT0002095""]","[""strict""]",https://www.ebi.ac.uk/gwas/rest/api/v2/associations/104181125,"[""https://www.ebi.ac.uk/gwas/rest/api/v2/associations?efo_id=OBA_VT0002095&show_child_trait=false&size=500&page=0""]",AMACR
pigmentation,104181125,GCST90255690,36672889,"[""OBA_VT0002095""]","[""strict""]",https://www.ebi.ac.uk/gwas/rest/api/v2/associations/104181125,"[""https://www.ebi.ac.uk/gwas/rest/api/v2/associations?efo_id=OBA_VT0002095&show_child_trait=false&size=500&page=0""]",C1QTNF3-AMACR
pigmentation,104181130,GCST90255690,36672889,"[""OBA_VT0002095""]","[""strict""]",https://www.ebi.ac.uk/gwas/rest/api/v2/associations/104181130,"[""https://www.ebi.ac.uk/gwas/rest/api/v2/associations?efo_id=OBA_VT0002095&show_child_trait=false&size=500&page=0""]",RXFP3
pigmentation,104181135,GCST90255690,36672889,"[""OBA_VT0002095""]","[""strict""]",https://www.ebi.ac.uk/gwas/rest/api/v2/associations/104181135,"[""https://www.ebi.ac.uk/gwas/rest/api/v2/associations?efo_id=OBA_VT0002095&show_child_trait=false&size=500&page=0""]",RXFP3
pigmentation,11221,GCST000190,18483556,"[""EFO_0003924""]","[""strict""]",https://www.ebi.ac.uk/gwas/rest/api/v2/associations/11221,"[""https://www.ebi.ac.uk/gwas/rest/api/v2/associations?efo_id=EFO_0003924&show_child_trait=false&size=500&page=1""]",HERC2
pigmentation,11222,GCST000191,18483556,"[""EFO_0003924""]","[""strict""]",https://www.ebi.ac.uk/gwas/rest/api/v2/associations/11222,"[""https://www.ebi.ac.uk/gwas/rest/api/v2/associations?efo_id=EFO_0003924&show_child_trait=false&size=500&page=1""]",HERC2
pigmentation,11223,GCST000197,18488028,"[""EFO_0003963""]","[""broad""]",https://www.ebi.ac.uk/gwas/rest/api/v2/associations/11223,"[""https://www.ebi.ac.uk/gwas/rest/api/v2/associations?efo_id=EFO_0003963&show_child_trait=false&size=500&page=0""]",ASIP
pigmentation,11223,GCST000197,18488028,"[""EFO_0003963""]","[""broad""]",https://www.ebi.ac.uk/gwas/rest/api/v2/associations/11223,"[""https://www.ebi.ac.uk/gwas/rest/api/v2/associations?efo_id=EFO_0003963&show_child_trait=false&size=500&page=0""]",RPS2P1
pigmentation,11224,GCST000195,18488028,"[""MONDO_0005434""]","[""broad""]",https://www.ebi.ac.uk/gwas/rest/api/v2/associations/11224,"[""https://www.ebi.ac.uk/gwas/rest/api/v2/associations?efo_id=MONDO_0005434&show_child_trait=false&size=500&page=0""]",ASIP
pigmentation,11224,GCST000195,18488028,"[""MONDO_0005434""]","[""broad""]",https://www.ebi.ac.uk/gwas/rest/api/v2/associations/11224,"[""https://www.ebi.ac.uk/gwas/rest/api/v2/associations?efo_id=MONDO_0005434&show_child_trait=false&size=500&page=0""]",RPS2P1
pigmentation,11639,GCST000190,18483556,"[""EFO_0003924""]","[""strict""]",https://www.ebi.ac.uk/gwas/rest/api/v2/associations/11639,"[""https://www.ebi.ac.uk/gwas/rest/api/v2/associations?efo_id=EFO_0003924&show_child_trait=false&size=500&page=1""]",PDCD6IPP2
pigmentation,11639,GCST000190,18483556,"[""EFO_0003924""]","[""strict""]",https://www.ebi.ac.uk/gwas/rest/api/v2/associations/11639,"[""https://www.ebi.ac.uk/gwas/rest/api/v2/associations?efo_id=EFO_0003924&show_child_trait=false&size=500&page=1""]",WHAMMP2
pigmentation,11640,GCST000190,18483556,"[""EFO_0003924""]","[""strict""]",https://www.ebi.ac.uk/gwas/rest/api/v2/associations/11640,"[""https://www.ebi.ac.uk/gwas/rest/api/v2/associations?efo_id=EFO_0003924&show_child_trait=false&size=500&page=1""]",RNU6-366P
pigmentation,11640,GCST000190,18483556,"[""EFO_0003924""]","[""strict""]",https://www.ebi.ac.uk/gwas/rest/api/v2/associations/11640,"[""https://www.ebi.ac.uk/gwas/rest/api/v2/associations?efo_id=EFO_0003924&show_child_trait=false&size=500&page=1""]",SLC24A4
pigmentation,11641,GCST000190,18483556,"[""EFO_0003924""]","[""strict""]",https://www.ebi.ac.uk/gwas/rest/api/v2/associations/11641,"[""https://www.ebi.ac.uk/gwas/rest/api/v2/associations?efo_id=EFO_0003924&show_child_trait=false&size=500&page=1""]",OCA2
pigmentation,11642,GCST000191,18483556,"[""EFO_0003924""]","[""strict""]",https://www.ebi.ac.uk/gwas/rest/api/v2/associations/11642,"[""https://www.ebi.ac.uk/gwas/rest/api/v2/associations?efo_id=EFO_0003924&show_child_trait=false&size=500&page=1""]",PDCD6IPP2
pigmentation,11642,GCST000191,18483556,"[""EFO_0003924""]","[""strict""]",https://www.ebi.ac.uk/gwas/rest/api/v2/associations/11642,"[""https://www.ebi.ac.uk/gwas/rest/api/v2/associations?efo_id=EFO_0003924&show_child_trait=false&size=500&page=1""]",WHAMMP2
pigmentation,11644,GCST000191,18483556,"[""EFO_0003924""]","[""strict""]",https://www.ebi.ac.uk/gwas/rest/api/v2/associations/11644,"[""https://www.ebi.ac.uk/gwas/rest/api/v2/associations?efo_id=EFO_0003924&show_child_trait=false&size=500&page=1""]",OCA2
pigmentation,11645,GCST000191,18483556,"[""EFO_0003924""]","[""strict""]",https://www.ebi.ac.uk/gwas/rest/api/v2/associations/11645,"[""https://www.ebi.ac.uk/gwas/rest/api/v2/associations?efo_id=EFO_0003924&show_child_trait=false&size=500&page=1""]",CDK10
pigmentation,11754,GCST000119,17952075,"[""EFO_0003963""]","[""broad""]",https://www.ebi.ac.uk/gwas/rest/api/v2/associations/11754,"[""https://www.ebi.ac.uk/gwas/rest/api/v2/associations?efo_id=EFO_0003963&show_child_trait=false&size=500&page=0""]",TYR
pigmentation,11755,GCST000119,17952075,"[""EFO_0003963""]","[""broad""]",https://www.ebi.ac.uk/gwas/rest/api/v2/associations/11755,"[""https://www.ebi.ac.uk/gwas/rest/api/v2/associations?efo_id=EFO_0003963&show_child_trait=false&size=500&page=0""]",MC1R
pigmentation,11759,GCST000118,17952075,"[""EFO_0003924""]","[""strict""]",https://www.ebi.ac.uk/gwas/rest/api/v2/associations/11759,"[""https://www.ebi.ac.uk/gwas/rest/api/v2/associations?efo_id=EFO_0003924&show_child_trait=false&size=500&page=1""]",MC1R
pigmentation,11760,GCST000118,17952075,"[""EFO_0003924""]","[""strict""]",https://www.ebi.ac.uk/gwas/rest/api/v2/associations/11760,"[""https://www.ebi.ac.uk/gwas/rest/api/v2/associations?efo_id=EFO_0003924&show_child_trait=false&size=500&page=1""]",HERC2
pigmentation,11763,GCST000115,17952075,"[""EFO_0003924""]","[""strict""]",https://www.ebi.ac.uk/gwas/rest/api/v2/associations/11763,"[""https://www.ebi.ac.uk/gwas/rest/api/v2/associations?efo_id=EFO_0003924&show_child_trait=false&size=500&page=1""]",MC1R
pigmentation,11764,GCST000117,17952075,"[""EFO_0003949""]","[""strict""]",https://www.ebi.ac.uk/gwas/rest/api/v2/associations/11764,"[""https://www.ebi.ac.uk/gwas/rest/api/v2/associations?efo_id=EFO_0003949&show_child_trait=false&size=500&page=0""]",TYR
pigmentation,11765,GCST000117,17952075,"[""EFO_0003949""]","[""strict""]",https://www.ebi.ac.uk/gwas/rest/api/v2/associations/11765,"[""https://www.ebi.ac.uk/gwas/rest/api/v2/associations?efo_id=EFO_0003949&show_child_trait=false&size=500&page=0""]",HERC2
pigmentation,11767,GCST000120,17952075,"[""EFO_0003949""]","[""strict""]",https://www.ebi.ac.uk/gwas/rest/api/v2/associations/11767,"[""https://www.ebi.ac.uk/gwas/rest/api/v2/associations?efo_id=EFO_0003949&show_child_trait=false&size=500&page=0""]",HERC2
pigmentation,11787,GCST000116,17952075,"[""MONDO_0005434""]","[""broad""]",https://www.ebi.ac.uk/gwas/rest/api/v2/associations/11787,"[""https://www.ebi.ac.uk/gwas/rest/api/v2/associations?efo_id=MONDO_0005434&show_child_trait=false&size=500&page=0""]",TYR
pigmentation,11788,GCST000116,17952075,"[""MONDO_0005434""]","[""broad""]",https://www.ebi.ac.uk/gwas/rest/api/v2/associations/11788,"[""https://www.ebi.ac.uk/gwas/rest/api/v2/associations?efo_id=MONDO_0005434&show_child_trait=false&size=500&page=0""]",MC1R
pigmentation,118857875,GCST90269962,37294081,"[""OBA_VT0002095""]","[""strict""]",https://www.ebi.ac.uk/gwas/rest/api/v2/associations/118857875,"[""https://www.ebi.ac.uk/gwas/rest/api/v2/associations?efo_id=OBA_VT0002095&show_child_trait=false&size=500&page=0""]",OLFML3
pigmentation,118857875,GCST90269962,37294081,"[""OBA_VT0002095""]","[""strict""]",https://www.ebi.ac.uk/gwas/rest/api/v2/associations/118857875,"[""https://www.ebi.ac.uk/gwas/rest/api/v2/associations?efo_id=OBA_VT0002095&show_child_trait=false&size=500&page=0""]",SYT6
pigmentation,118857882,GCST90269962,37294081,"[""OBA_VT0002095""]","[""strict""]",https://www.ebi.ac.uk/gwas/rest/api/v2/associations/118857882,"[""https://www.ebi.ac.uk/gwas/rest/api/v2/associations?efo_id=OBA_VT0002095&show_child_trait=false&size=500&page=0""]",KALRN
pigmentation,118857889,GCST90269962,37294081,"[""OBA_VT0002095""]","[""strict""]",https://www.ebi.ac.uk/gwas/rest/api/v2/associations/118857889,"[""https://www.ebi.ac.uk/gwas/rest/api/v2/associations?efo_id=OBA_VT0002095&show_child_trait=false&size=500&page=0""]",LINC02232
pigmentation,118857903,GCST90269963,37294081,"[""OBA_VT0002095""]","[""strict""]",https://www.ebi.ac.uk/gwas/rest/api/v2/associations/118857903,"[""https://www.ebi.ac.uk/gwas/rest/api/v2/associations?efo_id=OBA_VT0002095&show_child_trait=false&size=500&page=0""]",OLFML3
pigmentation,118857903,GCST90269963,37294081,"[""OBA_VT0002095""]","[""strict""]",https://www.ebi.ac.uk/gwas/rest/api/v2/associations/118857903,"[""https://www.ebi.ac.uk/gwas/rest/api/v2/associations?efo_id=OBA_VT0002095&show_child_trait=false&size=500&page=0""]",SYT6
pigmentation,118857909,GCST90269963,37294081,"[""OBA_VT0002095""]","[""strict""]",https://www.ebi.ac.uk/gwas/rest/api/v2/associations/118857909,"[""https://www.ebi.ac.uk/gwas/rest/api/v2/associations?efo_id=OBA_VT0002095&show_child_trait=false&size=500&page=0""]",KALRN
pigmentation,118857915,GCST90269963,37294081,"[""OBA_VT0002095""]","[""strict""]",https://www.ebi.ac.uk/gwas/rest/api/v2/associations/118857915,"[""https://www.ebi.ac.uk/gwas/rest/api/v2/associations?efo_id=OBA_VT0002095&show_child_trait=false&size=500&page=0""]",LINC02232
pigmentation,118857929,GCST90269964,37294081,"[""OBA_VT0002095""]","[""strict""]",https://www.ebi.ac.uk/gwas/rest/api/v2/associations/118857929,"[""https://www.ebi.ac.uk/gwas/rest/api/v2/associations?efo_id=OBA_VT0002095&show_child_trait=false&size=500&page=0""]",OLFML3
pigmentation,118857929,GCST90269964,37294081,"[""OBA_VT0002095""]","[""strict""]",https://www.ebi.ac.uk/gwas/rest/api/v2/associations/118857929,"[""https://www.ebi.ac.uk/gwas/rest/api/v2/associations?efo_id=OBA_VT0002095&show_child_trait=false&size=500&page=0""]",SYT6
pigmentation,118857935,GCST90269964,37294081,"[""OBA_VT0002095""]","[""strict""]",https://www.ebi.ac.uk/gwas/rest/api/v2/associations/118857935,"[""https://www.ebi.ac.uk/gwas/rest/api/v2/associations?efo_id=OBA_VT0002095&show_child_trait=false&size=500&page=0""]",KALRN
pigmentation,118857941,GCST90269964,37294081,"[""OBA_VT0002095""]","[""strict""]",https://www.ebi.ac.uk/gwas/rest/api/v2/associations/118857941,"[""https://www.ebi.ac.uk/gwas/rest/api/v2/associations?efo_id=OBA_VT0002095&show_child_trait=false&size=500&page=0""]",LINC02232
pigmentation,118857955,GCST90269965,37294081,"[""OBA_VT0002095""]","[""strict""]",https://www.ebi.ac.uk/gwas/rest/api/v2/associations/118857955,"[""https://www.ebi.ac.uk/gwas/rest/api/v2/associations?efo_id=OBA_VT0002095&show_child_trait=false&size=500&page=0""]",OLFML3
pigmentation,118857955,GCST90269965,37294081,"[""OBA_VT0002095""]","[""strict""]",https://www.ebi.ac.uk/gwas/rest/api/v2/associations/118857955,"[""https://www.ebi.ac.uk/gwas/rest/api/v2/associations?efo_id=OBA_VT0002095&show_child_trait=false&size=500&page=0""]",SYT6
pigmentation,118857961,GCST90269965,37294081,"[""OBA_VT0002095""]","[""strict""]",https://www.ebi.ac.uk/gwas/rest/api/v2/associations/118857961,"[""https://www.ebi.ac.uk/gwas/rest/api/v2/associations?efo_id=OBA_VT0002095&show_child_trait=false&size=500&page=0""]",KALRN
pigmentation,118857967,GCST90269965,37294081,"[""OBA_VT0002095""]","[""strict""]",https://www.ebi.ac.uk/gwas/rest/api/v2/associations/118857967,"[""https://www.ebi.ac.uk/gwas/rest/api/v2/associations?efo_id=OBA_VT0002095&show_child_trait=false&size=500&page=0""]",LINC02232
pigmentation,12863,GCST000371,19340012,"[""EFO_0004279""]","[""broad""]",https://www.ebi.ac.uk/gwas/rest/api/v2/associations/12863,"[""https://www.ebi.ac.uk/gwas/rest/api/v2/associations?efo_id=EFO_0004279&show_child_trait=false&size=500&page=0""]",SLC45A2
pigmentation,12867,GCST000371,19340012,"[""EFO_0004279""]","[""broad""]",https://www.ebi.ac.uk/gwas/rest/api/v2/associations/12867,"[""https://www.ebi.ac.uk/gwas/rest/api/v2/associations?efo_id=EFO_0004279&show_child_trait=false&size=500&page=0""]",PPARGC1B
pigmentation,12871,GCST000371,19340012,"[""EFO_0004279""]","[""broad""]",https://www.ebi.ac.uk/gwas/rest/api/v2/associations/12871,"[""https://www.ebi.ac.uk/gwas/rest/api/v2/associations?efo_id=EFO_0004279&show_child_trait=false&size=500&page=0""]",EXOC2
pigmentation,12871,GCST000371,19340012,"[""EFO_0004279""]","[""broad""]",https://www.ebi.ac.uk/gwas/rest/api/v2/associations/12871,"[""https://www.ebi.ac.uk/gwas/rest/api/v2/associations?efo_id=EFO_0004279&show_child_trait=false&size=500&page=0""]",IRF4
pigmentation,12879,GCST000371,19340012,"[""EFO_0004279""]","[""broad""]",https://www.ebi.ac.uk/gwas/rest/api/v2/associations/12879,"[""https://www.ebi.ac.uk/gwas/rest/api/v2/associations?efo_id=EFO_0004279&show_child_trait=false&size=500&page=0""]",GRM5
pigmentation,12892,GCST000371,19340012,"[""EFO_0004279""]","[""broad""]",https://www.ebi.ac.uk/gwas/rest/api/v2/associations/12892,"[""https://www.ebi.ac.uk/gwas/rest/api/v2/associations?efo_id=EFO_0004279&show_child_trait=false&size=500&page=0""]",TYR
pigmentation,12893,GCST000371,19340012,"[""EFO_0004279""]","[""broad""]",https://www.ebi.ac.uk/gwas/rest/api/v2/associations/12893,"[""https://www.ebi.ac.uk/gwas/rest/api/v2/associations?efo_id=EFO_0004279&show_child_trait=false&size=500&page=0""]",CISTR
pigmentation,12893,GCST000371,19340012,"[""EFO_0004279""]","[""broad""]",https://www.ebi.ac.uk/gwas/rest/api/v2/associations/12893,"[""https://www.ebi.ac.uk/gwas/rest/api/v2/associations?efo_id=EFO_0004279&show_child_trait=false&size=500&page=0""]",RN7SKP289
pigmentation,12894,GCST000371,19340012,"[""EFO_0004279""]","[""broad""]",https://www.ebi.ac.uk/gwas/rest/api/v2/associations/12894,"[""https://www.ebi.ac.uk/gwas/rest/api/v2/associations?efo_id=EFO_0004279&show_child_trait=false&size=500&page=0""]",PAPOLA
pigmentation,12894,GCST000371,19340012,"[""EFO_0004279""]","[""broad""]",https://www.ebi.ac.uk/gwas/rest/api/v2/associations/12894,"[""https://www.ebi.ac.uk/gwas/rest/api/v2/associations?efo_id=EFO_0004279&show_child_trait=false&size=500&page=0""]",RN7SKP108
pigmentation,12895,GCST000371,19340012,"[""EFO_0004279""]","[""broad""]",https://www.ebi.ac.uk/gwas/rest/api/v2/associations/12895,"[""https://www.ebi.ac.uk/gwas/rest/api/v2/associations?efo_id=EFO_0004279&show_child_trait=false&size=500&page=0""]",DBNDD1
pigmentation,12896,GCST000371,19340012,"[""EFO_0004279""]","[""broad""]",https://www.ebi.ac.uk/gwas/rest/api/v2/associations/12896,"[""https://www.ebi.ac.uk/gwas/rest/api/v2/associations?efo_id=EFO_0004279&show_child_trait=false&size=500&page=0""]",PRDM15
pigmentation,12898,GCST000371,19340012,"[""EFO_0004279""]","[""broad""]",https://www.ebi.ac.uk/gwas/rest/api/v2/associations/12898,"[""https://www.ebi.ac.uk/gwas/rest/api/v2/associations?efo_id=EFO_0004279&show_child_trait=false&size=500&page=0""]",CPNE7
pigmentation,12898,GCST000371,19340012,"[""EFO_0004279""]","[""broad""]",https://www.ebi.ac.uk/gwas/rest/api/v2/associations/12898,"[""https://www.ebi.ac.uk/gwas/rest/api/v2/associations?efo_id=EFO_0004279&show_child_trait=false&size=500&page=0""]",DPEP1
pigmentation,14882490,GCST003023,26184321,"[""EFO_0003924""]","[""strict""]",https://www.ebi.ac.uk/gwas/rest/api/v2/associations/14882490,"[""https://www.ebi.ac.uk/gwas/rest/api/v2/associations?efo_id=EFO_0003924&show_child_trait=false&size=500&page=1""]",EXOC2
pigmentation,14882490,GCST003023,26184321,"[""EFO_0003924""]","[""strict""]",https://www.ebi.ac.uk/gwas/rest/api/v2/associations/14882490,"[""https://www.ebi.ac.uk/gwas/rest/api/v2/associations?efo_id=EFO_0003924&show_child_trait=false&size=500&page=1""]",IRF4
pigmentation,14882491,GCST003023,26184321,"[""EFO_0003924""]","[""strict""]",https://www.ebi.ac.uk/gwas/rest/api/v2/associations/14882491,"[""https://www.ebi.ac.uk/gwas/rest/api/v2/associations?efo_id=EFO_0003924&show_child_trait=false&size=500&page=1""]",TPCN2
pigmentation,14882492,GCST003023,26184321,"[""EFO_0003924""]","[""strict""]",https://www.ebi.ac.uk/gwas/rest/api/v2/associations/14882492,"[""https://www.ebi.ac.uk/gwas/rest/api/v2/associations?efo_id=EFO_0003924&show_child_trait=false&size=500&page=1""]",LINC02458
pigmentation,14882492,GCST003023,26184321,"[""EFO_0003924""]","[""strict""]",https://www.ebi.ac.uk/gwas/rest/api/v2/associations/14882492,"[""https://www.ebi.ac.uk/gwas/rest/api/v2/associations?efo_id=EFO_0003924&show_child_trait=false&size=500&page=1""]",RNU1-117P
pigmentation,14882493,GCST003023,26184321,"[""EFO_0003924""]","[""strict""]",https://www.ebi.ac.uk/gwas/rest/api/v2/associations/14882493,"[""https://www.ebi.ac.uk/gwas/rest/api/v2/associations?efo_id=EFO_0003924&show_child_trait=false&size=500&page=1""]",SLC24A4
pigmentation,14882494,GCST003023,26184321,"[""EFO_0003924""]","[""strict""]",https://www.ebi.ac.uk/gwas/rest/api/v2/associations/14882494,"[""https://www.ebi.ac.uk/gwas/rest/api/v2/associations?efo_id=EFO_0003924&show_child_trait=false&size=500&page=1""]",HERC2
pigmentation,14882495,GCST003023,26184321,"[""EFO_0003924""]","[""strict""]",https://www.ebi.ac.uk/gwas/rest/api/v2/associations/14882495,"[""https://www.ebi.ac.uk/gwas/rest/api/v2/associations?efo_id=EFO_0003924&show_child_trait=false&size=500&page=1""]",OCA2
pigmentation,14882733,GCST003021,26184321,"[""EFO_0003924""]","[""strict""]",https://www.ebi.ac.uk/gwas/rest/api/v2/associations/14882733,"[""https://www.ebi.ac.uk/gwas/rest/api/v2/associations?efo_id=EFO_0003924&show_child_trait=false&size=500&page=1""]",EXOC2
pigmentation,14882733,GCST003021,26184321,"[""EFO_0003924""]","[""strict""]",https://www.ebi.ac.uk/gwas/rest/api/v2/associations/14882733,"[""https://www.ebi.ac.uk/gwas/rest/api/v2/associations?efo_id=EFO_0003924&show_child_trait=false&size=500&page=1""]",IRF4
pigmentation,14882734,GCST003021,26184321,"[""EFO_0003924""]","[""strict""]",https://www.ebi.ac.uk/gwas/rest/api/v2/associations/14882734,"[""https://www.ebi.ac.uk/gwas/rest/api/v2/associations?efo_id=EFO_0003924&show_child_trait=false&size=500&page=1""]",TPCN2
pigmentation,14882735,GCST003021,26184321,"[""EFO_0003924""]","[""strict""]",https://www.ebi.ac.uk/gwas/rest/api/v2/associations/14882735,"[""https://www.ebi.ac.uk/gwas/rest/api/v2/associations?efo_id=EFO_0003924&show_child_trait=false&size=500&page=1""]",LINC02458
pigmentation,14882735,GCST003021,26184321,"[""EFO_0003924""]","[""strict""]",https://www.ebi.ac.uk/gwas/rest/api/v2/associations/14882735,"[""https://www.ebi.ac.uk/gwas/rest/api/v2/associations?efo_id=EFO_0003924&show_child_trait=false&size=500&page=1""]",RNU1-117P
pigmentation,14882736,GCST003021,26184321,"[""EFO_0003924""]","[""strict""]",https://www.ebi.ac.uk/gwas/rest/api/v2/associations/14882736,"[""https://www.ebi.ac.uk/gwas/rest/api/v2/associations?efo_id=EFO_0003924&show_child_trait=false&size=500&page=1""]",SLC24A4
pigmentation,14882737,GCST003021,26184321,"[""EFO_0003924""]","[""strict""]",https://www.ebi.ac.uk/gwas/rest/api/v2/associations/14882737,"[""https://www.ebi.ac.uk/gwas/rest/api/v2/associations?efo_id=EFO_0003924&show_child_trait=false&size=500&page=1""]",HERC2
pigmentation,14882738,GCST003021,26184321,"[""EFO_0003924""]","[""strict""]",https://www.ebi.ac.uk/gwas/rest/api/v2/associations/14882738,"[""https://www.ebi.ac.uk/gwas/rest/api/v2/associations?efo_id=EFO_0003924&show_child_trait=false&size=500&page=1""]",OCA2
pigmentation,14882739,GCST003021,26184321,"[""EFO_0003924""]","[""strict""]",https://www.ebi.ac.uk/gwas/rest/api/v2/associations/14882739,"[""https://www.ebi.ac.uk/gwas/rest/api/v2/associations?efo_id=EFO_0003924&show_child_trait=false&size=500&page=1""]",AFG3L1P
pigmentation,14882870,GCST003022,26184321,"[""EFO_0003924""]","[""strict""]",https://www.ebi.ac.uk/gwas/rest/api/v2/associations/14882870,"[""https://www.ebi.ac.uk/gwas/rest/api/v2/associations?efo_id=EFO_0003924&show_child_trait=false&size=500&page=1""]",EXOC2
pigmentation,14882870,GCST003022,26184321,"[""EFO_0003924""]","[""strict""]",https://www.ebi.ac.uk/gwas/rest/api/v2/associations/14882870,"[""https://www.ebi.ac.uk/gwas/rest/api/v2/associations?efo_id=EFO_0003924&show_child_trait=false&size=500&page=1""]",IRF4
pigmentation,14882871,GCST003022,26184321,"[""EFO_0003924""]","[""strict""]",https://www.ebi.ac.uk/gwas/rest/api/v2/associations/14882871,"[""https://www.ebi.ac.uk/gwas/rest/api/v2/associations?efo_id=EFO_0003924&show_child_trait=false&size=500&page=1""]",TPCN2
pigmentation,14882872,GCST003022,26184321,"[""EFO_0003924""]","[""strict""]",https://www.ebi.ac.uk/gwas/rest/api/v2/associations/14882872,"[""https://www.ebi.ac.uk/gwas/rest/api/v2/associations?efo_id=EFO_0003924&show_child_trait=false&size=500&page=1""]",LINC02458
pigmentation,14882872,GCST003022,26184321,"[""EFO_0003924""]","[""strict""]",https://www.ebi.ac.uk/gwas/rest/api/v2/associations/14882872,"[""https://www.ebi.ac.uk/gwas/rest/api/v2/associations?efo_id=EFO_0003924&show_child_trait=false&size=500&page=1""]",RNU1-117P
pigmentation,14882873,GCST003022,26184321,"[""EFO_0003924""]","[""strict""]",https://www.ebi.ac.uk/gwas/rest/api/v2/associations/14882873,"[""https://www.ebi.ac.uk/gwas/rest/api/v2/associations?efo_id=EFO_0003924&show_child_trait=false&size=500&page=1""]",SLC24A4
pigmentation,14882874,GCST003022,26184321,"[""EFO_0003924""]","[""strict""]",https://www.ebi.ac.uk/gwas/rest/api/v2/associations/14882874,"[""https://www.ebi.ac.uk/gwas/rest/api/v2/associations?efo_id=EFO_0003924&show_child_trait=false&size=500&page=1""]",HERC2
pigmentation,14882875,GCST003022,26184321,"[""EFO_0003924""]","[""strict""]",https://www.ebi.ac.uk/gwas/rest/api/v2/associations/14882875,"[""https://www.ebi.ac.uk/gwas/rest/api/v2/associations?efo_id=EFO_0003924&show_child_trait=false&size=500&page=1""]",OCA2
pigmentation,14882876,GCST003022,26184321,"[""EFO_0003924""]","[""strict""]",https://www.ebi.ac.uk/gwas/rest/api/v2/associations/14882876,"[""https://www.ebi.ac.uk/gwas/rest/api/v2/associations?efo_id=EFO_0003924&show_child_trait=false&size=500&page=1""]",AFG3L1P
pigmentation,14882997,GCST003020,26184321,"[""EFO_0003924""]","[""strict""]",https://www.ebi.ac.uk/gwas/rest/api/v2/associations/14882997,"[""https://www.ebi.ac.uk/gwas/rest/api/v2/associations?efo_id=EFO_0003924&show_child_trait=false&size=500&page=1""]",OCA2
pigmentation,14882998,GCST003020,26184321,"[""EFO_0003924""]","[""strict""]",https://www.ebi.ac.uk/gwas/rest/api/v2/associations/14882998,"[""https://www.ebi.ac.uk/gwas/rest/api/v2/associations?efo_id=EFO_0003924&show_child_trait=false&size=500&page=1""]",DEF8
pigmentation,14883049,GCST003019,26184321,"[""EFO_0003924""]","[""strict""]",https://www.ebi.ac.uk/gwas/rest/api/v2/associations/14883049,"[""https://www.ebi.ac.uk/gwas/rest/api/v2/associations?efo_id=EFO_0003924&show_child_trait=false&size=500&page=1""]",SLC45A2
pigmentation,14883050,GCST003019,26184321,"[""EFO_0003924""]","[""strict""]",https://www.ebi.ac.uk/gwas/rest/api/v2/associations/14883050,"[""https://www.ebi.ac.uk/gwas/rest/api/v2/associations?efo_id=EFO_0003924&show_child_trait=false&size=500&page=1""]",CASC16
pigmentation,14883050,GCST003019,26184321,"[""EFO_0003924""]","[""strict""]",https://www.ebi.ac.uk/gwas/rest/api/v2/associations/14883050,"[""https://www.ebi.ac.uk/gwas/rest/api/v2/associations?efo_id=EFO_0003924&show_child_trait=false&size=500&page=1""]",PHB1P21
pigmentation,14941846,GCST003020,26184321,"[""EFO_0003924""]","[""strict""]",https://www.ebi.ac.uk/gwas/rest/api/v2/associations/14941846,"[""https://www.ebi.ac.uk/gwas/rest/api/v2/associations?efo_id=EFO_0003924&show_child_trait=false&size=500&page=1""]",AFG3L1P
pigmentation,14944553,GCST003022,26184321,"[""EFO_0003924""]","[""strict""]",https://www.ebi.ac.uk/gwas/rest/api/v2/associations/14944553,"[""https://www.ebi.ac.uk/gwas/rest/api/v2/associations?efo_id=EFO_0003924&show_child_trait=false&size=500&page=1""]",DEF8
pigmentation,14944765,GCST003021,26184321,"[""EFO_0003924""]","[""strict""]",https://www.ebi.ac.uk/gwas/rest/api/v2/associations/14944765,"[""https://www.ebi.ac.uk/gwas/rest/api/v2/associations?efo_id=EFO_0003924&show_child_trait=false&size=500&page=1""]",DEF8
pigmentation,14947129,GCST002908,25963972,"[""MONDO_0005434""]","[""broad""]",https://www.ebi.ac.uk/gwas/rest/api/v2/associations/14947129,"[""https://www.ebi.ac.uk/gwas/rest/api/v2/associations?efo_id=MONDO_0005434&show_child_trait=false&size=500&page=0""]",RALY
pigmentation,14947130,GCST002908,25963972,"[""MONDO_0005434""]","[""broad""]",https://www.ebi.ac.uk/gwas/rest/api/v2/associations/14947130,"[""https://www.ebi.ac.uk/gwas/rest/api/v2/associations?efo_id=MONDO_0005434&show_child_trait=false&size=500&page=0""]",HERC2
pigmentation,14947131,GCST002908,25963972,"[""MONDO_0005434""]","[""broad""]",https://www.ebi.ac.uk/gwas/rest/api/v2/associations/14947131,"[""https://www.ebi.ac.uk/gwas/rest/api/v2/associations?efo_id=MONDO_0005434&show_child_trait=false&size=500&page=0""]",FANCA
pigmentation,14947132,GCST002908,25963972,"[""MONDO_0005434""]","[""broad""]",https://www.ebi.ac.uk/gwas/rest/api/v2/associations/14947132,"[""https://www.ebi.ac.uk/gwas/rest/api/v2/associations?efo_id=MONDO_0005434&show_child_trait=false&size=500&page=0""]",SLC45A2
pigmentation,15336,GCST000685,20463881,"[""EFO_0003949""]","[""strict""]",https://www.ebi.ac.uk/gwas/rest/api/v2/associations/15336,"[""https://www.ebi.ac.uk/gwas/rest/api/v2/associations?efo_id=EFO_0003949&show_child_trait=false&size=500&page=0""]",NPLOC4
pigmentation,15337,GCST000685,20463881,"[""EFO_0003949""]","[""strict""]",https://www.ebi.ac.uk/gwas/rest/api/v2/associations/15337,"[""https://www.ebi.ac.uk/gwas/rest/api/v2/associations?efo_id=EFO_0003949&show_child_trait=false&size=500&page=0""]",TTC3
pigmentation,15409,GCST000685,20463881,"[""EFO_0003949""]","[""strict""]",https://www.ebi.ac.uk/gwas/rest/api/v2/associations/15409,"[""https://www.ebi.ac.uk/gwas/rest/api/v2/associations?efo_id=EFO_0003949&show_child_trait=false&size=500&page=0""]",HERC2
pigmentation,15572,GCST000707,20585627,"[""EFO_0003924""]","[""strict""]",https://www.ebi.ac.uk/gwas/rest/api/v2/associations/15572,"[""https://www.ebi.ac.uk/gwas/rest/api/v2/associations?efo_id=EFO_0003924&show_child_trait=false&size=500&page=1""]",HERC2
pigmentation,15573,GCST000707,20585627,"[""EFO_0003924""]","[""strict""]",https://www.ebi.ac.uk/gwas/rest/api/v2/associations/15573,"[""https://www.ebi.ac.uk/gwas/rest/api/v2/associations?efo_id=EFO_0003924&show_child_trait=false&size=500&page=1""]",IRF4
pigmentation,15574,GCST000707,20585627,"[""EFO_0003924""]","[""strict""]",https://www.ebi.ac.uk/gwas/rest/api/v2/associations/15574,"[""https://www.ebi.ac.uk/gwas/rest/api/v2/associations?efo_id=EFO_0003924&show_child_trait=false&size=500&page=1""]",SLC45A2
pigmentation,15575,GCST000707,20585627,"[""EFO_0003924""]","[""strict""]",https://www.ebi.ac.uk/gwas/rest/api/v2/associations/15575,"[""https://www.ebi.ac.uk/gwas/rest/api/v2/associations?efo_id=EFO_0003924&show_child_trait=false&size=500&page=1""]",FANCA
pigmentation,15576,GCST000707,20585627,"[""EFO_0003924""]","[""strict""]",https://www.ebi.ac.uk/gwas/rest/api/v2/associations/15576,"[""https://www.ebi.ac.uk/gwas/rest/api/v2/associations?efo_id=EFO_0003924&show_child_trait=false&size=500&page=1""]",FANCA
pigmentation,15577,GCST000707,20585627,"[""EFO_0003924""]","[""strict""]",https://www.ebi.ac.uk/gwas/rest/api/v2/associations/15577,"[""https://www.ebi.ac.uk/gwas/rest/api/v2/associations?efo_id=EFO_0003924&show_child_trait=false&size=500&page=1""]",CDK5RAP1
pigmentation,15589,GCST000707,20585627,"[""EFO_0003924""]","[""strict""]",https://www.ebi.ac.uk/gwas/rest/api/v2/associations/15589,"[""https://www.ebi.ac.uk/gwas/rest/api/v2/associations?efo_id=EFO_0003924&show_child_trait=false&size=500&page=1""]",RNU6-366P
pigmentation,15589,GCST000707,20585627,"[""EFO_0003924""]","[""strict""]",https://www.ebi.ac.uk/gwas/rest/api/v2/associations/15589,"[""https://www.ebi.ac.uk/gwas/rest/api/v2/associations?efo_id=EFO_0003924&show_child_trait=false&size=500&page=1""]",SLC24A4
pigmentation,15590,GCST000710,20585627,"[""EFO_0003949""]","[""strict""]",https://www.ebi.ac.uk/gwas/rest/api/v2/associations/15590,"[""https://www.ebi.ac.uk/gwas/rest/api/v2/associations?efo_id=EFO_0003949&show_child_trait=false&size=500&page=0""]",HERC2
pigmentation,15591,GCST000710,20585627,"[""EFO_0003949""]","[""strict""]",https://www.ebi.ac.uk/gwas/rest/api/v2/associations/15591,"[""https://www.ebi.ac.uk/gwas/rest/api/v2/associations?efo_id=EFO_0003949&show_child_trait=false&size=500&page=0""]",RNU6-366P
pigmentation,15591,GCST000710,20585627,"[""EFO_0003949""]","[""strict""]",https://www.ebi.ac.uk/gwas/rest/api/v2/associations/15591,"[""https://www.ebi.ac.uk/gwas/rest/api/v2/associations?efo_id=EFO_0003949&show_child_trait=false&size=500&page=0""]",SLC24A4
pigmentation,15592,GCST000710,20585627,"[""EFO_0003949""]","[""strict""]",https://www.ebi.ac.uk/gwas/rest/api/v2/associations/15592,"[""https://www.ebi.ac.uk/gwas/rest/api/v2/associations?efo_id=EFO_0003949&show_child_trait=false&size=500&page=0""]",IRF4
pigmentation,15593,GCST000710,20585627,"[""EFO_0003949""]","[""strict""]",https://www.ebi.ac.uk/gwas/rest/api/v2/associations/15593,"[""https://www.ebi.ac.uk/gwas/rest/api/v2/associations?efo_id=EFO_0003949&show_child_trait=false&size=500&page=0""]",SLC45A2
pigmentation,15594,GCST000710,20585627,"[""EFO_0003949""]","[""strict""]",https://www.ebi.ac.uk/gwas/rest/api/v2/associations/15594,"[""https://www.ebi.ac.uk/gwas/rest/api/v2/associations?efo_id=EFO_0003949&show_child_trait=false&size=500&page=0""]",TYR
pigmentation,15595,GCST000710,20585627,"[""EFO_0003949""]","[""strict""]",https://www.ebi.ac.uk/gwas/rest/api/v2/associations/15595,"[""https://www.ebi.ac.uk/gwas/rest/api/v2/associations?efo_id=EFO_0003949&show_child_trait=false&size=500&page=0""]",HERC2
pigmentation,15596,GCST000710,20585627,"[""EFO_0003949""]","[""strict""]",https://www.ebi.ac.uk/gwas/rest/api/v2/associations/15596,"[""https://www.ebi.ac.uk/gwas/rest/api/v2/associations?efo_id=EFO_0003949&show_child_trait=false&size=500&page=0""]",RNU6-366P
pigmentation,15596,GCST000710,20585627,"[""EFO_0003949""]","[""strict""]",https://www.ebi.ac.uk/gwas/rest/api/v2/associations/15596,"[""https://www.ebi.ac.uk/gwas/rest/api/v2/associations?efo_id=EFO_0003949&show_child_trait=false&size=500&page=0""]",SLC24A4
pigmentation,15597,GCST000710,20585627,"[""EFO_0003949""]","[""strict""]",https://www.ebi.ac.uk/gwas/rest/api/v2/associations/15597,"[""https://www.ebi.ac.uk/gwas/rest/api/v2/associations?efo_id=EFO_0003949&show_child_trait=false&size=500&page=0""]",TYR
pigmentation,15598,GCST000708,20585627,"[""EFO_0003963""]","[""broad""]",https://www.ebi.ac.uk/gwas/rest/api/v2/associations/15598,"[""https://www.ebi.ac.uk/gwas/rest/api/v2/associations?efo_id=EFO_0003963&show_child_trait=false&size=500&page=0""]",IRF4
pigmentation,15599,GCST000708,20585627,"[""EFO_0003963""]","[""broad""]",https://www.ebi.ac.uk/gwas/rest/api/v2/associations/15599,"[""https://www.ebi.ac.uk/gwas/rest/api/v2/associations?efo_id=EFO_0003963&show_child_trait=false&size=500&page=0""]",FANCA
pigmentation,15600,GCST000708,20585627,"[""EFO_0003963""]","[""broad""]",https://www.ebi.ac.uk/gwas/rest/api/v2/associations/15600,"[""https://www.ebi.ac.uk/gwas/rest/api/v2/associations?efo_id=EFO_0003963&show_child_trait=false&size=500&page=0""]",EIF6
pigmentation,15601,GCST000708,20585627,"[""EFO_0003963""]","[""broad""]",https://www.ebi.ac.uk/gwas/rest/api/v2/associations/15601,"[""https://www.ebi.ac.uk/gwas/rest/api/v2/associations?efo_id=EFO_0003963&show_child_trait=false&size=500&page=0""]",BNC2
pigmentation,15612,GCST000707,20585627,"[""EFO_0003924""]","[""strict""]",https://www.ebi.ac.uk/gwas/rest/api/v2/associations/15612,"[""https://www.ebi.ac.uk/gwas/rest/api/v2/associations?efo_id=EFO_0003924&show_child_trait=false&size=500&page=1""]",SLC45A2
pigmentation,15613,GCST000707,20585627,"[""EFO_0003924""]","[""strict""]",https://www.ebi.ac.uk/gwas/rest/api/v2/associations/15613,"[""https://www.ebi.ac.uk/gwas/rest/api/v2/associations?efo_id=EFO_0003924&show_child_trait=false&size=500&page=1""]",C8orf90
pigmentation,15613,GCST000707,20585627,"[""EFO_0003924""]","[""strict""]",https://www.ebi.ac.uk/gwas/rest/api/v2/associations/15613,"[""https://www.ebi.ac.uk/gwas/rest/api/v2/associations?efo_id=EFO_0003924&show_child_trait=false&size=500&page=1""]",MIR1302-7
pigmentation,15614,GCST000707,20585627,"[""EFO_0003924""]","[""strict""]",https://www.ebi.ac.uk/gwas/rest/api/v2/associations/15614,"[""https://www.ebi.ac.uk/gwas/rest/api/v2/associations?efo_id=EFO_0003924&show_child_trait=false&size=500&page=1""]",TPCN2
pigmentation,15615,GCST000707,20585627,"[""EFO_0003924""]","[""strict""]",https://www.ebi.ac.uk/gwas/rest/api/v2/associations/15615,"[""https://www.ebi.ac.uk/gwas/rest/api/v2/associations?efo_id=EFO_0003924&show_child_trait=false&size=500&page=1""]",KIRREL3
pigmentation,15615,GCST000707,20585627,"[""EFO_0003924""]","[""strict""]",https://www.ebi.ac.uk/gwas/rest/api/v2/associations/15615,"[""https://www.ebi.ac.uk/gwas/rest/api/v2/associations?efo_id=EFO_0003924&show_child_trait=false&size=500&page=1""]",ST3GAL4
pigmentation,15620,GCST000707,20585627,"[""EFO_0003924""]","[""strict""]",https://www.ebi.ac.uk/gwas/rest/api/v2/associations/15620,"[""https://www.ebi.ac.uk/gwas/rest/api/v2/associations?efo_id=EFO_0003924&show_child_trait=false&size=500&page=1""]",IRF4
pigmentation,15770270,GCST003591,27327535,"[""OBA_VT0002095""]","[""strict""]",https://www.ebi.ac.uk/gwas/rest/api/v2/associations/15770270,"[""https://www.ebi.ac.uk/gwas/rest/api/v2/associations?efo_id=OBA_VT0002095&show_child_trait=false&size=500&page=1""]",ID4
pigmentation,15770270,GCST003591,27327535,"[""OBA_VT0002095""]","[""strict""]",https://www.ebi.ac.uk/gwas/rest/api/v2/associations/15770270,"[""https://www.ebi.ac.uk/gwas/rest/api/v2/associations?efo_id=OBA_VT0002095&show_child_trait=false&size=500&page=1""]",RPL29P17
pigmentation,15770283,GCST003591,27327535,"[""OBA_VT0002095""]","[""strict""]",https://www.ebi.ac.uk/gwas/rest/api/v2/associations/15770283,"[""https://www.ebi.ac.uk/gwas/rest/api/v2/associations?efo_id=OBA_VT0002095&show_child_trait=false&size=500&page=1""]",USP8P1
pigmentation,16544363,GCST003478,26926045,"[""OBA_0002313""]","[""strict""]",https://www.ebi.ac.uk/gwas/rest/api/v2/associations/16544363,"[""https://www.ebi.ac.uk/gwas/rest/api/v2/associations?efo_id=OBA_0002313&show_child_trait=false&size=500&page=1""]",MROH2A
pigmentation,16544407,GCST003478,26926045,"[""OBA_0002313""]","[""strict""]",https://www.ebi.ac.uk/gwas/rest/api/v2/associations/16544407,"[""https://www.ebi.ac.uk/gwas/rest/api/v2/associations?efo_id=OBA_0002313&show_child_trait=false&size=500&page=1""]",FAM13A
pigmentation,16544420,GCST003478,26926045,"[""OBA_0002313""]","[""strict""]",https://www.ebi.ac.uk/gwas/rest/api/v2/associations/16544420,"[""https://www.ebi.ac.uk/gwas/rest/api/v2/associations?efo_id=OBA_0002313&show_child_trait=false&size=500&page=1""]",ADAM28
pigmentation,16544420,GCST003478,26926045,"[""OBA_0002313""]","[""strict""]",https://www.ebi.ac.uk/gwas/rest/api/v2/associations/16544420,"[""https://www.ebi.ac.uk/gwas/rest/api/v2/associations?efo_id=OBA_0002313&show_child_trait=false&size=500&page=1""]",ADAM7-AS1
pigmentation,16544437,GCST003478,26926045,"[""OBA_0002313""]","[""strict""]",https://www.ebi.ac.uk/gwas/rest/api/v2/associations/16544437,"[""https://www.ebi.ac.uk/gwas/rest/api/v2/associations?efo_id=OBA_0002313&show_child_trait=false&size=500&page=1""]",RNU6-544P
pigmentation,16544437,GCST003478,26926045,"[""OBA_0002313""]","[""strict""]",https://www.ebi.ac.uk/gwas/rest/api/v2/associations/16544437,"[""https://www.ebi.ac.uk/gwas/rest/api/v2/associations?efo_id=OBA_0002313&show_child_trait=false&size=500&page=1""]",TENM4
pigmentation,16544452,GCST003478,26926045,"[""OBA_0002313""]","[""strict""]",https://www.ebi.ac.uk/gwas/rest/api/v2/associations/16544452,"[""https://www.ebi.ac.uk/gwas/rest/api/v2/associations?efo_id=OBA_0002313&show_child_trait=false&size=500&page=1""]",PCNX1
pigmentation,16544452,GCST003478,26926045,"[""OBA_0002313""]","[""strict""]",https://www.ebi.ac.uk/gwas/rest/api/v2/associations/16544452,"[""https://www.ebi.ac.uk/gwas/rest/api/v2/associations?efo_id=OBA_0002313&show_child_trait=false&size=500&page=1""]",SIPA1L1-AS1
pigmentation,16544472,GCST003478,26926045,"[""OBA_0002313""]","[""strict""]",https://www.ebi.ac.uk/gwas/rest/api/v2/associations/16544472,"[""https://www.ebi.ac.uk/gwas/rest/api/v2/associations?efo_id=OBA_0002313&show_child_trait=false&size=500&page=1""]",SEMA6D
pigmentation,16544486,GCST003478,26926045,"[""OBA_0002313""]","[""strict""]",https://www.ebi.ac.uk/gwas/rest/api/v2/associations/16544486,"[""https://www.ebi.ac.uk/gwas/rest/api/v2/associations?efo_id=OBA_0002313&show_child_trait=false&size=500&page=1""]",LINC01644
pigmentation,16544486,GCST003478,26926045,"[""OBA_0002313""]","[""strict""]",https://www.ebi.ac.uk/gwas/rest/api/v2/associations/16544486,"[""https://www.ebi.ac.uk/gwas/rest/api/v2/associations?efo_id=OBA_0002313&show_child_trait=false&size=500&page=1""]",TBC1D22A
pigmentation,16544498,GCST003478,26926045,"[""OBA_0002313""]","[""strict""]",https://www.ebi.ac.uk/gwas/rest/api/v2/associations/16544498,"[""https://www.ebi.ac.uk/gwas/rest/api/v2/associations?efo_id=OBA_0002313&show_child_trait=false&size=500&page=1""]",IRF4
pigmentation,16544514,GCST003479,26926045,"[""OBA_0002313""]","[""strict""]",https://www.ebi.ac.uk/gwas/rest/api/v2/associations/16544514,"[""https://www.ebi.ac.uk/gwas/rest/api/v2/associations?efo_id=OBA_0002313&show_child_trait=false&size=500&page=1""]",SLC45A2
pigmentation,16544538,GCST003479,26926045,"[""OBA_0002313""]","[""strict""]",https://www.ebi.ac.uk/gwas/rest/api/v2/associations/16544538,"[""https://www.ebi.ac.uk/gwas/rest/api/v2/associations?efo_id=OBA_0002313&show_child_trait=false&size=500&page=1""]",IRF4
pigmentation,16544552,GCST003479,26926045,"[""OBA_0002313""]","[""strict""]",https://www.ebi.ac.uk/gwas/rest/api/v2/associations/16544552,"[""https://www.ebi.ac.uk/gwas/rest/api/v2/associations?efo_id=OBA_0002313&show_child_trait=false&size=500&page=1""]",GRM5
pigmentation,16544565,GCST003479,26926045,"[""OBA_0002313""]","[""strict""]",https://www.ebi.ac.uk/gwas/rest/api/v2/associations/16544565,"[""https://www.ebi.ac.uk/gwas/rest/api/v2/associations?efo_id=OBA_0002313&show_child_trait=false&size=500&page=1""]",HERC2
pigmentation,16544585,GCST003479,26926045,"[""OBA_0002313""]","[""strict""]",https://www.ebi.ac.uk/gwas/rest/api/v2/associations/16544585,"[""https://www.ebi.ac.uk/gwas/rest/api/v2/associations?efo_id=OBA_0002313&show_child_trait=false&size=500&page=1""]",SLC24A5
pigmentation,16544606,GCST003479,26926045,"[""OBA_0002313""]","[""strict""]",https://www.ebi.ac.uk/gwas/rest/api/v2/associations/16544606,"[""https://www.ebi.ac.uk/gwas/rest/api/v2/associations?efo_id=OBA_0002313&show_child_trait=false&size=500&page=1""]",TPRG1
pigmentation,16544619,GCST003479,26926045,"[""OBA_0002313""]","[""strict""]",https://www.ebi.ac.uk/gwas/rest/api/v2/associations/16544619,"[""https://www.ebi.ac.uk/gwas/rest/api/v2/associations?efo_id=OBA_0002313&show_child_trait=false&size=500&page=1""]",DMAC1
pigmentation,16544619,GCST003479,26926045,"[""OBA_0002313""]","[""strict""]",https://www.ebi.ac.uk/gwas/rest/api/v2/associations/16544619,"[""https://www.ebi.ac.uk/gwas/rest/api/v2/associations?efo_id=OBA_0002313&show_child_trait=false&size=500&page=1""]",PPIAP33
pigmentation,16544630,GCST003479,26926045,"[""OBA_0002313""]","[""strict""]",https://www.ebi.ac.uk/gwas/rest/api/v2/associations/16544630,"[""https://www.ebi.ac.uk/gwas/rest/api/v2/associations?efo_id=OBA_0002313&show_child_trait=false&size=500&page=1""]",PLXDC2
pigmentation,16544643,GCST003479,26926045,"[""OBA_0002313""]","[""strict""]",https://www.ebi.ac.uk/gwas/rest/api/v2/associations/16544643,"[""https://www.ebi.ac.uk/gwas/rest/api/v2/associations?efo_id=OBA_0002313&show_child_trait=false&size=500&page=1""]",MVD
pigmentation,16544683,GCST003479,26926045,"[""OBA_0002313""]","[""strict""]",https://www.ebi.ac.uk/gwas/rest/api/v2/associations/16544683,"[""https://www.ebi.ac.uk/gwas/rest/api/v2/associations?efo_id=OBA_0002313&show_child_trait=false&size=500&page=1""]",SETBP1
pigmentation,16544698,GCST003479,26926045,"[""OBA_0002313""]","[""strict""]",https://www.ebi.ac.uk/gwas/rest/api/v2/associations/16544698,"[""https://www.ebi.ac.uk/gwas/rest/api/v2/associations?efo_id=OBA_0002313&show_child_trait=false&size=500&page=1""]",PTCHD1-AS
pigmentation,191173932,GCST90502779,40010489,"[""OBA_VT0002095""]","[""strict""]",https://www.ebi.ac.uk/gwas/rest/api/v2/associations/191173932,"[""https://www.ebi.ac.uk/gwas/rest/api/v2/associations?efo_id=OBA_VT0002095&show_child_trait=false&size=500&page=0""]",ADGRL2
pigmentation,191173944,GCST90502780,40010489,"[""OBA_VT0002095""]","[""strict""]",https://www.ebi.ac.uk/gwas/rest/api/v2/associations/191173944,"[""https://www.ebi.ac.uk/gwas/rest/api/v2/associations?efo_id=OBA_VT0002095&show_child_trait=false&size=500&page=0""]",OCA2
pigmentation,191173956,GCST90502781,40010489,"[""OBA_VT0002095""]","[""strict""]",https://www.ebi.ac.uk/gwas/rest/api/v2/associations/191173956,"[""https://www.ebi.ac.uk/gwas/rest/api/v2/associations?efo_id=OBA_VT0002095&show_child_trait=false&size=500&page=0""]",OCA2
pigmentation,191173982,GCST90502784,40010489,"[""OBA_VT0002095""]","[""strict""]",https://www.ebi.ac.uk/gwas/rest/api/v2/associations/191173982,"[""https://www.ebi.ac.uk/gwas/rest/api/v2/associations?efo_id=OBA_VT0002095&show_child_trait=false&size=500&page=0""]",OCA2
pigmentation,191173994,GCST90502785,40010489,"[""OBA_VT0002095""]","[""strict""]",https://www.ebi.ac.uk/gwas/rest/api/v2/associations/191173994,"[""https://www.ebi.ac.uk/gwas/rest/api/v2/associations?efo_id=OBA_VT0002095&show_child_trait=false&size=500&page=0""]",OCA2
pigmentation,21544,GCST001507,22556244,"[""EFO_0003924""]","[""strict""]",https://www.ebi.ac.uk/gwas/rest/api/v2/associations/21544,"[""https://www.ebi.ac.uk/gwas/rest/api/v2/associations?efo_id=EFO_0003924&show_child_trait=false&size=500&page=1""]",LURAP1L-AS1
pigmentation,21544,GCST001507,22556244,"[""EFO_0003924""]","[""strict""]",https://www.ebi.ac.uk/gwas/rest/api/v2/associations/21544,"[""https://www.ebi.ac.uk/gwas/rest/api/v2/associations?efo_id=EFO_0003924&show_child_trait=false&size=500&page=1""]",RNU2-47P
pigmentation,222644246,GCST90939791,38728357,"[""EFO_0009764""]","[""strict""]",https://www.ebi.ac.uk/gwas/rest/api/v2/associations/222644246,"[""https://www.ebi.ac.uk/gwas/rest/api/v2/associations?efo_id=EFO_0009764&show_child_trait=false&size=500&page=0""]",TMCC2
pigmentation,222644251,GCST90939791,38728357,"[""EFO_0009764""]","[""strict""]",https://www.ebi.ac.uk/gwas/rest/api/v2/associations/222644251,"[""https://www.ebi.ac.uk/gwas/rest/api/v2/associations?efo_id=EFO_0009764&show_child_trait=false&size=500&page=0""]",PSEN2
pigmentation,222644251,GCST90939791,38728357,"[""EFO_0009764""]","[""strict""]",https://www.ebi.ac.uk/gwas/rest/api/v2/associations/222644251,"[""https://www.ebi.ac.uk/gwas/rest/api/v2/associations?efo_id=EFO_0009764&show_child_trait=false&size=500&page=0""]",RPS27P5
pigmentation,222644255,GCST90939791,38728357,"[""EFO_0009764""]","[""strict""]",https://www.ebi.ac.uk/gwas/rest/api/v2/associations/222644255,"[""https://www.ebi.ac.uk/gwas/rest/api/v2/associations?efo_id=EFO_0009764&show_child_trait=false&size=500&page=0""]",SH3YL1
pigmentation,222644260,GCST90939791,38728357,"[""EFO_0009764""]","[""strict""]",https://www.ebi.ac.uk/gwas/rest/api/v2/associations/222644260,"[""https://www.ebi.ac.uk/gwas/rest/api/v2/associations?efo_id=EFO_0009764&show_child_trait=false&size=500&page=0""]",CACYBPP2
pigmentation,222644260,GCST90939791,38728357,"[""EFO_0009764""]","[""strict""]",https://www.ebi.ac.uk/gwas/rest/api/v2/associations/222644260,"[""https://www.ebi.ac.uk/gwas/rest/api/v2/associations?efo_id=EFO_0009764&show_child_trait=false&size=500&page=0""]",LIN28AP1
pigmentation,222644265,GCST90939791,38728357,"[""EFO_0009764""]","[""strict""]",https://www.ebi.ac.uk/gwas/rest/api/v2/associations/222644265,"[""https://www.ebi.ac.uk/gwas/rest/api/v2/associations?efo_id=EFO_0009764&show_child_trait=false&size=500&page=0""]",ITPR1
pigmentation,222644269,GCST90939791,38728357,"[""EFO_0009764""]","[""strict""]",https://www.ebi.ac.uk/gwas/rest/api/v2/associations/222644269,"[""https://www.ebi.ac.uk/gwas/rest/api/v2/associations?efo_id=EFO_0009764&show_child_trait=false&size=500&page=0""]",CTNNB1
pigmentation,222644273,GCST90939791,38728357,"[""EFO_0009764""]","[""strict""]",https://www.ebi.ac.uk/gwas/rest/api/v2/associations/222644273,"[""https://www.ebi.ac.uk/gwas/rest/api/v2/associations?efo_id=EFO_0009764&show_child_trait=false&size=500&page=0""]",STAG1-DT
pigmentation,222644278,GCST90939791,38728357,"[""EFO_0009764""]","[""strict""]",https://www.ebi.ac.uk/gwas/rest/api/v2/associations/222644278,"[""https://www.ebi.ac.uk/gwas/rest/api/v2/associations?efo_id=EFO_0009764&show_child_trait=false&size=500&page=0""]",GABRB1
pigmentation,222644283,GCST90939791,38728357,"[""EFO_0009764""]","[""strict""]",https://www.ebi.ac.uk/gwas/rest/api/v2/associations/222644283,"[""https://www.ebi.ac.uk/gwas/rest/api/v2/associations?efo_id=EFO_0009764&show_child_trait=false&size=500&page=0""]",GRID2
pigmentation,222644287,GCST90939791,38728357,"[""EFO_0009764""]","[""strict""]",https://www.ebi.ac.uk/gwas/rest/api/v2/associations/222644287,"[""https://www.ebi.ac.uk/gwas/rest/api/v2/associations?efo_id=EFO_0009764&show_child_trait=false&size=500&page=0""]",SLC45A2
pigmentation,222644291,GCST90939791,38728357,"[""EFO_0009764""]","[""strict""]",https://www.ebi.ac.uk/gwas/rest/api/v2/associations/222644291,"[""https://www.ebi.ac.uk/gwas/rest/api/v2/associations?efo_id=EFO_0009764&show_child_trait=false&size=500&page=0""]",CASC15
pigmentation,222644295,GCST90939791,38728357,"[""EFO_0009764""]","[""strict""]",https://www.ebi.ac.uk/gwas/rest/api/v2/associations/222644295,"[""https://www.ebi.ac.uk/gwas/rest/api/v2/associations?efo_id=EFO_0009764&show_child_trait=false&size=500&page=0""]",FOXP4
pigmentation,222644299,GCST90939791,38728357,"[""EFO_0009764""]","[""strict""]",https://www.ebi.ac.uk/gwas/rest/api/v2/associations/222644299,"[""https://www.ebi.ac.uk/gwas/rest/api/v2/associations?efo_id=EFO_0009764&show_child_trait=false&size=500&page=0""]",EYS
pigmentation,222644304,GCST90939791,38728357,"[""EFO_0009764""]","[""strict""]",https://www.ebi.ac.uk/gwas/rest/api/v2/associations/222644304,"[""https://www.ebi.ac.uk/gwas/rest/api/v2/associations?efo_id=EFO_0009764&show_child_trait=false&size=500&page=0""]",ZFPM2
pigmentation,222644304,GCST90939791,38728357,"[""EFO_0009764""]","[""strict""]",https://www.ebi.ac.uk/gwas/rest/api/v2/associations/222644304,"[""https://www.ebi.ac.uk/gwas/rest/api/v2/associations?efo_id=EFO_0009764&show_child_trait=false&size=500&page=0""]",ZFPM2-AS1
pigmentation,222644308,GCST90939791,38728357,"[""EFO_0009764""]","[""strict""]",https://www.ebi.ac.uk/gwas/rest/api/v2/associations/222644308,"[""https://www.ebi.ac.uk/gwas/rest/api/v2/associations?efo_id=EFO_0009764&show_child_trait=false&size=500&page=0""]",RAD23B
pigmentation,222644308,GCST90939791,38728357,"[""EFO_0009764""]","[""strict""]",https://www.ebi.ac.uk/gwas/rest/api/v2/associations/222644308,"[""https://www.ebi.ac.uk/gwas/rest/api/v2/associations?efo_id=EFO_0009764&show_child_trait=false&size=500&page=0""]",ZNF462
pigmentation,222644313,GCST90939791,38728357,"[""EFO_0009764""]","[""strict""]",https://www.ebi.ac.uk/gwas/rest/api/v2/associations/222644313,"[""https://www.ebi.ac.uk/gwas/rest/api/v2/associations?efo_id=EFO_0009764&show_child_trait=false&size=500&page=0""]",DCDC1
pigmentation,222644317,GCST90939791,38728357,"[""EFO_0009764""]","[""strict""]",https://www.ebi.ac.uk/gwas/rest/api/v2/associations/222644317,"[""https://www.ebi.ac.uk/gwas/rest/api/v2/associations?efo_id=EFO_0009764&show_child_trait=false&size=500&page=0""]",TPCN2
pigmentation,222644322,GCST90939791,38728357,"[""EFO_0009764""]","[""strict""]",https://www.ebi.ac.uk/gwas/rest/api/v2/associations/222644322,"[""https://www.ebi.ac.uk/gwas/rest/api/v2/associations?efo_id=EFO_0009764&show_child_trait=false&size=500&page=0""]",HNRNPA1P60
pigmentation,222644322,GCST90939791,38728357,"[""EFO_0009764""]","[""strict""]",https://www.ebi.ac.uk/gwas/rest/api/v2/associations/222644322,"[""https://www.ebi.ac.uk/gwas/rest/api/v2/associations?efo_id=EFO_0009764&show_child_trait=false&size=500&page=0""]",RNA5SP350
pigmentation,222644327,GCST90939791,38728357,"[""EFO_0009764""]","[""strict""]",https://www.ebi.ac.uk/gwas/rest/api/v2/associations/222644327,"[""https://www.ebi.ac.uk/gwas/rest/api/v2/associations?efo_id=EFO_0009764&show_child_trait=false&size=500&page=0""]",LINC02763
pigmentation,222644327,GCST90939791,38728357,"[""EFO_0009764""]","[""strict""]",https://www.ebi.ac.uk/gwas/rest/api/v2/associations/222644327,"[""https://www.ebi.ac.uk/gwas/rest/api/v2/associations?efo_id=EFO_0009764&show_child_trait=false&size=500&page=0""]",NCAM1-AS2
pigmentation,222644332,GCST90939791,38728357,"[""EFO_0009764""]","[""strict""]",https://www.ebi.ac.uk/gwas/rest/api/v2/associations/222644332,"[""https://www.ebi.ac.uk/gwas/rest/api/v2/associations?efo_id=EFO_0009764&show_child_trait=false&size=500&page=0""]",RPL7P38
pigmentation,222644332,GCST90939791,38728357,"[""EFO_0009764""]","[""strict""]",https://www.ebi.ac.uk/gwas/rest/api/v2/associations/222644332,"[""https://www.ebi.ac.uk/gwas/rest/api/v2/associations?efo_id=EFO_0009764&show_child_trait=false&size=500&page=0""]",SNRPGP20
pigmentation,222644336,GCST90939791,38728357,"[""EFO_0009764""]","[""strict""]",https://www.ebi.ac.uk/gwas/rest/api/v2/associations/222644336,"[""https://www.ebi.ac.uk/gwas/rest/api/v2/associations?efo_id=EFO_0009764&show_child_trait=false&size=500&page=0""]",EIF4A1P7
pigmentation,222644336,GCST90939791,38728357,"[""EFO_0009764""]","[""strict""]",https://www.ebi.ac.uk/gwas/rest/api/v2/associations/222644336,"[""https://www.ebi.ac.uk/gwas/rest/api/v2/associations?efo_id=EFO_0009764&show_child_trait=false&size=500&page=0""]",FLT1
pigmentation,222644341,GCST90939791,38728357,"[""EFO_0009764""]","[""strict""]",https://www.ebi.ac.uk/gwas/rest/api/v2/associations/222644341,"[""https://www.ebi.ac.uk/gwas/rest/api/v2/associations?efo_id=EFO_0009764&show_child_trait=false&size=500&page=0""]",RPL18AP17
pigmentation,222644341,GCST90939791,38728357,"[""EFO_0009764""]","[""strict""]",https://www.ebi.ac.uk/gwas/rest/api/v2/associations/222644341,"[""https://www.ebi.ac.uk/gwas/rest/api/v2/associations?efo_id=EFO_0009764&show_child_trait=false&size=500&page=0""]",RPL21P110
pigmentation,222644346,GCST90939791,38728357,"[""EFO_0009764""]","[""strict""]",https://www.ebi.ac.uk/gwas/rest/api/v2/associations/222644346,"[""https://www.ebi.ac.uk/gwas/rest/api/v2/associations?efo_id=EFO_0009764&show_child_trait=false&size=500&page=0""]",LINC02306
pigmentation,222644351,GCST90939791,38728357,"[""EFO_0009764""]","[""strict""]",https://www.ebi.ac.uk/gwas/rest/api/v2/associations/222644351,"[""https://www.ebi.ac.uk/gwas/rest/api/v2/associations?efo_id=EFO_0009764&show_child_trait=false&size=500&page=0""]",MIR4307HG
pigmentation,222644351,GCST90939791,38728357,"[""EFO_0009764""]","[""strict""]",https://www.ebi.ac.uk/gwas/rest/api/v2/associations/222644351,"[""https://www.ebi.ac.uk/gwas/rest/api/v2/associations?efo_id=EFO_0009764&show_child_trait=false&size=500&page=0""]",NOVA1-DT
pigmentation,222644355,GCST90939791,38728357,"[""EFO_0009764""]","[""strict""]",https://www.ebi.ac.uk/gwas/rest/api/v2/associations/222644355,"[""https://www.ebi.ac.uk/gwas/rest/api/v2/associations?efo_id=EFO_0009764&show_child_trait=false&size=500&page=0""]",RNU6-366P
pigmentation,222644355,GCST90939791,38728357,"[""EFO_0009764""]","[""strict""]",https://www.ebi.ac.uk/gwas/rest/api/v2/associations/222644355,"[""https://www.ebi.ac.uk/gwas/rest/api/v2/associations?efo_id=EFO_0009764&show_child_trait=false&size=500&page=0""]",SLC24A4
pigmentation,222644359,GCST90939791,38728357,"[""EFO_0009764""]","[""strict""]",https://www.ebi.ac.uk/gwas/rest/api/v2/associations/222644359,"[""https://www.ebi.ac.uk/gwas/rest/api/v2/associations?efo_id=EFO_0009764&show_child_trait=false&size=500&page=0""]",HERC2
pigmentation,222644364,GCST90939791,38728357,"[""EFO_0009764""]","[""strict""]",https://www.ebi.ac.uk/gwas/rest/api/v2/associations/222644364,"[""https://www.ebi.ac.uk/gwas/rest/api/v2/associations?efo_id=EFO_0009764&show_child_trait=false&size=500&page=0""]",NR2F2-AS1
pigmentation,222644369,GCST90939791,38728357,"[""EFO_0009764""]","[""strict""]",https://www.ebi.ac.uk/gwas/rest/api/v2/associations/222644369,"[""https://www.ebi.ac.uk/gwas/rest/api/v2/associations?efo_id=EFO_0009764&show_child_trait=false&size=500&page=0""]",MMP15
pigmentation,222644373,GCST90939791,38728357,"[""EFO_0009764""]","[""strict""]",https://www.ebi.ac.uk/gwas/rest/api/v2/associations/222644373,"[""https://www.ebi.ac.uk/gwas/rest/api/v2/associations?efo_id=EFO_0009764&show_child_trait=false&size=500&page=0""]",SLC47A1
pigmentation,222644377,GCST90939791,38728357,"[""EFO_0009764""]","[""strict""]",https://www.ebi.ac.uk/gwas/rest/api/v2/associations/222644377,"[""https://www.ebi.ac.uk/gwas/rest/api/v2/associations?efo_id=EFO_0009764&show_child_trait=false&size=500&page=0""]",NPLOC4
pigmentation,222644381,GCST90939791,38728357,"[""EFO_0009764""]","[""strict""]",https://www.ebi.ac.uk/gwas/rest/api/v2/associations/222644381,"[""https://www.ebi.ac.uk/gwas/rest/api/v2/associations?efo_id=EFO_0009764&show_child_trait=false&size=500&page=0""]",MEIOSIN
pigmentation,222644386,GCST90939791,38728357,"[""EFO_0009764""]","[""strict""]",https://www.ebi.ac.uk/gwas/rest/api/v2/associations/222644386,"[""https://www.ebi.ac.uk/gwas/rest/api/v2/associations?efo_id=EFO_0009764&show_child_trait=false&size=500&page=0""]",PLCB1
pigmentation,222644390,GCST90939791,38728357,"[""EFO_0009764""]","[""strict""]",https://www.ebi.ac.uk/gwas/rest/api/v2/associations/222644390,"[""https://www.ebi.ac.uk/gwas/rest/api/v2/associations?efo_id=EFO_0009764&show_child_trait=false&size=500&page=0""]",PIGPP3
pigmentation,222644390,GCST90939791,38728357,"[""EFO_0009764""]","[""strict""]",https://www.ebi.ac.uk/gwas/rest/api/v2/associations/222644390,"[""https://www.ebi.ac.uk/gwas/rest/api/v2/associations?efo_id=EFO_0009764&show_child_trait=false&size=500&page=0""]",TPM3P2
pigmentation,222644394,GCST90939791,38728357,"[""EFO_0009764""]","[""strict""]",https://www.ebi.ac.uk/gwas/rest/api/v2/associations/222644394,"[""https://www.ebi.ac.uk/gwas/rest/api/v2/associations?efo_id=EFO_0009764&show_child_trait=false&size=500&page=0""]",WNT7B
pigmentation,223072137,GCST90854270,42586059,"[""OBA_VT0002095""]","[""strict""]",https://www.ebi.ac.uk/gwas/rest/api/v2/associations/223072137,"[""https://www.ebi.ac.uk/gwas/rest/api/v2/associations?efo_id=OBA_VT0002095&show_child_trait=false&size=500&page=0""]",CTXN2
pigmentation,223072137,GCST90854270,42586059,"[""OBA_VT0002095""]","[""strict""]",https://www.ebi.ac.uk/gwas/rest/api/v2/associations/223072137,"[""https://www.ebi.ac.uk/gwas/rest/api/v2/associations?efo_id=OBA_VT0002095&show_child_trait=false&size=500&page=0""]",SLC12A1
pigmentation,223072141,GCST90854270,42586059,"[""OBA_VT0002095""]","[""strict""]",https://www.ebi.ac.uk/gwas/rest/api/v2/associations/223072141,"[""https://www.ebi.ac.uk/gwas/rest/api/v2/associations?efo_id=OBA_VT0002095&show_child_trait=false&size=500&page=0""]",DUT
pigmentation,223072141,GCST90854270,42586059,"[""OBA_VT0002095""]","[""strict""]",https://www.ebi.ac.uk/gwas/rest/api/v2/associations/223072141,"[""https://www.ebi.ac.uk/gwas/rest/api/v2/associations?efo_id=OBA_VT0002095&show_child_trait=false&size=500&page=0""]",FBN1
pigmentation,223072145,GCST90854270,42586059,"[""OBA_VT0002095""]","[""strict""]",https://www.ebi.ac.uk/gwas/rest/api/v2/associations/223072145,"[""https://www.ebi.ac.uk/gwas/rest/api/v2/associations?efo_id=OBA_VT0002095&show_child_trait=false&size=500&page=0""]",SLC12A1
pigmentation,223072150,GCST90854270,42586059,"[""OBA_VT0002095""]","[""strict""]",https://www.ebi.ac.uk/gwas/rest/api/v2/associations/223072150,"[""https://www.ebi.ac.uk/gwas/rest/api/v2/associations?efo_id=OBA_VT0002095&show_child_trait=false&size=500&page=0""]",LINC01491
pigmentation,223072150,GCST90854270,42586059,"[""OBA_VT0002095""]","[""strict""]",https://www.ebi.ac.uk/gwas/rest/api/v2/associations/223072150,"[""https://www.ebi.ac.uk/gwas/rest/api/v2/associations?efo_id=OBA_VT0002095&show_child_trait=false&size=500&page=0""]",SLC24A5
pigmentation,223072155,GCST90854270,42586059,"[""OBA_VT0002095""]","[""strict""]",https://www.ebi.ac.uk/gwas/rest/api/v2/associations/223072155,"[""https://www.ebi.ac.uk/gwas/rest/api/v2/associations?efo_id=OBA_VT0002095&show_child_trait=false&size=500&page=0""]",LINC01491
pigmentation,223072155,GCST90854270,42586059,"[""OBA_VT0002095""]","[""strict""]",https://www.ebi.ac.uk/gwas/rest/api/v2/associations/223072155,"[""https://www.ebi.ac.uk/gwas/rest/api/v2/associations?efo_id=OBA_VT0002095&show_child_trait=false&size=500&page=0""]",SLC24A5
pigmentation,223072165,GCST90854270,42586059,"[""OBA_VT0002095""]","[""strict""]",https://www.ebi.ac.uk/gwas/rest/api/v2/associations/223072165,"[""https://www.ebi.ac.uk/gwas/rest/api/v2/associations?efo_id=OBA_VT0002095&show_child_trait=false&size=500&page=0""]",LINC01491
pigmentation,223072165,GCST90854270,42586059,"[""OBA_VT0002095""]","[""strict""]",https://www.ebi.ac.uk/gwas/rest/api/v2/associations/223072165,"[""https://www.ebi.ac.uk/gwas/rest/api/v2/associations?efo_id=OBA_VT0002095&show_child_trait=false&size=500&page=0""]",SLC24A5
pigmentation,223072170,GCST90854270,42586059,"[""OBA_VT0002095""]","[""strict""]",https://www.ebi.ac.uk/gwas/rest/api/v2/associations/223072170,"[""https://www.ebi.ac.uk/gwas/rest/api/v2/associations?efo_id=OBA_VT0002095&show_child_trait=false&size=500&page=0""]",LINC01491
pigmentation,223072170,GCST90854270,42586059,"[""OBA_VT0002095""]","[""strict""]",https://www.ebi.ac.uk/gwas/rest/api/v2/associations/223072170,"[""https://www.ebi.ac.uk/gwas/rest/api/v2/associations?efo_id=OBA_VT0002095&show_child_trait=false&size=500&page=0""]",SLC24A5
pigmentation,223072180,GCST90854270,42586059,"[""OBA_VT0002095""]","[""strict""]",https://www.ebi.ac.uk/gwas/rest/api/v2/associations/223072180,"[""https://www.ebi.ac.uk/gwas/rest/api/v2/associations?efo_id=OBA_VT0002095&show_child_trait=false&size=500&page=0""]",LINC01491
pigmentation,223072180,GCST90854270,42586059,"[""OBA_VT0002095""]","[""strict""]",https://www.ebi.ac.uk/gwas/rest/api/v2/associations/223072180,"[""https://www.ebi.ac.uk/gwas/rest/api/v2/associations?efo_id=OBA_VT0002095&show_child_trait=false&size=500&page=0""]",SLC24A5
pigmentation,223072190,GCST90854270,42586059,"[""OBA_VT0002095""]","[""strict""]",https://www.ebi.ac.uk/gwas/rest/api/v2/associations/223072190,"[""https://www.ebi.ac.uk/gwas/rest/api/v2/associations?efo_id=OBA_VT0002095&show_child_trait=false&size=500&page=0""]",CEP152
pigmentation,223072190,GCST90854270,42586059,"[""OBA_VT0002095""]","[""strict""]",https://www.ebi.ac.uk/gwas/rest/api/v2/associations/223072190,"[""https://www.ebi.ac.uk/gwas/rest/api/v2/associations?efo_id=OBA_VT0002095&show_child_trait=false&size=500&page=0""]",FBN1-DT
pigmentation,223072195,GCST90854270,42586059,"[""OBA_VT0002095""]","[""strict""]",https://www.ebi.ac.uk/gwas/rest/api/v2/associations/223072195,"[""https://www.ebi.ac.uk/gwas/rest/api/v2/associations?efo_id=OBA_VT0002095&show_child_trait=false&size=500&page=0""]",DUT
pigmentation,223072195,GCST90854270,42586059,"[""OBA_VT0002095""]","[""strict""]",https://www.ebi.ac.uk/gwas/rest/api/v2/associations/223072195,"[""https://www.ebi.ac.uk/gwas/rest/api/v2/associations?efo_id=OBA_VT0002095&show_child_trait=false&size=500&page=0""]",FBN1
pigmentation,223072200,GCST90854270,42586059,"[""OBA_VT0002095""]","[""strict""]",https://www.ebi.ac.uk/gwas/rest/api/v2/associations/223072200,"[""https://www.ebi.ac.uk/gwas/rest/api/v2/associations?efo_id=OBA_VT0002095&show_child_trait=false&size=500&page=0""]",LINC01491
pigmentation,223072200,GCST90854270,42586059,"[""OBA_VT0002095""]","[""strict""]",https://www.ebi.ac.uk/gwas/rest/api/v2/associations/223072200,"[""https://www.ebi.ac.uk/gwas/rest/api/v2/associations?efo_id=OBA_VT0002095&show_child_trait=false&size=500&page=0""]",SLC24A5
pigmentation,223072205,GCST90854270,42586059,"[""OBA_VT0002095""]","[""strict""]",https://www.ebi.ac.uk/gwas/rest/api/v2/associations/223072205,"[""https://www.ebi.ac.uk/gwas/rest/api/v2/associations?efo_id=OBA_VT0002095&show_child_trait=false&size=500&page=0""]",LINC02225
pigmentation,223072205,GCST90854270,42586059,"[""OBA_VT0002095""]","[""strict""]",https://www.ebi.ac.uk/gwas/rest/api/v2/associations/223072205,"[""https://www.ebi.ac.uk/gwas/rest/api/v2/associations?efo_id=OBA_VT0002095&show_child_trait=false&size=500&page=0""]",LNCBRM
pigmentation,223072210,GCST90854270,42586059,"[""OBA_VT0002095""]","[""strict""]",https://www.ebi.ac.uk/gwas/rest/api/v2/associations/223072210,"[""https://www.ebi.ac.uk/gwas/rest/api/v2/associations?efo_id=OBA_VT0002095&show_child_trait=false&size=500&page=0""]",SLC12A1
pigmentation,223072215,GCST90854270,42586059,"[""OBA_VT0002095""]","[""strict""]",https://www.ebi.ac.uk/gwas/rest/api/v2/associations/223072215,"[""https://www.ebi.ac.uk/gwas/rest/api/v2/associations?efo_id=OBA_VT0002095&show_child_trait=false&size=500&page=0""]",LINC01491
pigmentation,223072215,GCST90854270,42586059,"[""OBA_VT0002095""]","[""strict""]",https://www.ebi.ac.uk/gwas/rest/api/v2/associations/223072215,"[""https://www.ebi.ac.uk/gwas/rest/api/v2/associations?efo_id=OBA_VT0002095&show_child_trait=false&size=500&page=0""]",SLC24A5
pigmentation,223072220,GCST90854270,42586059,"[""OBA_VT0002095""]","[""strict""]",https://www.ebi.ac.uk/gwas/rest/api/v2/associations/223072220,"[""https://www.ebi.ac.uk/gwas/rest/api/v2/associations?efo_id=OBA_VT0002095&show_child_trait=false&size=500&page=0""]",SLC12A1
pigmentation,223072225,GCST90854270,42586059,"[""OBA_VT0002095""]","[""strict""]",https://www.ebi.ac.uk/gwas/rest/api/v2/associations/223072225,"[""https://www.ebi.ac.uk/gwas/rest/api/v2/associations?efo_id=OBA_VT0002095&show_child_trait=false&size=500&page=0""]",VWCE
pigmentation,223072230,GCST90854270,42586059,"[""OBA_VT0002095""]","[""strict""]",https://www.ebi.ac.uk/gwas/rest/api/v2/associations/223072230,"[""https://www.ebi.ac.uk/gwas/rest/api/v2/associations?efo_id=OBA_VT0002095&show_child_trait=false&size=500&page=0""]",LINC01491
pigmentation,223072235,GCST90854270,42586059,"[""OBA_VT0002095""]","[""strict""]",https://www.ebi.ac.uk/gwas/rest/api/v2/associations/223072235,"[""https://www.ebi.ac.uk/gwas/rest/api/v2/associations?efo_id=OBA_VT0002095&show_child_trait=false&size=500&page=0""]",TMEM138
pigmentation,223072240,GCST90854270,42586059,"[""OBA_VT0002095""]","[""strict""]",https://www.ebi.ac.uk/gwas/rest/api/v2/associations/223072240,"[""https://www.ebi.ac.uk/gwas/rest/api/v2/associations?efo_id=OBA_VT0002095&show_child_trait=false&size=500&page=0""]",OCA2
pigmentation,223072245,GCST90854270,42586059,"[""OBA_VT0002095""]","[""strict""]",https://www.ebi.ac.uk/gwas/rest/api/v2/associations/223072245,"[""https://www.ebi.ac.uk/gwas/rest/api/v2/associations?efo_id=OBA_VT0002095&show_child_trait=false&size=500&page=0""]",MFSD12
pigmentation,223072245,GCST90854270,42586059,"[""OBA_VT0002095""]","[""strict""]",https://www.ebi.ac.uk/gwas/rest/api/v2/associations/223072245,"[""https://www.ebi.ac.uk/gwas/rest/api/v2/associations?efo_id=OBA_VT0002095&show_child_trait=false&size=500&page=0""]",MFSD12-AS1
pigmentation,223072250,GCST90854270,42586059,"[""OBA_VT0002095""]","[""strict""]",https://www.ebi.ac.uk/gwas/rest/api/v2/associations/223072250,"[""https://www.ebi.ac.uk/gwas/rest/api/v2/associations?efo_id=OBA_VT0002095&show_child_trait=false&size=500&page=0""]",SLC12A1
pigmentation,223072255,GCST90854270,42586059,"[""OBA_VT0002095""]","[""strict""]",https://www.ebi.ac.uk/gwas/rest/api/v2/associations/223072255,"[""https://www.ebi.ac.uk/gwas/rest/api/v2/associations?efo_id=OBA_VT0002095&show_child_trait=false&size=500&page=0""]",TMEM138
pigmentation,223072260,GCST90854270,42586059,"[""OBA_VT0002095""]","[""strict""]",https://www.ebi.ac.uk/gwas/rest/api/v2/associations/223072260,"[""https://www.ebi.ac.uk/gwas/rest/api/v2/associations?efo_id=OBA_VT0002095&show_child_trait=false&size=500&page=0""]",SLC12A1
pigmentation,223072285,GCST90854270,42586059,"[""OBA_VT0002095""]","[""strict""]",https://www.ebi.ac.uk/gwas/rest/api/v2/associations/223072285,"[""https://www.ebi.ac.uk/gwas/rest/api/v2/associations?efo_id=OBA_VT0002095&show_child_trait=false&size=500&page=0""]",BCL11A
pigmentation,223072285,GCST90854270,42586059,"[""OBA_VT0002095""]","[""strict""]",https://www.ebi.ac.uk/gwas/rest/api/v2/associations/223072285,"[""https://www.ebi.ac.uk/gwas/rest/api/v2/associations?efo_id=OBA_VT0002095&show_child_trait=false&size=500&page=0""]",RN7SL361P
pigmentation,223072299,GCST90854271,42586059,"[""OBA_VT0002095""]","[""strict""]",https://www.ebi.ac.uk/gwas/rest/api/v2/associations/223072299,"[""https://www.ebi.ac.uk/gwas/rest/api/v2/associations?efo_id=OBA_VT0002095&show_child_trait=false&size=500&page=0""]",CTXN2
pigmentation,223072299,GCST90854271,42586059,"[""OBA_VT0002095""]","[""strict""]",https://www.ebi.ac.uk/gwas/rest/api/v2/associations/223072299,"[""https://www.ebi.ac.uk/gwas/rest/api/v2/associations?efo_id=OBA_VT0002095&show_child_trait=false&size=500&page=0""]",SLC12A1
pigmentation,223072303,GCST90854271,42586059,"[""OBA_VT0002095""]","[""strict""]",https://www.ebi.ac.uk/gwas/rest/api/v2/associations/223072303,"[""https://www.ebi.ac.uk/gwas/rest/api/v2/associations?efo_id=OBA_VT0002095&show_child_trait=false&size=500&page=0""]",DUT
pigmentation,223072303,GCST90854271,42586059,"[""OBA_VT0002095""]","[""strict""]",https://www.ebi.ac.uk/gwas/rest/api/v2/associations/223072303,"[""https://www.ebi.ac.uk/gwas/rest/api/v2/associations?efo_id=OBA_VT0002095&show_child_trait=false&size=500&page=0""]",FBN1
pigmentation,223072307,GCST90854271,42586059,"[""OBA_VT0002095""]","[""strict""]",https://www.ebi.ac.uk/gwas/rest/api/v2/associations/223072307,"[""https://www.ebi.ac.uk/gwas/rest/api/v2/associations?efo_id=OBA_VT0002095&show_child_trait=false&size=500&page=0""]",SLC12A1
pigmentation,223072311,GCST90854271,42586059,"[""OBA_VT0002095""]","[""strict""]",https://www.ebi.ac.uk/gwas/rest/api/v2/associations/223072311,"[""https://www.ebi.ac.uk/gwas/rest/api/v2/associations?efo_id=OBA_VT0002095&show_child_trait=false&size=500&page=0""]",LINC01491
pigmentation,223072311,GCST90854271,42586059,"[""OBA_VT0002095""]","[""strict""]",https://www.ebi.ac.uk/gwas/rest/api/v2/associations/223072311,"[""https://www.ebi.ac.uk/gwas/rest/api/v2/associations?efo_id=OBA_VT0002095&show_child_trait=false&size=500&page=0""]",SLC24A5
pigmentation,223072316,GCST90854271,42586059,"[""OBA_VT0002095""]","[""strict""]",https://www.ebi.ac.uk/gwas/rest/api/v2/associations/223072316,"[""https://www.ebi.ac.uk/gwas/rest/api/v2/associations?efo_id=OBA_VT0002095&show_child_trait=false&size=500&page=0""]",LINC01491
pigmentation,223072316,GCST90854271,42586059,"[""OBA_VT0002095""]","[""strict""]",https://www.ebi.ac.uk/gwas/rest/api/v2/associations/223072316,"[""https://www.ebi.ac.uk/gwas/rest/api/v2/associations?efo_id=OBA_VT0002095&show_child_trait=false&size=500&page=0""]",SLC24A5
pigmentation,223072324,GCST90854271,42586059,"[""OBA_VT0002095""]","[""strict""]",https://www.ebi.ac.uk/gwas/rest/api/v2/associations/223072324,"[""https://www.ebi.ac.uk/gwas/rest/api/v2/associations?efo_id=OBA_VT0002095&show_child_trait=false&size=500&page=0""]",LINC01491
pigmentation,223072324,GCST90854271,42586059,"[""OBA_VT0002095""]","[""strict""]",https://www.ebi.ac.uk/gwas/rest/api/v2/associations/223072324,"[""https://www.ebi.ac.uk/gwas/rest/api/v2/associations?efo_id=OBA_VT0002095&show_child_trait=false&size=500&page=0""]",SLC24A5
pigmentation,223072328,GCST90854271,42586059,"[""OBA_VT0002095""]","[""strict""]",https://www.ebi.ac.uk/gwas/rest/api/v2/associations/223072328,"[""https://www.ebi.ac.uk/gwas/rest/api/v2/associations?efo_id=OBA_VT0002095&show_child_trait=false&size=500&page=0""]",LINC02225
pigmentation,223072328,GCST90854271,42586059,"[""OBA_VT0002095""]","[""strict""]",https://www.ebi.ac.uk/gwas/rest/api/v2/associations/223072328,"[""https://www.ebi.ac.uk/gwas/rest/api/v2/associations?efo_id=OBA_VT0002095&show_child_trait=false&size=500&page=0""]",LNCBRM
pigmentation,223072332,GCST90854271,42586059,"[""OBA_VT0002095""]","[""strict""]",https://www.ebi.ac.uk/gwas/rest/api/v2/associations/223072332,"[""https://www.ebi.ac.uk/gwas/rest/api/v2/associations?efo_id=OBA_VT0002095&show_child_trait=false&size=500&page=0""]",LINC01491
pigmentation,223072332,GCST90854271,42586059,"[""OBA_VT0002095""]","[""strict""]",https://www.ebi.ac.uk/gwas/rest/api/v2/associations/223072332,"[""https://www.ebi.ac.uk/gwas/rest/api/v2/associations?efo_id=OBA_VT0002095&show_child_trait=false&size=500&page=0""]",SLC24A5
pigmentation,223072336,GCST90854271,42586059,"[""OBA_VT0002095""]","[""strict""]",https://www.ebi.ac.uk/gwas/rest/api/v2/associations/223072336,"[""https://www.ebi.ac.uk/gwas/rest/api/v2/associations?efo_id=OBA_VT0002095&show_child_trait=false&size=500&page=0""]",DUT
pigmentation,223072336,GCST90854271,42586059,"[""OBA_VT0002095""]","[""strict""]",https://www.ebi.ac.uk/gwas/rest/api/v2/associations/223072336,"[""https://www.ebi.ac.uk/gwas/rest/api/v2/associations?efo_id=OBA_VT0002095&show_child_trait=false&size=500&page=0""]",FBN1
pigmentation,223072340,GCST90854271,42586059,"[""OBA_VT0002095""]","[""strict""]",https://www.ebi.ac.uk/gwas/rest/api/v2/associations/223072340,"[""https://www.ebi.ac.uk/gwas/rest/api/v2/associations?efo_id=OBA_VT0002095&show_child_trait=false&size=500&page=0""]",CEP152
pigmentation,223072340,GCST90854271,42586059,"[""OBA_VT0002095""]","[""strict""]",https://www.ebi.ac.uk/gwas/rest/api/v2/associations/223072340,"[""https://www.ebi.ac.uk/gwas/rest/api/v2/associations?efo_id=OBA_VT0002095&show_child_trait=false&size=500&page=0""]",FBN1-DT
pigmentation,223072344,GCST90854271,42586059,"[""OBA_VT0002095""]","[""strict""]",https://www.ebi.ac.uk/gwas/rest/api/v2/associations/223072344,"[""https://www.ebi.ac.uk/gwas/rest/api/v2/associations?efo_id=OBA_VT0002095&show_child_trait=false&size=500&page=0""]",LINC01491
pigmentation,223072344,GCST90854271,42586059,"[""OBA_VT0002095""]","[""strict""]",https://www.ebi.ac.uk/gwas/rest/api/v2/associations/223072344,"[""https://www.ebi.ac.uk/gwas/rest/api/v2/associations?efo_id=OBA_VT0002095&show_child_trait=false&size=500&page=0""]",SLC24A5
pigmentation,223072348,GCST90854271,42586059,"[""OBA_VT0002095""]","[""strict""]",https://www.ebi.ac.uk/gwas/rest/api/v2/associations/223072348,"[""https://www.ebi.ac.uk/gwas/rest/api/v2/associations?efo_id=OBA_VT0002095&show_child_trait=false&size=500&page=0""]",DUT
pigmentation,223072348,GCST90854271,42586059,"[""OBA_VT0002095""]","[""strict""]",https://www.ebi.ac.uk/gwas/rest/api/v2/associations/223072348,"[""https://www.ebi.ac.uk/gwas/rest/api/v2/associations?efo_id=OBA_VT0002095&show_child_trait=false&size=500&page=0""]",FBN1
pigmentation,223072356,GCST90854271,42586059,"[""OBA_VT0002095""]","[""strict""]",https://www.ebi.ac.uk/gwas/rest/api/v2/associations/223072356,"[""https://www.ebi.ac.uk/gwas/rest/api/v2/associations?efo_id=OBA_VT0002095&show_child_trait=false&size=500&page=0""]",OCA2
pigmentation,223072360,GCST90854271,42586059,"[""OBA_VT0002095""]","[""strict""]",https://www.ebi.ac.uk/gwas/rest/api/v2/associations/223072360,"[""https://www.ebi.ac.uk/gwas/rest/api/v2/associations?efo_id=OBA_VT0002095&show_child_trait=false&size=500&page=0""]",LINC01491
pigmentation,223072360,GCST90854271,42586059,"[""OBA_VT0002095""]","[""strict""]",https://www.ebi.ac.uk/gwas/rest/api/v2/associations/223072360,"[""https://www.ebi.ac.uk/gwas/rest/api/v2/associations?efo_id=OBA_VT0002095&show_child_trait=false&size=500&page=0""]",SLC24A5
pigmentation,223072364,GCST90854271,42586059,"[""OBA_VT0002095""]","[""strict""]",https://www.ebi.ac.uk/gwas/rest/api/v2/associations/223072364,"[""https://www.ebi.ac.uk/gwas/rest/api/v2/associations?efo_id=OBA_VT0002095&show_child_trait=false&size=500&page=0""]",SLC12A1
pigmentation,223072368,GCST90854271,42586059,"[""OBA_VT0002095""]","[""strict""]",https://www.ebi.ac.uk/gwas/rest/api/v2/associations/223072368,"[""https://www.ebi.ac.uk/gwas/rest/api/v2/associations?efo_id=OBA_VT0002095&show_child_trait=false&size=500&page=0""]",LINC01491
pigmentation,223072368,GCST90854271,42586059,"[""OBA_VT0002095""]","[""strict""]",https://www.ebi.ac.uk/gwas/rest/api/v2/associations/223072368,"[""https://www.ebi.ac.uk/gwas/rest/api/v2/associations?efo_id=OBA_VT0002095&show_child_trait=false&size=500&page=0""]",SLC24A5
pigmentation,223072372,GCST90854271,42586059,"[""OBA_VT0002095""]","[""strict""]",https://www.ebi.ac.uk/gwas/rest/api/v2/associations/223072372,"[""https://www.ebi.ac.uk/gwas/rest/api/v2/associations?efo_id=OBA_VT0002095&show_child_trait=false&size=500&page=0""]",BCL11A
pigmentation,223072372,GCST90854271,42586059,"[""OBA_VT0002095""]","[""strict""]",https://www.ebi.ac.uk/gwas/rest/api/v2/associations/223072372,"[""https://www.ebi.ac.uk/gwas/rest/api/v2/associations?efo_id=OBA_VT0002095&show_child_trait=false&size=500&page=0""]",RN7SL361P
pigmentation,223072377,GCST90854271,42586059,"[""OBA_VT0002095""]","[""strict""]",https://www.ebi.ac.uk/gwas/rest/api/v2/associations/223072377,"[""https://www.ebi.ac.uk/gwas/rest/api/v2/associations?efo_id=OBA_VT0002095&show_child_trait=false&size=500&page=0""]",LINC02120
pigmentation,223072377,GCST90854271,42586059,"[""OBA_VT0002095""]","[""strict""]",https://www.ebi.ac.uk/gwas/rest/api/v2/associations/223072377,"[""https://www.ebi.ac.uk/gwas/rest/api/v2/associations?efo_id=OBA_VT0002095&show_child_trait=false&size=500&page=0""]",NPR3
pigmentation,223072381,GCST90854271,42586059,"[""OBA_VT0002095""]","[""strict""]",https://www.ebi.ac.uk/gwas/rest/api/v2/associations/223072381,"[""https://www.ebi.ac.uk/gwas/rest/api/v2/associations?efo_id=OBA_VT0002095&show_child_trait=false&size=500&page=0""]",SLC12A1
pigmentation,223072385,GCST90854271,42586059,"[""OBA_VT0002095""]","[""strict""]",https://www.ebi.ac.uk/gwas/rest/api/v2/associations/223072385,"[""https://www.ebi.ac.uk/gwas/rest/api/v2/associations?efo_id=OBA_VT0002095&show_child_trait=false&size=500&page=0""]",VWCE
pigmentation,223072390,GCST90854271,42586059,"[""OBA_VT0002095""]","[""strict""]",https://www.ebi.ac.uk/gwas/rest/api/v2/associations/223072390,"[""https://www.ebi.ac.uk/gwas/rest/api/v2/associations?efo_id=OBA_VT0002095&show_child_trait=false&size=500&page=0""]",UPF1
pigmentation,223072394,GCST90854271,42586059,"[""OBA_VT0002095""]","[""strict""]",https://www.ebi.ac.uk/gwas/rest/api/v2/associations/223072394,"[""https://www.ebi.ac.uk/gwas/rest/api/v2/associations?efo_id=OBA_VT0002095&show_child_trait=false&size=500&page=0""]",LINC01491
pigmentation,223072399,GCST90854271,42586059,"[""OBA_VT0002095""]","[""strict""]",https://www.ebi.ac.uk/gwas/rest/api/v2/associations/223072399,"[""https://www.ebi.ac.uk/gwas/rest/api/v2/associations?efo_id=OBA_VT0002095&show_child_trait=false&size=500&page=0""]",COX10-DT
pigmentation,223072403,GCST90854271,42586059,"[""OBA_VT0002095""]","[""strict""]",https://www.ebi.ac.uk/gwas/rest/api/v2/associations/223072403,"[""https://www.ebi.ac.uk/gwas/rest/api/v2/associations?efo_id=OBA_VT0002095&show_child_trait=false&size=500&page=0""]",SLC12A1
pigmentation,223072413,GCST90854271,42586059,"[""OBA_VT0002095""]","[""strict""]",https://www.ebi.ac.uk/gwas/rest/api/v2/associations/223072413,"[""https://www.ebi.ac.uk/gwas/rest/api/v2/associations?efo_id=OBA_VT0002095&show_child_trait=false&size=500&page=0""]",GRAMD2B
pigmentation,223072413,GCST90854271,42586059,"[""OBA_VT0002095""]","[""strict""]",https://www.ebi.ac.uk/gwas/rest/api/v2/associations/223072413,"[""https://www.ebi.ac.uk/gwas/rest/api/v2/associations?efo_id=OBA_VT0002095&show_child_trait=false&size=500&page=0""]",LINC02039
pigmentation,223072418,GCST90854271,42586059,"[""OBA_VT0002095""]","[""strict""]",https://www.ebi.ac.uk/gwas/rest/api/v2/associations/223072418,"[""https://www.ebi.ac.uk/gwas/rest/api/v2/associations?efo_id=OBA_VT0002095&show_child_trait=false&size=500&page=0""]",FHOD3
pigmentation,223072423,GCST90854271,42586059,"[""OBA_VT0002095""]","[""strict""]",https://www.ebi.ac.uk/gwas/rest/api/v2/associations/223072423,"[""https://www.ebi.ac.uk/gwas/rest/api/v2/associations?efo_id=OBA_VT0002095&show_child_trait=false&size=500&page=0""]",LINC01877
pigmentation,223072428,GCST90854271,42586059,"[""OBA_VT0002095""]","[""strict""]",https://www.ebi.ac.uk/gwas/rest/api/v2/associations/223072428,"[""https://www.ebi.ac.uk/gwas/rest/api/v2/associations?efo_id=OBA_VT0002095&show_child_trait=false&size=500&page=0""]",TBC1D14
pigmentation,223072462,GCST90854271,42586059,"[""OBA_VT0002095""]","[""strict""]",https://www.ebi.ac.uk/gwas/rest/api/v2/associations/223072462,"[""https://www.ebi.ac.uk/gwas/rest/api/v2/associations?efo_id=OBA_VT0002095&show_child_trait=false&size=500&page=0""]",PRICKLE2
pigmentation,223072486,GCST90854272,42586059,"[""OBA_VT0002095""]","[""strict""]",https://www.ebi.ac.uk/gwas/rest/api/v2/associations/223072486,"[""https://www.ebi.ac.uk/gwas/rest/api/v2/associations?efo_id=OBA_VT0002095&show_child_trait=false&size=500&page=0""]",CTXN2
pigmentation,223072486,GCST90854272,42586059,"[""OBA_VT0002095""]","[""strict""]",https://www.ebi.ac.uk/gwas/rest/api/v2/associations/223072486,"[""https://www.ebi.ac.uk/gwas/rest/api/v2/associations?efo_id=OBA_VT0002095&show_child_trait=false&size=500&page=0""]",SLC12A1
pigmentation,223072490,GCST90854272,42586059,"[""OBA_VT0002095""]","[""strict""]",https://www.ebi.ac.uk/gwas/rest/api/v2/associations/223072490,"[""https://www.ebi.ac.uk/gwas/rest/api/v2/associations?efo_id=OBA_VT0002095&show_child_trait=false&size=500&page=0""]",DUT
pigmentation,223072490,GCST90854272,42586059,"[""OBA_VT0002095""]","[""strict""]",https://www.ebi.ac.uk/gwas/rest/api/v2/associations/223072490,"[""https://www.ebi.ac.uk/gwas/rest/api/v2/associations?efo_id=OBA_VT0002095&show_child_trait=false&size=500&page=0""]",FBN1
pigmentation,223072494,GCST90854272,42586059,"[""OBA_VT0002095""]","[""strict""]",https://www.ebi.ac.uk/gwas/rest/api/v2/associations/223072494,"[""https://www.ebi.ac.uk/gwas/rest/api/v2/associations?efo_id=OBA_VT0002095&show_child_trait=false&size=500&page=0""]",SLC12A1
pigmentation,223072498,GCST90854272,42586059,"[""OBA_VT0002095""]","[""strict""]",https://www.ebi.ac.uk/gwas/rest/api/v2/associations/223072498,"[""https://www.ebi.ac.uk/gwas/rest/api/v2/associations?efo_id=OBA_VT0002095&show_child_trait=false&size=500&page=0""]",LINC02225
pigmentation,223072498,GCST90854272,42586059,"[""OBA_VT0002095""]","[""strict""]",https://www.ebi.ac.uk/gwas/rest/api/v2/associations/223072498,"[""https://www.ebi.ac.uk/gwas/rest/api/v2/associations?efo_id=OBA_VT0002095&show_child_trait=false&size=500&page=0""]",LNCBRM
pigmentation,223072502,GCST90854272,42586059,"[""OBA_VT0002095""]","[""strict""]",https://www.ebi.ac.uk/gwas/rest/api/v2/associations/223072502,"[""https://www.ebi.ac.uk/gwas/rest/api/v2/associations?efo_id=OBA_VT0002095&show_child_trait=false&size=500&page=0""]",LINC01491
pigmentation,223072502,GCST90854272,42586059,"[""OBA_VT0002095""]","[""strict""]",https://www.ebi.ac.uk/gwas/rest/api/v2/associations/223072502,"[""https://www.ebi.ac.uk/gwas/rest/api/v2/associations?efo_id=OBA_VT0002095&show_child_trait=false&size=500&page=0""]",SLC24A5
pigmentation,223072506,GCST90854272,42586059,"[""OBA_VT0002095""]","[""strict""]",https://www.ebi.ac.uk/gwas/rest/api/v2/associations/223072506,"[""https://www.ebi.ac.uk/gwas/rest/api/v2/associations?efo_id=OBA_VT0002095&show_child_trait=false&size=500&page=0""]",LINC01491
pigmentation,223072506,GCST90854272,42586059,"[""OBA_VT0002095""]","[""strict""]",https://www.ebi.ac.uk/gwas/rest/api/v2/associations/223072506,"[""https://www.ebi.ac.uk/gwas/rest/api/v2/associations?efo_id=OBA_VT0002095&show_child_trait=false&size=500&page=0""]",SLC24A5
pigmentation,223072514,GCST90854272,42586059,"[""OBA_VT0002095""]","[""strict""]",https://www.ebi.ac.uk/gwas/rest/api/v2/associations/223072514,"[""https://www.ebi.ac.uk/gwas/rest/api/v2/associations?efo_id=OBA_VT0002095&show_child_trait=false&size=500&page=0""]",LINC01491
pigmentation,223072514,GCST90854272,42586059,"[""OBA_VT0002095""]","[""strict""]",https://www.ebi.ac.uk/gwas/rest/api/v2/associations/223072514,"[""https://www.ebi.ac.uk/gwas/rest/api/v2/associations?efo_id=OBA_VT0002095&show_child_trait=false&size=500&page=0""]",SLC24A5
pigmentation,223072523,GCST90854272,42586059,"[""OBA_VT0002095""]","[""strict""]",https://www.ebi.ac.uk/gwas/rest/api/v2/associations/223072523,"[""https://www.ebi.ac.uk/gwas/rest/api/v2/associations?efo_id=OBA_VT0002095&show_child_trait=false&size=500&page=0""]",LINC01491
pigmentation,223072523,GCST90854272,42586059,"[""OBA_VT0002095""]","[""strict""]",https://www.ebi.ac.uk/gwas/rest/api/v2/associations/223072523,"[""https://www.ebi.ac.uk/gwas/rest/api/v2/associations?efo_id=OBA_VT0002095&show_child_trait=false&size=500&page=0""]",SLC24A5
pigmentation,223072527,GCST90854272,42586059,"[""OBA_VT0002095""]","[""strict""]",https://www.ebi.ac.uk/gwas/rest/api/v2/associations/223072527,"[""https://www.ebi.ac.uk/gwas/rest/api/v2/associations?efo_id=OBA_VT0002095&show_child_trait=false&size=500&page=0""]",BCL11A
pigmentation,223072527,GCST90854272,42586059,"[""OBA_VT0002095""]","[""strict""]",https://www.ebi.ac.uk/gwas/rest/api/v2/associations/223072527,"[""https://www.ebi.ac.uk/gwas/rest/api/v2/associations?efo_id=OBA_VT0002095&show_child_trait=false&size=500&page=0""]",RN7SL361P
pigmentation,223072531,GCST90854272,42586059,"[""OBA_VT0002095""]","[""strict""]",https://www.ebi.ac.uk/gwas/rest/api/v2/associations/223072531,"[""https://www.ebi.ac.uk/gwas/rest/api/v2/associations?efo_id=OBA_VT0002095&show_child_trait=false&size=500&page=0""]",CEP152
pigmentation,223072531,GCST90854272,42586059,"[""OBA_VT0002095""]","[""strict""]",https://www.ebi.ac.uk/gwas/rest/api/v2/associations/223072531,"[""https://www.ebi.ac.uk/gwas/rest/api/v2/associations?efo_id=OBA_VT0002095&show_child_trait=false&size=500&page=0""]",FBN1-DT
pigmentation,223072535,GCST90854272,42586059,"[""OBA_VT0002095""]","[""strict""]",https://www.ebi.ac.uk/gwas/rest/api/v2/associations/223072535,"[""https://www.ebi.ac.uk/gwas/rest/api/v2/associations?efo_id=OBA_VT0002095&show_child_trait=false&size=500&page=0""]",UPF1
pigmentation,223072539,GCST90854272,42586059,"[""OBA_VT0002095""]","[""strict""]",https://www.ebi.ac.uk/gwas/rest/api/v2/associations/223072539,"[""https://www.ebi.ac.uk/gwas/rest/api/v2/associations?efo_id=OBA_VT0002095&show_child_trait=false&size=500&page=0""]",PRICKLE2
pigmentation,223072543,GCST90854272,42586059,"[""OBA_VT0002095""]","[""strict""]",https://www.ebi.ac.uk/gwas/rest/api/v2/associations/223072543,"[""https://www.ebi.ac.uk/gwas/rest/api/v2/associations?efo_id=OBA_VT0002095&show_child_trait=false&size=500&page=0""]",LINC02120
pigmentation,223072543,GCST90854272,42586059,"[""OBA_VT0002095""]","[""strict""]",https://www.ebi.ac.uk/gwas/rest/api/v2/associations/223072543,"[""https://www.ebi.ac.uk/gwas/rest/api/v2/associations?efo_id=OBA_VT0002095&show_child_trait=false&size=500&page=0""]",NPR3
pigmentation,223072547,GCST90854272,42586059,"[""OBA_VT0002095""]","[""strict""]",https://www.ebi.ac.uk/gwas/rest/api/v2/associations/223072547,"[""https://www.ebi.ac.uk/gwas/rest/api/v2/associations?efo_id=OBA_VT0002095&show_child_trait=false&size=500&page=0""]",DUT
pigmentation,223072547,GCST90854272,42586059,"[""OBA_VT0002095""]","[""strict""]",https://www.ebi.ac.uk/gwas/rest/api/v2/associations/223072547,"[""https://www.ebi.ac.uk/gwas/rest/api/v2/associations?efo_id=OBA_VT0002095&show_child_trait=false&size=500&page=0""]",FBN1
pigmentation,223072552,GCST90854272,42586059,"[""OBA_VT0002095""]","[""strict""]",https://www.ebi.ac.uk/gwas/rest/api/v2/associations/223072552,"[""https://www.ebi.ac.uk/gwas/rest/api/v2/associations?efo_id=OBA_VT0002095&show_child_trait=false&size=500&page=0""]",RADIL
pigmentation,223072556,GCST90854272,42586059,"[""OBA_VT0002095""]","[""strict""]",https://www.ebi.ac.uk/gwas/rest/api/v2/associations/223072556,"[""https://www.ebi.ac.uk/gwas/rest/api/v2/associations?efo_id=OBA_VT0002095&show_child_trait=false&size=500&page=0""]",COX10-DT
pigmentation,223072560,GCST90854272,42586059,"[""OBA_VT0002095""]","[""strict""]",https://www.ebi.ac.uk/gwas/rest/api/v2/associations/223072560,"[""https://www.ebi.ac.uk/gwas/rest/api/v2/associations?efo_id=OBA_VT0002095&show_child_trait=false&size=500&page=0""]",LINC01491
pigmentation,223072560,GCST90854272,42586059,"[""OBA_VT0002095""]","[""strict""]",https://www.ebi.ac.uk/gwas/rest/api/v2/associations/223072560,"[""https://www.ebi.ac.uk/gwas/rest/api/v2/associations?efo_id=OBA_VT0002095&show_child_trait=false&size=500&page=0""]",SLC24A5
pigmentation,223072564,GCST90854272,42586059,"[""OBA_VT0002095""]","[""strict""]",https://www.ebi.ac.uk/gwas/rest/api/v2/associations/223072564,"[""https://www.ebi.ac.uk/gwas/rest/api/v2/associations?efo_id=OBA_VT0002095&show_child_trait=false&size=500&page=0""]",FHOD3
pigmentation,223072568,GCST90854272,42586059,"[""OBA_VT0002095""]","[""strict""]",https://www.ebi.ac.uk/gwas/rest/api/v2/associations/223072568,"[""https://www.ebi.ac.uk/gwas/rest/api/v2/associations?efo_id=OBA_VT0002095&show_child_trait=false&size=500&page=0""]",LINC01877
pigmentation,223072588,GCST90854272,42586059,"[""OBA_VT0002095""]","[""strict""]",https://www.ebi.ac.uk/gwas/rest/api/v2/associations/223072588,"[""https://www.ebi.ac.uk/gwas/rest/api/v2/associations?efo_id=OBA_VT0002095&show_child_trait=false&size=500&page=0""]",TBC1D14
pigmentation,223072607,GCST90854272,42586059,"[""OBA_VT0002095""]","[""strict""]",https://www.ebi.ac.uk/gwas/rest/api/v2/associations/223072607,"[""https://www.ebi.ac.uk/gwas/rest/api/v2/associations?efo_id=OBA_VT0002095&show_child_trait=false&size=500&page=0""]",GRAMD2B
pigmentation,223072607,GCST90854272,42586059,"[""OBA_VT0002095""]","[""strict""]",https://www.ebi.ac.uk/gwas/rest/api/v2/associations/223072607,"[""https://www.ebi.ac.uk/gwas/rest/api/v2/associations?efo_id=OBA_VT0002095&show_child_trait=false&size=500&page=0""]",LINC02039
pigmentation,223072615,GCST90854272,42586059,"[""OBA_VT0002095""]","[""strict""]",https://www.ebi.ac.uk/gwas/rest/api/v2/associations/223072615,"[""https://www.ebi.ac.uk/gwas/rest/api/v2/associations?efo_id=OBA_VT0002095&show_child_trait=false&size=500&page=0""]",VWCE
pigmentation,223072619,GCST90854272,42586059,"[""OBA_VT0002095""]","[""strict""]",https://www.ebi.ac.uk/gwas/rest/api/v2/associations/223072619,"[""https://www.ebi.ac.uk/gwas/rest/api/v2/associations?efo_id=OBA_VT0002095&show_child_trait=false&size=500&page=0""]",SLC12A1
pigmentation,223072628,GCST90854272,42586059,"[""OBA_VT0002095""]","[""strict""]",https://www.ebi.ac.uk/gwas/rest/api/v2/associations/223072628,"[""https://www.ebi.ac.uk/gwas/rest/api/v2/associations?efo_id=OBA_VT0002095&show_child_trait=false&size=500&page=0""]",SLC12A1
pigmentation,223072646,GCST90854272,42586059,"[""OBA_VT0002095""]","[""strict""]",https://www.ebi.ac.uk/gwas/rest/api/v2/associations/223072646,"[""https://www.ebi.ac.uk/gwas/rest/api/v2/associations?efo_id=OBA_VT0002095&show_child_trait=false&size=500&page=0""]",WIPI2
pigmentation,223072655,GCST90854272,42586059,"[""OBA_VT0002095""]","[""strict""]",https://www.ebi.ac.uk/gwas/rest/api/v2/associations/223072655,"[""https://www.ebi.ac.uk/gwas/rest/api/v2/associations?efo_id=OBA_VT0002095&show_child_trait=false&size=500&page=0""]",LINC01491
pigmentation,223072655,GCST90854272,42586059,"[""OBA_VT0002095""]","[""strict""]",https://www.ebi.ac.uk/gwas/rest/api/v2/associations/223072655,"[""https://www.ebi.ac.uk/gwas/rest/api/v2/associations?efo_id=OBA_VT0002095&show_child_trait=false&size=500&page=0""]",SLC24A5
pigmentation,223072659,GCST90854272,42586059,"[""OBA_VT0002095""]","[""strict""]",https://www.ebi.ac.uk/gwas/rest/api/v2/associations/223072659,"[""https://www.ebi.ac.uk/gwas/rest/api/v2/associations?efo_id=OBA_VT0002095&show_child_trait=false&size=500&page=0""]",LINC01491
pigmentation,223072659,GCST90854272,42586059,"[""OBA_VT0002095""]","[""strict""]",https://www.ebi.ac.uk/gwas/rest/api/v2/associations/223072659,"[""https://www.ebi.ac.uk/gwas/rest/api/v2/associations?efo_id=OBA_VT0002095&show_child_trait=false&size=500&page=0""]",SLC24A5
pigmentation,223072679,GCST90854272,42586059,"[""OBA_VT0002095""]","[""strict""]",https://www.ebi.ac.uk/gwas/rest/api/v2/associations/223072679,"[""https://www.ebi.ac.uk/gwas/rest/api/v2/associations?efo_id=OBA_VT0002095&show_child_trait=false&size=500&page=0""]",FYN
pigmentation,24956149,GCST005094,29109912,"[""EFO_0003949""]","[""strict""]",https://www.ebi.ac.uk/gwas/rest/api/v2/associations/24956149,"[""https://www.ebi.ac.uk/gwas/rest/api/v2/associations?efo_id=EFO_0003949&show_child_trait=false&size=500&page=0""]",ITPKB
pigmentation,24956149,GCST005094,29109912,"[""EFO_0003949""]","[""strict""]",https://www.ebi.ac.uk/gwas/rest/api/v2/associations/24956149,"[""https://www.ebi.ac.uk/gwas/rest/api/v2/associations?efo_id=EFO_0003949&show_child_trait=false&size=500&page=0""]",STUM
pigmentation,24956155,GCST005094,29109912,"[""EFO_0003949""]","[""strict""]",https://www.ebi.ac.uk/gwas/rest/api/v2/associations/24956155,"[""https://www.ebi.ac.uk/gwas/rest/api/v2/associations?efo_id=EFO_0003949&show_child_trait=false&size=500&page=0""]",TRANK1
pigmentation,24956160,GCST005094,29109912,"[""EFO_0003949""]","[""strict""]",https://www.ebi.ac.uk/gwas/rest/api/v2/associations/24956160,"[""https://www.ebi.ac.uk/gwas/rest/api/v2/associations?efo_id=EFO_0003949&show_child_trait=false&size=500&page=0""]",APBB2
pigmentation,24956165,GCST005094,29109912,"[""EFO_0003949""]","[""strict""]",https://www.ebi.ac.uk/gwas/rest/api/v2/associations/24956165,"[""https://www.ebi.ac.uk/gwas/rest/api/v2/associations?efo_id=EFO_0003949&show_child_trait=false&size=500&page=0""]",ATPSCKMT
pigmentation,24956165,GCST005094,29109912,"[""EFO_0003949""]","[""strict""]",https://www.ebi.ac.uk/gwas/rest/api/v2/associations/24956165,"[""https://www.ebi.ac.uk/gwas/rest/api/v2/associations?efo_id=EFO_0003949&show_child_trait=false&size=500&page=0""]",LINC02112
pigmentation,24956171,GCST005094,29109912,"[""EFO_0003949""]","[""strict""]",https://www.ebi.ac.uk/gwas/rest/api/v2/associations/24956171,"[""https://www.ebi.ac.uk/gwas/rest/api/v2/associations?efo_id=EFO_0003949&show_child_trait=false&size=500&page=0""]",TCF7
pigmentation,24956171,GCST005094,29109912,"[""EFO_0003949""]","[""strict""]",https://www.ebi.ac.uk/gwas/rest/api/v2/associations/24956171,"[""https://www.ebi.ac.uk/gwas/rest/api/v2/associations?efo_id=EFO_0003949&show_child_trait=false&size=500&page=0""]",VDAC1
pigmentation,24956176,GCST005094,29109912,"[""EFO_0003949""]","[""strict""]",https://www.ebi.ac.uk/gwas/rest/api/v2/associations/24956176,"[""https://www.ebi.ac.uk/gwas/rest/api/v2/associations?efo_id=EFO_0003949&show_child_trait=false&size=500&page=0""]",CARMIL1
pigmentation,24956188,GCST005094,29109912,"[""EFO_0003949""]","[""strict""]",https://www.ebi.ac.uk/gwas/rest/api/v2/associations/24956188,"[""https://www.ebi.ac.uk/gwas/rest/api/v2/associations?efo_id=EFO_0003949&show_child_trait=false&size=500&page=0""]",SCML4
pigmentation,24956193,GCST005094,29109912,"[""EFO_0003949""]","[""strict""]",https://www.ebi.ac.uk/gwas/rest/api/v2/associations/24956193,"[""https://www.ebi.ac.uk/gwas/rest/api/v2/associations?efo_id=EFO_0003949&show_child_trait=false&size=500&page=0""]",GAPDHP30
pigmentation,24956193,GCST005094,29109912,"[""EFO_0003949""]","[""strict""]",https://www.ebi.ac.uk/gwas/rest/api/v2/associations/24956193,"[""https://www.ebi.ac.uk/gwas/rest/api/v2/associations?efo_id=EFO_0003949&show_child_trait=false&size=500&page=0""]",SRSF3P2
pigmentation,24956198,GCST005094,29109912,"[""EFO_0003949""]","[""strict""]",https://www.ebi.ac.uk/gwas/rest/api/v2/associations/24956198,"[""https://www.ebi.ac.uk/gwas/rest/api/v2/associations?efo_id=EFO_0003949&show_child_trait=false&size=500&page=0""]",ARHGAP32
pigmentation,24956203,GCST005094,29109912,"[""EFO_0003949""]","[""strict""]",https://www.ebi.ac.uk/gwas/rest/api/v2/associations/24956203,"[""https://www.ebi.ac.uk/gwas/rest/api/v2/associations?efo_id=EFO_0003949&show_child_trait=false&size=500&page=0""]",PAFAH1B2P2
pigmentation,24956208,GCST005094,29109912,"[""EFO_0003949""]","[""strict""]",https://www.ebi.ac.uk/gwas/rest/api/v2/associations/24956208,"[""https://www.ebi.ac.uk/gwas/rest/api/v2/associations?efo_id=EFO_0003949&show_child_trait=false&size=500&page=0""]",OCA2
pigmentation,24956213,GCST005094,29109912,"[""EFO_0003949""]","[""strict""]",https://www.ebi.ac.uk/gwas/rest/api/v2/associations/24956213,"[""https://www.ebi.ac.uk/gwas/rest/api/v2/associations?efo_id=EFO_0003949&show_child_trait=false&size=500&page=0""]",BMP7
pigmentation,24956213,GCST005094,29109912,"[""EFO_0003949""]","[""strict""]",https://www.ebi.ac.uk/gwas/rest/api/v2/associations/24956213,"[""https://www.ebi.ac.uk/gwas/rest/api/v2/associations?efo_id=EFO_0003949&show_child_trait=false&size=500&page=0""]",RNU6-929P
pigmentation,24956218,GCST005094,29109912,"[""EFO_0003949""]","[""strict""]",https://www.ebi.ac.uk/gwas/rest/api/v2/associations/24956218,"[""https://www.ebi.ac.uk/gwas/rest/api/v2/associations?efo_id=EFO_0003949&show_child_trait=false&size=500&page=0""]",LNCTSI
pigmentation,24956218,GCST005094,29109912,"[""EFO_0003949""]","[""strict""]",https://www.ebi.ac.uk/gwas/rest/api/v2/associations/24956218,"[""https://www.ebi.ac.uk/gwas/rest/api/v2/associations?efo_id=EFO_0003949&show_child_trait=false&size=500&page=0""]",SIM2
pigmentation,24956272,GCST005093,29109912,"[""EFO_0003949""]","[""strict""]",https://www.ebi.ac.uk/gwas/rest/api/v2/associations/24956272,"[""https://www.ebi.ac.uk/gwas/rest/api/v2/associations?efo_id=EFO_0003949&show_child_trait=false&size=500&page=0""]",ENPEP
pigmentation,24956277,GCST005093,29109912,"[""EFO_0003949""]","[""strict""]",https://www.ebi.ac.uk/gwas/rest/api/v2/associations/24956277,"[""https://www.ebi.ac.uk/gwas/rest/api/v2/associations?efo_id=EFO_0003949&show_child_trait=false&size=500&page=0""]",ATP6AP1L
pigmentation,24956277,GCST005093,29109912,"[""EFO_0003949""]","[""strict""]",https://www.ebi.ac.uk/gwas/rest/api/v2/associations/24956277,"[""https://www.ebi.ac.uk/gwas/rest/api/v2/associations?efo_id=EFO_0003949&show_child_trait=false&size=500&page=0""]",RPL5P16
pigmentation,24956282,GCST005093,29109912,"[""EFO_0003949""]","[""strict""]",https://www.ebi.ac.uk/gwas/rest/api/v2/associations/24956282,"[""https://www.ebi.ac.uk/gwas/rest/api/v2/associations?efo_id=EFO_0003949&show_child_trait=false&size=500&page=0""]",RNU6-718P
pigmentation,24956282,GCST005093,29109912,"[""EFO_0003949""]","[""strict""]",https://www.ebi.ac.uk/gwas/rest/api/v2/associations/24956282,"[""https://www.ebi.ac.uk/gwas/rest/api/v2/associations?efo_id=EFO_0003949&show_child_trait=false&size=500&page=0""]",TUBAP15
pigmentation,24956288,GCST005093,29109912,"[""EFO_0003949""]","[""strict""]",https://www.ebi.ac.uk/gwas/rest/api/v2/associations/24956288,"[""https://www.ebi.ac.uk/gwas/rest/api/v2/associations?efo_id=EFO_0003949&show_child_trait=false&size=500&page=0""]",EYS
pigmentation,24956293,GCST005093,29109912,"[""EFO_0003949""]","[""strict""]",https://www.ebi.ac.uk/gwas/rest/api/v2/associations/24956293,"[""https://www.ebi.ac.uk/gwas/rest/api/v2/associations?efo_id=EFO_0003949&show_child_trait=false&size=500&page=0""]",MAN1A1
pigmentation,24956293,GCST005093,29109912,"[""EFO_0003949""]","[""strict""]",https://www.ebi.ac.uk/gwas/rest/api/v2/associations/24956293,"[""https://www.ebi.ac.uk/gwas/rest/api/v2/associations?efo_id=EFO_0003949&show_child_trait=false&size=500&page=0""]",MIR3144
pigmentation,24956298,GCST005093,29109912,"[""EFO_0003949""]","[""strict""]",https://www.ebi.ac.uk/gwas/rest/api/v2/associations/24956298,"[""https://www.ebi.ac.uk/gwas/rest/api/v2/associations?efo_id=EFO_0003949&show_child_trait=false&size=500&page=0""]",MTCO1P57
pigmentation,24956298,GCST005093,29109912,"[""EFO_0003949""]","[""strict""]",https://www.ebi.ac.uk/gwas/rest/api/v2/associations/24956298,"[""https://www.ebi.ac.uk/gwas/rest/api/v2/associations?efo_id=EFO_0003949&show_child_trait=false&size=500&page=0""]",MTCO3P41
pigmentation,24956303,GCST005093,29109912,"[""EFO_0003949""]","[""strict""]",https://www.ebi.ac.uk/gwas/rest/api/v2/associations/24956303,"[""https://www.ebi.ac.uk/gwas/rest/api/v2/associations?efo_id=EFO_0003949&show_child_trait=false&size=500&page=0""]",OCA2
pigmentation,24956322,GCST005096,29109912,"[""EFO_0003949""]","[""strict""]",https://www.ebi.ac.uk/gwas/rest/api/v2/associations/24956322,"[""https://www.ebi.ac.uk/gwas/rest/api/v2/associations?efo_id=EFO_0003949&show_child_trait=false&size=500&page=0""]",AFM
pigmentation,24956327,GCST005096,29109912,"[""EFO_0003949""]","[""strict""]",https://www.ebi.ac.uk/gwas/rest/api/v2/associations/24956327,"[""https://www.ebi.ac.uk/gwas/rest/api/v2/associations?efo_id=EFO_0003949&show_child_trait=false&size=500&page=0""]",ENPEP
pigmentation,24956331,GCST005096,29109912,"[""EFO_0003949""]","[""strict""]",https://www.ebi.ac.uk/gwas/rest/api/v2/associations/24956331,"[""https://www.ebi.ac.uk/gwas/rest/api/v2/associations?efo_id=EFO_0003949&show_child_trait=false&size=500&page=0""]",ATP6AP1L
pigmentation,24956331,GCST005096,29109912,"[""EFO_0003949""]","[""strict""]",https://www.ebi.ac.uk/gwas/rest/api/v2/associations/24956331,"[""https://www.ebi.ac.uk/gwas/rest/api/v2/associations?efo_id=EFO_0003949&show_child_trait=false&size=500&page=0""]",RPL5P16
pigmentation,24956335,GCST005096,29109912,"[""EFO_0003949""]","[""strict""]",https://www.ebi.ac.uk/gwas/rest/api/v2/associations/24956335,"[""https://www.ebi.ac.uk/gwas/rest/api/v2/associations?efo_id=EFO_0003949&show_child_trait=false&size=500&page=0""]",RNU6-718P
pigmentation,24956335,GCST005096,29109912,"[""EFO_0003949""]","[""strict""]",https://www.ebi.ac.uk/gwas/rest/api/v2/associations/24956335,"[""https://www.ebi.ac.uk/gwas/rest/api/v2/associations?efo_id=EFO_0003949&show_child_trait=false&size=500&page=0""]",TUBAP15
pigmentation,24956341,GCST005096,29109912,"[""EFO_0003949""]","[""strict""]",https://www.ebi.ac.uk/gwas/rest/api/v2/associations/24956341,"[""https://www.ebi.ac.uk/gwas/rest/api/v2/associations?efo_id=EFO_0003949&show_child_trait=false&size=500&page=0""]",CSMD1
pigmentation,24956346,GCST005096,29109912,"[""EFO_0003949""]","[""strict""]",https://www.ebi.ac.uk/gwas/rest/api/v2/associations/24956346,"[""https://www.ebi.ac.uk/gwas/rest/api/v2/associations?efo_id=EFO_0003949&show_child_trait=false&size=500&page=0""]",HK1
pigmentation,24956350,GCST005096,29109912,"[""EFO_0003949""]","[""strict""]",https://www.ebi.ac.uk/gwas/rest/api/v2/associations/24956350,"[""https://www.ebi.ac.uk/gwas/rest/api/v2/associations?efo_id=EFO_0003949&show_child_trait=false&size=500&page=0""]",OCA2
pigmentation,24956373,GCST005095,29109912,"[""EFO_0003949""]","[""strict""]",https://www.ebi.ac.uk/gwas/rest/api/v2/associations/24956373,"[""https://www.ebi.ac.uk/gwas/rest/api/v2/associations?efo_id=EFO_0003949&show_child_trait=false&size=500&page=0""]",LINC01250
pigmentation,24956373,GCST005095,29109912,"[""EFO_0003949""]","[""strict""]",https://www.ebi.ac.uk/gwas/rest/api/v2/associations/24956373,"[""https://www.ebi.ac.uk/gwas/rest/api/v2/associations?efo_id=EFO_0003949&show_child_trait=false&size=500&page=0""]",MYT1L
pigmentation,24956378,GCST005095,29109912,"[""EFO_0003949""]","[""strict""]",https://www.ebi.ac.uk/gwas/rest/api/v2/associations/24956378,"[""https://www.ebi.ac.uk/gwas/rest/api/v2/associations?efo_id=EFO_0003949&show_child_trait=false&size=500&page=0""]",ENPEP
pigmentation,24956383,GCST005095,29109912,"[""EFO_0003949""]","[""strict""]",https://www.ebi.ac.uk/gwas/rest/api/v2/associations/24956383,"[""https://www.ebi.ac.uk/gwas/rest/api/v2/associations?efo_id=EFO_0003949&show_child_trait=false&size=500&page=0""]",CCDC26
pigmentation,24956388,GCST005095,29109912,"[""EFO_0003949""]","[""strict""]",https://www.ebi.ac.uk/gwas/rest/api/v2/associations/24956388,"[""https://www.ebi.ac.uk/gwas/rest/api/v2/associations?efo_id=EFO_0003949&show_child_trait=false&size=500&page=0""]",LINC01435
pigmentation,24956388,GCST005095,29109912,"[""EFO_0003949""]","[""strict""]",https://www.ebi.ac.uk/gwas/rest/api/v2/associations/24956388,"[""https://www.ebi.ac.uk/gwas/rest/api/v2/associations?efo_id=EFO_0003949&show_child_trait=false&size=500&page=0""]",LINC02661
pigmentation,24956399,GCST005095,29109912,"[""EFO_0003949""]","[""strict""]",https://www.ebi.ac.uk/gwas/rest/api/v2/associations/24956399,"[""https://www.ebi.ac.uk/gwas/rest/api/v2/associations?efo_id=EFO_0003949&show_child_trait=false&size=500&page=0""]",BOLA3P2
pigmentation,24956399,GCST005095,29109912,"[""EFO_0003949""]","[""strict""]",https://www.ebi.ac.uk/gwas/rest/api/v2/associations/24956399,"[""https://www.ebi.ac.uk/gwas/rest/api/v2/associations?efo_id=EFO_0003949&show_child_trait=false&size=500&page=0""]",MUC16
pigmentation,25422,GCST001723,23118974,"[""EFO_0003949""]","[""strict""]",https://www.ebi.ac.uk/gwas/rest/api/v2/associations/25422,"[""https://www.ebi.ac.uk/gwas/rest/api/v2/associations?efo_id=EFO_0003949&show_child_trait=false&size=500&page=0""]",HERC2
pigmentation,25423,GCST001723,23118974,"[""EFO_0003949""]","[""strict""]",https://www.ebi.ac.uk/gwas/rest/api/v2/associations/25423,"[""https://www.ebi.ac.uk/gwas/rest/api/v2/associations?efo_id=EFO_0003949&show_child_trait=false&size=500&page=0""]",FBXL17
pigmentation,25424,GCST001723,23118974,"[""EFO_0003949""]","[""strict""]",https://www.ebi.ac.uk/gwas/rest/api/v2/associations/25424,"[""https://www.ebi.ac.uk/gwas/rest/api/v2/associations?efo_id=EFO_0003949&show_child_trait=false&size=500&page=0""]",IADEN
pigmentation,25424,GCST001723,23118974,"[""EFO_0003949""]","[""strict""]",https://www.ebi.ac.uk/gwas/rest/api/v2/associations/25424,"[""https://www.ebi.ac.uk/gwas/rest/api/v2/associations?efo_id=EFO_0003949&show_child_trait=false&size=500&page=0""]",SNORA72
pigmentation,27178264,GCST005093,29109912,"[""EFO_0003949""]","[""strict""]",https://www.ebi.ac.uk/gwas/rest/api/v2/associations/27178264,"[""https://www.ebi.ac.uk/gwas/rest/api/v2/associations?efo_id=EFO_0003949&show_child_trait=false&size=500&page=0""]",HK1
pigmentation,27178268,GCST005093,29109912,"[""EFO_0003949""]","[""strict""]",https://www.ebi.ac.uk/gwas/rest/api/v2/associations/27178268,"[""https://www.ebi.ac.uk/gwas/rest/api/v2/associations?efo_id=EFO_0003949&show_child_trait=false&size=500&page=0""]",GAPDHP30
pigmentation,27178268,GCST005093,29109912,"[""EFO_0003949""]","[""strict""]",https://www.ebi.ac.uk/gwas/rest/api/v2/associations/27178268,"[""https://www.ebi.ac.uk/gwas/rest/api/v2/associations?efo_id=EFO_0003949&show_child_trait=false&size=500&page=0""]",SRSF3P2
pigmentation,27275220,GCST005188,29195075,"[""OBA_VT0002095""]","[""strict""]",https://www.ebi.ac.uk/gwas/rest/api/v2/associations/27275220,"[""https://www.ebi.ac.uk/gwas/rest/api/v2/associations?efo_id=OBA_VT0002095&show_child_trait=false&size=500&page=1""]",MYEF2
pigmentation,27275220,GCST005188,29195075,"[""OBA_VT0002095""]","[""strict""]",https://www.ebi.ac.uk/gwas/rest/api/v2/associations/27275220,"[""https://www.ebi.ac.uk/gwas/rest/api/v2/associations?efo_id=OBA_VT0002095&show_child_trait=false&size=500&page=1""]",SLC24A5
pigmentation,27275248,GCST005189,29195075,"[""EFO_0004279""]","[""broad""]",https://www.ebi.ac.uk/gwas/rest/api/v2/associations/27275248,"[""https://www.ebi.ac.uk/gwas/rest/api/v2/associations?efo_id=EFO_0004279&show_child_trait=false&size=500&page=0""]",LINC01928
pigmentation,27275248,GCST005189,29195075,"[""EFO_0004279""]","[""broad""]",https://www.ebi.ac.uk/gwas/rest/api/v2/associations/27275248,"[""https://www.ebi.ac.uk/gwas/rest/api/v2/associations?efo_id=EFO_0004279&show_child_trait=false&size=500&page=0""]",PIEZO2
pigmentation,27275252,GCST005188,29195075,"[""OBA_VT0002095""]","[""strict""]",https://www.ebi.ac.uk/gwas/rest/api/v2/associations/27275252,"[""https://www.ebi.ac.uk/gwas/rest/api/v2/associations?efo_id=OBA_VT0002095&show_child_trait=false&size=500&page=1""]",SLC24A5
pigmentation,27275266,GCST005189,29195075,"[""EFO_0004279""]","[""broad""]",https://www.ebi.ac.uk/gwas/rest/api/v2/associations/27275266,"[""https://www.ebi.ac.uk/gwas/rest/api/v2/associations?efo_id=EFO_0004279&show_child_trait=false&size=500&page=0""]",CRB1
pigmentation,27275266,GCST005189,29195075,"[""EFO_0004279""]","[""broad""]",https://www.ebi.ac.uk/gwas/rest/api/v2/associations/27275266,"[""https://www.ebi.ac.uk/gwas/rest/api/v2/associations?efo_id=EFO_0004279&show_child_trait=false&size=500&page=0""]",DENND1B
pigmentation,27275272,GCST005189,29195075,"[""EFO_0004279""]","[""broad""]",https://www.ebi.ac.uk/gwas/rest/api/v2/associations/27275272,"[""https://www.ebi.ac.uk/gwas/rest/api/v2/associations?efo_id=EFO_0004279&show_child_trait=false&size=500&page=0""]",KIAA1217
pigmentation,27275278,GCST005189,29195075,"[""EFO_0004279""]","[""broad""]",https://www.ebi.ac.uk/gwas/rest/api/v2/associations/27275278,"[""https://www.ebi.ac.uk/gwas/rest/api/v2/associations?efo_id=EFO_0004279&show_child_trait=false&size=500&page=0""]",MIR4708
pigmentation,27275278,GCST005189,29195075,"[""EFO_0004279""]","[""broad""]",https://www.ebi.ac.uk/gwas/rest/api/v2/associations/27275278,"[""https://www.ebi.ac.uk/gwas/rest/api/v2/associations?efo_id=EFO_0004279&show_child_trait=false&size=500&page=0""]",PTBP1P
pigmentation,30548159,GCST006075,29662168,"[""OBA_0002313""]","[""strict""]",https://www.ebi.ac.uk/gwas/rest/api/v2/associations/30548159,"[""https://www.ebi.ac.uk/gwas/rest/api/v2/associations?efo_id=OBA_0002313&show_child_trait=false&size=500&page=1""]",ERRFI1-DT
pigmentation,30548164,GCST006075,29662168,"[""OBA_0002313""]","[""strict""]",https://www.ebi.ac.uk/gwas/rest/api/v2/associations/30548164,"[""https://www.ebi.ac.uk/gwas/rest/api/v2/associations?efo_id=OBA_0002313&show_child_trait=false&size=500&page=1""]",DSTYK
pigmentation,30548164,GCST006075,29662168,"[""OBA_0002313""]","[""strict""]",https://www.ebi.ac.uk/gwas/rest/api/v2/associations/30548164,"[""https://www.ebi.ac.uk/gwas/rest/api/v2/associations?efo_id=OBA_0002313&show_child_trait=false&size=500&page=1""]",TMCC2
pigmentation,30548169,GCST006075,29662168,"[""OBA_0002313""]","[""strict""]",https://www.ebi.ac.uk/gwas/rest/api/v2/associations/30548169,"[""https://www.ebi.ac.uk/gwas/rest/api/v2/associations?efo_id=OBA_0002313&show_child_trait=false&size=500&page=1""]",EPHA4
pigmentation,30548169,GCST006075,29662168,"[""OBA_0002313""]","[""strict""]",https://www.ebi.ac.uk/gwas/rest/api/v2/associations/30548169,"[""https://www.ebi.ac.uk/gwas/rest/api/v2/associations?efo_id=OBA_0002313&show_child_trait=false&size=500&page=1""]",MIR4268
pigmentation,30548173,GCST006075,29662168,"[""OBA_0002313""]","[""strict""]",https://www.ebi.ac.uk/gwas/rest/api/v2/associations/30548173,"[""https://www.ebi.ac.uk/gwas/rest/api/v2/associations?efo_id=OBA_0002313&show_child_trait=false&size=500&page=1""]",ZBTB38
pigmentation,30548177,GCST006075,29662168,"[""OBA_0002313""]","[""strict""]",https://www.ebi.ac.uk/gwas/rest/api/v2/associations/30548177,"[""https://www.ebi.ac.uk/gwas/rest/api/v2/associations?efo_id=OBA_0002313&show_child_trait=false&size=500&page=1""]",SLC45A2
pigmentation,30548181,GCST006075,29662168,"[""OBA_0002313""]","[""strict""]",https://www.ebi.ac.uk/gwas/rest/api/v2/associations/30548181,"[""https://www.ebi.ac.uk/gwas/rest/api/v2/associations?efo_id=OBA_0002313&show_child_trait=false&size=500&page=1""]",IRF4
pigmentation,30548186,GCST006075,29662168,"[""OBA_0002313""]","[""strict""]",https://www.ebi.ac.uk/gwas/rest/api/v2/associations/30548186,"[""https://www.ebi.ac.uk/gwas/rest/api/v2/associations?efo_id=OBA_0002313&show_child_trait=false&size=500&page=1""]",EZR
pigmentation,30548191,GCST006075,29662168,"[""OBA_0002313""]","[""strict""]",https://www.ebi.ac.uk/gwas/rest/api/v2/associations/30548191,"[""https://www.ebi.ac.uk/gwas/rest/api/v2/associations?efo_id=OBA_0002313&show_child_trait=false&size=500&page=1""]",LURAP1L-AS1
pigmentation,30548196,GCST006075,29662168,"[""OBA_0002313""]","[""strict""]",https://www.ebi.ac.uk/gwas/rest/api/v2/associations/30548196,"[""https://www.ebi.ac.uk/gwas/rest/api/v2/associations?efo_id=OBA_0002313&show_child_trait=false&size=500&page=1""]",BNC2
pigmentation,30548196,GCST006075,29662168,"[""OBA_0002313""]","[""strict""]",https://www.ebi.ac.uk/gwas/rest/api/v2/associations/30548196,"[""https://www.ebi.ac.uk/gwas/rest/api/v2/associations?efo_id=OBA_0002313&show_child_trait=false&size=500&page=1""]",RN7SL720P
pigmentation,30548201,GCST006075,29662168,"[""OBA_0002313""]","[""strict""]",https://www.ebi.ac.uk/gwas/rest/api/v2/associations/30548201,"[""https://www.ebi.ac.uk/gwas/rest/api/v2/associations?efo_id=OBA_0002313&show_child_trait=false&size=500&page=1""]",LHX2
pigmentation,30548201,GCST006075,29662168,"[""OBA_0002313""]","[""strict""]",https://www.ebi.ac.uk/gwas/rest/api/v2/associations/30548201,"[""https://www.ebi.ac.uk/gwas/rest/api/v2/associations?efo_id=OBA_0002313&show_child_trait=false&size=500&page=1""]",NEK6
pigmentation,30548206,GCST006075,29662168,"[""OBA_0002313""]","[""strict""]",https://www.ebi.ac.uk/gwas/rest/api/v2/associations/30548206,"[""https://www.ebi.ac.uk/gwas/rest/api/v2/associations?efo_id=OBA_0002313&show_child_trait=false&size=500&page=1""]",PPFIBP2
pigmentation,30548211,GCST006075,29662168,"[""OBA_0002313""]","[""strict""]",https://www.ebi.ac.uk/gwas/rest/api/v2/associations/30548211,"[""https://www.ebi.ac.uk/gwas/rest/api/v2/associations?efo_id=OBA_0002313&show_child_trait=false&size=500&page=1""]",TPCN2
pigmentation,30548216,GCST006075,29662168,"[""OBA_0002313""]","[""strict""]",https://www.ebi.ac.uk/gwas/rest/api/v2/associations/30548216,"[""https://www.ebi.ac.uk/gwas/rest/api/v2/associations?efo_id=OBA_0002313&show_child_trait=false&size=500&page=1""]",GAB2
pigmentation,30548216,GCST006075,29662168,"[""OBA_0002313""]","[""strict""]",https://www.ebi.ac.uk/gwas/rest/api/v2/associations/30548216,"[""https://www.ebi.ac.uk/gwas/rest/api/v2/associations?efo_id=OBA_0002313&show_child_trait=false&size=500&page=1""]",LINC02728
pigmentation,30548220,GCST006075,29662168,"[""OBA_0002313""]","[""strict""]",https://www.ebi.ac.uk/gwas/rest/api/v2/associations/30548220,"[""https://www.ebi.ac.uk/gwas/rest/api/v2/associations?efo_id=OBA_0002313&show_child_trait=false&size=500&page=1""]",TYR
pigmentation,30548224,GCST006075,29662168,"[""OBA_0002313""]","[""strict""]",https://www.ebi.ac.uk/gwas/rest/api/v2/associations/30548224,"[""https://www.ebi.ac.uk/gwas/rest/api/v2/associations?efo_id=OBA_0002313&show_child_trait=false&size=500&page=1""]",LINC02458
pigmentation,30548224,GCST006075,29662168,"[""OBA_0002313""]","[""strict""]",https://www.ebi.ac.uk/gwas/rest/api/v2/associations/30548224,"[""https://www.ebi.ac.uk/gwas/rest/api/v2/associations?efo_id=OBA_0002313&show_child_trait=false&size=500&page=1""]",RNU1-117P
pigmentation,30548229,GCST006075,29662168,"[""OBA_0002313""]","[""strict""]",https://www.ebi.ac.uk/gwas/rest/api/v2/associations/30548229,"[""https://www.ebi.ac.uk/gwas/rest/api/v2/associations?efo_id=OBA_0002313&show_child_trait=false&size=500&page=1""]",EDNRB-AS1
pigmentation,30548234,GCST006075,29662168,"[""OBA_0002313""]","[""strict""]",https://www.ebi.ac.uk/gwas/rest/api/v2/associations/30548234,"[""https://www.ebi.ac.uk/gwas/rest/api/v2/associations?efo_id=OBA_0002313&show_child_trait=false&size=500&page=1""]",DCT
pigmentation,30548234,GCST006075,29662168,"[""OBA_0002313""]","[""strict""]",https://www.ebi.ac.uk/gwas/rest/api/v2/associations/30548234,"[""https://www.ebi.ac.uk/gwas/rest/api/v2/associations?efo_id=OBA_0002313&show_child_trait=false&size=500&page=1""]",TGDS
pigmentation,30548239,GCST006075,29662168,"[""OBA_0002313""]","[""strict""]",https://www.ebi.ac.uk/gwas/rest/api/v2/associations/30548239,"[""https://www.ebi.ac.uk/gwas/rest/api/v2/associations?efo_id=OBA_0002313&show_child_trait=false&size=500&page=1""]",LINC02322
pigmentation,30548239,GCST006075,29662168,"[""OBA_0002313""]","[""strict""]",https://www.ebi.ac.uk/gwas/rest/api/v2/associations/30548239,"[""https://www.ebi.ac.uk/gwas/rest/api/v2/associations?efo_id=OBA_0002313&show_child_trait=false&size=500&page=1""]",PPM1A
pigmentation,30548244,GCST006075,29662168,"[""OBA_0002313""]","[""strict""]",https://www.ebi.ac.uk/gwas/rest/api/v2/associations/30548244,"[""https://www.ebi.ac.uk/gwas/rest/api/v2/associations?efo_id=OBA_0002313&show_child_trait=false&size=500&page=1""]",RNU6-366P
pigmentation,30548244,GCST006075,29662168,"[""OBA_0002313""]","[""strict""]",https://www.ebi.ac.uk/gwas/rest/api/v2/associations/30548244,"[""https://www.ebi.ac.uk/gwas/rest/api/v2/associations?efo_id=OBA_0002313&show_child_trait=false&size=500&page=1""]",SLC24A4
pigmentation,30548248,GCST006075,29662168,"[""OBA_0002313""]","[""strict""]",https://www.ebi.ac.uk/gwas/rest/api/v2/associations/30548248,"[""https://www.ebi.ac.uk/gwas/rest/api/v2/associations?efo_id=OBA_0002313&show_child_trait=false&size=500&page=1""]",HERC2
pigmentation,30548252,GCST006075,29662168,"[""OBA_0002313""]","[""strict""]",https://www.ebi.ac.uk/gwas/rest/api/v2/associations/30548252,"[""https://www.ebi.ac.uk/gwas/rest/api/v2/associations?efo_id=OBA_0002313&show_child_trait=false&size=500&page=1""]",MC1R
pigmentation,30548257,GCST006075,29662168,"[""OBA_0002313""]","[""strict""]",https://www.ebi.ac.uk/gwas/rest/api/v2/associations/30548257,"[""https://www.ebi.ac.uk/gwas/rest/api/v2/associations?efo_id=OBA_0002313&show_child_trait=false&size=500&page=1""]",SP2-AS1
pigmentation,30548257,GCST006075,29662168,"[""OBA_0002313""]","[""strict""]",https://www.ebi.ac.uk/gwas/rest/api/v2/associations/30548257,"[""https://www.ebi.ac.uk/gwas/rest/api/v2/associations?efo_id=OBA_0002313&show_child_trait=false&size=500&page=1""]",SP6
pigmentation,30548262,GCST006075,29662168,"[""OBA_0002313""]","[""strict""]",https://www.ebi.ac.uk/gwas/rest/api/v2/associations/30548262,"[""https://www.ebi.ac.uk/gwas/rest/api/v2/associations?efo_id=OBA_0002313&show_child_trait=false&size=500&page=1""]",RALY
pigmentation,30548268,GCST006075,29662168,"[""OBA_0002313""]","[""strict""]",https://www.ebi.ac.uk/gwas/rest/api/v2/associations/30548268,"[""https://www.ebi.ac.uk/gwas/rest/api/v2/associations?efo_id=OBA_0002313&show_child_trait=false&size=500&page=1""]",BCAS1
pigmentation,30827795,GCST005897,29739929,"[""EFO_0004279""]","[""broad""]",https://www.ebi.ac.uk/gwas/rest/api/v2/associations/30827795,"[""https://www.ebi.ac.uk/gwas/rest/api/v2/associations?efo_id=EFO_0004279&show_child_trait=false&size=500&page=0""]",PDE4B
pigmentation,30827795,GCST005897,29739929,"[""EFO_0004279""]","[""broad""]",https://www.ebi.ac.uk/gwas/rest/api/v2/associations/30827795,"[""https://www.ebi.ac.uk/gwas/rest/api/v2/associations?efo_id=EFO_0004279&show_child_trait=false&size=500&page=0""]",SGIP1
pigmentation,30827799,GCST005897,29739929,"[""EFO_0004279""]","[""broad""]",https://www.ebi.ac.uk/gwas/rest/api/v2/associations/30827799,"[""https://www.ebi.ac.uk/gwas/rest/api/v2/associations?efo_id=EFO_0004279&show_child_trait=false&size=500&page=0""]",SLC45A2
pigmentation,30827803,GCST005897,29739929,"[""EFO_0004279""]","[""broad""]",https://www.ebi.ac.uk/gwas/rest/api/v2/associations/30827803,"[""https://www.ebi.ac.uk/gwas/rest/api/v2/associations?efo_id=EFO_0004279&show_child_trait=false&size=500&page=0""]",PPARGC1B
pigmentation,30827807,GCST005897,29739929,"[""EFO_0004279""]","[""broad""]",https://www.ebi.ac.uk/gwas/rest/api/v2/associations/30827807,"[""https://www.ebi.ac.uk/gwas/rest/api/v2/associations?efo_id=EFO_0004279&show_child_trait=false&size=500&page=0""]",IRF4
pigmentation,30827811,GCST005897,29739929,"[""EFO_0004279""]","[""broad""]",https://www.ebi.ac.uk/gwas/rest/api/v2/associations/30827811,"[""https://www.ebi.ac.uk/gwas/rest/api/v2/associations?efo_id=EFO_0004279&show_child_trait=false&size=500&page=0""]",TRPS1
pigmentation,30827815,GCST005897,29739929,"[""EFO_0004279""]","[""broad""]",https://www.ebi.ac.uk/gwas/rest/api/v2/associations/30827815,"[""https://www.ebi.ac.uk/gwas/rest/api/v2/associations?efo_id=EFO_0004279&show_child_trait=false&size=500&page=0""]",LURAP1L-AS1
pigmentation,30827819,GCST005897,29739929,"[""EFO_0004279""]","[""broad""]",https://www.ebi.ac.uk/gwas/rest/api/v2/associations/30827819,"[""https://www.ebi.ac.uk/gwas/rest/api/v2/associations?efo_id=EFO_0004279&show_child_trait=false&size=500&page=0""]",BNC2
pigmentation,30827819,GCST005897,29739929,"[""EFO_0004279""]","[""broad""]",https://www.ebi.ac.uk/gwas/rest/api/v2/associations/30827819,"[""https://www.ebi.ac.uk/gwas/rest/api/v2/associations?efo_id=EFO_0004279&show_child_trait=false&size=500&page=0""]",RN7SL720P
pigmentation,30827823,GCST005897,29739929,"[""EFO_0004279""]","[""broad""]",https://www.ebi.ac.uk/gwas/rest/api/v2/associations/30827823,"[""https://www.ebi.ac.uk/gwas/rest/api/v2/associations?efo_id=EFO_0004279&show_child_trait=false&size=500&page=0""]",LINC02674
pigmentation,30827823,GCST005897,29739929,"[""EFO_0004279""]","[""broad""]",https://www.ebi.ac.uk/gwas/rest/api/v2/associations/30827823,"[""https://www.ebi.ac.uk/gwas/rest/api/v2/associations?efo_id=EFO_0004279&show_child_trait=false&size=500&page=0""]",RAB11FIP2
pigmentation,30827827,GCST005897,29739929,"[""EFO_0004279""]","[""broad""]",https://www.ebi.ac.uk/gwas/rest/api/v2/associations/30827827,"[""https://www.ebi.ac.uk/gwas/rest/api/v2/associations?efo_id=EFO_0004279&show_child_trait=false&size=500&page=0""]",TPCN2
pigmentation,30827831,GCST005897,29739929,"[""EFO_0004279""]","[""broad""]",https://www.ebi.ac.uk/gwas/rest/api/v2/associations/30827831,"[""https://www.ebi.ac.uk/gwas/rest/api/v2/associations?efo_id=EFO_0004279&show_child_trait=false&size=500&page=0""]",TYR
pigmentation,30827835,GCST005897,29739929,"[""EFO_0004279""]","[""broad""]",https://www.ebi.ac.uk/gwas/rest/api/v2/associations/30827835,"[""https://www.ebi.ac.uk/gwas/rest/api/v2/associations?efo_id=EFO_0004279&show_child_trait=false&size=500&page=0""]",DCT
pigmentation,30827835,GCST005897,29739929,"[""EFO_0004279""]","[""broad""]",https://www.ebi.ac.uk/gwas/rest/api/v2/associations/30827835,"[""https://www.ebi.ac.uk/gwas/rest/api/v2/associations?efo_id=EFO_0004279&show_child_trait=false&size=500&page=0""]",TGDS
pigmentation,30827839,GCST005897,29739929,"[""EFO_0004279""]","[""broad""]",https://www.ebi.ac.uk/gwas/rest/api/v2/associations/30827839,"[""https://www.ebi.ac.uk/gwas/rest/api/v2/associations?efo_id=EFO_0004279&show_child_trait=false&size=500&page=0""]",HERC2
pigmentation,30827843,GCST005897,29739929,"[""EFO_0004279""]","[""broad""]",https://www.ebi.ac.uk/gwas/rest/api/v2/associations/30827843,"[""https://www.ebi.ac.uk/gwas/rest/api/v2/associations?efo_id=EFO_0004279&show_child_trait=false&size=500&page=0""]",CPNE7
pigmentation,30827847,GCST005897,29739929,"[""EFO_0004279""]","[""broad""]",https://www.ebi.ac.uk/gwas/rest/api/v2/associations/30827847,"[""https://www.ebi.ac.uk/gwas/rest/api/v2/associations?efo_id=EFO_0004279&show_child_trait=false&size=500&page=0""]",RALY
pigmentation,30827851,GCST005897,29739929,"[""EFO_0004279""]","[""broad""]",https://www.ebi.ac.uk/gwas/rest/api/v2/associations/30827851,"[""https://www.ebi.ac.uk/gwas/rest/api/v2/associations?efo_id=EFO_0004279&show_child_trait=false&size=500&page=0""]",BNC2
pigmentation,30827856,GCST005897,29739929,"[""EFO_0004279""]","[""broad""]",https://www.ebi.ac.uk/gwas/rest/api/v2/associations/30827856,"[""https://www.ebi.ac.uk/gwas/rest/api/v2/associations?efo_id=EFO_0004279&show_child_trait=false&size=500&page=0""]",OCA2
pigmentation,30827860,GCST005897,29739929,"[""EFO_0004279""]","[""broad""]",https://www.ebi.ac.uk/gwas/rest/api/v2/associations/30827860,"[""https://www.ebi.ac.uk/gwas/rest/api/v2/associations?efo_id=EFO_0004279&show_child_trait=false&size=500&page=0""]",CHMP1A
pigmentation,30827864,GCST005897,29739929,"[""EFO_0004279""]","[""broad""]",https://www.ebi.ac.uk/gwas/rest/api/v2/associations/30827864,"[""https://www.ebi.ac.uk/gwas/rest/api/v2/associations?efo_id=EFO_0004279&show_child_trait=false&size=500&page=0""]",CHMP1A
pigmentation,30827868,GCST005897,29739929,"[""EFO_0004279""]","[""broad""]",https://www.ebi.ac.uk/gwas/rest/api/v2/associations/30827868,"[""https://www.ebi.ac.uk/gwas/rest/api/v2/associations?efo_id=EFO_0004279&show_child_trait=false&size=500&page=0""]",FANCA
pigmentation,30827872,GCST005897,29739929,"[""EFO_0004279""]","[""broad""]",https://www.ebi.ac.uk/gwas/rest/api/v2/associations/30827872,"[""https://www.ebi.ac.uk/gwas/rest/api/v2/associations?efo_id=EFO_0004279&show_child_trait=false&size=500&page=0""]",FANCA
pigmentation,30827876,GCST005897,29739929,"[""EFO_0004279""]","[""broad""]",https://www.ebi.ac.uk/gwas/rest/api/v2/associations/30827876,"[""https://www.ebi.ac.uk/gwas/rest/api/v2/associations?efo_id=EFO_0004279&show_child_trait=false&size=500&page=0""]",FANCA
pigmentation,30827880,GCST005897,29739929,"[""EFO_0004279""]","[""broad""]",https://www.ebi.ac.uk/gwas/rest/api/v2/associations/30827880,"[""https://www.ebi.ac.uk/gwas/rest/api/v2/associations?efo_id=EFO_0004279&show_child_trait=false&size=500&page=0""]",FANCA
pigmentation,30827880,GCST005897,29739929,"[""EFO_0004279""]","[""broad""]",https://www.ebi.ac.uk/gwas/rest/api/v2/associations/30827880,"[""https://www.ebi.ac.uk/gwas/rest/api/v2/associations?efo_id=EFO_0004279&show_child_trait=false&size=500&page=0""]",SPIRE2
pigmentation,30827884,GCST005897,29739929,"[""EFO_0004279""]","[""broad""]",https://www.ebi.ac.uk/gwas/rest/api/v2/associations/30827884,"[""https://www.ebi.ac.uk/gwas/rest/api/v2/associations?efo_id=EFO_0004279&show_child_trait=false&size=500&page=0""]",SPIRE2
pigmentation,30827888,GCST005897,29739929,"[""EFO_0004279""]","[""broad""]",https://www.ebi.ac.uk/gwas/rest/api/v2/associations/30827888,"[""https://www.ebi.ac.uk/gwas/rest/api/v2/associations?efo_id=EFO_0004279&show_child_trait=false&size=500&page=0""]",DEF8
pigmentation,30827892,GCST005897,29739929,"[""EFO_0004279""]","[""broad""]",https://www.ebi.ac.uk/gwas/rest/api/v2/associations/30827892,"[""https://www.ebi.ac.uk/gwas/rest/api/v2/associations?efo_id=EFO_0004279&show_child_trait=false&size=500&page=0""]",AFG3L1P
pigmentation,30827896,GCST005897,29739929,"[""EFO_0004279""]","[""broad""]",https://www.ebi.ac.uk/gwas/rest/api/v2/associations/30827896,"[""https://www.ebi.ac.uk/gwas/rest/api/v2/associations?efo_id=EFO_0004279&show_child_trait=false&size=500&page=0""]",AFG3L1P
pigmentation,30827900,GCST005897,29739929,"[""EFO_0004279""]","[""broad""]",https://www.ebi.ac.uk/gwas/rest/api/v2/associations/30827900,"[""https://www.ebi.ac.uk/gwas/rest/api/v2/associations?efo_id=EFO_0004279&show_child_trait=false&size=500&page=0""]",DBNDD1
pigmentation,30827904,GCST005897,29739929,"[""EFO_0004279""]","[""broad""]",https://www.ebi.ac.uk/gwas/rest/api/v2/associations/30827904,"[""https://www.ebi.ac.uk/gwas/rest/api/v2/associations?efo_id=EFO_0004279&show_child_trait=false&size=500&page=0""]",PRDM7
pigmentation,30827904,GCST005897,29739929,"[""EFO_0004279""]","[""broad""]",https://www.ebi.ac.uk/gwas/rest/api/v2/associations/30827904,"[""https://www.ebi.ac.uk/gwas/rest/api/v2/associations?efo_id=EFO_0004279&show_child_trait=false&size=500&page=0""]",TUBB8P7
pigmentation,30827909,GCST005897,29739929,"[""EFO_0004279""]","[""broad""]",https://www.ebi.ac.uk/gwas/rest/api/v2/associations/30827909,"[""https://www.ebi.ac.uk/gwas/rest/api/v2/associations?efo_id=EFO_0004279&show_child_trait=false&size=500&page=0""]",CYP1B1
pigmentation,30827909,GCST005897,29739929,"[""EFO_0004279""]","[""broad""]",https://www.ebi.ac.uk/gwas/rest/api/v2/associations/30827909,"[""https://www.ebi.ac.uk/gwas/rest/api/v2/associations?efo_id=EFO_0004279&show_child_trait=false&size=500&page=0""]",CYP1B1-AS1
pigmentation,30827914,GCST005897,29739929,"[""EFO_0004279""]","[""broad""]",https://www.ebi.ac.uk/gwas/rest/api/v2/associations/30827914,"[""https://www.ebi.ac.uk/gwas/rest/api/v2/associations?efo_id=EFO_0004279&show_child_trait=false&size=500&page=0""]",DUSP22
pigmentation,30827914,GCST005897,29739929,"[""EFO_0004279""]","[""broad""]",https://www.ebi.ac.uk/gwas/rest/api/v2/associations/30827914,"[""https://www.ebi.ac.uk/gwas/rest/api/v2/associations?efo_id=EFO_0004279&show_child_trait=false&size=500&page=0""]",LINC03066
pigmentation,30827919,GCST005897,29739929,"[""EFO_0004279""]","[""broad""]",https://www.ebi.ac.uk/gwas/rest/api/v2/associations/30827919,"[""https://www.ebi.ac.uk/gwas/rest/api/v2/associations?efo_id=EFO_0004279&show_child_trait=false&size=500&page=0""]",EXOC2
pigmentation,30827924,GCST005897,29739929,"[""EFO_0004279""]","[""broad""]",https://www.ebi.ac.uk/gwas/rest/api/v2/associations/30827924,"[""https://www.ebi.ac.uk/gwas/rest/api/v2/associations?efo_id=EFO_0004279&show_child_trait=false&size=500&page=0""]",EXOC2
pigmentation,30827934,GCST005897,29739929,"[""EFO_0004279""]","[""broad""]",https://www.ebi.ac.uk/gwas/rest/api/v2/associations/30827934,"[""https://www.ebi.ac.uk/gwas/rest/api/v2/associations?efo_id=EFO_0004279&show_child_trait=false&size=500&page=0""]",SMIM38
pigmentation,30827934,GCST005897,29739929,"[""EFO_0004279""]","[""broad""]",https://www.ebi.ac.uk/gwas/rest/api/v2/associations/30827934,"[""https://www.ebi.ac.uk/gwas/rest/api/v2/associations?efo_id=EFO_0004279&show_child_trait=false&size=500&page=0""]",TPCN2
pigmentation,30827939,GCST005897,29739929,"[""EFO_0004279""]","[""broad""]",https://www.ebi.ac.uk/gwas/rest/api/v2/associations/30827939,"[""https://www.ebi.ac.uk/gwas/rest/api/v2/associations?efo_id=EFO_0004279&show_child_trait=false&size=500&page=0""]",GAPDHP70
pigmentation,30827939,GCST005897,29739929,"[""EFO_0004279""]","[""broad""]",https://www.ebi.ac.uk/gwas/rest/api/v2/associations/30827939,"[""https://www.ebi.ac.uk/gwas/rest/api/v2/associations?efo_id=EFO_0004279&show_child_trait=false&size=500&page=0""]",GRM5-AS1
pigmentation,30827944,GCST005897,29739929,"[""EFO_0004279""]","[""broad""]",https://www.ebi.ac.uk/gwas/rest/api/v2/associations/30827944,"[""https://www.ebi.ac.uk/gwas/rest/api/v2/associations?efo_id=EFO_0004279&show_child_trait=false&size=500&page=0""]",GRM5
pigmentation,30827949,GCST005897,29739929,"[""EFO_0004279""]","[""broad""]",https://www.ebi.ac.uk/gwas/rest/api/v2/associations/30827949,"[""https://www.ebi.ac.uk/gwas/rest/api/v2/associations?efo_id=EFO_0004279&show_child_trait=false&size=500&page=0""]",GRM5
pigmentation,30827954,GCST005897,29739929,"[""EFO_0004279""]","[""broad""]",https://www.ebi.ac.uk/gwas/rest/api/v2/associations/30827954,"[""https://www.ebi.ac.uk/gwas/rest/api/v2/associations?efo_id=EFO_0004279&show_child_trait=false&size=500&page=0""]",GRM5
pigmentation,30827959,GCST005897,29739929,"[""EFO_0004279""]","[""broad""]",https://www.ebi.ac.uk/gwas/rest/api/v2/associations/30827959,"[""https://www.ebi.ac.uk/gwas/rest/api/v2/associations?efo_id=EFO_0004279&show_child_trait=false&size=500&page=0""]",GRM5
pigmentation,30827959,GCST005897,29739929,"[""EFO_0004279""]","[""broad""]",https://www.ebi.ac.uk/gwas/rest/api/v2/associations/30827959,"[""https://www.ebi.ac.uk/gwas/rest/api/v2/associations?efo_id=EFO_0004279&show_child_trait=false&size=500&page=0""]",TYR
pigmentation,30827964,GCST005897,29739929,"[""EFO_0004279""]","[""broad""]",https://www.ebi.ac.uk/gwas/rest/api/v2/associations/30827964,"[""https://www.ebi.ac.uk/gwas/rest/api/v2/associations?efo_id=EFO_0004279&show_child_trait=false&size=500&page=0""]",NOX4
pigmentation,30827969,GCST005897,29739929,"[""EFO_0004279""]","[""broad""]",https://www.ebi.ac.uk/gwas/rest/api/v2/associations/30827969,"[""https://www.ebi.ac.uk/gwas/rest/api/v2/associations?efo_id=EFO_0004279&show_child_trait=false&size=500&page=0""]",TRIM77
pigmentation,30827974,GCST005897,29739929,"[""EFO_0004279""]","[""broad""]",https://www.ebi.ac.uk/gwas/rest/api/v2/associations/30827974,"[""https://www.ebi.ac.uk/gwas/rest/api/v2/associations?efo_id=EFO_0004279&show_child_trait=false&size=500&page=0""]",CHORDC1
pigmentation,30827974,GCST005897,29739929,"[""EFO_0004279""]","[""broad""]",https://www.ebi.ac.uk/gwas/rest/api/v2/associations/30827974,"[""https://www.ebi.ac.uk/gwas/rest/api/v2/associations?efo_id=EFO_0004279&show_child_trait=false&size=500&page=0""]",DISC1FP1
pigmentation,30827979,GCST005897,29739929,"[""EFO_0004279""]","[""broad""]",https://www.ebi.ac.uk/gwas/rest/api/v2/associations/30827979,"[""https://www.ebi.ac.uk/gwas/rest/api/v2/associations?efo_id=EFO_0004279&show_child_trait=false&size=500&page=0""]",DISC1FP1
pigmentation,30827984,GCST005897,29739929,"[""EFO_0004279""]","[""broad""]",https://www.ebi.ac.uk/gwas/rest/api/v2/associations/30827984,"[""https://www.ebi.ac.uk/gwas/rest/api/v2/associations?efo_id=EFO_0004279&show_child_trait=false&size=500&page=0""]",LINC02458
pigmentation,30827984,GCST005897,29739929,"[""EFO_0004279""]","[""broad""]",https://www.ebi.ac.uk/gwas/rest/api/v2/associations/30827984,"[""https://www.ebi.ac.uk/gwas/rest/api/v2/associations?efo_id=EFO_0004279&show_child_trait=false&size=500&page=0""]",RNU1-117P
pigmentation,30827989,GCST005897,29739929,"[""EFO_0004279""]","[""broad""]",https://www.ebi.ac.uk/gwas/rest/api/v2/associations/30827989,"[""https://www.ebi.ac.uk/gwas/rest/api/v2/associations?efo_id=EFO_0004279&show_child_trait=false&size=500&page=0""]",ATP11A
pigmentation,30827994,GCST005897,29739929,"[""EFO_0004279""]","[""broad""]",https://www.ebi.ac.uk/gwas/rest/api/v2/associations/30827994,"[""https://www.ebi.ac.uk/gwas/rest/api/v2/associations?efo_id=EFO_0004279&show_child_trait=false&size=500&page=0""]",RNU6-366P
pigmentation,30827994,GCST005897,29739929,"[""EFO_0004279""]","[""broad""]",https://www.ebi.ac.uk/gwas/rest/api/v2/associations/30827994,"[""https://www.ebi.ac.uk/gwas/rest/api/v2/associations?efo_id=EFO_0004279&show_child_trait=false&size=500&page=0""]",SLC24A4
pigmentation,30828004,GCST005897,29739929,"[""EFO_0004279""]","[""broad""]",https://www.ebi.ac.uk/gwas/rest/api/v2/associations/30828004,"[""https://www.ebi.ac.uk/gwas/rest/api/v2/associations?efo_id=EFO_0004279&show_child_trait=false&size=500&page=0""]",HERC2
pigmentation,30828009,GCST005897,29739929,"[""EFO_0004279""]","[""broad""]",https://www.ebi.ac.uk/gwas/rest/api/v2/associations/30828009,"[""https://www.ebi.ac.uk/gwas/rest/api/v2/associations?efo_id=EFO_0004279&show_child_trait=false&size=500&page=0""]",RNF166
pigmentation,30828014,GCST005897,29739929,"[""EFO_0004279""]","[""broad""]",https://www.ebi.ac.uk/gwas/rest/api/v2/associations/30828014,"[""https://www.ebi.ac.uk/gwas/rest/api/v2/associations?efo_id=EFO_0004279&show_child_trait=false&size=500&page=0""]",LINC02138
pigmentation,30828019,GCST005897,29739929,"[""EFO_0004279""]","[""broad""]",https://www.ebi.ac.uk/gwas/rest/api/v2/associations/30828019,"[""https://www.ebi.ac.uk/gwas/rest/api/v2/associations?efo_id=EFO_0004279&show_child_trait=false&size=500&page=0""]",ANKRD11
pigmentation,30828024,GCST005897,29739929,"[""EFO_0004279""]","[""broad""]",https://www.ebi.ac.uk/gwas/rest/api/v2/associations/30828024,"[""https://www.ebi.ac.uk/gwas/rest/api/v2/associations?efo_id=EFO_0004279&show_child_trait=false&size=500&page=0""]",ANKRD11
pigmentation,30828035,GCST005897,29739929,"[""EFO_0004279""]","[""broad""]",https://www.ebi.ac.uk/gwas/rest/api/v2/associations/30828035,"[""https://www.ebi.ac.uk/gwas/rest/api/v2/associations?efo_id=EFO_0004279&show_child_trait=false&size=500&page=0""]",VPS9D1
pigmentation,30828046,GCST005897,29739929,"[""EFO_0004279""]","[""broad""]",https://www.ebi.ac.uk/gwas/rest/api/v2/associations/30828046,"[""https://www.ebi.ac.uk/gwas/rest/api/v2/associations?efo_id=EFO_0004279&show_child_trait=false&size=500&page=0""]",CENPBD1P
pigmentation,30828046,GCST005897,29739929,"[""EFO_0004279""]","[""broad""]",https://www.ebi.ac.uk/gwas/rest/api/v2/associations/30828046,"[""https://www.ebi.ac.uk/gwas/rest/api/v2/associations?efo_id=EFO_0004279&show_child_trait=false&size=500&page=0""]",DEF8
pigmentation,30828051,GCST005897,29739929,"[""EFO_0004279""]","[""broad""]",https://www.ebi.ac.uk/gwas/rest/api/v2/associations/30828051,"[""https://www.ebi.ac.uk/gwas/rest/api/v2/associations?efo_id=EFO_0004279&show_child_trait=false&size=500&page=0""]",PRDM7
pigmentation,30828056,GCST005897,29739929,"[""EFO_0004279""]","[""broad""]",https://www.ebi.ac.uk/gwas/rest/api/v2/associations/30828056,"[""https://www.ebi.ac.uk/gwas/rest/api/v2/associations?efo_id=EFO_0004279&show_child_trait=false&size=500&page=0""]",TM9SF4
pigmentation,30828061,GCST005897,29739929,"[""EFO_0004279""]","[""broad""]",https://www.ebi.ac.uk/gwas/rest/api/v2/associations/30828061,"[""https://www.ebi.ac.uk/gwas/rest/api/v2/associations?efo_id=EFO_0004279&show_child_trait=false&size=500&page=0""]",KIF3B
pigmentation,30828061,GCST005897,29739929,"[""EFO_0004279""]","[""broad""]",https://www.ebi.ac.uk/gwas/rest/api/v2/associations/30828061,"[""https://www.ebi.ac.uk/gwas/rest/api/v2/associations?efo_id=EFO_0004279&show_child_trait=false&size=500&page=0""]",POFUT1
pigmentation,30828066,GCST005897,29739929,"[""EFO_0004279""]","[""broad""]",https://www.ebi.ac.uk/gwas/rest/api/v2/associations/30828066,"[""https://www.ebi.ac.uk/gwas/rest/api/v2/associations?efo_id=EFO_0004279&show_child_trait=false&size=500&page=0""]",NOL4L
pigmentation,30828071,GCST005897,29739929,"[""EFO_0004279""]","[""broad""]",https://www.ebi.ac.uk/gwas/rest/api/v2/associations/30828071,"[""https://www.ebi.ac.uk/gwas/rest/api/v2/associations?efo_id=EFO_0004279&show_child_trait=false&size=500&page=0""]",C20orf203
pigmentation,30828075,GCST005897,29739929,"[""EFO_0004279""]","[""broad""]",https://www.ebi.ac.uk/gwas/rest/api/v2/associations/30828075,"[""https://www.ebi.ac.uk/gwas/rest/api/v2/associations?efo_id=EFO_0004279&show_child_trait=false&size=500&page=0""]",DNMT3B
pigmentation,30828080,GCST005897,29739929,"[""EFO_0004279""]","[""broad""]",https://www.ebi.ac.uk/gwas/rest/api/v2/associations/30828080,"[""https://www.ebi.ac.uk/gwas/rest/api/v2/associations?efo_id=EFO_0004279&show_child_trait=false&size=500&page=0""]",BPIFA2
pigmentation,30828084,GCST005897,29739929,"[""EFO_0004279""]","[""broad""]",https://www.ebi.ac.uk/gwas/rest/api/v2/associations/30828084,"[""https://www.ebi.ac.uk/gwas/rest/api/v2/associations?efo_id=EFO_0004279&show_child_trait=false&size=500&page=0""]",CBFA2T2
pigmentation,30828084,GCST005897,29739929,"[""EFO_0004279""]","[""broad""]",https://www.ebi.ac.uk/gwas/rest/api/v2/associations/30828084,"[""https://www.ebi.ac.uk/gwas/rest/api/v2/associations?efo_id=EFO_0004279&show_child_trait=false&size=500&page=0""]",SNTA1
pigmentation,30828089,GCST005897,29739929,"[""EFO_0004279""]","[""broad""]",https://www.ebi.ac.uk/gwas/rest/api/v2/associations/30828089,"[""https://www.ebi.ac.uk/gwas/rest/api/v2/associations?efo_id=EFO_0004279&show_child_trait=false&size=500&page=0""]",ZNF341
pigmentation,30828098,GCST005897,29739929,"[""EFO_0004279""]","[""broad""]",https://www.ebi.ac.uk/gwas/rest/api/v2/associations/30828098,"[""https://www.ebi.ac.uk/gwas/rest/api/v2/associations?efo_id=EFO_0004279&show_child_trait=false&size=500&page=0""]",PIGU
pigmentation,30828102,GCST005897,29739929,"[""EFO_0004279""]","[""broad""]",https://www.ebi.ac.uk/gwas/rest/api/v2/associations/30828102,"[""https://www.ebi.ac.uk/gwas/rest/api/v2/associations?efo_id=EFO_0004279&show_child_trait=false&size=500&page=0""]",NCOA6
pigmentation,30828112,GCST005897,29739929,"[""EFO_0004279""]","[""broad""]",https://www.ebi.ac.uk/gwas/rest/api/v2/associations/30828112,"[""https://www.ebi.ac.uk/gwas/rest/api/v2/associations?efo_id=EFO_0004279&show_child_trait=false&size=500&page=0""]",MYH7B
pigmentation,30828116,GCST005897,29739929,"[""EFO_0004279""]","[""broad""]",https://www.ebi.ac.uk/gwas/rest/api/v2/associations/30828116,"[""https://www.ebi.ac.uk/gwas/rest/api/v2/associations?efo_id=EFO_0004279&show_child_trait=false&size=500&page=0""]",EDEM2
pigmentation,30828116,GCST005897,29739929,"[""EFO_0004279""]","[""broad""]",https://www.ebi.ac.uk/gwas/rest/api/v2/associations/30828116,"[""https://www.ebi.ac.uk/gwas/rest/api/v2/associations?efo_id=EFO_0004279&show_child_trait=false&size=500&page=0""]",TRPC4AP
pigmentation,30828120,GCST005897,29739929,"[""EFO_0004279""]","[""broad""]",https://www.ebi.ac.uk/gwas/rest/api/v2/associations/30828120,"[""https://www.ebi.ac.uk/gwas/rest/api/v2/associations?efo_id=EFO_0004279&show_child_trait=false&size=500&page=0""]",MMP24
pigmentation,30828120,GCST005897,29739929,"[""EFO_0004279""]","[""broad""]",https://www.ebi.ac.uk/gwas/rest/api/v2/associations/30828120,"[""https://www.ebi.ac.uk/gwas/rest/api/v2/associations?efo_id=EFO_0004279&show_child_trait=false&size=500&page=0""]",MMP24OS
pigmentation,30828124,GCST005897,29739929,"[""EFO_0004279""]","[""broad""]",https://www.ebi.ac.uk/gwas/rest/api/v2/associations/30828124,"[""https://www.ebi.ac.uk/gwas/rest/api/v2/associations?efo_id=EFO_0004279&show_child_trait=false&size=500&page=0""]",UQCC1
pigmentation,30828129,GCST005897,29739929,"[""EFO_0004279""]","[""broad""]",https://www.ebi.ac.uk/gwas/rest/api/v2/associations/30828129,"[""https://www.ebi.ac.uk/gwas/rest/api/v2/associations?efo_id=EFO_0004279&show_child_trait=false&size=500&page=0""]",CPNE1
pigmentation,30828134,GCST005897,29739929,"[""EFO_0004279""]","[""broad""]",https://www.ebi.ac.uk/gwas/rest/api/v2/associations/30828134,"[""https://www.ebi.ac.uk/gwas/rest/api/v2/associations?efo_id=EFO_0004279&show_child_trait=false&size=500&page=0""]",RPF2P1
pigmentation,30828134,GCST005897,29739929,"[""EFO_0004279""]","[""broad""]",https://www.ebi.ac.uk/gwas/rest/api/v2/associations/30828134,"[""https://www.ebi.ac.uk/gwas/rest/api/v2/associations?efo_id=EFO_0004279&show_child_trait=false&size=500&page=0""]",U6
pigmentation,30828139,GCST005897,29739929,"[""EFO_0004279""]","[""broad""]",https://www.ebi.ac.uk/gwas/rest/api/v2/associations/30828139,"[""https://www.ebi.ac.uk/gwas/rest/api/v2/associations?efo_id=EFO_0004279&show_child_trait=false&size=500&page=0""]",NORAD
pigmentation,30828144,GCST005897,29739929,"[""EFO_0004279""]","[""broad""]",https://www.ebi.ac.uk/gwas/rest/api/v2/associations/30828144,"[""https://www.ebi.ac.uk/gwas/rest/api/v2/associations?efo_id=EFO_0004279&show_child_trait=false&size=500&page=0""]",AAR2
pigmentation,30828149,GCST005897,29739929,"[""EFO_0004279""]","[""broad""]",https://www.ebi.ac.uk/gwas/rest/api/v2/associations/30828149,"[""https://www.ebi.ac.uk/gwas/rest/api/v2/associations?efo_id=EFO_0004279&show_child_trait=false&size=500&page=0""]",DLGAP4
pigmentation,30828154,GCST005897,29739929,"[""EFO_0004279""]","[""broad""]",https://www.ebi.ac.uk/gwas/rest/api/v2/associations/30828154,"[""https://www.ebi.ac.uk/gwas/rest/api/v2/associations?efo_id=EFO_0004279&show_child_trait=false&size=500&page=0""]",SLA2
pigmentation,30828159,GCST005897,29739929,"[""EFO_0004279""]","[""broad""]",https://www.ebi.ac.uk/gwas/rest/api/v2/associations/30828159,"[""https://www.ebi.ac.uk/gwas/rest/api/v2/associations?efo_id=EFO_0004279&show_child_trait=false&size=500&page=0""]",MTCL2
pigmentation,30828164,GCST005897,29739929,"[""EFO_0004279""]","[""broad""]",https://www.ebi.ac.uk/gwas/rest/api/v2/associations/30828164,"[""https://www.ebi.ac.uk/gwas/rest/api/v2/associations?efo_id=EFO_0004279&show_child_trait=false&size=500&page=0""]",SAMHD1
pigmentation,30828169,GCST005897,29739929,"[""EFO_0004279""]","[""broad""]",https://www.ebi.ac.uk/gwas/rest/api/v2/associations/30828169,"[""https://www.ebi.ac.uk/gwas/rest/api/v2/associations?efo_id=EFO_0004279&show_child_trait=false&size=500&page=0""]",MROH8
pigmentation,30828174,GCST005897,29739929,"[""EFO_0004279""]","[""broad""]",https://www.ebi.ac.uk/gwas/rest/api/v2/associations/30828174,"[""https://www.ebi.ac.uk/gwas/rest/api/v2/associations?efo_id=EFO_0004279&show_child_trait=false&size=500&page=0""]",MANBAL
pigmentation,30828174,GCST005897,29739929,"[""EFO_0004279""]","[""broad""]",https://www.ebi.ac.uk/gwas/rest/api/v2/associations/30828174,"[""https://www.ebi.ac.uk/gwas/rest/api/v2/associations?efo_id=EFO_0004279&show_child_trait=false&size=500&page=0""]",SRC
pigmentation,30828179,GCST005897,29739929,"[""EFO_0004279""]","[""broad""]",https://www.ebi.ac.uk/gwas/rest/api/v2/associations/30828179,"[""https://www.ebi.ac.uk/gwas/rest/api/v2/associations?efo_id=EFO_0004279&show_child_trait=false&size=500&page=0""]",KIAA0930
pigmentation,31658746,GCST006091,29895819,"[""EFO_0003963""]","[""broad""]",https://www.ebi.ac.uk/gwas/rest/api/v2/associations/31658746,"[""https://www.ebi.ac.uk/gwas/rest/api/v2/associations?efo_id=EFO_0003963&show_child_trait=false&size=500&page=0""]",PPARGC1B
pigmentation,31658752,GCST006091,29895819,"[""EFO_0003963""]","[""broad""]",https://www.ebi.ac.uk/gwas/rest/api/v2/associations/31658752,"[""https://www.ebi.ac.uk/gwas/rest/api/v2/associations?efo_id=EFO_0003963&show_child_trait=false&size=500&page=0""]",BNC2
pigmentation,31658758,GCST006091,29895819,"[""EFO_0003963""]","[""broad""]",https://www.ebi.ac.uk/gwas/rest/api/v2/associations/31658758,"[""https://www.ebi.ac.uk/gwas/rest/api/v2/associations?efo_id=EFO_0003963&show_child_trait=false&size=500&page=0""]",LINC02674
pigmentation,31658758,GCST006091,29895819,"[""EFO_0003963""]","[""broad""]",https://www.ebi.ac.uk/gwas/rest/api/v2/associations/31658758,"[""https://www.ebi.ac.uk/gwas/rest/api/v2/associations?efo_id=EFO_0003963&show_child_trait=false&size=500&page=0""]",RAB11FIP2
pigmentation,31658763,GCST006091,29895819,"[""EFO_0003963""]","[""broad""]",https://www.ebi.ac.uk/gwas/rest/api/v2/associations/31658763,"[""https://www.ebi.ac.uk/gwas/rest/api/v2/associations?efo_id=EFO_0003963&show_child_trait=false&size=500&page=0""]",HSPA12A
pigmentation,31658769,GCST006091,29895819,"[""EFO_0003963""]","[""broad""]",https://www.ebi.ac.uk/gwas/rest/api/v2/associations/31658769,"[""https://www.ebi.ac.uk/gwas/rest/api/v2/associations?efo_id=EFO_0003963&show_child_trait=false&size=500&page=0""]",LINC02674
pigmentation,31658769,GCST006091,29895819,"[""EFO_0003963""]","[""broad""]",https://www.ebi.ac.uk/gwas/rest/api/v2/associations/31658769,"[""https://www.ebi.ac.uk/gwas/rest/api/v2/associations?efo_id=EFO_0003963&show_child_trait=false&size=500&page=0""]",RAB11FIP2
pigmentation,31658775,GCST006091,29895819,"[""EFO_0003963""]","[""broad""]",https://www.ebi.ac.uk/gwas/rest/api/v2/associations/31658775,"[""https://www.ebi.ac.uk/gwas/rest/api/v2/associations?efo_id=EFO_0003963&show_child_trait=false&size=500&page=0""]",LINC02674
pigmentation,31658775,GCST006091,29895819,"[""EFO_0003963""]","[""broad""]",https://www.ebi.ac.uk/gwas/rest/api/v2/associations/31658775,"[""https://www.ebi.ac.uk/gwas/rest/api/v2/associations?efo_id=EFO_0003963&show_child_trait=false&size=500&page=0""]",RAB11FIP2
pigmentation,31658779,GCST006091,29895819,"[""EFO_0003963""]","[""broad""]",https://www.ebi.ac.uk/gwas/rest/api/v2/associations/31658779,"[""https://www.ebi.ac.uk/gwas/rest/api/v2/associations?efo_id=EFO_0003963&show_child_trait=false&size=500&page=0""]",AKAP1
pigmentation,31658779,GCST006091,29895819,"[""EFO_0003963""]","[""broad""]",https://www.ebi.ac.uk/gwas/rest/api/v2/associations/31658779,"[""https://www.ebi.ac.uk/gwas/rest/api/v2/associations?efo_id=EFO_0003963&show_child_trait=false&size=500&page=0""]",MSI2
pigmentation,34042,GCST001929,23548203,"[""EFO_0003949""]","[""strict""]",https://www.ebi.ac.uk/gwas/rest/api/v2/associations/34042,"[""https://www.ebi.ac.uk/gwas/rest/api/v2/associations?efo_id=EFO_0003949&show_child_trait=false&size=500&page=0""]",VASH2
pigmentation,34043,GCST001929,23548203,"[""EFO_0003949""]","[""strict""]",https://www.ebi.ac.uk/gwas/rest/api/v2/associations/34043,"[""https://www.ebi.ac.uk/gwas/rest/api/v2/associations?efo_id=EFO_0003949&show_child_trait=false&size=500&page=0""]",LINC02236
pigmentation,34044,GCST001933,23548203,"[""MONDO_0005326""]","[""broad""]",https://www.ebi.ac.uk/gwas/rest/api/v2/associations/34044,"[""https://www.ebi.ac.uk/gwas/rest/api/v2/associations?efo_id=MONDO_0005326&show_child_trait=false&size=500&page=0""]",NTM
pigmentation,34045,GCST001932,23548203,"[""EFO_0003924""]","[""strict""]",https://www.ebi.ac.uk/gwas/rest/api/v2/associations/34045,"[""https://www.ebi.ac.uk/gwas/rest/api/v2/associations?efo_id=EFO_0003924&show_child_trait=false&size=500&page=1""]",EDNRB-AS1
pigmentation,34050,GCST001929,23548203,"[""EFO_0003949""]","[""strict""]",https://www.ebi.ac.uk/gwas/rest/api/v2/associations/34050,"[""https://www.ebi.ac.uk/gwas/rest/api/v2/associations?efo_id=EFO_0003949&show_child_trait=false&size=500&page=0""]",OCA2
pigmentation,34051,GCST001929,23548203,"[""EFO_0003949""]","[""strict""]",https://www.ebi.ac.uk/gwas/rest/api/v2/associations/34051,"[""https://www.ebi.ac.uk/gwas/rest/api/v2/associations?efo_id=EFO_0003949&show_child_trait=false&size=500&page=0""]",HERC2
pigmentation,34053,GCST001939,23548203,"[""EFO_0004279""]","[""broad""]",https://www.ebi.ac.uk/gwas/rest/api/v2/associations/34053,"[""https://www.ebi.ac.uk/gwas/rest/api/v2/associations?efo_id=EFO_0004279&show_child_trait=false&size=500&page=0""]",IRF4
pigmentation,34054,GCST001939,23548203,"[""EFO_0004279""]","[""broad""]",https://www.ebi.ac.uk/gwas/rest/api/v2/associations/34054,"[""https://www.ebi.ac.uk/gwas/rest/api/v2/associations?efo_id=EFO_0004279&show_child_trait=false&size=500&page=0""]",TYR
pigmentation,34055,GCST001939,23548203,"[""EFO_0004279""]","[""broad""]",https://www.ebi.ac.uk/gwas/rest/api/v2/associations/34055,"[""https://www.ebi.ac.uk/gwas/rest/api/v2/associations?efo_id=EFO_0004279&show_child_trait=false&size=500&page=0""]",HERC2
pigmentation,34056,GCST001939,23548203,"[""EFO_0004279""]","[""broad""]",https://www.ebi.ac.uk/gwas/rest/api/v2/associations/34056,"[""https://www.ebi.ac.uk/gwas/rest/api/v2/associations?efo_id=EFO_0004279&show_child_trait=false&size=500&page=0""]",MC1R
pigmentation,34057,GCST001932,23548203,"[""EFO_0003924""]","[""strict""]",https://www.ebi.ac.uk/gwas/rest/api/v2/associations/34057,"[""https://www.ebi.ac.uk/gwas/rest/api/v2/associations?efo_id=EFO_0003924&show_child_trait=false&size=500&page=1""]",IRF4
pigmentation,34058,GCST001932,23548203,"[""EFO_0003924""]","[""strict""]",https://www.ebi.ac.uk/gwas/rest/api/v2/associations/34058,"[""https://www.ebi.ac.uk/gwas/rest/api/v2/associations?efo_id=EFO_0003924&show_child_trait=false&size=500&page=1""]",LINC02458
pigmentation,34058,GCST001932,23548203,"[""EFO_0003924""]","[""strict""]",https://www.ebi.ac.uk/gwas/rest/api/v2/associations/34058,"[""https://www.ebi.ac.uk/gwas/rest/api/v2/associations?efo_id=EFO_0003924&show_child_trait=false&size=500&page=1""]",RNU1-117P
pigmentation,34059,GCST001932,23548203,"[""EFO_0003924""]","[""strict""]",https://www.ebi.ac.uk/gwas/rest/api/v2/associations/34059,"[""https://www.ebi.ac.uk/gwas/rest/api/v2/associations?efo_id=EFO_0003924&show_child_trait=false&size=500&page=1""]",RNU6-366P
pigmentation,34059,GCST001932,23548203,"[""EFO_0003924""]","[""strict""]",https://www.ebi.ac.uk/gwas/rest/api/v2/associations/34059,"[""https://www.ebi.ac.uk/gwas/rest/api/v2/associations?efo_id=EFO_0003924&show_child_trait=false&size=500&page=1""]",SLC24A4
pigmentation,34060,GCST001932,23548203,"[""EFO_0003924""]","[""strict""]",https://www.ebi.ac.uk/gwas/rest/api/v2/associations/34060,"[""https://www.ebi.ac.uk/gwas/rest/api/v2/associations?efo_id=EFO_0003924&show_child_trait=false&size=500&page=1""]",HERC2
pigmentation,34061,GCST001932,23548203,"[""EFO_0003924""]","[""strict""]",https://www.ebi.ac.uk/gwas/rest/api/v2/associations/34061,"[""https://www.ebi.ac.uk/gwas/rest/api/v2/associations?efo_id=EFO_0003924&show_child_trait=false&size=500&page=1""]",MC1R
pigmentation,34063,GCST001939,23548203,"[""EFO_0004279""]","[""broad""]",https://www.ebi.ac.uk/gwas/rest/api/v2/associations/34063,"[""https://www.ebi.ac.uk/gwas/rest/api/v2/associations?efo_id=EFO_0004279&show_child_trait=false&size=500&page=0""]",ASIP
pigmentation,34063,GCST001939,23548203,"[""EFO_0004279""]","[""broad""]",https://www.ebi.ac.uk/gwas/rest/api/v2/associations/34063,"[""https://www.ebi.ac.uk/gwas/rest/api/v2/associations?efo_id=EFO_0004279&show_child_trait=false&size=500&page=0""]",RPS2P1
pigmentation,34064,GCST001933,23548203,"[""MONDO_0005326""]","[""broad""]",https://www.ebi.ac.uk/gwas/rest/api/v2/associations/34064,"[""https://www.ebi.ac.uk/gwas/rest/api/v2/associations?efo_id=MONDO_0005326&show_child_trait=false&size=500&page=0""]",IRF4
pigmentation,34065,GCST001933,23548203,"[""MONDO_0005326""]","[""broad""]",https://www.ebi.ac.uk/gwas/rest/api/v2/associations/34065,"[""https://www.ebi.ac.uk/gwas/rest/api/v2/associations?efo_id=MONDO_0005326&show_child_trait=false&size=500&page=0""]",TYR
pigmentation,34066,GCST001933,23548203,"[""MONDO_0005326""]","[""broad""]",https://www.ebi.ac.uk/gwas/rest/api/v2/associations/34066,"[""https://www.ebi.ac.uk/gwas/rest/api/v2/associations?efo_id=MONDO_0005326&show_child_trait=false&size=500&page=0""]",MC1R
pigmentation,34067,GCST001929,23548203,"[""EFO_0003949""]","[""strict""]",https://www.ebi.ac.uk/gwas/rest/api/v2/associations/34067,"[""https://www.ebi.ac.uk/gwas/rest/api/v2/associations?efo_id=EFO_0003949&show_child_trait=false&size=500&page=0""]",LURAP1L-AS1
pigmentation,34068,GCST001929,23548203,"[""EFO_0003949""]","[""strict""]",https://www.ebi.ac.uk/gwas/rest/api/v2/associations/34068,"[""https://www.ebi.ac.uk/gwas/rest/api/v2/associations?efo_id=EFO_0003949&show_child_trait=false&size=500&page=0""]",RNU6-366P
pigmentation,34068,GCST001929,23548203,"[""EFO_0003949""]","[""strict""]",https://www.ebi.ac.uk/gwas/rest/api/v2/associations/34068,"[""https://www.ebi.ac.uk/gwas/rest/api/v2/associations?efo_id=EFO_0003949&show_child_trait=false&size=500&page=0""]",SLC24A4
pigmentation,34069,GCST001929,23548203,"[""EFO_0003949""]","[""strict""]",https://www.ebi.ac.uk/gwas/rest/api/v2/associations/34069,"[""https://www.ebi.ac.uk/gwas/rest/api/v2/associations?efo_id=EFO_0003949&show_child_trait=false&size=500&page=0""]",HERC2
pigmentation,34070,GCST001929,23548203,"[""EFO_0003949""]","[""strict""]",https://www.ebi.ac.uk/gwas/rest/api/v2/associations/34070,"[""https://www.ebi.ac.uk/gwas/rest/api/v2/associations?efo_id=EFO_0003949&show_child_trait=false&size=500&page=0""]",RNU6-366P
pigmentation,34070,GCST001929,23548203,"[""EFO_0003949""]","[""strict""]",https://www.ebi.ac.uk/gwas/rest/api/v2/associations/34070,"[""https://www.ebi.ac.uk/gwas/rest/api/v2/associations?efo_id=EFO_0003949&show_child_trait=false&size=500&page=0""]",SLC24A4
pigmentation,35792216,GCST006988,30531825,"[""EFO_0003924""]","[""strict""]",https://www.ebi.ac.uk/gwas/rest/api/v2/associations/35792216,"[""https://www.ebi.ac.uk/gwas/rest/api/v2/associations?efo_id=EFO_0003924&show_child_trait=false&size=500&page=1""]",HERC2
pigmentation,35792220,GCST006988,30531825,"[""EFO_0003924""]","[""strict""]",https://www.ebi.ac.uk/gwas/rest/api/v2/associations/35792220,"[""https://www.ebi.ac.uk/gwas/rest/api/v2/associations?efo_id=EFO_0003924&show_child_trait=false&size=500&page=1""]",SLC45A2
pigmentation,35792224,GCST006988,30531825,"[""EFO_0003924""]","[""strict""]",https://www.ebi.ac.uk/gwas/rest/api/v2/associations/35792224,"[""https://www.ebi.ac.uk/gwas/rest/api/v2/associations?efo_id=EFO_0003924&show_child_trait=false&size=500&page=1""]",EXOC2
pigmentation,35792224,GCST006988,30531825,"[""EFO_0003924""]","[""strict""]",https://www.ebi.ac.uk/gwas/rest/api/v2/associations/35792224,"[""https://www.ebi.ac.uk/gwas/rest/api/v2/associations?efo_id=EFO_0003924&show_child_trait=false&size=500&page=1""]",IRF4
pigmentation,35792228,GCST006988,30531825,"[""EFO_0003924""]","[""strict""]",https://www.ebi.ac.uk/gwas/rest/api/v2/associations/35792228,"[""https://www.ebi.ac.uk/gwas/rest/api/v2/associations?efo_id=EFO_0003924&show_child_trait=false&size=500&page=1""]",EXOC2
pigmentation,35792228,GCST006988,30531825,"[""EFO_0003924""]","[""strict""]",https://www.ebi.ac.uk/gwas/rest/api/v2/associations/35792228,"[""https://www.ebi.ac.uk/gwas/rest/api/v2/associations?efo_id=EFO_0003924&show_child_trait=false&size=500&page=1""]",IRF4
pigmentation,35792232,GCST006988,30531825,"[""EFO_0003924""]","[""strict""]",https://www.ebi.ac.uk/gwas/rest/api/v2/associations/35792232,"[""https://www.ebi.ac.uk/gwas/rest/api/v2/associations?efo_id=EFO_0003924&show_child_trait=false&size=500&page=1""]",BRD10
pigmentation,35792236,GCST006988,30531825,"[""EFO_0003924""]","[""strict""]",https://www.ebi.ac.uk/gwas/rest/api/v2/associations/35792236,"[""https://www.ebi.ac.uk/gwas/rest/api/v2/associations?efo_id=EFO_0003924&show_child_trait=false&size=500&page=1""]",LEF1
pigmentation,35792240,GCST006988,30531825,"[""EFO_0003924""]","[""strict""]",https://www.ebi.ac.uk/gwas/rest/api/v2/associations/35792240,"[""https://www.ebi.ac.uk/gwas/rest/api/v2/associations?efo_id=EFO_0003924&show_child_trait=false&size=500&page=1""]",EDNRB-AS1
pigmentation,35792244,GCST006988,30531825,"[""EFO_0003924""]","[""strict""]",https://www.ebi.ac.uk/gwas/rest/api/v2/associations/35792244,"[""https://www.ebi.ac.uk/gwas/rest/api/v2/associations?efo_id=EFO_0003924&show_child_trait=false&size=500&page=1""]",HOXC13
pigmentation,35792244,GCST006988,30531825,"[""EFO_0003924""]","[""strict""]",https://www.ebi.ac.uk/gwas/rest/api/v2/associations/35792244,"[""https://www.ebi.ac.uk/gwas/rest/api/v2/associations?efo_id=EFO_0003924&show_child_trait=false&size=500&page=1""]",HOXC13-AS
pigmentation,35792248,GCST006988,30531825,"[""EFO_0003924""]","[""strict""]",https://www.ebi.ac.uk/gwas/rest/api/v2/associations/35792248,"[""https://www.ebi.ac.uk/gwas/rest/api/v2/associations?efo_id=EFO_0003924&show_child_trait=false&size=500&page=1""]",TMTC3
pigmentation,35792248,GCST006988,30531825,"[""EFO_0003924""]","[""strict""]",https://www.ebi.ac.uk/gwas/rest/api/v2/associations/35792248,"[""https://www.ebi.ac.uk/gwas/rest/api/v2/associations?efo_id=EFO_0003924&show_child_trait=false&size=500&page=1""]",Y_RNA
pigmentation,35792252,GCST006988,30531825,"[""EFO_0003924""]","[""strict""]",https://www.ebi.ac.uk/gwas/rest/api/v2/associations/35792252,"[""https://www.ebi.ac.uk/gwas/rest/api/v2/associations?efo_id=EFO_0003924&show_child_trait=false&size=500&page=1""]",CDK14
pigmentation,35792252,GCST006988,30531825,"[""EFO_0003924""]","[""strict""]",https://www.ebi.ac.uk/gwas/rest/api/v2/associations/35792252,"[""https://www.ebi.ac.uk/gwas/rest/api/v2/associations?efo_id=EFO_0003924&show_child_trait=false&size=500&page=1""]",FZD1
pigmentation,35792256,GCST006988,30531825,"[""EFO_0003924""]","[""strict""]",https://www.ebi.ac.uk/gwas/rest/api/v2/associations/35792256,"[""https://www.ebi.ac.uk/gwas/rest/api/v2/associations?efo_id=EFO_0003924&show_child_trait=false&size=500&page=1""]",OCA2
pigmentation,35792260,GCST006988,30531825,"[""EFO_0003924""]","[""strict""]",https://www.ebi.ac.uk/gwas/rest/api/v2/associations/35792260,"[""https://www.ebi.ac.uk/gwas/rest/api/v2/associations?efo_id=EFO_0003924&show_child_trait=false&size=500&page=1""]",EXOC2
pigmentation,35792260,GCST006988,30531825,"[""EFO_0003924""]","[""strict""]",https://www.ebi.ac.uk/gwas/rest/api/v2/associations/35792260,"[""https://www.ebi.ac.uk/gwas/rest/api/v2/associations?efo_id=EFO_0003924&show_child_trait=false&size=500&page=1""]",IRF4
pigmentation,35792264,GCST006988,30531825,"[""EFO_0003924""]","[""strict""]",https://www.ebi.ac.uk/gwas/rest/api/v2/associations/35792264,"[""https://www.ebi.ac.uk/gwas/rest/api/v2/associations?efo_id=EFO_0003924&show_child_trait=false&size=500&page=1""]",LINC02458
pigmentation,35792264,GCST006988,30531825,"[""EFO_0003924""]","[""strict""]",https://www.ebi.ac.uk/gwas/rest/api/v2/associations/35792264,"[""https://www.ebi.ac.uk/gwas/rest/api/v2/associations?efo_id=EFO_0003924&show_child_trait=false&size=500&page=1""]",RNU1-117P
pigmentation,35792268,GCST006988,30531825,"[""EFO_0003924""]","[""strict""]",https://www.ebi.ac.uk/gwas/rest/api/v2/associations/35792268,"[""https://www.ebi.ac.uk/gwas/rest/api/v2/associations?efo_id=EFO_0003924&show_child_trait=false&size=500&page=1""]",LURAP1L-AS1
pigmentation,35792272,GCST006988,30531825,"[""EFO_0003924""]","[""strict""]",https://www.ebi.ac.uk/gwas/rest/api/v2/associations/35792272,"[""https://www.ebi.ac.uk/gwas/rest/api/v2/associations?efo_id=EFO_0003924&show_child_trait=false&size=500&page=1""]",LHX2
pigmentation,35792272,GCST006988,30531825,"[""EFO_0003924""]","[""strict""]",https://www.ebi.ac.uk/gwas/rest/api/v2/associations/35792272,"[""https://www.ebi.ac.uk/gwas/rest/api/v2/associations?efo_id=EFO_0003924&show_child_trait=false&size=500&page=1""]",NEK6
pigmentation,35792276,GCST006988,30531825,"[""EFO_0003924""]","[""strict""]",https://www.ebi.ac.uk/gwas/rest/api/v2/associations/35792276,"[""https://www.ebi.ac.uk/gwas/rest/api/v2/associations?efo_id=EFO_0003924&show_child_trait=false&size=500&page=1""]",EPHA4
pigmentation,35792276,GCST006988,30531825,"[""EFO_0003924""]","[""strict""]",https://www.ebi.ac.uk/gwas/rest/api/v2/associations/35792276,"[""https://www.ebi.ac.uk/gwas/rest/api/v2/associations?efo_id=EFO_0003924&show_child_trait=false&size=500&page=1""]",MIR4268
pigmentation,35792280,GCST006988,30531825,"[""EFO_0003924""]","[""strict""]",https://www.ebi.ac.uk/gwas/rest/api/v2/associations/35792280,"[""https://www.ebi.ac.uk/gwas/rest/api/v2/associations?efo_id=EFO_0003924&show_child_trait=false&size=500&page=1""]",EZR
pigmentation,35792284,GCST006988,30531825,"[""EFO_0003924""]","[""strict""]",https://www.ebi.ac.uk/gwas/rest/api/v2/associations/35792284,"[""https://www.ebi.ac.uk/gwas/rest/api/v2/associations?efo_id=EFO_0003924&show_child_trait=false&size=500&page=1""]",ATXN10
pigmentation,35792284,GCST006988,30531825,"[""EFO_0003924""]","[""strict""]",https://www.ebi.ac.uk/gwas/rest/api/v2/associations/35792284,"[""https://www.ebi.ac.uk/gwas/rest/api/v2/associations?efo_id=EFO_0003924&show_child_trait=false&size=500&page=1""]",WNT7B
pigmentation,35792288,GCST006988,30531825,"[""EFO_0003924""]","[""strict""]",https://www.ebi.ac.uk/gwas/rest/api/v2/associations/35792288,"[""https://www.ebi.ac.uk/gwas/rest/api/v2/associations?efo_id=EFO_0003924&show_child_trait=false&size=500&page=0""]",EPHA4
pigmentation,35792288,GCST006988,30531825,"[""EFO_0003924""]","[""strict""]",https://www.ebi.ac.uk/gwas/rest/api/v2/associations/35792288,"[""https://www.ebi.ac.uk/gwas/rest/api/v2/associations?efo_id=EFO_0003924&show_child_trait=false&size=500&page=0""]",MIR4268
pigmentation,35792292,GCST006988,30531825,"[""EFO_0003924""]","[""strict""]",https://www.ebi.ac.uk/gwas/rest/api/v2/associations/35792292,"[""https://www.ebi.ac.uk/gwas/rest/api/v2/associations?efo_id=EFO_0003924&show_child_trait=false&size=500&page=0""]",ADGRV1
pigmentation,35792296,GCST006988,30531825,"[""EFO_0003924""]","[""strict""]",https://www.ebi.ac.uk/gwas/rest/api/v2/associations/35792296,"[""https://www.ebi.ac.uk/gwas/rest/api/v2/associations?efo_id=EFO_0003924&show_child_trait=false&size=500&page=0""]",KITLG
pigmentation,35792300,GCST006988,30531825,"[""EFO_0003924""]","[""strict""]",https://www.ebi.ac.uk/gwas/rest/api/v2/associations/35792300,"[""https://www.ebi.ac.uk/gwas/rest/api/v2/associations?efo_id=EFO_0003924&show_child_trait=false&size=500&page=0""]",KRT33A
pigmentation,35792300,GCST006988,30531825,"[""EFO_0003924""]","[""strict""]",https://www.ebi.ac.uk/gwas/rest/api/v2/associations/35792300,"[""https://www.ebi.ac.uk/gwas/rest/api/v2/associations?efo_id=EFO_0003924&show_child_trait=false&size=500&page=0""]",TBC1D3P7
pigmentation,35792304,GCST006988,30531825,"[""EFO_0003924""]","[""strict""]",https://www.ebi.ac.uk/gwas/rest/api/v2/associations/35792304,"[""https://www.ebi.ac.uk/gwas/rest/api/v2/associations?efo_id=EFO_0003924&show_child_trait=false&size=500&page=0""]",GAB2
pigmentation,35792308,GCST006988,30531825,"[""EFO_0003924""]","[""strict""]",https://www.ebi.ac.uk/gwas/rest/api/v2/associations/35792308,"[""https://www.ebi.ac.uk/gwas/rest/api/v2/associations?efo_id=EFO_0003924&show_child_trait=false&size=500&page=0""]",PPFIBP2
pigmentation,35792312,GCST006988,30531825,"[""EFO_0003924""]","[""strict""]",https://www.ebi.ac.uk/gwas/rest/api/v2/associations/35792312,"[""https://www.ebi.ac.uk/gwas/rest/api/v2/associations?efo_id=EFO_0003924&show_child_trait=false&size=500&page=0""]",CCND2-AS1
pigmentation,35792312,GCST006988,30531825,"[""EFO_0003924""]","[""strict""]",https://www.ebi.ac.uk/gwas/rest/api/v2/associations/35792312,"[""https://www.ebi.ac.uk/gwas/rest/api/v2/associations?efo_id=EFO_0003924&show_child_trait=false&size=500&page=0""]",HSPA8P5
pigmentation,35792316,GCST006988,30531825,"[""EFO_0003924""]","[""strict""]",https://www.ebi.ac.uk/gwas/rest/api/v2/associations/35792316,"[""https://www.ebi.ac.uk/gwas/rest/api/v2/associations?efo_id=EFO_0003924&show_child_trait=false&size=500&page=0""]",LINC02105
pigmentation,35792320,GCST006988,30531825,"[""EFO_0003924""]","[""strict""]",https://www.ebi.ac.uk/gwas/rest/api/v2/associations/35792320,"[""https://www.ebi.ac.uk/gwas/rest/api/v2/associations?efo_id=EFO_0003924&show_child_trait=false&size=500&page=0""]",EXOC7P1
pigmentation,35792320,GCST006988,30531825,"[""EFO_0003924""]","[""strict""]",https://www.ebi.ac.uk/gwas/rest/api/v2/associations/35792320,"[""https://www.ebi.ac.uk/gwas/rest/api/v2/associations?efo_id=EFO_0003924&show_child_trait=false&size=500&page=0""]",RPL34-DT
pigmentation,35792324,GCST006988,30531825,"[""EFO_0003924""]","[""strict""]",https://www.ebi.ac.uk/gwas/rest/api/v2/associations/35792324,"[""https://www.ebi.ac.uk/gwas/rest/api/v2/associations?efo_id=EFO_0003924&show_child_trait=false&size=500&page=0""]",LINC02105
pigmentation,35792328,GCST006988,30531825,"[""EFO_0003924""]","[""strict""]",https://www.ebi.ac.uk/gwas/rest/api/v2/associations/35792328,"[""https://www.ebi.ac.uk/gwas/rest/api/v2/associations?efo_id=EFO_0003924&show_child_trait=false&size=500&page=0""]",BNC2
pigmentation,35792328,GCST006988,30531825,"[""EFO_0003924""]","[""strict""]",https://www.ebi.ac.uk/gwas/rest/api/v2/associations/35792328,"[""https://www.ebi.ac.uk/gwas/rest/api/v2/associations?efo_id=EFO_0003924&show_child_trait=false&size=500&page=0""]",RN7SL720P
pigmentation,35792332,GCST006988,30531825,"[""EFO_0003924""]","[""strict""]",https://www.ebi.ac.uk/gwas/rest/api/v2/associations/35792332,"[""https://www.ebi.ac.uk/gwas/rest/api/v2/associations?efo_id=EFO_0003924&show_child_trait=false&size=500&page=0""]",RNU6-1313P
pigmentation,35792332,GCST006988,30531825,"[""EFO_0003924""]","[""strict""]",https://www.ebi.ac.uk/gwas/rest/api/v2/associations/35792332,"[""https://www.ebi.ac.uk/gwas/rest/api/v2/associations?efo_id=EFO_0003924&show_child_trait=false&size=500&page=0""]",TAC4-AS1
pigmentation,35792336,GCST006988,30531825,"[""EFO_0003924""]","[""strict""]",https://www.ebi.ac.uk/gwas/rest/api/v2/associations/35792336,"[""https://www.ebi.ac.uk/gwas/rest/api/v2/associations?efo_id=EFO_0003924&show_child_trait=false&size=500&page=0""]",LINC02898
pigmentation,35792340,GCST006988,30531825,"[""EFO_0003924""]","[""strict""]",https://www.ebi.ac.uk/gwas/rest/api/v2/associations/35792340,"[""https://www.ebi.ac.uk/gwas/rest/api/v2/associations?efo_id=EFO_0003924&show_child_trait=false&size=500&page=0""]",NFIA
pigmentation,35792344,GCST006988,30531825,"[""EFO_0003924""]","[""strict""]",https://www.ebi.ac.uk/gwas/rest/api/v2/associations/35792344,"[""https://www.ebi.ac.uk/gwas/rest/api/v2/associations?efo_id=EFO_0003924&show_child_trait=false&size=500&page=0""]",BNC2
pigmentation,35792348,GCST006988,30531825,"[""EFO_0003924""]","[""strict""]",https://www.ebi.ac.uk/gwas/rest/api/v2/associations/35792348,"[""https://www.ebi.ac.uk/gwas/rest/api/v2/associations?efo_id=EFO_0003924&show_child_trait=false&size=500&page=0""]",SLC49A4
pigmentation,35792352,GCST006988,30531825,"[""EFO_0003924""]","[""strict""]",https://www.ebi.ac.uk/gwas/rest/api/v2/associations/35792352,"[""https://www.ebi.ac.uk/gwas/rest/api/v2/associations?efo_id=EFO_0003924&show_child_trait=false&size=500&page=0""]",AXIN2
pigmentation,35792352,GCST006988,30531825,"[""EFO_0003924""]","[""strict""]",https://www.ebi.ac.uk/gwas/rest/api/v2/associations/35792352,"[""https://www.ebi.ac.uk/gwas/rest/api/v2/associations?efo_id=EFO_0003924&show_child_trait=false&size=500&page=0""]",LINC02563
pigmentation,35792356,GCST006988,30531825,"[""EFO_0003924""]","[""strict""]",https://www.ebi.ac.uk/gwas/rest/api/v2/associations/35792356,"[""https://www.ebi.ac.uk/gwas/rest/api/v2/associations?efo_id=EFO_0003924&show_child_trait=false&size=500&page=0""]",LHX2
pigmentation,35792356,GCST006988,30531825,"[""EFO_0003924""]","[""strict""]",https://www.ebi.ac.uk/gwas/rest/api/v2/associations/35792356,"[""https://www.ebi.ac.uk/gwas/rest/api/v2/associations?efo_id=EFO_0003924&show_child_trait=false&size=500&page=0""]",NEK6
pigmentation,35792360,GCST006988,30531825,"[""EFO_0003924""]","[""strict""]",https://www.ebi.ac.uk/gwas/rest/api/v2/associations/35792360,"[""https://www.ebi.ac.uk/gwas/rest/api/v2/associations?efo_id=EFO_0003924&show_child_trait=false&size=500&page=0""]",LINC02751
pigmentation,35792364,GCST006988,30531825,"[""EFO_0003924""]","[""strict""]",https://www.ebi.ac.uk/gwas/rest/api/v2/associations/35792364,"[""https://www.ebi.ac.uk/gwas/rest/api/v2/associations?efo_id=EFO_0003924&show_child_trait=false&size=500&page=0""]",DOCK8-AS1
pigmentation,35792364,GCST006988,30531825,"[""EFO_0003924""]","[""strict""]",https://www.ebi.ac.uk/gwas/rest/api/v2/associations/35792364,"[""https://www.ebi.ac.uk/gwas/rest/api/v2/associations?efo_id=EFO_0003924&show_child_trait=false&size=500&page=0""]",ZNG1A
pigmentation,35792368,GCST006988,30531825,"[""EFO_0003924""]","[""strict""]",https://www.ebi.ac.uk/gwas/rest/api/v2/associations/35792368,"[""https://www.ebi.ac.uk/gwas/rest/api/v2/associations?efo_id=EFO_0003924&show_child_trait=false&size=500&page=0""]",EXOC2
pigmentation,35792368,GCST006988,30531825,"[""EFO_0003924""]","[""strict""]",https://www.ebi.ac.uk/gwas/rest/api/v2/associations/35792368,"[""https://www.ebi.ac.uk/gwas/rest/api/v2/associations?efo_id=EFO_0003924&show_child_trait=false&size=500&page=0""]",IRF4
pigmentation,35792372,GCST006988,30531825,"[""EFO_0003924""]","[""strict""]",https://www.ebi.ac.uk/gwas/rest/api/v2/associations/35792372,"[""https://www.ebi.ac.uk/gwas/rest/api/v2/associations?efo_id=EFO_0003924&show_child_trait=false&size=500&page=0""]",FRAS1
pigmentation,35792376,GCST006988,30531825,"[""EFO_0003924""]","[""strict""]",https://www.ebi.ac.uk/gwas/rest/api/v2/associations/35792376,"[""https://www.ebi.ac.uk/gwas/rest/api/v2/associations?efo_id=EFO_0003924&show_child_trait=false&size=500&page=0""]",FREM2
pigmentation,35792380,GCST006988,30531825,"[""EFO_0003924""]","[""strict""]",https://www.ebi.ac.uk/gwas/rest/api/v2/associations/35792380,"[""https://www.ebi.ac.uk/gwas/rest/api/v2/associations?efo_id=EFO_0003924&show_child_trait=false&size=500&page=0""]",RNU6-211P
pigmentation,35792380,GCST006988,30531825,"[""EFO_0003924""]","[""strict""]",https://www.ebi.ac.uk/gwas/rest/api/v2/associations/35792380,"[""https://www.ebi.ac.uk/gwas/rest/api/v2/associations?efo_id=EFO_0003924&show_child_trait=false&size=500&page=0""]",ZFYVE16
pigmentation,35792384,GCST006988,30531825,"[""EFO_0003924""]","[""strict""]",https://www.ebi.ac.uk/gwas/rest/api/v2/associations/35792384,"[""https://www.ebi.ac.uk/gwas/rest/api/v2/associations?efo_id=EFO_0003924&show_child_trait=false&size=500&page=0""]",PAX3
pigmentation,35792388,GCST006988,30531825,"[""EFO_0003924""]","[""strict""]",https://www.ebi.ac.uk/gwas/rest/api/v2/associations/35792388,"[""https://www.ebi.ac.uk/gwas/rest/api/v2/associations?efo_id=EFO_0003924&show_child_trait=false&size=500&page=0""]",ZMIZ1
pigmentation,35792392,GCST006988,30531825,"[""EFO_0003924""]","[""strict""]",https://www.ebi.ac.uk/gwas/rest/api/v2/associations/35792392,"[""https://www.ebi.ac.uk/gwas/rest/api/v2/associations?efo_id=EFO_0003924&show_child_trait=false&size=500&page=0""]",AREG
pigmentation,35792392,GCST006988,30531825,"[""EFO_0003924""]","[""strict""]",https://www.ebi.ac.uk/gwas/rest/api/v2/associations/35792392,"[""https://www.ebi.ac.uk/gwas/rest/api/v2/associations?efo_id=EFO_0003924&show_child_trait=false&size=500&page=0""]",BTC
pigmentation,35792396,GCST006988,30531825,"[""EFO_0003924""]","[""strict""]",https://www.ebi.ac.uk/gwas/rest/api/v2/associations/35792396,"[""https://www.ebi.ac.uk/gwas/rest/api/v2/associations?efo_id=EFO_0003924&show_child_trait=false&size=500&page=0""]",LINC00158
pigmentation,35792396,GCST006988,30531825,"[""EFO_0003924""]","[""strict""]",https://www.ebi.ac.uk/gwas/rest/api/v2/associations/35792396,"[""https://www.ebi.ac.uk/gwas/rest/api/v2/associations?efo_id=EFO_0003924&show_child_trait=false&size=500&page=0""]",MIR155HG
pigmentation,35792400,GCST006988,30531825,"[""EFO_0003924""]","[""strict""]",https://www.ebi.ac.uk/gwas/rest/api/v2/associations/35792400,"[""https://www.ebi.ac.uk/gwas/rest/api/v2/associations?efo_id=EFO_0003924&show_child_trait=false&size=500&page=0""]",SP2
pigmentation,35792400,GCST006988,30531825,"[""EFO_0003924""]","[""strict""]",https://www.ebi.ac.uk/gwas/rest/api/v2/associations/35792400,"[""https://www.ebi.ac.uk/gwas/rest/api/v2/associations?efo_id=EFO_0003924&show_child_trait=false&size=500&page=0""]",SP2-AS1
pigmentation,35792404,GCST006988,30531825,"[""EFO_0003924""]","[""strict""]",https://www.ebi.ac.uk/gwas/rest/api/v2/associations/35792404,"[""https://www.ebi.ac.uk/gwas/rest/api/v2/associations?efo_id=EFO_0003924&show_child_trait=false&size=500&page=0""]",FOSL2
pigmentation,35792404,GCST006988,30531825,"[""EFO_0003924""]","[""strict""]",https://www.ebi.ac.uk/gwas/rest/api/v2/associations/35792404,"[""https://www.ebi.ac.uk/gwas/rest/api/v2/associations?efo_id=EFO_0003924&show_child_trait=false&size=500&page=0""]",PLB1
pigmentation,35792408,GCST006988,30531825,"[""EFO_0003924""]","[""strict""]",https://www.ebi.ac.uk/gwas/rest/api/v2/associations/35792408,"[""https://www.ebi.ac.uk/gwas/rest/api/v2/associations?efo_id=EFO_0003924&show_child_trait=false&size=500&page=0""]",PTCSC2
pigmentation,35792412,GCST006988,30531825,"[""EFO_0003924""]","[""strict""]",https://www.ebi.ac.uk/gwas/rest/api/v2/associations/35792412,"[""https://www.ebi.ac.uk/gwas/rest/api/v2/associations?efo_id=EFO_0003924&show_child_trait=false&size=500&page=0""]",LEF1
pigmentation,35792416,GCST006988,30531825,"[""EFO_0003924""]","[""strict""]",https://www.ebi.ac.uk/gwas/rest/api/v2/associations/35792416,"[""https://www.ebi.ac.uk/gwas/rest/api/v2/associations?efo_id=EFO_0003924&show_child_trait=false&size=500&page=0""]",RNU6-921P
pigmentation,35792416,GCST006988,30531825,"[""EFO_0003924""]","[""strict""]",https://www.ebi.ac.uk/gwas/rest/api/v2/associations/35792416,"[""https://www.ebi.ac.uk/gwas/rest/api/v2/associations?efo_id=EFO_0003924&show_child_trait=false&size=500&page=0""]",ZFP36L1
pigmentation,35792420,GCST006988,30531825,"[""EFO_0003924""]","[""strict""]",https://www.ebi.ac.uk/gwas/rest/api/v2/associations/35792420,"[""https://www.ebi.ac.uk/gwas/rest/api/v2/associations?efo_id=EFO_0003924&show_child_trait=false&size=500&page=0""]",LINC-PINT
pigmentation,35792424,GCST006988,30531825,"[""EFO_0003924""]","[""strict""]",https://www.ebi.ac.uk/gwas/rest/api/v2/associations/35792424,"[""https://www.ebi.ac.uk/gwas/rest/api/v2/associations?efo_id=EFO_0003924&show_child_trait=false&size=500&page=0""]",C5orf67
pigmentation,35792424,GCST006988,30531825,"[""EFO_0003924""]","[""strict""]",https://www.ebi.ac.uk/gwas/rest/api/v2/associations/35792424,"[""https://www.ebi.ac.uk/gwas/rest/api/v2/associations?efo_id=EFO_0003924&show_child_trait=false&size=500&page=0""]",MAP3K1
pigmentation,35792428,GCST006988,30531825,"[""EFO_0003924""]","[""strict""]",https://www.ebi.ac.uk/gwas/rest/api/v2/associations/35792428,"[""https://www.ebi.ac.uk/gwas/rest/api/v2/associations?efo_id=EFO_0003924&show_child_trait=false&size=500&page=0""]",MYADML2
pigmentation,35792428,GCST006988,30531825,"[""EFO_0003924""]","[""strict""]",https://www.ebi.ac.uk/gwas/rest/api/v2/associations/35792428,"[""https://www.ebi.ac.uk/gwas/rest/api/v2/associations?efo_id=EFO_0003924&show_child_trait=false&size=500&page=0""]",NOTUM
pigmentation,35792432,GCST006988,30531825,"[""EFO_0003924""]","[""strict""]",https://www.ebi.ac.uk/gwas/rest/api/v2/associations/35792432,"[""https://www.ebi.ac.uk/gwas/rest/api/v2/associations?efo_id=EFO_0003924&show_child_trait=false&size=500&page=0""]",ATXN7L1
pigmentation,35792436,GCST006988,30531825,"[""EFO_0003924""]","[""strict""]",https://www.ebi.ac.uk/gwas/rest/api/v2/associations/35792436,"[""https://www.ebi.ac.uk/gwas/rest/api/v2/associations?efo_id=EFO_0003924&show_child_trait=false&size=500&page=0""]",SOX6
pigmentation,35792440,GCST006988,30531825,"[""EFO_0003924""]","[""strict""]",https://www.ebi.ac.uk/gwas/rest/api/v2/associations/35792440,"[""https://www.ebi.ac.uk/gwas/rest/api/v2/associations?efo_id=EFO_0003924&show_child_trait=false&size=500&page=0""]",LINC01117
pigmentation,35792444,GCST006988,30531825,"[""EFO_0003924""]","[""strict""]",https://www.ebi.ac.uk/gwas/rest/api/v2/associations/35792444,"[""https://www.ebi.ac.uk/gwas/rest/api/v2/associations?efo_id=EFO_0003924&show_child_trait=false&size=500&page=0""]",VGLL4
pigmentation,35792448,GCST006988,30531825,"[""EFO_0003924""]","[""strict""]",https://www.ebi.ac.uk/gwas/rest/api/v2/associations/35792448,"[""https://www.ebi.ac.uk/gwas/rest/api/v2/associations?efo_id=EFO_0003924&show_child_trait=false&size=500&page=0""]",LINC01956
pigmentation,35792452,GCST006988,30531825,"[""EFO_0003924""]","[""strict""]",https://www.ebi.ac.uk/gwas/rest/api/v2/associations/35792452,"[""https://www.ebi.ac.uk/gwas/rest/api/v2/associations?efo_id=EFO_0003924&show_child_trait=false&size=500&page=0""]",EDN3
pigmentation,35792452,GCST006988,30531825,"[""EFO_0003924""]","[""strict""]",https://www.ebi.ac.uk/gwas/rest/api/v2/associations/35792452,"[""https://www.ebi.ac.uk/gwas/rest/api/v2/associations?efo_id=EFO_0003924&show_child_trait=false&size=500&page=0""]",ZNF831
pigmentation,35792456,GCST006988,30531825,"[""EFO_0003924""]","[""strict""]",https://www.ebi.ac.uk/gwas/rest/api/v2/associations/35792456,"[""https://www.ebi.ac.uk/gwas/rest/api/v2/associations?efo_id=EFO_0003924&show_child_trait=false&size=500&page=0""]",PAX3
pigmentation,35792460,GCST006988,30531825,"[""EFO_0003924""]","[""strict""]",https://www.ebi.ac.uk/gwas/rest/api/v2/associations/35792460,"[""https://www.ebi.ac.uk/gwas/rest/api/v2/associations?efo_id=EFO_0003924&show_child_trait=false&size=500&page=0""]",LINC01488
pigmentation,35792460,GCST006988,30531825,"[""EFO_0003924""]","[""strict""]",https://www.ebi.ac.uk/gwas/rest/api/v2/associations/35792460,"[""https://www.ebi.ac.uk/gwas/rest/api/v2/associations?efo_id=EFO_0003924&show_child_trait=false&size=500&page=0""]",PNCRNA-D
pigmentation,35792464,GCST006988,30531825,"[""EFO_0003924""]","[""strict""]",https://www.ebi.ac.uk/gwas/rest/api/v2/associations/35792464,"[""https://www.ebi.ac.uk/gwas/rest/api/v2/associations?efo_id=EFO_0003924&show_child_trait=false&size=500&page=0""]",RAD51B
pigmentation,35792468,GCST006988,30531825,"[""EFO_0003924""]","[""strict""]",https://www.ebi.ac.uk/gwas/rest/api/v2/associations/35792468,"[""https://www.ebi.ac.uk/gwas/rest/api/v2/associations?efo_id=EFO_0003924&show_child_trait=false&size=500&page=0""]",ARHGAP24
pigmentation,35792472,GCST006988,30531825,"[""EFO_0003924""]","[""strict""]",https://www.ebi.ac.uk/gwas/rest/api/v2/associations/35792472,"[""https://www.ebi.ac.uk/gwas/rest/api/v2/associations?efo_id=EFO_0003924&show_child_trait=false&size=500&page=0""]",CDKAL1
pigmentation,35792476,GCST006988,30531825,"[""EFO_0003924""]","[""strict""]",https://www.ebi.ac.uk/gwas/rest/api/v2/associations/35792476,"[""https://www.ebi.ac.uk/gwas/rest/api/v2/associations?efo_id=EFO_0003924&show_child_trait=false&size=500&page=0""]",AURKBP1
pigmentation,35792476,GCST006988,30531825,"[""EFO_0003924""]","[""strict""]",https://www.ebi.ac.uk/gwas/rest/api/v2/associations/35792476,"[""https://www.ebi.ac.uk/gwas/rest/api/v2/associations?efo_id=EFO_0003924&show_child_trait=false&size=500&page=0""]",RSPO2
pigmentation,35792480,GCST006988,30531825,"[""EFO_0003924""]","[""strict""]",https://www.ebi.ac.uk/gwas/rest/api/v2/associations/35792480,"[""https://www.ebi.ac.uk/gwas/rest/api/v2/associations?efo_id=EFO_0003924&show_child_trait=false&size=500&page=0""]",EPHB4
pigmentation,35792484,GCST006988,30531825,"[""EFO_0003924""]","[""strict""]",https://www.ebi.ac.uk/gwas/rest/api/v2/associations/35792484,"[""https://www.ebi.ac.uk/gwas/rest/api/v2/associations?efo_id=EFO_0003924&show_child_trait=false&size=500&page=0""]",KCNH1
pigmentation,35792484,GCST006988,30531825,"[""EFO_0003924""]","[""strict""]",https://www.ebi.ac.uk/gwas/rest/api/v2/associations/35792484,"[""https://www.ebi.ac.uk/gwas/rest/api/v2/associations?efo_id=EFO_0003924&show_child_trait=false&size=500&page=0""]",PRELID1P5
pigmentation,35792488,GCST006988,30531825,"[""EFO_0003924""]","[""strict""]",https://www.ebi.ac.uk/gwas/rest/api/v2/associations/35792488,"[""https://www.ebi.ac.uk/gwas/rest/api/v2/associations?efo_id=EFO_0003924&show_child_trait=false&size=500&page=0""]",FZD7
pigmentation,35792488,GCST006988,30531825,"[""EFO_0003924""]","[""strict""]",https://www.ebi.ac.uk/gwas/rest/api/v2/associations/35792488,"[""https://www.ebi.ac.uk/gwas/rest/api/v2/associations?efo_id=EFO_0003924&show_child_trait=false&size=500&page=0""]",RNU6-440P
pigmentation,35792492,GCST006988,30531825,"[""EFO_0003924""]","[""strict""]",https://www.ebi.ac.uk/gwas/rest/api/v2/associations/35792492,"[""https://www.ebi.ac.uk/gwas/rest/api/v2/associations?efo_id=EFO_0003924&show_child_trait=false&size=500&page=0""]",LINC02101
pigmentation,35792496,GCST006988,30531825,"[""EFO_0003924""]","[""strict""]",https://www.ebi.ac.uk/gwas/rest/api/v2/associations/35792496,"[""https://www.ebi.ac.uk/gwas/rest/api/v2/associations?efo_id=EFO_0003924&show_child_trait=false&size=500&page=0""]",CLIC5
pigmentation,35792500,GCST006988,30531825,"[""EFO_0003924""]","[""strict""]",https://www.ebi.ac.uk/gwas/rest/api/v2/associations/35792500,"[""https://www.ebi.ac.uk/gwas/rest/api/v2/associations?efo_id=EFO_0003924&show_child_trait=false&size=500&page=0""]",RNU6-1313P
pigmentation,35792500,GCST006988,30531825,"[""EFO_0003924""]","[""strict""]",https://www.ebi.ac.uk/gwas/rest/api/v2/associations/35792500,"[""https://www.ebi.ac.uk/gwas/rest/api/v2/associations?efo_id=EFO_0003924&show_child_trait=false&size=500&page=0""]",TAC4-AS1
pigmentation,35792504,GCST006988,30531825,"[""EFO_0003924""]","[""strict""]",https://www.ebi.ac.uk/gwas/rest/api/v2/associations/35792504,"[""https://www.ebi.ac.uk/gwas/rest/api/v2/associations?efo_id=EFO_0003924&show_child_trait=false&size=500&page=0""]",MARK3
pigmentation,35792508,GCST006988,30531825,"[""EFO_0003924""]","[""strict""]",https://www.ebi.ac.uk/gwas/rest/api/v2/associations/35792508,"[""https://www.ebi.ac.uk/gwas/rest/api/v2/associations?efo_id=EFO_0003924&show_child_trait=false&size=500&page=0""]",LINC01411
pigmentation,35792512,GCST006988,30531825,"[""EFO_0003924""]","[""strict""]",https://www.ebi.ac.uk/gwas/rest/api/v2/associations/35792512,"[""https://www.ebi.ac.uk/gwas/rest/api/v2/associations?efo_id=EFO_0003924&show_child_trait=false&size=500&page=0""]",PTAFR
pigmentation,35792516,GCST006988,30531825,"[""EFO_0003924""]","[""strict""]",https://www.ebi.ac.uk/gwas/rest/api/v2/associations/35792516,"[""https://www.ebi.ac.uk/gwas/rest/api/v2/associations?efo_id=EFO_0003924&show_child_trait=false&size=500&page=0""]",MYO1B-AS1
pigmentation,35792520,GCST006988,30531825,"[""EFO_0003924""]","[""strict""]",https://www.ebi.ac.uk/gwas/rest/api/v2/associations/35792520,"[""https://www.ebi.ac.uk/gwas/rest/api/v2/associations?efo_id=EFO_0003924&show_child_trait=false&size=500&page=0""]",RPL3
pigmentation,35792520,GCST006988,30531825,"[""EFO_0003924""]","[""strict""]",https://www.ebi.ac.uk/gwas/rest/api/v2/associations/35792520,"[""https://www.ebi.ac.uk/gwas/rest/api/v2/associations?efo_id=EFO_0003924&show_child_trait=false&size=500&page=0""]",SYNGR1
pigmentation,35792524,GCST006988,30531825,"[""EFO_0003924""]","[""strict""]",https://www.ebi.ac.uk/gwas/rest/api/v2/associations/35792524,"[""https://www.ebi.ac.uk/gwas/rest/api/v2/associations?efo_id=EFO_0003924&show_child_trait=false&size=500&page=0""]",CDC42BPA
pigmentation,35792528,GCST006988,30531825,"[""EFO_0003924""]","[""strict""]",https://www.ebi.ac.uk/gwas/rest/api/v2/associations/35792528,"[""https://www.ebi.ac.uk/gwas/rest/api/v2/associations?efo_id=EFO_0003924&show_child_trait=false&size=500&page=0""]",KIAA0930
pigmentation,35792532,GCST006988,30531825,"[""EFO_0003924""]","[""strict""]",https://www.ebi.ac.uk/gwas/rest/api/v2/associations/35792532,"[""https://www.ebi.ac.uk/gwas/rest/api/v2/associations?efo_id=EFO_0003924&show_child_trait=false&size=500&page=0""]",FMN2
pigmentation,35792536,GCST006988,30531825,"[""EFO_0003924""]","[""strict""]",https://www.ebi.ac.uk/gwas/rest/api/v2/associations/35792536,"[""https://www.ebi.ac.uk/gwas/rest/api/v2/associations?efo_id=EFO_0003924&show_child_trait=false&size=500&page=0""]",BABAM2
pigmentation,35792536,GCST006988,30531825,"[""EFO_0003924""]","[""strict""]",https://www.ebi.ac.uk/gwas/rest/api/v2/associations/35792536,"[""https://www.ebi.ac.uk/gwas/rest/api/v2/associations?efo_id=EFO_0003924&show_child_trait=false&size=500&page=0""]",FOSL2-AS1
pigmentation,35792540,GCST006988,30531825,"[""EFO_0003924""]","[""strict""]",https://www.ebi.ac.uk/gwas/rest/api/v2/associations/35792540,"[""https://www.ebi.ac.uk/gwas/rest/api/v2/associations?efo_id=EFO_0003924&show_child_trait=false&size=500&page=0""]",CREB5
pigmentation,35792544,GCST006988,30531825,"[""EFO_0003924""]","[""strict""]",https://www.ebi.ac.uk/gwas/rest/api/v2/associations/35792544,"[""https://www.ebi.ac.uk/gwas/rest/api/v2/associations?efo_id=EFO_0003924&show_child_trait=false&size=500&page=0""]",CHL1
pigmentation,35792548,GCST006988,30531825,"[""EFO_0003924""]","[""strict""]",https://www.ebi.ac.uk/gwas/rest/api/v2/associations/35792548,"[""https://www.ebi.ac.uk/gwas/rest/api/v2/associations?efo_id=EFO_0003924&show_child_trait=false&size=500&page=0""]",DDHD1-DT
pigmentation,35792552,GCST006988,30531825,"[""EFO_0003924""]","[""strict""]",https://www.ebi.ac.uk/gwas/rest/api/v2/associations/35792552,"[""https://www.ebi.ac.uk/gwas/rest/api/v2/associations?efo_id=EFO_0003924&show_child_trait=false&size=500&page=0""]",MRAS
pigmentation,35792556,GCST006988,30531825,"[""EFO_0003924""]","[""strict""]",https://www.ebi.ac.uk/gwas/rest/api/v2/associations/35792556,"[""https://www.ebi.ac.uk/gwas/rest/api/v2/associations?efo_id=EFO_0003924&show_child_trait=false&size=500&page=0""]",LINC02932
pigmentation,35792556,GCST006988,30531825,"[""EFO_0003924""]","[""strict""]",https://www.ebi.ac.uk/gwas/rest/api/v2/associations/35792556,"[""https://www.ebi.ac.uk/gwas/rest/api/v2/associations?efo_id=EFO_0003924&show_child_trait=false&size=500&page=0""]",MTERF1
pigmentation,35792560,GCST006988,30531825,"[""EFO_0003924""]","[""strict""]",https://www.ebi.ac.uk/gwas/rest/api/v2/associations/35792560,"[""https://www.ebi.ac.uk/gwas/rest/api/v2/associations?efo_id=EFO_0003924&show_child_trait=false&size=500&page=0""]",SLC38A1
pigmentation,35792560,GCST006988,30531825,"[""EFO_0003924""]","[""strict""]",https://www.ebi.ac.uk/gwas/rest/api/v2/associations/35792560,"[""https://www.ebi.ac.uk/gwas/rest/api/v2/associations?efo_id=EFO_0003924&show_child_trait=false&size=500&page=0""]",SLC38A2
pigmentation,35792564,GCST006988,30531825,"[""EFO_0003924""]","[""strict""]",https://www.ebi.ac.uk/gwas/rest/api/v2/associations/35792564,"[""https://www.ebi.ac.uk/gwas/rest/api/v2/associations?efo_id=EFO_0003924&show_child_trait=false&size=500&page=0""]",LINC02917
pigmentation,35792568,GCST006988,30531825,"[""EFO_0003924""]","[""strict""]",https://www.ebi.ac.uk/gwas/rest/api/v2/associations/35792568,"[""https://www.ebi.ac.uk/gwas/rest/api/v2/associations?efo_id=EFO_0003924&show_child_trait=false&size=500&page=0""]",LINC02941
pigmentation,35792573,GCST006988,30531825,"[""EFO_0003924""]","[""strict""]",https://www.ebi.ac.uk/gwas/rest/api/v2/associations/35792573,"[""https://www.ebi.ac.uk/gwas/rest/api/v2/associations?efo_id=EFO_0003924&show_child_trait=false&size=500&page=0""]",DDIT4-AS1
pigmentation,35792577,GCST006988,30531825,"[""EFO_0003924""]","[""strict""]",https://www.ebi.ac.uk/gwas/rest/api/v2/associations/35792577,"[""https://www.ebi.ac.uk/gwas/rest/api/v2/associations?efo_id=EFO_0003924&show_child_trait=false&size=500&page=0""]",LINC00173
pigmentation,35792577,GCST006988,30531825,"[""EFO_0003924""]","[""strict""]",https://www.ebi.ac.uk/gwas/rest/api/v2/associations/35792577,"[""https://www.ebi.ac.uk/gwas/rest/api/v2/associations?efo_id=EFO_0003924&show_child_trait=false&size=500&page=0""]",LINC02457
pigmentation,35792581,GCST006988,30531825,"[""EFO_0003924""]","[""strict""]",https://www.ebi.ac.uk/gwas/rest/api/v2/associations/35792581,"[""https://www.ebi.ac.uk/gwas/rest/api/v2/associations?efo_id=EFO_0003924&show_child_trait=false&size=500&page=0""]",SLC24A4
pigmentation,35792585,GCST006988,30531825,"[""EFO_0003924""]","[""strict""]",https://www.ebi.ac.uk/gwas/rest/api/v2/associations/35792585,"[""https://www.ebi.ac.uk/gwas/rest/api/v2/associations?efo_id=EFO_0003924&show_child_trait=false&size=500&page=0""]",WIPF2
pigmentation,35792589,GCST006988,30531825,"[""EFO_0003924""]","[""strict""]",https://www.ebi.ac.uk/gwas/rest/api/v2/associations/35792589,"[""https://www.ebi.ac.uk/gwas/rest/api/v2/associations?efo_id=EFO_0003924&show_child_trait=false&size=500&page=0""]",SGK1
pigmentation,35792593,GCST006988,30531825,"[""EFO_0003924""]","[""strict""]",https://www.ebi.ac.uk/gwas/rest/api/v2/associations/35792593,"[""https://www.ebi.ac.uk/gwas/rest/api/v2/associations?efo_id=EFO_0003924&show_child_trait=false&size=500&page=0""]",ERMP1
pigmentation,35792597,GCST006988,30531825,"[""EFO_0003924""]","[""strict""]",https://www.ebi.ac.uk/gwas/rest/api/v2/associations/35792597,"[""https://www.ebi.ac.uk/gwas/rest/api/v2/associations?efo_id=EFO_0003924&show_child_trait=false&size=500&page=0""]",TMEM91
pigmentation,35792601,GCST006988,30531825,"[""EFO_0003924""]","[""strict""]",https://www.ebi.ac.uk/gwas/rest/api/v2/associations/35792601,"[""https://www.ebi.ac.uk/gwas/rest/api/v2/associations?efo_id=EFO_0003924&show_child_trait=false&size=500&page=0""]",PAX3
pigmentation,35792605,GCST006988,30531825,"[""EFO_0003924""]","[""strict""]",https://www.ebi.ac.uk/gwas/rest/api/v2/associations/35792605,"[""https://www.ebi.ac.uk/gwas/rest/api/v2/associations?efo_id=EFO_0003924&show_child_trait=false&size=500&page=0""]",CXXC4-AS1
pigmentation,35792605,GCST006988,30531825,"[""EFO_0003924""]","[""strict""]",https://www.ebi.ac.uk/gwas/rest/api/v2/associations/35792605,"[""https://www.ebi.ac.uk/gwas/rest/api/v2/associations?efo_id=EFO_0003924&show_child_trait=false&size=500&page=0""]",RPL6P14
pigmentation,35792609,GCST006988,30531825,"[""EFO_0003924""]","[""strict""]",https://www.ebi.ac.uk/gwas/rest/api/v2/associations/35792609,"[""https://www.ebi.ac.uk/gwas/rest/api/v2/associations?efo_id=EFO_0003924&show_child_trait=false&size=500&page=0""]",AKAP12
pigmentation,35792613,GCST006988,30531825,"[""EFO_0003924""]","[""strict""]",https://www.ebi.ac.uk/gwas/rest/api/v2/associations/35792613,"[""https://www.ebi.ac.uk/gwas/rest/api/v2/associations?efo_id=EFO_0003924&show_child_trait=false&size=500&page=0""]",HECTD4
pigmentation,35792613,GCST006988,30531825,"[""EFO_0003924""]","[""strict""]",https://www.ebi.ac.uk/gwas/rest/api/v2/associations/35792613,"[""https://www.ebi.ac.uk/gwas/rest/api/v2/associations?efo_id=EFO_0003924&show_child_trait=false&size=500&page=0""]",RPL6
pigmentation,35792617,GCST006988,30531825,"[""EFO_0003924""]","[""strict""]",https://www.ebi.ac.uk/gwas/rest/api/v2/associations/35792617,"[""https://www.ebi.ac.uk/gwas/rest/api/v2/associations?efo_id=EFO_0003924&show_child_trait=false&size=500&page=0""]",ETV1
pigmentation,35792621,GCST006988,30531825,"[""EFO_0003924""]","[""strict""]",https://www.ebi.ac.uk/gwas/rest/api/v2/associations/35792621,"[""https://www.ebi.ac.uk/gwas/rest/api/v2/associations?efo_id=EFO_0003924&show_child_trait=false&size=500&page=0""]",MITF
pigmentation,35792625,GCST006988,30531825,"[""EFO_0003924""]","[""strict""]",https://www.ebi.ac.uk/gwas/rest/api/v2/associations/35792625,"[""https://www.ebi.ac.uk/gwas/rest/api/v2/associations?efo_id=EFO_0003924&show_child_trait=false&size=500&page=0""]",PPM1A
pigmentation,35792629,GCST006988,30531825,"[""EFO_0003924""]","[""strict""]",https://www.ebi.ac.uk/gwas/rest/api/v2/associations/35792629,"[""https://www.ebi.ac.uk/gwas/rest/api/v2/associations?efo_id=EFO_0003924&show_child_trait=false&size=500&page=0""]",LINC01937
pigmentation,35792629,GCST006988,30531825,"[""EFO_0003924""]","[""strict""]",https://www.ebi.ac.uk/gwas/rest/api/v2/associations/35792629,"[""https://www.ebi.ac.uk/gwas/rest/api/v2/associations?efo_id=EFO_0003924&show_child_trait=false&size=500&page=0""]",TWIST2
pigmentation,35792633,GCST006988,30531825,"[""EFO_0003924""]","[""strict""]",https://www.ebi.ac.uk/gwas/rest/api/v2/associations/35792633,"[""https://www.ebi.ac.uk/gwas/rest/api/v2/associations?efo_id=EFO_0003924&show_child_trait=false&size=500&page=0""]",SLC24A4
pigmentation,35792637,GCST006988,30531825,"[""EFO_0003924""]","[""strict""]",https://www.ebi.ac.uk/gwas/rest/api/v2/associations/35792637,"[""https://www.ebi.ac.uk/gwas/rest/api/v2/associations?efo_id=EFO_0003924&show_child_trait=false&size=500&page=0""]",LINC01679
pigmentation,35792637,GCST006988,30531825,"[""EFO_0003924""]","[""strict""]",https://www.ebi.ac.uk/gwas/rest/api/v2/associations/35792637,"[""https://www.ebi.ac.uk/gwas/rest/api/v2/associations?efo_id=EFO_0003924&show_child_trait=false&size=500&page=0""]",SIK1
pigmentation,35792641,GCST006988,30531825,"[""EFO_0003924""]","[""strict""]",https://www.ebi.ac.uk/gwas/rest/api/v2/associations/35792641,"[""https://www.ebi.ac.uk/gwas/rest/api/v2/associations?efo_id=EFO_0003924&show_child_trait=false&size=500&page=0""]",PLXNB2
pigmentation,35792645,GCST006988,30531825,"[""EFO_0003924""]","[""strict""]",https://www.ebi.ac.uk/gwas/rest/api/v2/associations/35792645,"[""https://www.ebi.ac.uk/gwas/rest/api/v2/associations?efo_id=EFO_0003924&show_child_trait=false&size=500&page=0""]",CFAP299
pigmentation,35792650,GCST006988,30531825,"[""EFO_0003924""]","[""strict""]",https://www.ebi.ac.uk/gwas/rest/api/v2/associations/35792650,"[""https://www.ebi.ac.uk/gwas/rest/api/v2/associations?efo_id=EFO_0003924&show_child_trait=false&size=500&page=0""]",EGR3-AS1
pigmentation,35792650,GCST006988,30531825,"[""EFO_0003924""]","[""strict""]",https://www.ebi.ac.uk/gwas/rest/api/v2/associations/35792650,"[""https://www.ebi.ac.uk/gwas/rest/api/v2/associations?efo_id=EFO_0003924&show_child_trait=false&size=500&page=0""]",PEBP4
pigmentation,35792654,GCST006988,30531825,"[""EFO_0003924""]","[""strict""]",https://www.ebi.ac.uk/gwas/rest/api/v2/associations/35792654,"[""https://www.ebi.ac.uk/gwas/rest/api/v2/associations?efo_id=EFO_0003924&show_child_trait=false&size=500&page=0""]",LINC01505
pigmentation,35792658,GCST006988,30531825,"[""EFO_0003924""]","[""strict""]",https://www.ebi.ac.uk/gwas/rest/api/v2/associations/35792658,"[""https://www.ebi.ac.uk/gwas/rest/api/v2/associations?efo_id=EFO_0003924&show_child_trait=false&size=500&page=0""]",ALX4
pigmentation,35792658,GCST006988,30531825,"[""EFO_0003924""]","[""strict""]",https://www.ebi.ac.uk/gwas/rest/api/v2/associations/35792658,"[""https://www.ebi.ac.uk/gwas/rest/api/v2/associations?efo_id=EFO_0003924&show_child_trait=false&size=500&page=0""]",RPL7AP79
pigmentation,35792662,GCST006988,30531825,"[""EFO_0003924""]","[""strict""]",https://www.ebi.ac.uk/gwas/rest/api/v2/associations/35792662,"[""https://www.ebi.ac.uk/gwas/rest/api/v2/associations?efo_id=EFO_0003924&show_child_trait=false&size=500&page=0""]",HDAC4
pigmentation,35792662,GCST006988,30531825,"[""EFO_0003924""]","[""strict""]",https://www.ebi.ac.uk/gwas/rest/api/v2/associations/35792662,"[""https://www.ebi.ac.uk/gwas/rest/api/v2/associations?efo_id=EFO_0003924&show_child_trait=false&size=500&page=0""]",LINC01940
pigmentation,35792666,GCST006988,30531825,"[""EFO_0003924""]","[""strict""]",https://www.ebi.ac.uk/gwas/rest/api/v2/associations/35792666,"[""https://www.ebi.ac.uk/gwas/rest/api/v2/associations?efo_id=EFO_0003924&show_child_trait=false&size=500&page=0""]",SOX6
pigmentation,35792670,GCST006988,30531825,"[""EFO_0003924""]","[""strict""]",https://www.ebi.ac.uk/gwas/rest/api/v2/associations/35792670,"[""https://www.ebi.ac.uk/gwas/rest/api/v2/associations?efo_id=EFO_0003924&show_child_trait=false&size=500&page=0""]",SYNE2
pigmentation,35792674,GCST006988,30531825,"[""EFO_0003924""]","[""strict""]",https://www.ebi.ac.uk/gwas/rest/api/v2/associations/35792674,"[""https://www.ebi.ac.uk/gwas/rest/api/v2/associations?efo_id=EFO_0003924&show_child_trait=false&size=500&page=0""]",AKAP1
pigmentation,35792674,GCST006988,30531825,"[""EFO_0003924""]","[""strict""]",https://www.ebi.ac.uk/gwas/rest/api/v2/associations/35792674,"[""https://www.ebi.ac.uk/gwas/rest/api/v2/associations?efo_id=EFO_0003924&show_child_trait=false&size=500&page=0""]",MSI2
pigmentation,35792678,GCST006988,30531825,"[""EFO_0003924""]","[""strict""]",https://www.ebi.ac.uk/gwas/rest/api/v2/associations/35792678,"[""https://www.ebi.ac.uk/gwas/rest/api/v2/associations?efo_id=EFO_0003924&show_child_trait=false&size=500&page=0""]",DUSP22
pigmentation,35792678,GCST006988,30531825,"[""EFO_0003924""]","[""strict""]",https://www.ebi.ac.uk/gwas/rest/api/v2/associations/35792678,"[""https://www.ebi.ac.uk/gwas/rest/api/v2/associations?efo_id=EFO_0003924&show_child_trait=false&size=500&page=0""]",IRF4
pigmentation,35792682,GCST006988,30531825,"[""EFO_0003924""]","[""strict""]",https://www.ebi.ac.uk/gwas/rest/api/v2/associations/35792682,"[""https://www.ebi.ac.uk/gwas/rest/api/v2/associations?efo_id=EFO_0003924&show_child_trait=false&size=500&page=0""]",SLC12A9
pigmentation,35792686,GCST006988,30531825,"[""EFO_0003924""]","[""strict""]",https://www.ebi.ac.uk/gwas/rest/api/v2/associations/35792686,"[""https://www.ebi.ac.uk/gwas/rest/api/v2/associations?efo_id=EFO_0003924&show_child_trait=false&size=500&page=0""]",BNC1
pigmentation,35792686,GCST006988,30531825,"[""EFO_0003924""]","[""strict""]",https://www.ebi.ac.uk/gwas/rest/api/v2/associations/35792686,"[""https://www.ebi.ac.uk/gwas/rest/api/v2/associations?efo_id=EFO_0003924&show_child_trait=false&size=500&page=0""]",SH3GL3
pigmentation,35792690,GCST006988,30531825,"[""EFO_0003924""]","[""strict""]",https://www.ebi.ac.uk/gwas/rest/api/v2/associations/35792690,"[""https://www.ebi.ac.uk/gwas/rest/api/v2/associations?efo_id=EFO_0003924&show_child_trait=false&size=500&page=0""]",JAZF1
pigmentation,35792694,GCST006988,30531825,"[""EFO_0003924""]","[""strict""]",https://www.ebi.ac.uk/gwas/rest/api/v2/associations/35792694,"[""https://www.ebi.ac.uk/gwas/rest/api/v2/associations?efo_id=EFO_0003924&show_child_trait=false&size=500&page=0""]",FGF5
pigmentation,35792698,GCST006988,30531825,"[""EFO_0003924""]","[""strict""]",https://www.ebi.ac.uk/gwas/rest/api/v2/associations/35792698,"[""https://www.ebi.ac.uk/gwas/rest/api/v2/associations?efo_id=EFO_0003924&show_child_trait=false&size=500&page=0""]",PDE6G
pigmentation,35792702,GCST006988,30531825,"[""EFO_0003924""]","[""strict""]",https://www.ebi.ac.uk/gwas/rest/api/v2/associations/35792702,"[""https://www.ebi.ac.uk/gwas/rest/api/v2/associations?efo_id=EFO_0003924&show_child_trait=false&size=500&page=0""]",ASS1P9
pigmentation,35792702,GCST006988,30531825,"[""EFO_0003924""]","[""strict""]",https://www.ebi.ac.uk/gwas/rest/api/v2/associations/35792702,"[""https://www.ebi.ac.uk/gwas/rest/api/v2/associations?efo_id=EFO_0003924&show_child_trait=false&size=500&page=0""]",LINC02105
pigmentation,35792707,GCST006988,30531825,"[""EFO_0003924""]","[""strict""]",https://www.ebi.ac.uk/gwas/rest/api/v2/associations/35792707,"[""https://www.ebi.ac.uk/gwas/rest/api/v2/associations?efo_id=EFO_0003924&show_child_trait=false&size=500&page=0""]",MED13L
pigmentation,35792711,GCST006988,30531825,"[""EFO_0003924""]","[""strict""]",https://www.ebi.ac.uk/gwas/rest/api/v2/associations/35792711,"[""https://www.ebi.ac.uk/gwas/rest/api/v2/associations?efo_id=EFO_0003924&show_child_trait=false&size=500&page=0""]",RPL34-DT
pigmentation,35792715,GCST006988,30531825,"[""EFO_0003924""]","[""strict""]",https://www.ebi.ac.uk/gwas/rest/api/v2/associations/35792715,"[""https://www.ebi.ac.uk/gwas/rest/api/v2/associations?efo_id=EFO_0003924&show_child_trait=false&size=500&page=0""]",RNF5P1
pigmentation,35792715,GCST006988,30531825,"[""EFO_0003924""]","[""strict""]",https://www.ebi.ac.uk/gwas/rest/api/v2/associations/35792715,"[""https://www.ebi.ac.uk/gwas/rest/api/v2/associations?efo_id=EFO_0003924&show_child_trait=false&size=500&page=0""]",TACC1
pigmentation,35792719,GCST006988,30531825,"[""EFO_0003924""]","[""strict""]",https://www.ebi.ac.uk/gwas/rest/api/v2/associations/35792719,"[""https://www.ebi.ac.uk/gwas/rest/api/v2/associations?efo_id=EFO_0003924&show_child_trait=false&size=500&page=0""]",LHX2
pigmentation,35792719,GCST006988,30531825,"[""EFO_0003924""]","[""strict""]",https://www.ebi.ac.uk/gwas/rest/api/v2/associations/35792719,"[""https://www.ebi.ac.uk/gwas/rest/api/v2/associations?efo_id=EFO_0003924&show_child_trait=false&size=500&page=0""]",NEK6
pigmentation,35792723,GCST006988,30531825,"[""EFO_0003924""]","[""strict""]",https://www.ebi.ac.uk/gwas/rest/api/v2/associations/35792723,"[""https://www.ebi.ac.uk/gwas/rest/api/v2/associations?efo_id=EFO_0003924&show_child_trait=false&size=500&page=0""]",AP3M2
pigmentation,35792723,GCST006988,30531825,"[""EFO_0003924""]","[""strict""]",https://www.ebi.ac.uk/gwas/rest/api/v2/associations/35792723,"[""https://www.ebi.ac.uk/gwas/rest/api/v2/associations?efo_id=EFO_0003924&show_child_trait=false&size=500&page=0""]",RPL17P30
pigmentation,35792727,GCST006988,30531825,"[""EFO_0003924""]","[""strict""]",https://www.ebi.ac.uk/gwas/rest/api/v2/associations/35792727,"[""https://www.ebi.ac.uk/gwas/rest/api/v2/associations?efo_id=EFO_0003924&show_child_trait=false&size=500&page=0""]",IRF4
pigmentation,35792731,GCST006988,30531825,"[""EFO_0003924""]","[""strict""]",https://www.ebi.ac.uk/gwas/rest/api/v2/associations/35792731,"[""https://www.ebi.ac.uk/gwas/rest/api/v2/associations?efo_id=EFO_0003924&show_child_trait=false&size=500&page=0""]",TBCD
pigmentation,35792735,GCST006988,30531825,"[""EFO_0003924""]","[""strict""]",https://www.ebi.ac.uk/gwas/rest/api/v2/associations/35792735,"[""https://www.ebi.ac.uk/gwas/rest/api/v2/associations?efo_id=EFO_0003924&show_child_trait=false&size=500&page=0""]",ATP5MGP4
pigmentation,35792735,GCST006988,30531825,"[""EFO_0003924""]","[""strict""]",https://www.ebi.ac.uk/gwas/rest/api/v2/associations/35792735,"[""https://www.ebi.ac.uk/gwas/rest/api/v2/associations?efo_id=EFO_0003924&show_child_trait=false&size=500&page=0""]",RNU7-197P
pigmentation,35792739,GCST006988,30531825,"[""EFO_0003924""]","[""strict""]",https://www.ebi.ac.uk/gwas/rest/api/v2/associations/35792739,"[""https://www.ebi.ac.uk/gwas/rest/api/v2/associations?efo_id=EFO_0003924&show_child_trait=false&size=500&page=0""]",AHNAK
pigmentation,35792743,GCST006988,30531825,"[""EFO_0003924""]","[""strict""]",https://www.ebi.ac.uk/gwas/rest/api/v2/associations/35792743,"[""https://www.ebi.ac.uk/gwas/rest/api/v2/associations?efo_id=EFO_0003924&show_child_trait=false&size=500&page=0""]",AMACR
pigmentation,35792747,GCST006988,30531825,"[""EFO_0003924""]","[""strict""]",https://www.ebi.ac.uk/gwas/rest/api/v2/associations/35792747,"[""https://www.ebi.ac.uk/gwas/rest/api/v2/associations?efo_id=EFO_0003924&show_child_trait=false&size=500&page=0""]",HNRNPA1P36
pigmentation,35792747,GCST006988,30531825,"[""EFO_0003924""]","[""strict""]",https://www.ebi.ac.uk/gwas/rest/api/v2/associations/35792747,"[""https://www.ebi.ac.uk/gwas/rest/api/v2/associations?efo_id=EFO_0003924&show_child_trait=false&size=500&page=0""]",SNX16
pigmentation,35792751,GCST006988,30531825,"[""EFO_0003924""]","[""strict""]",https://www.ebi.ac.uk/gwas/rest/api/v2/associations/35792751,"[""https://www.ebi.ac.uk/gwas/rest/api/v2/associations?efo_id=EFO_0003924&show_child_trait=false&size=500&page=0""]",OVOL1
pigmentation,35792755,GCST006988,30531825,"[""EFO_0003924""]","[""strict""]",https://www.ebi.ac.uk/gwas/rest/api/v2/associations/35792755,"[""https://www.ebi.ac.uk/gwas/rest/api/v2/associations?efo_id=EFO_0003924&show_child_trait=false&size=500&page=0""]",DBNDD1
pigmentation,35792759,GCST006988,30531825,"[""EFO_0003924""]","[""strict""]",https://www.ebi.ac.uk/gwas/rest/api/v2/associations/35792759,"[""https://www.ebi.ac.uk/gwas/rest/api/v2/associations?efo_id=EFO_0003924&show_child_trait=false&size=500&page=0""]",TMEM258
pigmentation,35792763,GCST006988,30531825,"[""EFO_0003924""]","[""strict""]",https://www.ebi.ac.uk/gwas/rest/api/v2/associations/35792763,"[""https://www.ebi.ac.uk/gwas/rest/api/v2/associations?efo_id=EFO_0003924&show_child_trait=false&size=500&page=0""]",MSH5
pigmentation,35792763,GCST006988,30531825,"[""EFO_0003924""]","[""strict""]",https://www.ebi.ac.uk/gwas/rest/api/v2/associations/35792763,"[""https://www.ebi.ac.uk/gwas/rest/api/v2/associations?efo_id=EFO_0003924&show_child_trait=false&size=500&page=0""]",MSH5-SAPCD1
pigmentation,35792767,GCST006988,30531825,"[""EFO_0003924""]","[""strict""]",https://www.ebi.ac.uk/gwas/rest/api/v2/associations/35792767,"[""https://www.ebi.ac.uk/gwas/rest/api/v2/associations?efo_id=EFO_0003924&show_child_trait=false&size=500&page=0""]",BMP7
pigmentation,35792767,GCST006988,30531825,"[""EFO_0003924""]","[""strict""]",https://www.ebi.ac.uk/gwas/rest/api/v2/associations/35792767,"[""https://www.ebi.ac.uk/gwas/rest/api/v2/associations?efo_id=EFO_0003924&show_child_trait=false&size=500&page=0""]",RNU6-929P
pigmentation,35792771,GCST006988,30531825,"[""EFO_0003924""]","[""strict""]",https://www.ebi.ac.uk/gwas/rest/api/v2/associations/35792771,"[""https://www.ebi.ac.uk/gwas/rest/api/v2/associations?efo_id=EFO_0003924&show_child_trait=false&size=500&page=0""]",MSX2
pigmentation,35792775,GCST006988,30531825,"[""EFO_0003924""]","[""strict""]",https://www.ebi.ac.uk/gwas/rest/api/v2/associations/35792775,"[""https://www.ebi.ac.uk/gwas/rest/api/v2/associations?efo_id=EFO_0003924&show_child_trait=false&size=500&page=0""]",OCA2
pigmentation,35792779,GCST006988,30531825,"[""EFO_0003924""]","[""strict""]",https://www.ebi.ac.uk/gwas/rest/api/v2/associations/35792779,"[""https://www.ebi.ac.uk/gwas/rest/api/v2/associations?efo_id=EFO_0003924&show_child_trait=false&size=500&page=0""]",ATP1B3
pigmentation,35792783,GCST006988,30531825,"[""EFO_0003924""]","[""strict""]",https://www.ebi.ac.uk/gwas/rest/api/v2/associations/35792783,"[""https://www.ebi.ac.uk/gwas/rest/api/v2/associations?efo_id=EFO_0003924&show_child_trait=false&size=500&page=0""]",CPSF2
pigmentation,35792783,GCST006988,30531825,"[""EFO_0003924""]","[""strict""]",https://www.ebi.ac.uk/gwas/rest/api/v2/associations/35792783,"[""https://www.ebi.ac.uk/gwas/rest/api/v2/associations?efo_id=EFO_0003924&show_child_trait=false&size=500&page=0""]",RNU6-366P
pigmentation,35792787,GCST006988,30531825,"[""EFO_0003924""]","[""strict""]",https://www.ebi.ac.uk/gwas/rest/api/v2/associations/35792787,"[""https://www.ebi.ac.uk/gwas/rest/api/v2/associations?efo_id=EFO_0003924&show_child_trait=false&size=500&page=0""]",KITLG
pigmentation,35792791,GCST006988,30531825,"[""EFO_0003924""]","[""strict""]",https://www.ebi.ac.uk/gwas/rest/api/v2/associations/35792791,"[""https://www.ebi.ac.uk/gwas/rest/api/v2/associations?efo_id=EFO_0003924&show_child_trait=false&size=500&page=0""]",LGR4
pigmentation,35792795,GCST006988,30531825,"[""EFO_0003924""]","[""strict""]",https://www.ebi.ac.uk/gwas/rest/api/v2/associations/35792795,"[""https://www.ebi.ac.uk/gwas/rest/api/v2/associations?efo_id=EFO_0003924&show_child_trait=false&size=500&page=0""]",TMTC3
pigmentation,35792795,GCST006988,30531825,"[""EFO_0003924""]","[""strict""]",https://www.ebi.ac.uk/gwas/rest/api/v2/associations/35792795,"[""https://www.ebi.ac.uk/gwas/rest/api/v2/associations?efo_id=EFO_0003924&show_child_trait=false&size=500&page=0""]",Y_RNA
pigmentation,35792799,GCST006988,30531825,"[""EFO_0003924""]","[""strict""]",https://www.ebi.ac.uk/gwas/rest/api/v2/associations/35792799,"[""https://www.ebi.ac.uk/gwas/rest/api/v2/associations?efo_id=EFO_0003924&show_child_trait=false&size=500&page=0""]",SPATA2L
pigmentation,35792803,GCST006988,30531825,"[""EFO_0003924""]","[""strict""]",https://www.ebi.ac.uk/gwas/rest/api/v2/associations/35792803,"[""https://www.ebi.ac.uk/gwas/rest/api/v2/associations?efo_id=EFO_0003924&show_child_trait=false&size=500&page=0""]",DUSP22
pigmentation,35792803,GCST006988,30531825,"[""EFO_0003924""]","[""strict""]",https://www.ebi.ac.uk/gwas/rest/api/v2/associations/35792803,"[""https://www.ebi.ac.uk/gwas/rest/api/v2/associations?efo_id=EFO_0003924&show_child_trait=false&size=500&page=0""]",IRF4
pigmentation,35792807,GCST006988,30531825,"[""EFO_0003924""]","[""strict""]",https://www.ebi.ac.uk/gwas/rest/api/v2/associations/35792807,"[""https://www.ebi.ac.uk/gwas/rest/api/v2/associations?efo_id=EFO_0003924&show_child_trait=false&size=500&page=0""]",ZBTB38
pigmentation,35792811,GCST006988,30531825,"[""EFO_0003924""]","[""strict""]",https://www.ebi.ac.uk/gwas/rest/api/v2/associations/35792811,"[""https://www.ebi.ac.uk/gwas/rest/api/v2/associations?efo_id=EFO_0003924&show_child_trait=false&size=500&page=0""]",EZR-AS1
pigmentation,35792811,GCST006988,30531825,"[""EFO_0003924""]","[""strict""]",https://www.ebi.ac.uk/gwas/rest/api/v2/associations/35792811,"[""https://www.ebi.ac.uk/gwas/rest/api/v2/associations?efo_id=EFO_0003924&show_child_trait=false&size=500&page=0""]",OSTCP1
pigmentation,35792815,GCST006988,30531825,"[""EFO_0003924""]","[""strict""]",https://www.ebi.ac.uk/gwas/rest/api/v2/associations/35792815,"[""https://www.ebi.ac.uk/gwas/rest/api/v2/associations?efo_id=EFO_0003924&show_child_trait=false&size=500&page=0""]",EXOC2
pigmentation,35792819,GCST006988,30531825,"[""EFO_0003924""]","[""strict""]",https://www.ebi.ac.uk/gwas/rest/api/v2/associations/35792819,"[""https://www.ebi.ac.uk/gwas/rest/api/v2/associations?efo_id=EFO_0003924&show_child_trait=false&size=500&page=0""]",LHX2
pigmentation,35792823,GCST006988,30531825,"[""EFO_0003924""]","[""strict""]",https://www.ebi.ac.uk/gwas/rest/api/v2/associations/35792823,"[""https://www.ebi.ac.uk/gwas/rest/api/v2/associations?efo_id=EFO_0003924&show_child_trait=false&size=500&page=0""]",OCA2
pigmentation,35792827,GCST006988,30531825,"[""EFO_0003924""]","[""strict""]",https://www.ebi.ac.uk/gwas/rest/api/v2/associations/35792827,"[""https://www.ebi.ac.uk/gwas/rest/api/v2/associations?efo_id=EFO_0003924&show_child_trait=false&size=500&page=0""]",SPIRE2
pigmentation,35792827,GCST006988,30531825,"[""EFO_0003924""]","[""strict""]",https://www.ebi.ac.uk/gwas/rest/api/v2/associations/35792827,"[""https://www.ebi.ac.uk/gwas/rest/api/v2/associations?efo_id=EFO_0003924&show_child_trait=false&size=500&page=0""]",TCF25
pigmentation,35792831,GCST006988,30531825,"[""EFO_0003924""]","[""strict""]",https://www.ebi.ac.uk/gwas/rest/api/v2/associations/35792831,"[""https://www.ebi.ac.uk/gwas/rest/api/v2/associations?efo_id=EFO_0003924&show_child_trait=false&size=500&page=0""]",LINC00322
pigmentation,35792831,GCST006988,30531825,"[""EFO_0003924""]","[""strict""]",https://www.ebi.ac.uk/gwas/rest/api/v2/associations/35792831,"[""https://www.ebi.ac.uk/gwas/rest/api/v2/associations?efo_id=EFO_0003924&show_child_trait=false&size=500&page=0""]",LINC01679
pigmentation,35792835,GCST006988,30531825,"[""EFO_0003924""]","[""strict""]",https://www.ebi.ac.uk/gwas/rest/api/v2/associations/35792835,"[""https://www.ebi.ac.uk/gwas/rest/api/v2/associations?efo_id=EFO_0003924&show_child_trait=false&size=500&page=0""]",SP2-AS1
pigmentation,35792835,GCST006988,30531825,"[""EFO_0003924""]","[""strict""]",https://www.ebi.ac.uk/gwas/rest/api/v2/associations/35792835,"[""https://www.ebi.ac.uk/gwas/rest/api/v2/associations?efo_id=EFO_0003924&show_child_trait=false&size=500&page=0""]",SP6
pigmentation,35792839,GCST006988,30531825,"[""EFO_0003924""]","[""strict""]",https://www.ebi.ac.uk/gwas/rest/api/v2/associations/35792839,"[""https://www.ebi.ac.uk/gwas/rest/api/v2/associations?efo_id=EFO_0003924&show_child_trait=false&size=500&page=0""]",TMTC3
pigmentation,35792839,GCST006988,30531825,"[""EFO_0003924""]","[""strict""]",https://www.ebi.ac.uk/gwas/rest/api/v2/associations/35792839,"[""https://www.ebi.ac.uk/gwas/rest/api/v2/associations?efo_id=EFO_0003924&show_child_trait=false&size=500&page=0""]",Y_RNA
pigmentation,35792843,GCST006988,30531825,"[""EFO_0003924""]","[""strict""]",https://www.ebi.ac.uk/gwas/rest/api/v2/associations/35792843,"[""https://www.ebi.ac.uk/gwas/rest/api/v2/associations?efo_id=EFO_0003924&show_child_trait=false&size=500&page=0""]",IL16
pigmentation,35792848,GCST006988,30531825,"[""EFO_0003924""]","[""strict""]",https://www.ebi.ac.uk/gwas/rest/api/v2/associations/35792848,"[""https://www.ebi.ac.uk/gwas/rest/api/v2/associations?efo_id=EFO_0003924&show_child_trait=false&size=500&page=0""]",TYR
pigmentation,35792852,GCST006988,30531825,"[""EFO_0003924""]","[""strict""]",https://www.ebi.ac.uk/gwas/rest/api/v2/associations/35792852,"[""https://www.ebi.ac.uk/gwas/rest/api/v2/associations?efo_id=EFO_0003924&show_child_trait=false&size=500&page=0""]",MC1R
pigmentation,35792856,GCST006988,30531825,"[""EFO_0003924""]","[""strict""]",https://www.ebi.ac.uk/gwas/rest/api/v2/associations/35792856,"[""https://www.ebi.ac.uk/gwas/rest/api/v2/associations?efo_id=EFO_0003924&show_child_trait=false&size=500&page=0""]",DCT
pigmentation,35792856,GCST006988,30531825,"[""EFO_0003924""]","[""strict""]",https://www.ebi.ac.uk/gwas/rest/api/v2/associations/35792856,"[""https://www.ebi.ac.uk/gwas/rest/api/v2/associations?efo_id=EFO_0003924&show_child_trait=false&size=500&page=0""]",TGDS
pigmentation,35792860,GCST006988,30531825,"[""EFO_0003924""]","[""strict""]",https://www.ebi.ac.uk/gwas/rest/api/v2/associations/35792860,"[""https://www.ebi.ac.uk/gwas/rest/api/v2/associations?efo_id=EFO_0003924&show_child_trait=false&size=500&page=0""]",LHX2
pigmentation,35792860,GCST006988,30531825,"[""EFO_0003924""]","[""strict""]",https://www.ebi.ac.uk/gwas/rest/api/v2/associations/35792860,"[""https://www.ebi.ac.uk/gwas/rest/api/v2/associations?efo_id=EFO_0003924&show_child_trait=false&size=500&page=0""]",NEK6
pigmentation,35792864,GCST006988,30531825,"[""EFO_0003924""]","[""strict""]",https://www.ebi.ac.uk/gwas/rest/api/v2/associations/35792864,"[""https://www.ebi.ac.uk/gwas/rest/api/v2/associations?efo_id=EFO_0003924&show_child_trait=false&size=500&page=0""]",GRM5
pigmentation,35792868,GCST006988,30531825,"[""EFO_0003924""]","[""strict""]",https://www.ebi.ac.uk/gwas/rest/api/v2/associations/35792868,"[""https://www.ebi.ac.uk/gwas/rest/api/v2/associations?efo_id=EFO_0003924&show_child_trait=false&size=500&page=0""]",BCAS1
pigmentation,35792872,GCST006988,30531825,"[""EFO_0003924""]","[""strict""]",https://www.ebi.ac.uk/gwas/rest/api/v2/associations/35792872,"[""https://www.ebi.ac.uk/gwas/rest/api/v2/associations?efo_id=EFO_0003924&show_child_trait=false&size=500&page=0""]",OCA2
pigmentation,35792876,GCST006988,30531825,"[""EFO_0003924""]","[""strict""]",https://www.ebi.ac.uk/gwas/rest/api/v2/associations/35792876,"[""https://www.ebi.ac.uk/gwas/rest/api/v2/associations?efo_id=EFO_0003924&show_child_trait=false&size=500&page=0""]",RSPO2
pigmentation,35792880,GCST006988,30531825,"[""EFO_0003924""]","[""strict""]",https://www.ebi.ac.uk/gwas/rest/api/v2/associations/35792880,"[""https://www.ebi.ac.uk/gwas/rest/api/v2/associations?efo_id=EFO_0003924&show_child_trait=false&size=500&page=0""]",TPCN2
pigmentation,35792884,GCST006988,30531825,"[""EFO_0003924""]","[""strict""]",https://www.ebi.ac.uk/gwas/rest/api/v2/associations/35792884,"[""https://www.ebi.ac.uk/gwas/rest/api/v2/associations?efo_id=EFO_0003924&show_child_trait=false&size=500&page=0""]",HERC2
pigmentation,35792888,GCST006988,30531825,"[""EFO_0003924""]","[""strict""]",https://www.ebi.ac.uk/gwas/rest/api/v2/associations/35792888,"[""https://www.ebi.ac.uk/gwas/rest/api/v2/associations?efo_id=EFO_0003924&show_child_trait=false&size=500&page=0""]",MC1R
pigmentation,35792892,GCST006988,30531825,"[""EFO_0003924""]","[""strict""]",https://www.ebi.ac.uk/gwas/rest/api/v2/associations/35792892,"[""https://www.ebi.ac.uk/gwas/rest/api/v2/associations?efo_id=EFO_0003924&show_child_trait=false&size=500&page=0""]",TYR
pigmentation,35792896,GCST006988,30531825,"[""EFO_0003924""]","[""strict""]",https://www.ebi.ac.uk/gwas/rest/api/v2/associations/35792896,"[""https://www.ebi.ac.uk/gwas/rest/api/v2/associations?efo_id=EFO_0003924&show_child_trait=false&size=500&page=0""]",RALY
pigmentation,35792900,GCST006988,30531825,"[""EFO_0003924""]","[""strict""]",https://www.ebi.ac.uk/gwas/rest/api/v2/associations/35792900,"[""https://www.ebi.ac.uk/gwas/rest/api/v2/associations?efo_id=EFO_0003924&show_child_trait=false&size=500&page=0""]",OCA2
pigmentation,35792904,GCST006988,30531825,"[""EFO_0003924""]","[""strict""]",https://www.ebi.ac.uk/gwas/rest/api/v2/associations/35792904,"[""https://www.ebi.ac.uk/gwas/rest/api/v2/associations?efo_id=EFO_0003924&show_child_trait=false&size=500&page=0""]",HERC2
pigmentation,35792908,GCST006988,30531825,"[""EFO_0003924""]","[""strict""]",https://www.ebi.ac.uk/gwas/rest/api/v2/associations/35792908,"[""https://www.ebi.ac.uk/gwas/rest/api/v2/associations?efo_id=EFO_0003924&show_child_trait=false&size=500&page=0""]",KRT86
pigmentation,35792908,GCST006988,30531825,"[""EFO_0003924""]","[""strict""]",https://www.ebi.ac.uk/gwas/rest/api/v2/associations/35792908,"[""https://www.ebi.ac.uk/gwas/rest/api/v2/associations?efo_id=EFO_0003924&show_child_trait=false&size=500&page=0""]",KRT87P
pigmentation,35792912,GCST006988,30531825,"[""EFO_0003924""]","[""strict""]",https://www.ebi.ac.uk/gwas/rest/api/v2/associations/35792912,"[""https://www.ebi.ac.uk/gwas/rest/api/v2/associations?efo_id=EFO_0003924&show_child_trait=false&size=500&page=0""]",SPIRE2
pigmentation,35792912,GCST006988,30531825,"[""EFO_0003924""]","[""strict""]",https://www.ebi.ac.uk/gwas/rest/api/v2/associations/35792912,"[""https://www.ebi.ac.uk/gwas/rest/api/v2/associations?efo_id=EFO_0003924&show_child_trait=false&size=500&page=0""]",TCF25
pigmentation,35792916,GCST006988,30531825,"[""EFO_0003924""]","[""strict""]",https://www.ebi.ac.uk/gwas/rest/api/v2/associations/35792916,"[""https://www.ebi.ac.uk/gwas/rest/api/v2/associations?efo_id=EFO_0003924&show_child_trait=false&size=500&page=0""]",GABRG3
pigmentation,35792916,GCST006988,30531825,"[""EFO_0003924""]","[""strict""]",https://www.ebi.ac.uk/gwas/rest/api/v2/associations/35792916,"[""https://www.ebi.ac.uk/gwas/rest/api/v2/associations?efo_id=EFO_0003924&show_child_trait=false&size=500&page=0""]",OCA2
pigmentation,35792920,GCST006988,30531825,"[""EFO_0003924""]","[""strict""]",https://www.ebi.ac.uk/gwas/rest/api/v2/associations/35792920,"[""https://www.ebi.ac.uk/gwas/rest/api/v2/associations?efo_id=EFO_0003924&show_child_trait=false&size=500&page=0""]",TPCN2
pigmentation,35792924,GCST006988,30531825,"[""EFO_0003924""]","[""strict""]",https://www.ebi.ac.uk/gwas/rest/api/v2/associations/35792924,"[""https://www.ebi.ac.uk/gwas/rest/api/v2/associations?efo_id=EFO_0003924&show_child_trait=false&size=500&page=0""]",LINC02458
pigmentation,35792924,GCST006988,30531825,"[""EFO_0003924""]","[""strict""]",https://www.ebi.ac.uk/gwas/rest/api/v2/associations/35792924,"[""https://www.ebi.ac.uk/gwas/rest/api/v2/associations?efo_id=EFO_0003924&show_child_trait=false&size=500&page=0""]",RNU1-117P
pigmentation,35792928,GCST006988,30531825,"[""EFO_0003924""]","[""strict""]",https://www.ebi.ac.uk/gwas/rest/api/v2/associations/35792928,"[""https://www.ebi.ac.uk/gwas/rest/api/v2/associations?efo_id=EFO_0003924&show_child_trait=false&size=500&page=0""]",RNU6-366P
pigmentation,35792928,GCST006988,30531825,"[""EFO_0003924""]","[""strict""]",https://www.ebi.ac.uk/gwas/rest/api/v2/associations/35792928,"[""https://www.ebi.ac.uk/gwas/rest/api/v2/associations?efo_id=EFO_0003924&show_child_trait=false&size=500&page=0""]",SLC24A4
pigmentation,35792933,GCST006988,30531825,"[""EFO_0003924""]","[""strict""]",https://www.ebi.ac.uk/gwas/rest/api/v2/associations/35792933,"[""https://www.ebi.ac.uk/gwas/rest/api/v2/associations?efo_id=EFO_0003924&show_child_trait=false&size=500&page=0""]",SLC12A9
pigmentation,35792937,GCST006988,30531825,"[""EFO_0003924""]","[""strict""]",https://www.ebi.ac.uk/gwas/rest/api/v2/associations/35792937,"[""https://www.ebi.ac.uk/gwas/rest/api/v2/associations?efo_id=EFO_0003924&show_child_trait=false&size=500&page=0""]",MC1R
pigmentation,35792941,GCST006988,30531825,"[""EFO_0003924""]","[""strict""]",https://www.ebi.ac.uk/gwas/rest/api/v2/associations/35792941,"[""https://www.ebi.ac.uk/gwas/rest/api/v2/associations?efo_id=EFO_0003924&show_child_trait=false&size=500&page=0""]",MC1R
pigmentation,35792945,GCST006988,30531825,"[""EFO_0003924""]","[""strict""]",https://www.ebi.ac.uk/gwas/rest/api/v2/associations/35792945,"[""https://www.ebi.ac.uk/gwas/rest/api/v2/associations?efo_id=EFO_0003924&show_child_trait=false&size=500&page=0""]",AFG3L1P
pigmentation,35792949,GCST006988,30531825,"[""EFO_0003924""]","[""strict""]",https://www.ebi.ac.uk/gwas/rest/api/v2/associations/35792949,"[""https://www.ebi.ac.uk/gwas/rest/api/v2/associations?efo_id=EFO_0003924&show_child_trait=false&size=500&page=0""]",MC1R
pigmentation,35792953,GCST006988,30531825,"[""EFO_0003924""]","[""strict""]",https://www.ebi.ac.uk/gwas/rest/api/v2/associations/35792953,"[""https://www.ebi.ac.uk/gwas/rest/api/v2/associations?efo_id=EFO_0003924&show_child_trait=false&size=500&page=0""]",MC1R
pigmentation,35792957,GCST006988,30531825,"[""EFO_0003924""]","[""strict""]",https://www.ebi.ac.uk/gwas/rest/api/v2/associations/35792957,"[""https://www.ebi.ac.uk/gwas/rest/api/v2/associations?efo_id=EFO_0003924&show_child_trait=false&size=500&page=0""]",CDK10
pigmentation,35792957,GCST006988,30531825,"[""EFO_0003924""]","[""strict""]",https://www.ebi.ac.uk/gwas/rest/api/v2/associations/35792957,"[""https://www.ebi.ac.uk/gwas/rest/api/v2/associations?efo_id=EFO_0003924&show_child_trait=false&size=500&page=0""]",SPATA33
pigmentation,35792961,GCST006988,30531825,"[""EFO_0003924""]","[""strict""]",https://www.ebi.ac.uk/gwas/rest/api/v2/associations/35792961,"[""https://www.ebi.ac.uk/gwas/rest/api/v2/associations?efo_id=EFO_0003924&show_child_trait=false&size=500&page=0""]",MC1R
pigmentation,35792965,GCST006988,30531825,"[""EFO_0003924""]","[""strict""]",https://www.ebi.ac.uk/gwas/rest/api/v2/associations/35792965,"[""https://www.ebi.ac.uk/gwas/rest/api/v2/associations?efo_id=EFO_0003924&show_child_trait=false&size=500&page=0""]",MC1R
pigmentation,35792969,GCST006988,30531825,"[""EFO_0003924""]","[""strict""]",https://www.ebi.ac.uk/gwas/rest/api/v2/associations/35792969,"[""https://www.ebi.ac.uk/gwas/rest/api/v2/associations?efo_id=EFO_0003924&show_child_trait=false&size=500&page=0""]",TPCN2
pigmentation,35792973,GCST006988,30531825,"[""EFO_0003924""]","[""strict""]",https://www.ebi.ac.uk/gwas/rest/api/v2/associations/35792973,"[""https://www.ebi.ac.uk/gwas/rest/api/v2/associations?efo_id=EFO_0003924&show_child_trait=false&size=500&page=0""]",SLC45A2
pigmentation,35792977,GCST006988,30531825,"[""EFO_0003924""]","[""strict""]",https://www.ebi.ac.uk/gwas/rest/api/v2/associations/35792977,"[""https://www.ebi.ac.uk/gwas/rest/api/v2/associations?efo_id=EFO_0003924&show_child_trait=false&size=500&page=0""]",SLC45A2
pigmentation,35792981,GCST006988,30531825,"[""EFO_0003924""]","[""strict""]",https://www.ebi.ac.uk/gwas/rest/api/v2/associations/35792981,"[""https://www.ebi.ac.uk/gwas/rest/api/v2/associations?efo_id=EFO_0003924&show_child_trait=false&size=500&page=0""]",OCA2
pigmentation,35792985,GCST006988,30531825,"[""EFO_0003924""]","[""strict""]",https://www.ebi.ac.uk/gwas/rest/api/v2/associations/35792985,"[""https://www.ebi.ac.uk/gwas/rest/api/v2/associations?efo_id=EFO_0003924&show_child_trait=false&size=500&page=0""]",OCA2
pigmentation,35792989,GCST006988,30531825,"[""EFO_0003924""]","[""strict""]",https://www.ebi.ac.uk/gwas/rest/api/v2/associations/35792989,"[""https://www.ebi.ac.uk/gwas/rest/api/v2/associations?efo_id=EFO_0003924&show_child_trait=false&size=500&page=0""]",OCA2
pigmentation,35792993,GCST006988,30531825,"[""EFO_0003924""]","[""strict""]",https://www.ebi.ac.uk/gwas/rest/api/v2/associations/35792993,"[""https://www.ebi.ac.uk/gwas/rest/api/v2/associations?efo_id=EFO_0003924&show_child_trait=false&size=500&page=0""]",OCA2
pigmentation,35793002,GCST006988,30531825,"[""EFO_0003924""]","[""strict""]",https://www.ebi.ac.uk/gwas/rest/api/v2/associations/35793002,"[""https://www.ebi.ac.uk/gwas/rest/api/v2/associations?efo_id=EFO_0003924&show_child_trait=false&size=500&page=0""]",PEX14
pigmentation,35793006,GCST006988,30531825,"[""EFO_0003924""]","[""strict""]",https://www.ebi.ac.uk/gwas/rest/api/v2/associations/35793006,"[""https://www.ebi.ac.uk/gwas/rest/api/v2/associations?efo_id=EFO_0003924&show_child_trait=false&size=500&page=0""]",DNAI3
pigmentation,35793010,GCST006988,30531825,"[""EFO_0003924""]","[""strict""]",https://www.ebi.ac.uk/gwas/rest/api/v2/associations/35793010,"[""https://www.ebi.ac.uk/gwas/rest/api/v2/associations?efo_id=EFO_0003924&show_child_trait=false&size=500&page=0""]",TMEM163
pigmentation,35793014,GCST006988,30531825,"[""EFO_0003924""]","[""strict""]",https://www.ebi.ac.uk/gwas/rest/api/v2/associations/35793014,"[""https://www.ebi.ac.uk/gwas/rest/api/v2/associations?efo_id=EFO_0003924&show_child_trait=false&size=500&page=0""]",SDF4
pigmentation,35793014,GCST006988,30531825,"[""EFO_0003924""]","[""strict""]",https://www.ebi.ac.uk/gwas/rest/api/v2/associations/35793014,"[""https://www.ebi.ac.uk/gwas/rest/api/v2/associations?efo_id=EFO_0003924&show_child_trait=false&size=500&page=0""]",TNFRSF4
pigmentation,35793019,GCST006988,30531825,"[""EFO_0003924""]","[""strict""]",https://www.ebi.ac.uk/gwas/rest/api/v2/associations/35793019,"[""https://www.ebi.ac.uk/gwas/rest/api/v2/associations?efo_id=EFO_0003924&show_child_trait=false&size=500&page=0""]",PADI3
pigmentation,35793023,GCST006988,30531825,"[""EFO_0003924""]","[""strict""]",https://www.ebi.ac.uk/gwas/rest/api/v2/associations/35793023,"[""https://www.ebi.ac.uk/gwas/rest/api/v2/associations?efo_id=EFO_0003924&show_child_trait=false&size=500&page=0""]",PIGV
pigmentation,35793027,GCST006988,30531825,"[""EFO_0003924""]","[""strict""]",https://www.ebi.ac.uk/gwas/rest/api/v2/associations/35793027,"[""https://www.ebi.ac.uk/gwas/rest/api/v2/associations?efo_id=EFO_0003924&show_child_trait=false&size=500&page=0""]",SPEN-AS1
pigmentation,35793031,GCST006988,30531825,"[""EFO_0003924""]","[""strict""]",https://www.ebi.ac.uk/gwas/rest/api/v2/associations/35793031,"[""https://www.ebi.ac.uk/gwas/rest/api/v2/associations?efo_id=EFO_0003924&show_child_trait=false&size=500&page=0""]",CIROZ
pigmentation,35793035,GCST006988,30531825,"[""EFO_0003924""]","[""strict""]",https://www.ebi.ac.uk/gwas/rest/api/v2/associations/35793035,"[""https://www.ebi.ac.uk/gwas/rest/api/v2/associations?efo_id=EFO_0003924&show_child_trait=false&size=500&page=0""]",FOSL2-AS1
pigmentation,35793040,GCST006988,30531825,"[""EFO_0003924""]","[""strict""]",https://www.ebi.ac.uk/gwas/rest/api/v2/associations/35793040,"[""https://www.ebi.ac.uk/gwas/rest/api/v2/associations?efo_id=EFO_0003924&show_child_trait=false&size=500&page=0""]",MRPL45P1
pigmentation,35793040,GCST006988,30531825,"[""EFO_0003924""]","[""strict""]",https://www.ebi.ac.uk/gwas/rest/api/v2/associations/35793040,"[""https://www.ebi.ac.uk/gwas/rest/api/v2/associations?efo_id=EFO_0003924&show_child_trait=false&size=500&page=0""]",THNSL2
pigmentation,35793044,GCST006988,30531825,"[""EFO_0003924""]","[""strict""]",https://www.ebi.ac.uk/gwas/rest/api/v2/associations/35793044,"[""https://www.ebi.ac.uk/gwas/rest/api/v2/associations?efo_id=EFO_0003924&show_child_trait=false&size=500&page=0""]",TNFRSF9
pigmentation,35793044,GCST006988,30531825,"[""EFO_0003924""]","[""strict""]",https://www.ebi.ac.uk/gwas/rest/api/v2/associations/35793044,"[""https://www.ebi.ac.uk/gwas/rest/api/v2/associations?efo_id=EFO_0003924&show_child_trait=false&size=500&page=0""]",UTS2
pigmentation,35793048,GCST006988,30531825,"[""EFO_0003924""]","[""strict""]",https://www.ebi.ac.uk/gwas/rest/api/v2/associations/35793048,"[""https://www.ebi.ac.uk/gwas/rest/api/v2/associations?efo_id=EFO_0003924&show_child_trait=false&size=500&page=0""]",EPHA4
pigmentation,35793048,GCST006988,30531825,"[""EFO_0003924""]","[""strict""]",https://www.ebi.ac.uk/gwas/rest/api/v2/associations/35793048,"[""https://www.ebi.ac.uk/gwas/rest/api/v2/associations?efo_id=EFO_0003924&show_child_trait=false&size=500&page=0""]",MIR4268
pigmentation,35793052,GCST006988,30531825,"[""EFO_0003924""]","[""strict""]",https://www.ebi.ac.uk/gwas/rest/api/v2/associations/35793052,"[""https://www.ebi.ac.uk/gwas/rest/api/v2/associations?efo_id=EFO_0003924&show_child_trait=false&size=500&page=0""]",EPHA4
pigmentation,35793052,GCST006988,30531825,"[""EFO_0003924""]","[""strict""]",https://www.ebi.ac.uk/gwas/rest/api/v2/associations/35793052,"[""https://www.ebi.ac.uk/gwas/rest/api/v2/associations?efo_id=EFO_0003924&show_child_trait=false&size=500&page=0""]",MIR4268
pigmentation,35793056,GCST006988,30531825,"[""EFO_0003924""]","[""strict""]",https://www.ebi.ac.uk/gwas/rest/api/v2/associations/35793056,"[""https://www.ebi.ac.uk/gwas/rest/api/v2/associations?efo_id=EFO_0003924&show_child_trait=false&size=500&page=0""]",DSTYK
pigmentation,35793056,GCST006988,30531825,"[""EFO_0003924""]","[""strict""]",https://www.ebi.ac.uk/gwas/rest/api/v2/associations/35793056,"[""https://www.ebi.ac.uk/gwas/rest/api/v2/associations?efo_id=EFO_0003924&show_child_trait=false&size=500&page=0""]",TMCC2
pigmentation,35793060,GCST006988,30531825,"[""EFO_0003924""]","[""strict""]",https://www.ebi.ac.uk/gwas/rest/api/v2/associations/35793060,"[""https://www.ebi.ac.uk/gwas/rest/api/v2/associations?efo_id=EFO_0003924&show_child_trait=false&size=500&page=0""]",PARK7
pigmentation,35793060,GCST006988,30531825,"[""EFO_0003924""]","[""strict""]",https://www.ebi.ac.uk/gwas/rest/api/v2/associations/35793060,"[""https://www.ebi.ac.uk/gwas/rest/api/v2/associations?efo_id=EFO_0003924&show_child_trait=false&size=500&page=0""]",TNFRSF9
pigmentation,35793064,GCST006988,30531825,"[""EFO_0003924""]","[""strict""]",https://www.ebi.ac.uk/gwas/rest/api/v2/associations/35793064,"[""https://www.ebi.ac.uk/gwas/rest/api/v2/associations?efo_id=EFO_0003924&show_child_trait=false&size=500&page=0""]",PADI3
pigmentation,35793068,GCST006988,30531825,"[""EFO_0003924""]","[""strict""]",https://www.ebi.ac.uk/gwas/rest/api/v2/associations/35793068,"[""https://www.ebi.ac.uk/gwas/rest/api/v2/associations?efo_id=EFO_0003924&show_child_trait=false&size=500&page=0""]",LINC01714
pigmentation,35793072,GCST006988,30531825,"[""EFO_0003924""]","[""strict""]",https://www.ebi.ac.uk/gwas/rest/api/v2/associations/35793072,"[""https://www.ebi.ac.uk/gwas/rest/api/v2/associations?efo_id=EFO_0003924&show_child_trait=false&size=500&page=0""]",ERRFI1-DT
pigmentation,35793072,GCST006988,30531825,"[""EFO_0003924""]","[""strict""]",https://www.ebi.ac.uk/gwas/rest/api/v2/associations/35793072,"[""https://www.ebi.ac.uk/gwas/rest/api/v2/associations?efo_id=EFO_0003924&show_child_trait=false&size=500&page=0""]",LINC01714
pigmentation,35793166,GCST006989,30531825,"[""EFO_0003924""]","[""strict""]",https://www.ebi.ac.uk/gwas/rest/api/v2/associations/35793166,"[""https://www.ebi.ac.uk/gwas/rest/api/v2/associations?efo_id=EFO_0003924&show_child_trait=false&size=500&page=0""]",SLC45A2
pigmentation,35793170,GCST006989,30531825,"[""EFO_0003924""]","[""strict""]",https://www.ebi.ac.uk/gwas/rest/api/v2/associations/35793170,"[""https://www.ebi.ac.uk/gwas/rest/api/v2/associations?efo_id=EFO_0003924&show_child_trait=false&size=500&page=0""]",EXOC2
pigmentation,35793170,GCST006989,30531825,"[""EFO_0003924""]","[""strict""]",https://www.ebi.ac.uk/gwas/rest/api/v2/associations/35793170,"[""https://www.ebi.ac.uk/gwas/rest/api/v2/associations?efo_id=EFO_0003924&show_child_trait=false&size=500&page=0""]",IRF4
pigmentation,35793174,GCST006989,30531825,"[""EFO_0003924""]","[""strict""]",https://www.ebi.ac.uk/gwas/rest/api/v2/associations/35793174,"[""https://www.ebi.ac.uk/gwas/rest/api/v2/associations?efo_id=EFO_0003924&show_child_trait=false&size=500&page=0""]",HERC2
pigmentation,35793178,GCST006989,30531825,"[""EFO_0003924""]","[""strict""]",https://www.ebi.ac.uk/gwas/rest/api/v2/associations/35793178,"[""https://www.ebi.ac.uk/gwas/rest/api/v2/associations?efo_id=EFO_0003924&show_child_trait=false&size=500&page=0""]",EXOC2
pigmentation,35793178,GCST006989,30531825,"[""EFO_0003924""]","[""strict""]",https://www.ebi.ac.uk/gwas/rest/api/v2/associations/35793178,"[""https://www.ebi.ac.uk/gwas/rest/api/v2/associations?efo_id=EFO_0003924&show_child_trait=false&size=500&page=0""]",IRF4
pigmentation,35793183,GCST006989,30531825,"[""EFO_0003924""]","[""strict""]",https://www.ebi.ac.uk/gwas/rest/api/v2/associations/35793183,"[""https://www.ebi.ac.uk/gwas/rest/api/v2/associations?efo_id=EFO_0003924&show_child_trait=false&size=500&page=0""]",KRT31
pigmentation,35793188,GCST006989,30531825,"[""EFO_0003924""]","[""strict""]",https://www.ebi.ac.uk/gwas/rest/api/v2/associations/35793188,"[""https://www.ebi.ac.uk/gwas/rest/api/v2/associations?efo_id=EFO_0003924&show_child_trait=false&size=500&page=0""]",TMTC3
pigmentation,35793188,GCST006989,30531825,"[""EFO_0003924""]","[""strict""]",https://www.ebi.ac.uk/gwas/rest/api/v2/associations/35793188,"[""https://www.ebi.ac.uk/gwas/rest/api/v2/associations?efo_id=EFO_0003924&show_child_trait=false&size=500&page=0""]",Y_RNA
pigmentation,35793192,GCST006989,30531825,"[""EFO_0003924""]","[""strict""]",https://www.ebi.ac.uk/gwas/rest/api/v2/associations/35793192,"[""https://www.ebi.ac.uk/gwas/rest/api/v2/associations?efo_id=EFO_0003924&show_child_trait=false&size=500&page=0""]",EXOC2
pigmentation,35793192,GCST006989,30531825,"[""EFO_0003924""]","[""strict""]",https://www.ebi.ac.uk/gwas/rest/api/v2/associations/35793192,"[""https://www.ebi.ac.uk/gwas/rest/api/v2/associations?efo_id=EFO_0003924&show_child_trait=false&size=500&page=0""]",IRF4
pigmentation,35793196,GCST006989,30531825,"[""EFO_0003924""]","[""strict""]",https://www.ebi.ac.uk/gwas/rest/api/v2/associations/35793196,"[""https://www.ebi.ac.uk/gwas/rest/api/v2/associations?efo_id=EFO_0003924&show_child_trait=false&size=500&page=0""]",CCND2-AS1
pigmentation,35793196,GCST006989,30531825,"[""EFO_0003924""]","[""strict""]",https://www.ebi.ac.uk/gwas/rest/api/v2/associations/35793196,"[""https://www.ebi.ac.uk/gwas/rest/api/v2/associations?efo_id=EFO_0003924&show_child_trait=false&size=500&page=0""]",HSPA8P5
pigmentation,35793201,GCST006989,30531825,"[""EFO_0003924""]","[""strict""]",https://www.ebi.ac.uk/gwas/rest/api/v2/associations/35793201,"[""https://www.ebi.ac.uk/gwas/rest/api/v2/associations?efo_id=EFO_0003924&show_child_trait=false&size=500&page=0""]",EDNRB-AS1
pigmentation,35793206,GCST006989,30531825,"[""EFO_0003924""]","[""strict""]",https://www.ebi.ac.uk/gwas/rest/api/v2/associations/35793206,"[""https://www.ebi.ac.uk/gwas/rest/api/v2/associations?efo_id=EFO_0003924&show_child_trait=false&size=500&page=0""]",IRF4
pigmentation,35793210,GCST006989,30531825,"[""EFO_0003924""]","[""strict""]",https://www.ebi.ac.uk/gwas/rest/api/v2/associations/35793210,"[""https://www.ebi.ac.uk/gwas/rest/api/v2/associations?efo_id=EFO_0003924&show_child_trait=false&size=500&page=0""]",OCA2
pigmentation,35793214,GCST006989,30531825,"[""EFO_0003924""]","[""strict""]",https://www.ebi.ac.uk/gwas/rest/api/v2/associations/35793214,"[""https://www.ebi.ac.uk/gwas/rest/api/v2/associations?efo_id=EFO_0003924&show_child_trait=false&size=500&page=0""]",GAB2
pigmentation,35793218,GCST006989,30531825,"[""EFO_0003924""]","[""strict""]",https://www.ebi.ac.uk/gwas/rest/api/v2/associations/35793218,"[""https://www.ebi.ac.uk/gwas/rest/api/v2/associations?efo_id=EFO_0003924&show_child_trait=false&size=500&page=0""]",BNC2
pigmentation,35793218,GCST006989,30531825,"[""EFO_0003924""]","[""strict""]",https://www.ebi.ac.uk/gwas/rest/api/v2/associations/35793218,"[""https://www.ebi.ac.uk/gwas/rest/api/v2/associations?efo_id=EFO_0003924&show_child_trait=false&size=500&page=0""]",RN7SL720P
pigmentation,35793223,GCST006989,30531825,"[""EFO_0003924""]","[""strict""]",https://www.ebi.ac.uk/gwas/rest/api/v2/associations/35793223,"[""https://www.ebi.ac.uk/gwas/rest/api/v2/associations?efo_id=EFO_0003924&show_child_trait=false&size=500&page=0""]",LINC02105
pigmentation,35793227,GCST006989,30531825,"[""EFO_0003924""]","[""strict""]",https://www.ebi.ac.uk/gwas/rest/api/v2/associations/35793227,"[""https://www.ebi.ac.uk/gwas/rest/api/v2/associations?efo_id=EFO_0003924&show_child_trait=false&size=500&page=0""]",C5orf67
pigmentation,35793227,GCST006989,30531825,"[""EFO_0003924""]","[""strict""]",https://www.ebi.ac.uk/gwas/rest/api/v2/associations/35793227,"[""https://www.ebi.ac.uk/gwas/rest/api/v2/associations?efo_id=EFO_0003924&show_child_trait=false&size=500&page=0""]",MAP3K1
pigmentation,35793232,GCST006989,30531825,"[""EFO_0003924""]","[""strict""]",https://www.ebi.ac.uk/gwas/rest/api/v2/associations/35793232,"[""https://www.ebi.ac.uk/gwas/rest/api/v2/associations?efo_id=EFO_0003924&show_child_trait=false&size=500&page=0""]",LINC-PINT
pigmentation,35793237,GCST006989,30531825,"[""EFO_0003924""]","[""strict""]",https://www.ebi.ac.uk/gwas/rest/api/v2/associations/35793237,"[""https://www.ebi.ac.uk/gwas/rest/api/v2/associations?efo_id=EFO_0003924&show_child_trait=false&size=500&page=0""]",EZR-AS1
pigmentation,35793237,GCST006989,30531825,"[""EFO_0003924""]","[""strict""]",https://www.ebi.ac.uk/gwas/rest/api/v2/associations/35793237,"[""https://www.ebi.ac.uk/gwas/rest/api/v2/associations?efo_id=EFO_0003924&show_child_trait=false&size=500&page=0""]",OSTCP1
pigmentation,35793242,GCST006989,30531825,"[""EFO_0003924""]","[""strict""]",https://www.ebi.ac.uk/gwas/rest/api/v2/associations/35793242,"[""https://www.ebi.ac.uk/gwas/rest/api/v2/associations?efo_id=EFO_0003924&show_child_trait=false&size=500&page=0""]",BNC2
pigmentation,35793246,GCST006989,30531825,"[""EFO_0003924""]","[""strict""]",https://www.ebi.ac.uk/gwas/rest/api/v2/associations/35793246,"[""https://www.ebi.ac.uk/gwas/rest/api/v2/associations?efo_id=EFO_0003924&show_child_trait=false&size=500&page=0""]",ZMIZ1
pigmentation,35793251,GCST006989,30531825,"[""EFO_0003924""]","[""strict""]",https://www.ebi.ac.uk/gwas/rest/api/v2/associations/35793251,"[""https://www.ebi.ac.uk/gwas/rest/api/v2/associations?efo_id=EFO_0003924&show_child_trait=false&size=500&page=0""]",DOCK8-AS1
pigmentation,35793251,GCST006989,30531825,"[""EFO_0003924""]","[""strict""]",https://www.ebi.ac.uk/gwas/rest/api/v2/associations/35793251,"[""https://www.ebi.ac.uk/gwas/rest/api/v2/associations?efo_id=EFO_0003924&show_child_trait=false&size=500&page=0""]",ZNG1A
pigmentation,35793256,GCST006989,30531825,"[""EFO_0003924""]","[""strict""]",https://www.ebi.ac.uk/gwas/rest/api/v2/associations/35793256,"[""https://www.ebi.ac.uk/gwas/rest/api/v2/associations?efo_id=EFO_0003924&show_child_trait=false&size=500&page=0""]",PPFIBP2
pigmentation,35793260,GCST006989,30531825,"[""EFO_0003924""]","[""strict""]",https://www.ebi.ac.uk/gwas/rest/api/v2/associations/35793260,"[""https://www.ebi.ac.uk/gwas/rest/api/v2/associations?efo_id=EFO_0003924&show_child_trait=false&size=500&page=0""]",ERRFI1-DT
pigmentation,35793260,GCST006989,30531825,"[""EFO_0003924""]","[""strict""]",https://www.ebi.ac.uk/gwas/rest/api/v2/associations/35793260,"[""https://www.ebi.ac.uk/gwas/rest/api/v2/associations?efo_id=EFO_0003924&show_child_trait=false&size=500&page=0""]",LINC01714
pigmentation,35793265,GCST006989,30531825,"[""EFO_0003924""]","[""strict""]",https://www.ebi.ac.uk/gwas/rest/api/v2/associations/35793265,"[""https://www.ebi.ac.uk/gwas/rest/api/v2/associations?efo_id=EFO_0003924&show_child_trait=false&size=500&page=0""]",EPHA4
pigmentation,35793265,GCST006989,30531825,"[""EFO_0003924""]","[""strict""]",https://www.ebi.ac.uk/gwas/rest/api/v2/associations/35793265,"[""https://www.ebi.ac.uk/gwas/rest/api/v2/associations?efo_id=EFO_0003924&show_child_trait=false&size=500&page=0""]",MIR4268
pigmentation,35793269,GCST006989,30531825,"[""EFO_0003924""]","[""strict""]",https://www.ebi.ac.uk/gwas/rest/api/v2/associations/35793269,"[""https://www.ebi.ac.uk/gwas/rest/api/v2/associations?efo_id=EFO_0003924&show_child_trait=false&size=500&page=0""]",EPHA4
pigmentation,35793269,GCST006989,30531825,"[""EFO_0003924""]","[""strict""]",https://www.ebi.ac.uk/gwas/rest/api/v2/associations/35793269,"[""https://www.ebi.ac.uk/gwas/rest/api/v2/associations?efo_id=EFO_0003924&show_child_trait=false&size=500&page=0""]",MIR4268
pigmentation,35793274,GCST006989,30531825,"[""EFO_0003924""]","[""strict""]",https://www.ebi.ac.uk/gwas/rest/api/v2/associations/35793274,"[""https://www.ebi.ac.uk/gwas/rest/api/v2/associations?efo_id=EFO_0003924&show_child_trait=false&size=500&page=0""]",ZBTB38
pigmentation,35793278,GCST006989,30531825,"[""EFO_0003924""]","[""strict""]",https://www.ebi.ac.uk/gwas/rest/api/v2/associations/35793278,"[""https://www.ebi.ac.uk/gwas/rest/api/v2/associations?efo_id=EFO_0003924&show_child_trait=false&size=500&page=0""]",DUSP22
pigmentation,35793278,GCST006989,30531825,"[""EFO_0003924""]","[""strict""]",https://www.ebi.ac.uk/gwas/rest/api/v2/associations/35793278,"[""https://www.ebi.ac.uk/gwas/rest/api/v2/associations?efo_id=EFO_0003924&show_child_trait=false&size=500&page=0""]",IRF4
pigmentation,35793282,GCST006989,30531825,"[""EFO_0003924""]","[""strict""]",https://www.ebi.ac.uk/gwas/rest/api/v2/associations/35793282,"[""https://www.ebi.ac.uk/gwas/rest/api/v2/associations?efo_id=EFO_0003924&show_child_trait=false&size=500&page=0""]",DUSP22
pigmentation,35793282,GCST006989,30531825,"[""EFO_0003924""]","[""strict""]",https://www.ebi.ac.uk/gwas/rest/api/v2/associations/35793282,"[""https://www.ebi.ac.uk/gwas/rest/api/v2/associations?efo_id=EFO_0003924&show_child_trait=false&size=500&page=0""]",IRF4
pigmentation,35793286,GCST006989,30531825,"[""EFO_0003924""]","[""strict""]",https://www.ebi.ac.uk/gwas/rest/api/v2/associations/35793286,"[""https://www.ebi.ac.uk/gwas/rest/api/v2/associations?efo_id=EFO_0003924&show_child_trait=false&size=500&page=0""]",IRF4
pigmentation,35793291,GCST006989,30531825,"[""EFO_0003924""]","[""strict""]",https://www.ebi.ac.uk/gwas/rest/api/v2/associations/35793291,"[""https://www.ebi.ac.uk/gwas/rest/api/v2/associations?efo_id=EFO_0003924&show_child_trait=false&size=500&page=0""]",EXOC2
pigmentation,35793291,GCST006989,30531825,"[""EFO_0003924""]","[""strict""]",https://www.ebi.ac.uk/gwas/rest/api/v2/associations/35793291,"[""https://www.ebi.ac.uk/gwas/rest/api/v2/associations?efo_id=EFO_0003924&show_child_trait=false&size=500&page=0""]",IRF4
pigmentation,35793296,GCST006989,30531825,"[""EFO_0003924""]","[""strict""]",https://www.ebi.ac.uk/gwas/rest/api/v2/associations/35793296,"[""https://www.ebi.ac.uk/gwas/rest/api/v2/associations?efo_id=EFO_0003924&show_child_trait=false&size=500&page=0""]",EXOC2
pigmentation,35793301,GCST006989,30531825,"[""EFO_0003924""]","[""strict""]",https://www.ebi.ac.uk/gwas/rest/api/v2/associations/35793301,"[""https://www.ebi.ac.uk/gwas/rest/api/v2/associations?efo_id=EFO_0003924&show_child_trait=false&size=500&page=0""]",AKAP12
pigmentation,35793306,GCST006989,30531825,"[""EFO_0003924""]","[""strict""]",https://www.ebi.ac.uk/gwas/rest/api/v2/associations/35793306,"[""https://www.ebi.ac.uk/gwas/rest/api/v2/associations?efo_id=EFO_0003924&show_child_trait=false&size=500&page=0""]",LINC02235
pigmentation,35793311,GCST006989,30531825,"[""EFO_0003924""]","[""strict""]",https://www.ebi.ac.uk/gwas/rest/api/v2/associations/35793311,"[""https://www.ebi.ac.uk/gwas/rest/api/v2/associations?efo_id=EFO_0003924&show_child_trait=false&size=500&page=0""]",TPCN2
pigmentation,35793316,GCST006989,30531825,"[""EFO_0003924""]","[""strict""]",https://www.ebi.ac.uk/gwas/rest/api/v2/associations/35793316,"[""https://www.ebi.ac.uk/gwas/rest/api/v2/associations?efo_id=EFO_0003924&show_child_trait=false&size=500&page=0""]",TPCN2
pigmentation,35793320,GCST006989,30531825,"[""EFO_0003924""]","[""strict""]",https://www.ebi.ac.uk/gwas/rest/api/v2/associations/35793320,"[""https://www.ebi.ac.uk/gwas/rest/api/v2/associations?efo_id=EFO_0003924&show_child_trait=false&size=500&page=0""]",TYR
pigmentation,35793324,GCST006989,30531825,"[""EFO_0003924""]","[""strict""]",https://www.ebi.ac.uk/gwas/rest/api/v2/associations/35793324,"[""https://www.ebi.ac.uk/gwas/rest/api/v2/associations?efo_id=EFO_0003924&show_child_trait=false&size=500&page=0""]",TYR
pigmentation,35793328,GCST006989,30531825,"[""EFO_0003924""]","[""strict""]",https://www.ebi.ac.uk/gwas/rest/api/v2/associations/35793328,"[""https://www.ebi.ac.uk/gwas/rest/api/v2/associations?efo_id=EFO_0003924&show_child_trait=false&size=500&page=0""]",LINC02458
pigmentation,35793328,GCST006989,30531825,"[""EFO_0003924""]","[""strict""]",https://www.ebi.ac.uk/gwas/rest/api/v2/associations/35793328,"[""https://www.ebi.ac.uk/gwas/rest/api/v2/associations?efo_id=EFO_0003924&show_child_trait=false&size=500&page=0""]",RNU1-117P
pigmentation,35793333,GCST006989,30531825,"[""EFO_0003924""]","[""strict""]",https://www.ebi.ac.uk/gwas/rest/api/v2/associations/35793333,"[""https://www.ebi.ac.uk/gwas/rest/api/v2/associations?efo_id=EFO_0003924&show_child_trait=false&size=500&page=0""]",SLC24A4
pigmentation,35793338,GCST006989,30531825,"[""EFO_0003924""]","[""strict""]",https://www.ebi.ac.uk/gwas/rest/api/v2/associations/35793338,"[""https://www.ebi.ac.uk/gwas/rest/api/v2/associations?efo_id=EFO_0003924&show_child_trait=false&size=500&page=0""]",OCA2
pigmentation,35793343,GCST006989,30531825,"[""EFO_0003924""]","[""strict""]",https://www.ebi.ac.uk/gwas/rest/api/v2/associations/35793343,"[""https://www.ebi.ac.uk/gwas/rest/api/v2/associations?efo_id=EFO_0003924&show_child_trait=false&size=500&page=0""]",OCA2
pigmentation,35793347,GCST006989,30531825,"[""EFO_0003924""]","[""strict""]",https://www.ebi.ac.uk/gwas/rest/api/v2/associations/35793347,"[""https://www.ebi.ac.uk/gwas/rest/api/v2/associations?efo_id=EFO_0003924&show_child_trait=false&size=500&page=0""]",OCA2
pigmentation,35793351,GCST006989,30531825,"[""EFO_0003924""]","[""strict""]",https://www.ebi.ac.uk/gwas/rest/api/v2/associations/35793351,"[""https://www.ebi.ac.uk/gwas/rest/api/v2/associations?efo_id=EFO_0003924&show_child_trait=false&size=500&page=0""]",OCA2
pigmentation,35793356,GCST006989,30531825,"[""EFO_0003924""]","[""strict""]",https://www.ebi.ac.uk/gwas/rest/api/v2/associations/35793356,"[""https://www.ebi.ac.uk/gwas/rest/api/v2/associations?efo_id=EFO_0003924&show_child_trait=false&size=500&page=0""]",IL16
pigmentation,35793360,GCST006989,30531825,"[""EFO_0003924""]","[""strict""]",https://www.ebi.ac.uk/gwas/rest/api/v2/associations/35793360,"[""https://www.ebi.ac.uk/gwas/rest/api/v2/associations?efo_id=EFO_0003924&show_child_trait=false&size=500&page=0""]",CDK10
pigmentation,35793360,GCST006989,30531825,"[""EFO_0003924""]","[""strict""]",https://www.ebi.ac.uk/gwas/rest/api/v2/associations/35793360,"[""https://www.ebi.ac.uk/gwas/rest/api/v2/associations?efo_id=EFO_0003924&show_child_trait=false&size=500&page=0""]",SPATA33
pigmentation,35793364,GCST006989,30531825,"[""EFO_0003924""]","[""strict""]",https://www.ebi.ac.uk/gwas/rest/api/v2/associations/35793364,"[""https://www.ebi.ac.uk/gwas/rest/api/v2/associations?efo_id=EFO_0003924&show_child_trait=false&size=500&page=0""]",SPIRE2
pigmentation,35793364,GCST006989,30531825,"[""EFO_0003924""]","[""strict""]",https://www.ebi.ac.uk/gwas/rest/api/v2/associations/35793364,"[""https://www.ebi.ac.uk/gwas/rest/api/v2/associations?efo_id=EFO_0003924&show_child_trait=false&size=500&page=0""]",TCF25
pigmentation,35793369,GCST006989,30531825,"[""EFO_0003924""]","[""strict""]",https://www.ebi.ac.uk/gwas/rest/api/v2/associations/35793369,"[""https://www.ebi.ac.uk/gwas/rest/api/v2/associations?efo_id=EFO_0003924&show_child_trait=false&size=500&page=0""]",TCF25
pigmentation,35793373,GCST006989,30531825,"[""EFO_0003924""]","[""strict""]",https://www.ebi.ac.uk/gwas/rest/api/v2/associations/35793373,"[""https://www.ebi.ac.uk/gwas/rest/api/v2/associations?efo_id=EFO_0003924&show_child_trait=false&size=500&page=0""]",MC1R
pigmentation,35793377,GCST006989,30531825,"[""EFO_0003924""]","[""strict""]",https://www.ebi.ac.uk/gwas/rest/api/v2/associations/35793377,"[""https://www.ebi.ac.uk/gwas/rest/api/v2/associations?efo_id=EFO_0003924&show_child_trait=false&size=500&page=0""]",MC1R
pigmentation,35793381,GCST006989,30531825,"[""EFO_0003924""]","[""strict""]",https://www.ebi.ac.uk/gwas/rest/api/v2/associations/35793381,"[""https://www.ebi.ac.uk/gwas/rest/api/v2/associations?efo_id=EFO_0003924&show_child_trait=false&size=500&page=0""]",MC1R
pigmentation,35793385,GCST006989,30531825,"[""EFO_0003924""]","[""strict""]",https://www.ebi.ac.uk/gwas/rest/api/v2/associations/35793385,"[""https://www.ebi.ac.uk/gwas/rest/api/v2/associations?efo_id=EFO_0003924&show_child_trait=false&size=500&page=0""]",MC1R
pigmentation,35793389,GCST006989,30531825,"[""EFO_0003924""]","[""strict""]",https://www.ebi.ac.uk/gwas/rest/api/v2/associations/35793389,"[""https://www.ebi.ac.uk/gwas/rest/api/v2/associations?efo_id=EFO_0003924&show_child_trait=false&size=500&page=0""]",MC1R
pigmentation,35793394,GCST006989,30531825,"[""EFO_0003924""]","[""strict""]",https://www.ebi.ac.uk/gwas/rest/api/v2/associations/35793394,"[""https://www.ebi.ac.uk/gwas/rest/api/v2/associations?efo_id=EFO_0003924&show_child_trait=false&size=500&page=0""]",DEF8
pigmentation,35793398,GCST006989,30531825,"[""EFO_0003924""]","[""strict""]",https://www.ebi.ac.uk/gwas/rest/api/v2/associations/35793398,"[""https://www.ebi.ac.uk/gwas/rest/api/v2/associations?efo_id=EFO_0003924&show_child_trait=false&size=500&page=0""]",SP2-AS1
pigmentation,35793398,GCST006989,30531825,"[""EFO_0003924""]","[""strict""]",https://www.ebi.ac.uk/gwas/rest/api/v2/associations/35793398,"[""https://www.ebi.ac.uk/gwas/rest/api/v2/associations?efo_id=EFO_0003924&show_child_trait=false&size=500&page=0""]",SP6
pigmentation,35793402,GCST006989,30531825,"[""EFO_0003924""]","[""strict""]",https://www.ebi.ac.uk/gwas/rest/api/v2/associations/35793402,"[""https://www.ebi.ac.uk/gwas/rest/api/v2/associations?efo_id=EFO_0003924&show_child_trait=false&size=500&page=0""]",NPLOC4
pigmentation,35793402,GCST006989,30531825,"[""EFO_0003924""]","[""strict""]",https://www.ebi.ac.uk/gwas/rest/api/v2/associations/35793402,"[""https://www.ebi.ac.uk/gwas/rest/api/v2/associations?efo_id=EFO_0003924&show_child_trait=false&size=500&page=0""]",TSPAN10
pigmentation,35793407,GCST006989,30531825,"[""EFO_0003924""]","[""strict""]",https://www.ebi.ac.uk/gwas/rest/api/v2/associations/35793407,"[""https://www.ebi.ac.uk/gwas/rest/api/v2/associations?efo_id=EFO_0003924&show_child_trait=false&size=500&page=0""]",PIGU
pigmentation,35793412,GCST006989,30531825,"[""EFO_0003924""]","[""strict""]",https://www.ebi.ac.uk/gwas/rest/api/v2/associations/35793412,"[""https://www.ebi.ac.uk/gwas/rest/api/v2/associations?efo_id=EFO_0003924&show_child_trait=false&size=500&page=0""]",ZNF831
pigmentation,36095398,GCST007082,30595370,"[""OBA_0002313""]","[""strict""]",https://www.ebi.ac.uk/gwas/rest/api/v2/associations/36095398,"[""https://www.ebi.ac.uk/gwas/rest/api/v2/associations?efo_id=OBA_0002313&show_child_trait=false&size=500&page=1""]",C1QTNF12
pigmentation,36095402,GCST007082,30595370,"[""OBA_0002313""]","[""strict""]",https://www.ebi.ac.uk/gwas/rest/api/v2/associations/36095402,"[""https://www.ebi.ac.uk/gwas/rest/api/v2/associations?efo_id=OBA_0002313&show_child_trait=false&size=500&page=1""]",ERRFI1-DT
pigmentation,36095407,GCST007082,30595370,"[""OBA_0002313""]","[""strict""]",https://www.ebi.ac.uk/gwas/rest/api/v2/associations/36095407,"[""https://www.ebi.ac.uk/gwas/rest/api/v2/associations?efo_id=OBA_0002313&show_child_trait=false&size=500&page=1""]",RNU6-991P
pigmentation,36095407,GCST007082,30595370,"[""OBA_0002313""]","[""strict""]",https://www.ebi.ac.uk/gwas/rest/api/v2/associations/36095407,"[""https://www.ebi.ac.uk/gwas/rest/api/v2/associations?efo_id=OBA_0002313&show_child_trait=false&size=500&page=1""]",SLC45A1
pigmentation,36095412,GCST007082,30595370,"[""OBA_0002313""]","[""strict""]",https://www.ebi.ac.uk/gwas/rest/api/v2/associations/36095412,"[""https://www.ebi.ac.uk/gwas/rest/api/v2/associations?efo_id=OBA_0002313&show_child_trait=false&size=500&page=1""]",PEX14
pigmentation,36095417,GCST007082,30595370,"[""OBA_0002313""]","[""strict""]",https://www.ebi.ac.uk/gwas/rest/api/v2/associations/36095417,"[""https://www.ebi.ac.uk/gwas/rest/api/v2/associations?efo_id=OBA_0002313&show_child_trait=false&size=500&page=1""]",CIROZ
pigmentation,36095422,GCST007082,30595370,"[""OBA_0002313""]","[""strict""]",https://www.ebi.ac.uk/gwas/rest/api/v2/associations/36095422,"[""https://www.ebi.ac.uk/gwas/rest/api/v2/associations?efo_id=OBA_0002313&show_child_trait=false&size=500&page=1""]",ZBTB17
pigmentation,36095427,GCST007082,30595370,"[""OBA_0002313""]","[""strict""]",https://www.ebi.ac.uk/gwas/rest/api/v2/associations/36095427,"[""https://www.ebi.ac.uk/gwas/rest/api/v2/associations?efo_id=OBA_0002313&show_child_trait=false&size=500&page=1""]",PADI3
pigmentation,36095427,GCST007082,30595370,"[""OBA_0002313""]","[""strict""]",https://www.ebi.ac.uk/gwas/rest/api/v2/associations/36095427,"[""https://www.ebi.ac.uk/gwas/rest/api/v2/associations?efo_id=OBA_0002313&show_child_trait=false&size=500&page=1""]",PADI4
pigmentation,36095432,GCST007082,30595370,"[""OBA_0002313""]","[""strict""]",https://www.ebi.ac.uk/gwas/rest/api/v2/associations/36095432,"[""https://www.ebi.ac.uk/gwas/rest/api/v2/associations?efo_id=OBA_0002313&show_child_trait=false&size=500&page=1""]",NIPAL3
pigmentation,36095437,GCST007082,30595370,"[""OBA_0002313""]","[""strict""]",https://www.ebi.ac.uk/gwas/rest/api/v2/associations/36095437,"[""https://www.ebi.ac.uk/gwas/rest/api/v2/associations?efo_id=OBA_0002313&show_child_trait=false&size=500&page=1""]",ARID1A
pigmentation,36095442,GCST007082,30595370,"[""OBA_0002313""]","[""strict""]",https://www.ebi.ac.uk/gwas/rest/api/v2/associations/36095442,"[""https://www.ebi.ac.uk/gwas/rest/api/v2/associations?efo_id=OBA_0002313&show_child_trait=false&size=500&page=1""]",FOXO6
pigmentation,36095442,GCST007082,30595370,"[""OBA_0002313""]","[""strict""]",https://www.ebi.ac.uk/gwas/rest/api/v2/associations/36095442,"[""https://www.ebi.ac.uk/gwas/rest/api/v2/associations?efo_id=OBA_0002313&show_child_trait=false&size=500&page=1""]",RNA5SP45
pigmentation,36095447,GCST007082,30595370,"[""OBA_0002313""]","[""strict""]",https://www.ebi.ac.uk/gwas/rest/api/v2/associations/36095447,"[""https://www.ebi.ac.uk/gwas/rest/api/v2/associations?efo_id=OBA_0002313&show_child_trait=false&size=500&page=1""]",NFIA
pigmentation,36095451,GCST007082,30595370,"[""OBA_0002313""]","[""strict""]",https://www.ebi.ac.uk/gwas/rest/api/v2/associations/36095451,"[""https://www.ebi.ac.uk/gwas/rest/api/v2/associations?efo_id=OBA_0002313&show_child_trait=false&size=500&page=1""]",DNAJB4
pigmentation,36095451,GCST007082,30595370,"[""OBA_0002313""]","[""strict""]",https://www.ebi.ac.uk/gwas/rest/api/v2/associations/36095451,"[""https://www.ebi.ac.uk/gwas/rest/api/v2/associations?efo_id=OBA_0002313&show_child_trait=false&size=500&page=1""]",GIPC2
pigmentation,36095455,GCST007082,30595370,"[""OBA_0002313""]","[""strict""]",https://www.ebi.ac.uk/gwas/rest/api/v2/associations/36095455,"[""https://www.ebi.ac.uk/gwas/rest/api/v2/associations?efo_id=OBA_0002313&show_child_trait=false&size=500&page=1""]",DNAI3
pigmentation,36095460,GCST007082,30595370,"[""OBA_0002313""]","[""strict""]",https://www.ebi.ac.uk/gwas/rest/api/v2/associations/36095460,"[""https://www.ebi.ac.uk/gwas/rest/api/v2/associations?efo_id=OBA_0002313&show_child_trait=false&size=500&page=1""]",BCAR3
pigmentation,36095465,GCST007082,30595370,"[""OBA_0002313""]","[""strict""]",https://www.ebi.ac.uk/gwas/rest/api/v2/associations/36095465,"[""https://www.ebi.ac.uk/gwas/rest/api/v2/associations?efo_id=OBA_0002313&show_child_trait=false&size=500&page=1""]",LORICRIN
pigmentation,36095465,GCST007082,30595370,"[""OBA_0002313""]","[""strict""]",https://www.ebi.ac.uk/gwas/rest/api/v2/associations/36095465,"[""https://www.ebi.ac.uk/gwas/rest/api/v2/associations?efo_id=OBA_0002313&show_child_trait=false&size=500&page=1""]",RPLP0P4
pigmentation,36095470,GCST007082,30595370,"[""OBA_0002313""]","[""strict""]",https://www.ebi.ac.uk/gwas/rest/api/v2/associations/36095470,"[""https://www.ebi.ac.uk/gwas/rest/api/v2/associations?efo_id=OBA_0002313&show_child_trait=false&size=500&page=1""]",EFNA1
pigmentation,36095475,GCST007082,30595370,"[""OBA_0002313""]","[""strict""]",https://www.ebi.ac.uk/gwas/rest/api/v2/associations/36095475,"[""https://www.ebi.ac.uk/gwas/rest/api/v2/associations?efo_id=OBA_0002313&show_child_trait=false&size=500&page=1""]",GPR161
pigmentation,36095480,GCST007082,30595370,"[""OBA_0002313""]","[""strict""]",https://www.ebi.ac.uk/gwas/rest/api/v2/associations/36095480,"[""https://www.ebi.ac.uk/gwas/rest/api/v2/associations?efo_id=OBA_0002313&show_child_trait=false&size=500&page=1""]",RGS2-AS1
pigmentation,36095484,GCST007082,30595370,"[""OBA_0002313""]","[""strict""]",https://www.ebi.ac.uk/gwas/rest/api/v2/associations/36095484,"[""https://www.ebi.ac.uk/gwas/rest/api/v2/associations?efo_id=OBA_0002313&show_child_trait=false&size=500&page=1""]",DSTYK
pigmentation,36095489,GCST007082,30595370,"[""OBA_0002313""]","[""strict""]",https://www.ebi.ac.uk/gwas/rest/api/v2/associations/36095489,"[""https://www.ebi.ac.uk/gwas/rest/api/v2/associations?efo_id=OBA_0002313&show_child_trait=false&size=500&page=1""]",Metazoa_SRP
pigmentation,36095489,GCST007082,30595370,"[""OBA_0002313""]","[""strict""]",https://www.ebi.ac.uk/gwas/rest/api/v2/associations/36095489,"[""https://www.ebi.ac.uk/gwas/rest/api/v2/associations?efo_id=OBA_0002313&show_child_trait=false&size=500&page=1""]",NUCKS1
pigmentation,36095494,GCST007082,30595370,"[""OBA_0002313""]","[""strict""]",https://www.ebi.ac.uk/gwas/rest/api/v2/associations/36095494,"[""https://www.ebi.ac.uk/gwas/rest/api/v2/associations?efo_id=OBA_0002313&show_child_trait=false&size=500&page=1""]",KCNH1
pigmentation,36095494,GCST007082,30595370,"[""OBA_0002313""]","[""strict""]",https://www.ebi.ac.uk/gwas/rest/api/v2/associations/36095494,"[""https://www.ebi.ac.uk/gwas/rest/api/v2/associations?efo_id=OBA_0002313&show_child_trait=false&size=500&page=1""]",PRELID1P5
pigmentation,36095499,GCST007082,30595370,"[""OBA_0002313""]","[""strict""]",https://www.ebi.ac.uk/gwas/rest/api/v2/associations/36095499,"[""https://www.ebi.ac.uk/gwas/rest/api/v2/associations?efo_id=OBA_0002313&show_child_trait=false&size=500&page=1""]",LINC02608
pigmentation,36095504,GCST007082,30595370,"[""OBA_0002313""]","[""strict""]",https://www.ebi.ac.uk/gwas/rest/api/v2/associations/36095504,"[""https://www.ebi.ac.uk/gwas/rest/api/v2/associations?efo_id=OBA_0002313&show_child_trait=false&size=500&page=1""]",PTPN14
pigmentation,36095509,GCST007082,30595370,"[""OBA_0002313""]","[""strict""]",https://www.ebi.ac.uk/gwas/rest/api/v2/associations/36095509,"[""https://www.ebi.ac.uk/gwas/rest/api/v2/associations?efo_id=OBA_0002313&show_child_trait=false&size=500&page=1""]",CDC42BPA
pigmentation,36095514,GCST007082,30595370,"[""OBA_0002313""]","[""strict""]",https://www.ebi.ac.uk/gwas/rest/api/v2/associations/36095514,"[""https://www.ebi.ac.uk/gwas/rest/api/v2/associations?efo_id=OBA_0002313&show_child_trait=false&size=500&page=1""]",SIPA1L2
pigmentation,36095519,GCST007082,30595370,"[""OBA_0002313""]","[""strict""]",https://www.ebi.ac.uk/gwas/rest/api/v2/associations/36095519,"[""https://www.ebi.ac.uk/gwas/rest/api/v2/associations?efo_id=OBA_0002313&show_child_trait=false&size=500&page=1""]",LYST
pigmentation,36095524,GCST007082,30595370,"[""OBA_0002313""]","[""strict""]",https://www.ebi.ac.uk/gwas/rest/api/v2/associations/36095524,"[""https://www.ebi.ac.uk/gwas/rest/api/v2/associations?efo_id=OBA_0002313&show_child_trait=false&size=500&page=1""]",FMN2
pigmentation,36095529,GCST007082,30595370,"[""OBA_0002313""]","[""strict""]",https://www.ebi.ac.uk/gwas/rest/api/v2/associations/36095529,"[""https://www.ebi.ac.uk/gwas/rest/api/v2/associations?efo_id=OBA_0002313&show_child_trait=false&size=500&page=1""]",PXDN
pigmentation,36095534,GCST007082,30595370,"[""OBA_0002313""]","[""strict""]",https://www.ebi.ac.uk/gwas/rest/api/v2/associations/36095534,"[""https://www.ebi.ac.uk/gwas/rest/api/v2/associations?efo_id=OBA_0002313&show_child_trait=false&size=500&page=1""]",PUM2
pigmentation,36095534,GCST007082,30595370,"[""OBA_0002313""]","[""strict""]",https://www.ebi.ac.uk/gwas/rest/api/v2/associations/36095534,"[""https://www.ebi.ac.uk/gwas/rest/api/v2/associations?efo_id=OBA_0002313&show_child_trait=false&size=500&page=1""]",SLC7A15P
pigmentation,36095539,GCST007082,30595370,"[""OBA_0002313""]","[""strict""]",https://www.ebi.ac.uk/gwas/rest/api/v2/associations/36095539,"[""https://www.ebi.ac.uk/gwas/rest/api/v2/associations?efo_id=OBA_0002313&show_child_trait=false&size=500&page=1""]",LINC01381
pigmentation,36095539,GCST007082,30595370,"[""OBA_0002313""]","[""strict""]",https://www.ebi.ac.uk/gwas/rest/api/v2/associations/36095539,"[""https://www.ebi.ac.uk/gwas/rest/api/v2/associations?efo_id=OBA_0002313&show_child_trait=false&size=500&page=1""]",POMC
pigmentation,36095543,GCST007082,30595370,"[""OBA_0002313""]","[""strict""]",https://www.ebi.ac.uk/gwas/rest/api/v2/associations/36095543,"[""https://www.ebi.ac.uk/gwas/rest/api/v2/associations?efo_id=OBA_0002313&show_child_trait=false&size=500&page=1""]",ASXL2
pigmentation,36095548,GCST007082,30595370,"[""OBA_0002313""]","[""strict""]",https://www.ebi.ac.uk/gwas/rest/api/v2/associations/36095548,"[""https://www.ebi.ac.uk/gwas/rest/api/v2/associations?efo_id=OBA_0002313&show_child_trait=false&size=500&page=1""]",NRBP1
pigmentation,36095548,GCST007082,30595370,"[""OBA_0002313""]","[""strict""]",https://www.ebi.ac.uk/gwas/rest/api/v2/associations/36095548,"[""https://www.ebi.ac.uk/gwas/rest/api/v2/associations?efo_id=OBA_0002313&show_child_trait=false&size=500&page=1""]",PPM1G
pigmentation,36095553,GCST007082,30595370,"[""OBA_0002313""]","[""strict""]",https://www.ebi.ac.uk/gwas/rest/api/v2/associations/36095553,"[""https://www.ebi.ac.uk/gwas/rest/api/v2/associations?efo_id=OBA_0002313&show_child_trait=false&size=500&page=1""]",FOSL2-AS1
pigmentation,36095558,GCST007082,30595370,"[""OBA_0002313""]","[""strict""]",https://www.ebi.ac.uk/gwas/rest/api/v2/associations/36095558,"[""https://www.ebi.ac.uk/gwas/rest/api/v2/associations?efo_id=OBA_0002313&show_child_trait=false&size=500&page=1""]",CDC42EP3-AS1
pigmentation,36095562,GCST007082,30595370,"[""OBA_0002313""]","[""strict""]",https://www.ebi.ac.uk/gwas/rest/api/v2/associations/36095562,"[""https://www.ebi.ac.uk/gwas/rest/api/v2/associations?efo_id=OBA_0002313&show_child_trait=false&size=500&page=1""]",LINC01913
pigmentation,36095562,GCST007082,30595370,"[""OBA_0002313""]","[""strict""]",https://www.ebi.ac.uk/gwas/rest/api/v2/associations/36095562,"[""https://www.ebi.ac.uk/gwas/rest/api/v2/associations?efo_id=OBA_0002313&show_child_trait=false&size=500&page=1""]",LINC01914
pigmentation,36095567,GCST007082,30595370,"[""OBA_0002313""]","[""strict""]",https://www.ebi.ac.uk/gwas/rest/api/v2/associations/36095567,"[""https://www.ebi.ac.uk/gwas/rest/api/v2/associations?efo_id=OBA_0002313&show_child_trait=false&size=500&page=1""]",THADA
pigmentation,36095572,GCST007082,30595370,"[""OBA_0002313""]","[""strict""]",https://www.ebi.ac.uk/gwas/rest/api/v2/associations/36095572,"[""https://www.ebi.ac.uk/gwas/rest/api/v2/associations?efo_id=OBA_0002313&show_child_trait=false&size=500&page=1""]",WDPCP
pigmentation,36095577,GCST007082,30595370,"[""OBA_0002313""]","[""strict""]",https://www.ebi.ac.uk/gwas/rest/api/v2/associations/36095577,"[""https://www.ebi.ac.uk/gwas/rest/api/v2/associations?efo_id=OBA_0002313&show_child_trait=false&size=500&page=1""]",BRD7P6
pigmentation,36095577,GCST007082,30595370,"[""OBA_0002313""]","[""strict""]",https://www.ebi.ac.uk/gwas/rest/api/v2/associations/36095577,"[""https://www.ebi.ac.uk/gwas/rest/api/v2/associations?efo_id=OBA_0002313&show_child_trait=false&size=500&page=1""]",FAM136A
pigmentation,36095582,GCST007082,30595370,"[""OBA_0002313""]","[""strict""]",https://www.ebi.ac.uk/gwas/rest/api/v2/associations/36095582,"[""https://www.ebi.ac.uk/gwas/rest/api/v2/associations?efo_id=OBA_0002313&show_child_trait=false&size=500&page=1""]",MRPL45P1
pigmentation,36095582,GCST007082,30595370,"[""OBA_0002313""]","[""strict""]",https://www.ebi.ac.uk/gwas/rest/api/v2/associations/36095582,"[""https://www.ebi.ac.uk/gwas/rest/api/v2/associations?efo_id=OBA_0002313&show_child_trait=false&size=500&page=1""]",THNSL2
pigmentation,36095587,GCST007082,30595370,"[""OBA_0002313""]","[""strict""]",https://www.ebi.ac.uk/gwas/rest/api/v2/associations/36095587,"[""https://www.ebi.ac.uk/gwas/rest/api/v2/associations?efo_id=OBA_0002313&show_child_trait=false&size=500&page=1""]",EDAR
pigmentation,36095592,GCST007082,30595370,"[""OBA_0002313""]","[""strict""]",https://www.ebi.ac.uk/gwas/rest/api/v2/associations/36095592,"[""https://www.ebi.ac.uk/gwas/rest/api/v2/associations?efo_id=OBA_0002313&show_child_trait=false&size=500&page=1""]",LINC01956
pigmentation,36095597,GCST007082,30595370,"[""OBA_0002313""]","[""strict""]",https://www.ebi.ac.uk/gwas/rest/api/v2/associations/36095597,"[""https://www.ebi.ac.uk/gwas/rest/api/v2/associations?efo_id=OBA_0002313&show_child_trait=false&size=500&page=1""]",INHBB
pigmentation,36095597,GCST007082,30595370,"[""OBA_0002313""]","[""strict""]",https://www.ebi.ac.uk/gwas/rest/api/v2/associations/36095597,"[""https://www.ebi.ac.uk/gwas/rest/api/v2/associations?efo_id=OBA_0002313&show_child_trait=false&size=500&page=1""]",RALB
pigmentation,36095601,GCST007082,30595370,"[""OBA_0002313""]","[""strict""]",https://www.ebi.ac.uk/gwas/rest/api/v2/associations/36095601,"[""https://www.ebi.ac.uk/gwas/rest/api/v2/associations?efo_id=OBA_0002313&show_child_trait=false&size=500&page=1""]",TMEM163
pigmentation,36095605,GCST007082,30595370,"[""OBA_0002313""]","[""strict""]",https://www.ebi.ac.uk/gwas/rest/api/v2/associations/36095605,"[""https://www.ebi.ac.uk/gwas/rest/api/v2/associations?efo_id=OBA_0002313&show_child_trait=false&size=500&page=1""]",HOXD-AS2
pigmentation,36095609,GCST007082,30595370,"[""OBA_0002313""]","[""strict""]",https://www.ebi.ac.uk/gwas/rest/api/v2/associations/36095609,"[""https://www.ebi.ac.uk/gwas/rest/api/v2/associations?efo_id=OBA_0002313&show_child_trait=false&size=500&page=1""]",LINC01117
pigmentation,36095613,GCST007082,30595370,"[""OBA_0002313""]","[""strict""]",https://www.ebi.ac.uk/gwas/rest/api/v2/associations/36095613,"[""https://www.ebi.ac.uk/gwas/rest/api/v2/associations?efo_id=OBA_0002313&show_child_trait=false&size=500&page=1""]",MYO1B-AS1
pigmentation,36095618,GCST007082,30595370,"[""OBA_0002313""]","[""strict""]",https://www.ebi.ac.uk/gwas/rest/api/v2/associations/36095618,"[""https://www.ebi.ac.uk/gwas/rest/api/v2/associations?efo_id=OBA_0002313&show_child_trait=false&size=500&page=1""]",FZD7
pigmentation,36095618,GCST007082,30595370,"[""OBA_0002313""]","[""strict""]",https://www.ebi.ac.uk/gwas/rest/api/v2/associations/36095618,"[""https://www.ebi.ac.uk/gwas/rest/api/v2/associations?efo_id=OBA_0002313&show_child_trait=false&size=500&page=1""]",RNU6-440P
pigmentation,36095623,GCST007082,30595370,"[""OBA_0002313""]","[""strict""]",https://www.ebi.ac.uk/gwas/rest/api/v2/associations/36095623,"[""https://www.ebi.ac.uk/gwas/rest/api/v2/associations?efo_id=OBA_0002313&show_child_trait=false&size=500&page=1""]",LINC01953
pigmentation,36095623,GCST007082,30595370,"[""OBA_0002313""]","[""strict""]",https://www.ebi.ac.uk/gwas/rest/api/v2/associations/36095623,"[""https://www.ebi.ac.uk/gwas/rest/api/v2/associations?efo_id=OBA_0002313&show_child_trait=false&size=500&page=1""]",SPAG16-DT
pigmentation,36095627,GCST007082,30595370,"[""OBA_0002313""]","[""strict""]",https://www.ebi.ac.uk/gwas/rest/api/v2/associations/36095627,"[""https://www.ebi.ac.uk/gwas/rest/api/v2/associations?efo_id=OBA_0002313&show_child_trait=false&size=500&page=1""]",TESHL
pigmentation,36095632,GCST007082,30595370,"[""OBA_0002313""]","[""strict""]",https://www.ebi.ac.uk/gwas/rest/api/v2/associations/36095632,"[""https://www.ebi.ac.uk/gwas/rest/api/v2/associations?efo_id=OBA_0002313&show_child_trait=false&size=500&page=1""]",EPHA4
pigmentation,36095632,GCST007082,30595370,"[""OBA_0002313""]","[""strict""]",https://www.ebi.ac.uk/gwas/rest/api/v2/associations/36095632,"[""https://www.ebi.ac.uk/gwas/rest/api/v2/associations?efo_id=OBA_0002313&show_child_trait=false&size=500&page=1""]",MIR4268
pigmentation,36095636,GCST007082,30595370,"[""OBA_0002313""]","[""strict""]",https://www.ebi.ac.uk/gwas/rest/api/v2/associations/36095636,"[""https://www.ebi.ac.uk/gwas/rest/api/v2/associations?efo_id=OBA_0002313&show_child_trait=false&size=500&page=1""]",EPHA4
pigmentation,36095636,GCST007082,30595370,"[""OBA_0002313""]","[""strict""]",https://www.ebi.ac.uk/gwas/rest/api/v2/associations/36095636,"[""https://www.ebi.ac.uk/gwas/rest/api/v2/associations?efo_id=OBA_0002313&show_child_trait=false&size=500&page=1""]",MIR4268
pigmentation,36095641,GCST007082,30595370,"[""OBA_0002313""]","[""strict""]",https://www.ebi.ac.uk/gwas/rest/api/v2/associations/36095641,"[""https://www.ebi.ac.uk/gwas/rest/api/v2/associations?efo_id=OBA_0002313&show_child_trait=false&size=500&page=1""]",EPHA4
pigmentation,36095641,GCST007082,30595370,"[""OBA_0002313""]","[""strict""]",https://www.ebi.ac.uk/gwas/rest/api/v2/associations/36095641,"[""https://www.ebi.ac.uk/gwas/rest/api/v2/associations?efo_id=OBA_0002313&show_child_trait=false&size=500&page=1""]",MIR4268
pigmentation,36095646,GCST007082,30595370,"[""OBA_0002313""]","[""strict""]",https://www.ebi.ac.uk/gwas/rest/api/v2/associations/36095646,"[""https://www.ebi.ac.uk/gwas/rest/api/v2/associations?efo_id=OBA_0002313&show_child_trait=false&size=500&page=1""]",EPHA4
pigmentation,36095646,GCST007082,30595370,"[""OBA_0002313""]","[""strict""]",https://www.ebi.ac.uk/gwas/rest/api/v2/associations/36095646,"[""https://www.ebi.ac.uk/gwas/rest/api/v2/associations?efo_id=OBA_0002313&show_child_trait=false&size=500&page=1""]",MIR4268
pigmentation,36095651,GCST007082,30595370,"[""OBA_0002313""]","[""strict""]",https://www.ebi.ac.uk/gwas/rest/api/v2/associations/36095651,"[""https://www.ebi.ac.uk/gwas/rest/api/v2/associations?efo_id=OBA_0002313&show_child_trait=false&size=500&page=1""]",EPHA4
pigmentation,36095656,GCST007082,30595370,"[""OBA_0002313""]","[""strict""]",https://www.ebi.ac.uk/gwas/rest/api/v2/associations/36095656,"[""https://www.ebi.ac.uk/gwas/rest/api/v2/associations?efo_id=OBA_0002313&show_child_trait=false&size=500&page=1""]",PAX3
pigmentation,36095656,GCST007082,30595370,"[""OBA_0002313""]","[""strict""]",https://www.ebi.ac.uk/gwas/rest/api/v2/associations/36095656,"[""https://www.ebi.ac.uk/gwas/rest/api/v2/associations?efo_id=OBA_0002313&show_child_trait=false&size=500&page=1""]",RPL23AP28
pigmentation,36095661,GCST007082,30595370,"[""OBA_0002313""]","[""strict""]",https://www.ebi.ac.uk/gwas/rest/api/v2/associations/36095661,"[""https://www.ebi.ac.uk/gwas/rest/api/v2/associations?efo_id=OBA_0002313&show_child_trait=false&size=500&page=1""]",PAX3
pigmentation,36095666,GCST007082,30595370,"[""OBA_0002313""]","[""strict""]",https://www.ebi.ac.uk/gwas/rest/api/v2/associations/36095666,"[""https://www.ebi.ac.uk/gwas/rest/api/v2/associations?efo_id=OBA_0002313&show_child_trait=false&size=500&page=1""]",DOCK10
pigmentation,36095666,GCST007082,30595370,"[""OBA_0002313""]","[""strict""]",https://www.ebi.ac.uk/gwas/rest/api/v2/associations/36095666,"[""https://www.ebi.ac.uk/gwas/rest/api/v2/associations?efo_id=OBA_0002313&show_child_trait=false&size=500&page=1""]",NYAP2
pigmentation,36095671,GCST007082,30595370,"[""OBA_0002313""]","[""strict""]",https://www.ebi.ac.uk/gwas/rest/api/v2/associations/36095671,"[""https://www.ebi.ac.uk/gwas/rest/api/v2/associations?efo_id=OBA_0002313&show_child_trait=false&size=500&page=1""]",NGEF
pigmentation,36095675,GCST007082,30595370,"[""OBA_0002313""]","[""strict""]",https://www.ebi.ac.uk/gwas/rest/api/v2/associations/36095675,"[""https://www.ebi.ac.uk/gwas/rest/api/v2/associations?efo_id=OBA_0002313&show_child_trait=false&size=500&page=1""]",LINC01937
pigmentation,36095675,GCST007082,30595370,"[""OBA_0002313""]","[""strict""]",https://www.ebi.ac.uk/gwas/rest/api/v2/associations/36095675,"[""https://www.ebi.ac.uk/gwas/rest/api/v2/associations?efo_id=OBA_0002313&show_child_trait=false&size=500&page=1""]",TWIST2
pigmentation,36095679,GCST007082,30595370,"[""OBA_0002313""]","[""strict""]",https://www.ebi.ac.uk/gwas/rest/api/v2/associations/36095679,"[""https://www.ebi.ac.uk/gwas/rest/api/v2/associations?efo_id=OBA_0002313&show_child_trait=false&size=500&page=1""]",HDAC4
pigmentation,36095679,GCST007082,30595370,"[""OBA_0002313""]","[""strict""]",https://www.ebi.ac.uk/gwas/rest/api/v2/associations/36095679,"[""https://www.ebi.ac.uk/gwas/rest/api/v2/associations?efo_id=OBA_0002313&show_child_trait=false&size=500&page=1""]",LINC01940
pigmentation,36095683,GCST007082,30595370,"[""OBA_0002313""]","[""strict""]",https://www.ebi.ac.uk/gwas/rest/api/v2/associations/36095683,"[""https://www.ebi.ac.uk/gwas/rest/api/v2/associations?efo_id=OBA_0002313&show_child_trait=false&size=500&page=1""]",CHL1
pigmentation,36095688,GCST007082,30595370,"[""OBA_0002313""]","[""strict""]",https://www.ebi.ac.uk/gwas/rest/api/v2/associations/36095688,"[""https://www.ebi.ac.uk/gwas/rest/api/v2/associations?efo_id=OBA_0002313&show_child_trait=false&size=500&page=1""]",VGLL4
pigmentation,36095693,GCST007082,30595370,"[""OBA_0002313""]","[""strict""]",https://www.ebi.ac.uk/gwas/rest/api/v2/associations/36095693,"[""https://www.ebi.ac.uk/gwas/rest/api/v2/associations?efo_id=OBA_0002313&show_child_trait=false&size=500&page=1""]",RAF1
pigmentation,36095698,GCST007082,30595370,"[""OBA_0002313""]","[""strict""]",https://www.ebi.ac.uk/gwas/rest/api/v2/associations/36095698,"[""https://www.ebi.ac.uk/gwas/rest/api/v2/associations?efo_id=OBA_0002313&show_child_trait=false&size=500&page=1""]",THRB
pigmentation,36095703,GCST007082,30595370,"[""OBA_0002313""]","[""strict""]",https://www.ebi.ac.uk/gwas/rest/api/v2/associations/36095703,"[""https://www.ebi.ac.uk/gwas/rest/api/v2/associations?efo_id=OBA_0002313&show_child_trait=false&size=500&page=1""]",IP6K2
pigmentation,36095708,GCST007082,30595370,"[""OBA_0002313""]","[""strict""]",https://www.ebi.ac.uk/gwas/rest/api/v2/associations/36095708,"[""https://www.ebi.ac.uk/gwas/rest/api/v2/associations?efo_id=OBA_0002313&show_child_trait=false&size=500&page=1""]",KBTBD8
pigmentation,36095708,GCST007082,30595370,"[""OBA_0002313""]","[""strict""]",https://www.ebi.ac.uk/gwas/rest/api/v2/associations/36095708,"[""https://www.ebi.ac.uk/gwas/rest/api/v2/associations?efo_id=OBA_0002313&show_child_trait=false&size=500&page=1""]",RPL21P41
pigmentation,36095713,GCST007082,30595370,"[""OBA_0002313""]","[""strict""]",https://www.ebi.ac.uk/gwas/rest/api/v2/associations/36095713,"[""https://www.ebi.ac.uk/gwas/rest/api/v2/associations?efo_id=OBA_0002313&show_child_trait=false&size=500&page=1""]",MITF
pigmentation,36095718,GCST007082,30595370,"[""OBA_0002313""]","[""strict""]",https://www.ebi.ac.uk/gwas/rest/api/v2/associations/36095718,"[""https://www.ebi.ac.uk/gwas/rest/api/v2/associations?efo_id=OBA_0002313&show_child_trait=false&size=500&page=1""]",EIF4E3
pigmentation,36095718,GCST007082,30595370,"[""OBA_0002313""]","[""strict""]",https://www.ebi.ac.uk/gwas/rest/api/v2/associations/36095718,"[""https://www.ebi.ac.uk/gwas/rest/api/v2/associations?efo_id=OBA_0002313&show_child_trait=false&size=500&page=1""]",FOXP1-DT
pigmentation,36095722,GCST007082,30595370,"[""OBA_0002313""]","[""strict""]",https://www.ebi.ac.uk/gwas/rest/api/v2/associations/36095722,"[""https://www.ebi.ac.uk/gwas/rest/api/v2/associations?efo_id=OBA_0002313&show_child_trait=false&size=500&page=1""]",LINC00877
pigmentation,36095722,GCST007082,30595370,"[""OBA_0002313""]","[""strict""]",https://www.ebi.ac.uk/gwas/rest/api/v2/associations/36095722,"[""https://www.ebi.ac.uk/gwas/rest/api/v2/associations?efo_id=OBA_0002313&show_child_trait=false&size=500&page=1""]",RYBP
pigmentation,36095726,GCST007082,30595370,"[""OBA_0002313""]","[""strict""]",https://www.ebi.ac.uk/gwas/rest/api/v2/associations/36095726,"[""https://www.ebi.ac.uk/gwas/rest/api/v2/associations?efo_id=OBA_0002313&show_child_trait=false&size=500&page=1""]",LINC02005
pigmentation,36095730,GCST007082,30595370,"[""OBA_0002313""]","[""strict""]",https://www.ebi.ac.uk/gwas/rest/api/v2/associations/36095730,"[""https://www.ebi.ac.uk/gwas/rest/api/v2/associations?efo_id=OBA_0002313&show_child_trait=false&size=500&page=1""]",SLC49A4
pigmentation,36095734,GCST007082,30595370,"[""OBA_0002313""]","[""strict""]",https://www.ebi.ac.uk/gwas/rest/api/v2/associations/36095734,"[""https://www.ebi.ac.uk/gwas/rest/api/v2/associations?efo_id=OBA_0002313&show_child_trait=false&size=500&page=1""]",ALDH1L1-AS2
pigmentation,36095734,GCST007082,30595370,"[""OBA_0002313""]","[""strict""]",https://www.ebi.ac.uk/gwas/rest/api/v2/associations/36095734,"[""https://www.ebi.ac.uk/gwas/rest/api/v2/associations?efo_id=OBA_0002313&show_child_trait=false&size=500&page=1""]",KLF15
pigmentation,36095739,GCST007082,30595370,"[""OBA_0002313""]","[""strict""]",https://www.ebi.ac.uk/gwas/rest/api/v2/associations/36095739,"[""https://www.ebi.ac.uk/gwas/rest/api/v2/associations?efo_id=OBA_0002313&show_child_trait=false&size=500&page=1""]",CHCHD6
pigmentation,36095739,GCST007082,30595370,"[""OBA_0002313""]","[""strict""]",https://www.ebi.ac.uk/gwas/rest/api/v2/associations/36095739,"[""https://www.ebi.ac.uk/gwas/rest/api/v2/associations?efo_id=OBA_0002313&show_child_trait=false&size=500&page=1""]",PLXNA1
pigmentation,36095744,GCST007082,30595370,"[""OBA_0002313""]","[""strict""]",https://www.ebi.ac.uk/gwas/rest/api/v2/associations/36095744,"[""https://www.ebi.ac.uk/gwas/rest/api/v2/associations?efo_id=OBA_0002313&show_child_trait=false&size=500&page=1""]",MRAS
pigmentation,36095744,GCST007082,30595370,"[""OBA_0002313""]","[""strict""]",https://www.ebi.ac.uk/gwas/rest/api/v2/associations/36095744,"[""https://www.ebi.ac.uk/gwas/rest/api/v2/associations?efo_id=OBA_0002313&show_child_trait=false&size=500&page=1""]",NME9
pigmentation,36095748,GCST007082,30595370,"[""OBA_0002313""]","[""strict""]",https://www.ebi.ac.uk/gwas/rest/api/v2/associations/36095748,"[""https://www.ebi.ac.uk/gwas/rest/api/v2/associations?efo_id=OBA_0002313&show_child_trait=false&size=500&page=1""]",ZBTB38
pigmentation,36095753,GCST007082,30595370,"[""OBA_0002313""]","[""strict""]",https://www.ebi.ac.uk/gwas/rest/api/v2/associations/36095753,"[""https://www.ebi.ac.uk/gwas/rest/api/v2/associations?efo_id=OBA_0002313&show_child_trait=false&size=500&page=1""]",LRRC78P
pigmentation,36095753,GCST007082,30595370,"[""OBA_0002313""]","[""strict""]",https://www.ebi.ac.uk/gwas/rest/api/v2/associations/36095753,"[""https://www.ebi.ac.uk/gwas/rest/api/v2/associations?efo_id=OBA_0002313&show_child_trait=false&size=500&page=1""]",RASA2
pigmentation,36095758,GCST007082,30595370,"[""OBA_0002313""]","[""strict""]",https://www.ebi.ac.uk/gwas/rest/api/v2/associations/36095758,"[""https://www.ebi.ac.uk/gwas/rest/api/v2/associations?efo_id=OBA_0002313&show_child_trait=false&size=500&page=1""]",ATP1B3
pigmentation,36095763,GCST007082,30595370,"[""OBA_0002313""]","[""strict""]",https://www.ebi.ac.uk/gwas/rest/api/v2/associations/36095763,"[""https://www.ebi.ac.uk/gwas/rest/api/v2/associations?efo_id=OBA_0002313&show_child_trait=false&size=500&page=1""]",MED12L
pigmentation,36095768,GCST007082,30595370,"[""OBA_0002313""]","[""strict""]",https://www.ebi.ac.uk/gwas/rest/api/v2/associations/36095768,"[""https://www.ebi.ac.uk/gwas/rest/api/v2/associations?efo_id=OBA_0002313&show_child_trait=false&size=500&page=1""]",LINC02917
pigmentation,36095773,GCST007082,30595370,"[""OBA_0002313""]","[""strict""]",https://www.ebi.ac.uk/gwas/rest/api/v2/associations/36095773,"[""https://www.ebi.ac.uk/gwas/rest/api/v2/associations?efo_id=OBA_0002313&show_child_trait=false&size=500&page=1""]",ARHGEF26
pigmentation,36095778,GCST007082,30595370,"[""OBA_0002313""]","[""strict""]",https://www.ebi.ac.uk/gwas/rest/api/v2/associations/36095778,"[""https://www.ebi.ac.uk/gwas/rest/api/v2/associations?efo_id=OBA_0002313&show_child_trait=false&size=500&page=1""]",TNIK
pigmentation,36095783,GCST007082,30595370,"[""OBA_0002313""]","[""strict""]",https://www.ebi.ac.uk/gwas/rest/api/v2/associations/36095783,"[""https://www.ebi.ac.uk/gwas/rest/api/v2/associations?efo_id=OBA_0002313&show_child_trait=false&size=500&page=1""]",SOX2-OT
pigmentation,36095788,GCST007082,30595370,"[""OBA_0002313""]","[""strict""]",https://www.ebi.ac.uk/gwas/rest/api/v2/associations/36095788,"[""https://www.ebi.ac.uk/gwas/rest/api/v2/associations?efo_id=OBA_0002313&show_child_trait=false&size=500&page=1""]",TP63
pigmentation,36095793,GCST007082,30595370,"[""OBA_0002313""]","[""strict""]",https://www.ebi.ac.uk/gwas/rest/api/v2/associations/36095793,"[""https://www.ebi.ac.uk/gwas/rest/api/v2/associations?efo_id=OBA_0002313&show_child_trait=false&size=500&page=1""]",NSG1
pigmentation,36095798,GCST007082,30595370,"[""OBA_0002313""]","[""strict""]",https://www.ebi.ac.uk/gwas/rest/api/v2/associations/36095798,"[""https://www.ebi.ac.uk/gwas/rest/api/v2/associations?efo_id=OBA_0002313&show_child_trait=false&size=500&page=1""]",LNX1
pigmentation,36095803,GCST007082,30595370,"[""OBA_0002313""]","[""strict""]",https://www.ebi.ac.uk/gwas/rest/api/v2/associations/36095803,"[""https://www.ebi.ac.uk/gwas/rest/api/v2/associations?efo_id=OBA_0002313&show_child_trait=false&size=500&page=1""]",RASSF6
pigmentation,36095807,GCST007082,30595370,"[""OBA_0002313""]","[""strict""]",https://www.ebi.ac.uk/gwas/rest/api/v2/associations/36095807,"[""https://www.ebi.ac.uk/gwas/rest/api/v2/associations?efo_id=OBA_0002313&show_child_trait=false&size=500&page=1""]",AREG
pigmentation,36095807,GCST007082,30595370,"[""OBA_0002313""]","[""strict""]",https://www.ebi.ac.uk/gwas/rest/api/v2/associations/36095807,"[""https://www.ebi.ac.uk/gwas/rest/api/v2/associations?efo_id=OBA_0002313&show_child_trait=false&size=500&page=1""]",BTC
pigmentation,36095812,GCST007082,30595370,"[""OBA_0002313""]","[""strict""]",https://www.ebi.ac.uk/gwas/rest/api/v2/associations/36095812,"[""https://www.ebi.ac.uk/gwas/rest/api/v2/associations?efo_id=OBA_0002313&show_child_trait=false&size=500&page=1""]",SHROOM3
pigmentation,36095817,GCST007082,30595370,"[""OBA_0002313""]","[""strict""]",https://www.ebi.ac.uk/gwas/rest/api/v2/associations/36095817,"[""https://www.ebi.ac.uk/gwas/rest/api/v2/associations?efo_id=OBA_0002313&show_child_trait=false&size=500&page=1""]",FRAS1
pigmentation,36095821,GCST007082,30595370,"[""OBA_0002313""]","[""strict""]",https://www.ebi.ac.uk/gwas/rest/api/v2/associations/36095821,"[""https://www.ebi.ac.uk/gwas/rest/api/v2/associations?efo_id=OBA_0002313&show_child_trait=false&size=500&page=1""]",FGF5
pigmentation,36095826,GCST007082,30595370,"[""OBA_0002313""]","[""strict""]",https://www.ebi.ac.uk/gwas/rest/api/v2/associations/36095826,"[""https://www.ebi.ac.uk/gwas/rest/api/v2/associations?efo_id=OBA_0002313&show_child_trait=false&size=500&page=1""]",CFAP299
pigmentation,36095831,GCST007082,30595370,"[""OBA_0002313""]","[""strict""]",https://www.ebi.ac.uk/gwas/rest/api/v2/associations/36095831,"[""https://www.ebi.ac.uk/gwas/rest/api/v2/associations?efo_id=OBA_0002313&show_child_trait=false&size=500&page=1""]",ARHGAP24
pigmentation,36095836,GCST007082,30595370,"[""OBA_0002313""]","[""strict""]",https://www.ebi.ac.uk/gwas/rest/api/v2/associations/36095836,"[""https://www.ebi.ac.uk/gwas/rest/api/v2/associations?efo_id=OBA_0002313&show_child_trait=false&size=500&page=1""]",ARHGAP24
pigmentation,36095841,GCST007082,30595370,"[""OBA_0002313""]","[""strict""]",https://www.ebi.ac.uk/gwas/rest/api/v2/associations/36095841,"[""https://www.ebi.ac.uk/gwas/rest/api/v2/associations?efo_id=OBA_0002313&show_child_trait=false&size=500&page=1""]",RNU6-351P
pigmentation,36095841,GCST007082,30595370,"[""OBA_0002313""]","[""strict""]",https://www.ebi.ac.uk/gwas/rest/api/v2/associations/36095841,"[""https://www.ebi.ac.uk/gwas/rest/api/v2/associations?efo_id=OBA_0002313&show_child_trait=false&size=500&page=1""]",RPL6P14
pigmentation,36095846,GCST007082,30595370,"[""OBA_0002313""]","[""strict""]",https://www.ebi.ac.uk/gwas/rest/api/v2/associations/36095846,"[""https://www.ebi.ac.uk/gwas/rest/api/v2/associations?efo_id=OBA_0002313&show_child_trait=false&size=500&page=1""]",HADH
pigmentation,36095851,GCST007082,30595370,"[""OBA_0002313""]","[""strict""]",https://www.ebi.ac.uk/gwas/rest/api/v2/associations/36095851,"[""https://www.ebi.ac.uk/gwas/rest/api/v2/associations?efo_id=OBA_0002313&show_child_trait=false&size=500&page=1""]",LEF1
pigmentation,36095856,GCST007082,30595370,"[""OBA_0002313""]","[""strict""]",https://www.ebi.ac.uk/gwas/rest/api/v2/associations/36095856,"[""https://www.ebi.ac.uk/gwas/rest/api/v2/associations?efo_id=OBA_0002313&show_child_trait=false&size=500&page=1""]",LEF1-AS1
pigmentation,36095856,GCST007082,30595370,"[""OBA_0002313""]","[""strict""]",https://www.ebi.ac.uk/gwas/rest/api/v2/associations/36095856,"[""https://www.ebi.ac.uk/gwas/rest/api/v2/associations?efo_id=OBA_0002313&show_child_trait=false&size=500&page=1""]",RPSAP34
pigmentation,36095860,GCST007082,30595370,"[""OBA_0002313""]","[""strict""]",https://www.ebi.ac.uk/gwas/rest/api/v2/associations/36095860,"[""https://www.ebi.ac.uk/gwas/rest/api/v2/associations?efo_id=OBA_0002313&show_child_trait=false&size=500&page=1""]",EXOC7P1
pigmentation,36095860,GCST007082,30595370,"[""OBA_0002313""]","[""strict""]",https://www.ebi.ac.uk/gwas/rest/api/v2/associations/36095860,"[""https://www.ebi.ac.uk/gwas/rest/api/v2/associations?efo_id=OBA_0002313&show_child_trait=false&size=500&page=1""]",RPL34-DT
pigmentation,36095865,GCST007082,30595370,"[""OBA_0002313""]","[""strict""]",https://www.ebi.ac.uk/gwas/rest/api/v2/associations/36095865,"[""https://www.ebi.ac.uk/gwas/rest/api/v2/associations?efo_id=OBA_0002313&show_child_trait=false&size=500&page=1""]",RPL34-DT
pigmentation,36095870,GCST007082,30595370,"[""OBA_0002313""]","[""strict""]",https://www.ebi.ac.uk/gwas/rest/api/v2/associations/36095870,"[""https://www.ebi.ac.uk/gwas/rest/api/v2/associations?efo_id=OBA_0002313&show_child_trait=false&size=500&page=1""]",LINC00499
pigmentation,36095875,GCST007082,30595370,"[""OBA_0002313""]","[""strict""]",https://www.ebi.ac.uk/gwas/rest/api/v2/associations/36095875,"[""https://www.ebi.ac.uk/gwas/rest/api/v2/associations?efo_id=OBA_0002313&show_child_trait=false&size=500&page=1""]",HHIP-AS1
pigmentation,36095875,GCST007082,30595370,"[""OBA_0002313""]","[""strict""]",https://www.ebi.ac.uk/gwas/rest/api/v2/associations/36095875,"[""https://www.ebi.ac.uk/gwas/rest/api/v2/associations?efo_id=OBA_0002313&show_child_trait=false&size=500&page=1""]",KRT18P51
pigmentation,36095880,GCST007082,30595370,"[""OBA_0002313""]","[""strict""]",https://www.ebi.ac.uk/gwas/rest/api/v2/associations/36095880,"[""https://www.ebi.ac.uk/gwas/rest/api/v2/associations?efo_id=OBA_0002313&show_child_trait=false&size=500&page=1""]",ATP5MGP4
pigmentation,36095880,GCST007082,30595370,"[""OBA_0002313""]","[""strict""]",https://www.ebi.ac.uk/gwas/rest/api/v2/associations/36095880,"[""https://www.ebi.ac.uk/gwas/rest/api/v2/associations?efo_id=OBA_0002313&show_child_trait=false&size=500&page=1""]",RNU7-197P
pigmentation,36095885,GCST007082,30595370,"[""OBA_0002313""]","[""strict""]",https://www.ebi.ac.uk/gwas/rest/api/v2/associations/36095885,"[""https://www.ebi.ac.uk/gwas/rest/api/v2/associations?efo_id=OBA_0002313&show_child_trait=false&size=500&page=1""]",SNX25
pigmentation,36095890,GCST007082,30595370,"[""OBA_0002313""]","[""strict""]",https://www.ebi.ac.uk/gwas/rest/api/v2/associations/36095890,"[""https://www.ebi.ac.uk/gwas/rest/api/v2/associations?efo_id=OBA_0002313&show_child_trait=false&size=500&page=1""]",ADAMTS12
pigmentation,36095895,GCST007082,30595370,"[""OBA_0002313""]","[""strict""]",https://www.ebi.ac.uk/gwas/rest/api/v2/associations/36095895,"[""https://www.ebi.ac.uk/gwas/rest/api/v2/associations?efo_id=OBA_0002313&show_child_trait=false&size=500&page=1""]",SLC45A2
pigmentation,36095900,GCST007082,30595370,"[""OBA_0002313""]","[""strict""]",https://www.ebi.ac.uk/gwas/rest/api/v2/associations/36095900,"[""https://www.ebi.ac.uk/gwas/rest/api/v2/associations?efo_id=OBA_0002313&show_child_trait=false&size=500&page=1""]",RAI14
pigmentation,36095905,GCST007082,30595370,"[""OBA_0002313""]","[""strict""]",https://www.ebi.ac.uk/gwas/rest/api/v2/associations/36095905,"[""https://www.ebi.ac.uk/gwas/rest/api/v2/associations?efo_id=OBA_0002313&show_child_trait=false&size=500&page=1""]",SLC1A3
pigmentation,36095910,GCST007082,30595370,"[""OBA_0002313""]","[""strict""]",https://www.ebi.ac.uk/gwas/rest/api/v2/associations/36095910,"[""https://www.ebi.ac.uk/gwas/rest/api/v2/associations?efo_id=OBA_0002313&show_child_trait=false&size=500&page=1""]",EMB
pigmentation,36095910,GCST007082,30595370,"[""OBA_0002313""]","[""strict""]",https://www.ebi.ac.uk/gwas/rest/api/v2/associations/36095910,"[""https://www.ebi.ac.uk/gwas/rest/api/v2/associations?efo_id=OBA_0002313&show_child_trait=false&size=500&page=1""]",PARP8
pigmentation,36095915,GCST007082,30595370,"[""OBA_0002313""]","[""strict""]",https://www.ebi.ac.uk/gwas/rest/api/v2/associations/36095915,"[""https://www.ebi.ac.uk/gwas/rest/api/v2/associations?efo_id=OBA_0002313&show_child_trait=false&size=500&page=1""]",NDUFS4
pigmentation,36095919,GCST007082,30595370,"[""OBA_0002313""]","[""strict""]",https://www.ebi.ac.uk/gwas/rest/api/v2/associations/36095919,"[""https://www.ebi.ac.uk/gwas/rest/api/v2/associations?efo_id=OBA_0002313&show_child_trait=false&size=500&page=1""]",LINC02105
pigmentation,36095924,GCST007082,30595370,"[""OBA_0002313""]","[""strict""]",https://www.ebi.ac.uk/gwas/rest/api/v2/associations/36095924,"[""https://www.ebi.ac.uk/gwas/rest/api/v2/associations?efo_id=OBA_0002313&show_child_trait=false&size=500&page=1""]",ARL15
pigmentation,36095929,GCST007082,30595370,"[""OBA_0002313""]","[""strict""]",https://www.ebi.ac.uk/gwas/rest/api/v2/associations/36095929,"[""https://www.ebi.ac.uk/gwas/rest/api/v2/associations?efo_id=OBA_0002313&show_child_trait=false&size=500&page=1""]",ARL15
pigmentation,36095934,GCST007082,30595370,"[""OBA_0002313""]","[""strict""]",https://www.ebi.ac.uk/gwas/rest/api/v2/associations/36095934,"[""https://www.ebi.ac.uk/gwas/rest/api/v2/associations?efo_id=OBA_0002313&show_child_trait=false&size=500&page=1""]",C5orf67
pigmentation,36095939,GCST007082,30595370,"[""OBA_0002313""]","[""strict""]",https://www.ebi.ac.uk/gwas/rest/api/v2/associations/36095939,"[""https://www.ebi.ac.uk/gwas/rest/api/v2/associations?efo_id=OBA_0002313&show_child_trait=false&size=500&page=1""]",C5orf67
pigmentation,36095939,GCST007082,30595370,"[""OBA_0002313""]","[""strict""]",https://www.ebi.ac.uk/gwas/rest/api/v2/associations/36095939,"[""https://www.ebi.ac.uk/gwas/rest/api/v2/associations?efo_id=OBA_0002313&show_child_trait=false&size=500&page=1""]",MAP3K1
pigmentation,36095944,GCST007082,30595370,"[""OBA_0002313""]","[""strict""]",https://www.ebi.ac.uk/gwas/rest/api/v2/associations/36095944,"[""https://www.ebi.ac.uk/gwas/rest/api/v2/associations?efo_id=OBA_0002313&show_child_trait=false&size=500&page=1""]",LINC02225
pigmentation,36095944,GCST007082,30595370,"[""OBA_0002313""]","[""strict""]",https://www.ebi.ac.uk/gwas/rest/api/v2/associations/36095944,"[""https://www.ebi.ac.uk/gwas/rest/api/v2/associations?efo_id=OBA_0002313&show_child_trait=false&size=500&page=1""]",LNCBRM
pigmentation,36095948,GCST007082,30595370,"[""OBA_0002313""]","[""strict""]",https://www.ebi.ac.uk/gwas/rest/api/v2/associations/36095948,"[""https://www.ebi.ac.uk/gwas/rest/api/v2/associations?efo_id=OBA_0002313&show_child_trait=false&size=500&page=1""]",LINC02101
pigmentation,36095948,GCST007082,30595370,"[""OBA_0002313""]","[""strict""]",https://www.ebi.ac.uk/gwas/rest/api/v2/associations/36095948,"[""https://www.ebi.ac.uk/gwas/rest/api/v2/associations?efo_id=OBA_0002313&show_child_trait=false&size=500&page=1""]",LINC02225
pigmentation,36095953,GCST007082,30595370,"[""OBA_0002313""]","[""strict""]",https://www.ebi.ac.uk/gwas/rest/api/v2/associations/36095953,"[""https://www.ebi.ac.uk/gwas/rest/api/v2/associations?efo_id=OBA_0002313&show_child_trait=false&size=500&page=1""]",PDE4D
pigmentation,36095958,GCST007082,30595370,"[""OBA_0002313""]","[""strict""]",https://www.ebi.ac.uk/gwas/rest/api/v2/associations/36095958,"[""https://www.ebi.ac.uk/gwas/rest/api/v2/associations?efo_id=OBA_0002313&show_child_trait=false&size=500&page=1""]",SERINC5
pigmentation,36095963,GCST007082,30595370,"[""OBA_0002313""]","[""strict""]",https://www.ebi.ac.uk/gwas/rest/api/v2/associations/36095963,"[""https://www.ebi.ac.uk/gwas/rest/api/v2/associations?efo_id=OBA_0002313&show_child_trait=false&size=500&page=1""]",RNU6-211P
pigmentation,36095963,GCST007082,30595370,"[""OBA_0002313""]","[""strict""]",https://www.ebi.ac.uk/gwas/rest/api/v2/associations/36095963,"[""https://www.ebi.ac.uk/gwas/rest/api/v2/associations?efo_id=OBA_0002313&show_child_trait=false&size=500&page=1""]",ZFYVE16
pigmentation,36095968,GCST007082,30595370,"[""OBA_0002313""]","[""strict""]",https://www.ebi.ac.uk/gwas/rest/api/v2/associations/36095968,"[""https://www.ebi.ac.uk/gwas/rest/api/v2/associations?efo_id=OBA_0002313&show_child_trait=false&size=500&page=1""]",ADGRV1
pigmentation,36095973,GCST007082,30595370,"[""OBA_0002313""]","[""strict""]",https://www.ebi.ac.uk/gwas/rest/api/v2/associations/36095973,"[""https://www.ebi.ac.uk/gwas/rest/api/v2/associations?efo_id=OBA_0002313&show_child_trait=false&size=500&page=1""]",RGMB
pigmentation,36095978,GCST007082,30595370,"[""OBA_0002313""]","[""strict""]",https://www.ebi.ac.uk/gwas/rest/api/v2/associations/36095978,"[""https://www.ebi.ac.uk/gwas/rest/api/v2/associations?efo_id=OBA_0002313&show_child_trait=false&size=500&page=1""]",LINC02214
pigmentation,36095978,GCST007082,30595370,"[""OBA_0002313""]","[""strict""]",https://www.ebi.ac.uk/gwas/rest/api/v2/associations/36095978,"[""https://www.ebi.ac.uk/gwas/rest/api/v2/associations?efo_id=OBA_0002313&show_child_trait=false&size=500&page=1""]",RPL35AP15
pigmentation,36095983,GCST007082,30595370,"[""OBA_0002313""]","[""strict""]",https://www.ebi.ac.uk/gwas/rest/api/v2/associations/36095983,"[""https://www.ebi.ac.uk/gwas/rest/api/v2/associations?efo_id=OBA_0002313&show_child_trait=false&size=500&page=1""]",LINC02999
pigmentation,36095983,GCST007082,30595370,"[""OBA_0002313""]","[""strict""]",https://www.ebi.ac.uk/gwas/rest/api/v2/associations/36095983,"[""https://www.ebi.ac.uk/gwas/rest/api/v2/associations?efo_id=OBA_0002313&show_child_trait=false&size=500&page=1""]",RNU6-456P
pigmentation,36095988,GCST007082,30595370,"[""OBA_0002313""]","[""strict""]",https://www.ebi.ac.uk/gwas/rest/api/v2/associations/36095988,"[""https://www.ebi.ac.uk/gwas/rest/api/v2/associations?efo_id=OBA_0002313&show_child_trait=false&size=500&page=1""]",NRG2
pigmentation,36095993,GCST007082,30595370,"[""OBA_0002313""]","[""strict""]",https://www.ebi.ac.uk/gwas/rest/api/v2/associations/36095993,"[""https://www.ebi.ac.uk/gwas/rest/api/v2/associations?efo_id=OBA_0002313&show_child_trait=false&size=500&page=1""]",LINC01411
pigmentation,36095997,GCST007082,30595370,"[""OBA_0002313""]","[""strict""]",https://www.ebi.ac.uk/gwas/rest/api/v2/associations/36095997,"[""https://www.ebi.ac.uk/gwas/rest/api/v2/associations?efo_id=OBA_0002313&show_child_trait=false&size=500&page=1""]",MSX2
pigmentation,36096002,GCST007082,30595370,"[""OBA_0002313""]","[""strict""]",https://www.ebi.ac.uk/gwas/rest/api/v2/associations/36096002,"[""https://www.ebi.ac.uk/gwas/rest/api/v2/associations?efo_id=OBA_0002313&show_child_trait=false&size=500&page=1""]",TRIM41
pigmentation,36096007,GCST007082,30595370,"[""OBA_0002313""]","[""strict""]",https://www.ebi.ac.uk/gwas/rest/api/v2/associations/36096007,"[""https://www.ebi.ac.uk/gwas/rest/api/v2/associations?efo_id=OBA_0002313&show_child_trait=false&size=500&page=1""]",DUSP22
pigmentation,36096007,GCST007082,30595370,"[""OBA_0002313""]","[""strict""]",https://www.ebi.ac.uk/gwas/rest/api/v2/associations/36096007,"[""https://www.ebi.ac.uk/gwas/rest/api/v2/associations?efo_id=OBA_0002313&show_child_trait=false&size=500&page=1""]",LINC03066
pigmentation,36096012,GCST007082,30595370,"[""OBA_0002313""]","[""strict""]",https://www.ebi.ac.uk/gwas/rest/api/v2/associations/36096012,"[""https://www.ebi.ac.uk/gwas/rest/api/v2/associations?efo_id=OBA_0002313&show_child_trait=false&size=500&page=1""]",DUSP22
pigmentation,36096012,GCST007082,30595370,"[""OBA_0002313""]","[""strict""]",https://www.ebi.ac.uk/gwas/rest/api/v2/associations/36096012,"[""https://www.ebi.ac.uk/gwas/rest/api/v2/associations?efo_id=OBA_0002313&show_child_trait=false&size=500&page=1""]",IRF4
pigmentation,36096017,GCST007082,30595370,"[""OBA_0002313""]","[""strict""]",https://www.ebi.ac.uk/gwas/rest/api/v2/associations/36096017,"[""https://www.ebi.ac.uk/gwas/rest/api/v2/associations?efo_id=OBA_0002313&show_child_trait=false&size=500&page=1""]",EXOC2
pigmentation,36096022,GCST007082,30595370,"[""OBA_0002313""]","[""strict""]",https://www.ebi.ac.uk/gwas/rest/api/v2/associations/36096022,"[""https://www.ebi.ac.uk/gwas/rest/api/v2/associations?efo_id=OBA_0002313&show_child_trait=false&size=500&page=1""]",EXOC2
pigmentation,36096027,GCST007082,30595370,"[""OBA_0002313""]","[""strict""]",https://www.ebi.ac.uk/gwas/rest/api/v2/associations/36096027,"[""https://www.ebi.ac.uk/gwas/rest/api/v2/associations?efo_id=OBA_0002313&show_child_trait=false&size=500&page=1""]",EXOC2
pigmentation,36096027,GCST007082,30595370,"[""OBA_0002313""]","[""strict""]",https://www.ebi.ac.uk/gwas/rest/api/v2/associations/36096027,"[""https://www.ebi.ac.uk/gwas/rest/api/v2/associations?efo_id=OBA_0002313&show_child_trait=false&size=500&page=1""]",LINC01622
pigmentation,36096032,GCST007082,30595370,"[""OBA_0002313""]","[""strict""]",https://www.ebi.ac.uk/gwas/rest/api/v2/associations/36096032,"[""https://www.ebi.ac.uk/gwas/rest/api/v2/associations?efo_id=OBA_0002313&show_child_trait=false&size=500&page=1""]",EXOC2
pigmentation,36096032,GCST007082,30595370,"[""OBA_0002313""]","[""strict""]",https://www.ebi.ac.uk/gwas/rest/api/v2/associations/36096032,"[""https://www.ebi.ac.uk/gwas/rest/api/v2/associations?efo_id=OBA_0002313&show_child_trait=false&size=500&page=1""]",LINC01622
pigmentation,36096037,GCST007082,30595370,"[""OBA_0002313""]","[""strict""]",https://www.ebi.ac.uk/gwas/rest/api/v2/associations/36096037,"[""https://www.ebi.ac.uk/gwas/rest/api/v2/associations?efo_id=OBA_0002313&show_child_trait=false&size=500&page=1""]",LINC01622
pigmentation,36096042,GCST007082,30595370,"[""OBA_0002313""]","[""strict""]",https://www.ebi.ac.uk/gwas/rest/api/v2/associations/36096042,"[""https://www.ebi.ac.uk/gwas/rest/api/v2/associations?efo_id=OBA_0002313&show_child_trait=false&size=500&page=1""]",FOXQ1
pigmentation,36096042,GCST007082,30595370,"[""OBA_0002313""]","[""strict""]",https://www.ebi.ac.uk/gwas/rest/api/v2/associations/36096042,"[""https://www.ebi.ac.uk/gwas/rest/api/v2/associations?efo_id=OBA_0002313&show_child_trait=false&size=500&page=1""]",LINC01622
pigmentation,36096047,GCST007082,30595370,"[""OBA_0002313""]","[""strict""]",https://www.ebi.ac.uk/gwas/rest/api/v2/associations/36096047,"[""https://www.ebi.ac.uk/gwas/rest/api/v2/associations?efo_id=OBA_0002313&show_child_trait=false&size=500&page=1""]",GMDS
pigmentation,36096051,GCST007082,30595370,"[""OBA_0002313""]","[""strict""]",https://www.ebi.ac.uk/gwas/rest/api/v2/associations/36096051,"[""https://www.ebi.ac.uk/gwas/rest/api/v2/associations?efo_id=OBA_0002313&show_child_trait=false&size=500&page=1""]",SLC22A23
pigmentation,36096056,GCST007082,30595370,"[""OBA_0002313""]","[""strict""]",https://www.ebi.ac.uk/gwas/rest/api/v2/associations/36096056,"[""https://www.ebi.ac.uk/gwas/rest/api/v2/associations?efo_id=OBA_0002313&show_child_trait=false&size=500&page=1""]",GCNT2
pigmentation,36096061,GCST007082,30595370,"[""OBA_0002313""]","[""strict""]",https://www.ebi.ac.uk/gwas/rest/api/v2/associations/36096061,"[""https://www.ebi.ac.uk/gwas/rest/api/v2/associations?efo_id=OBA_0002313&show_child_trait=false&size=500&page=1""]",CDKAL1
pigmentation,36096066,GCST007082,30595370,"[""OBA_0002313""]","[""strict""]",https://www.ebi.ac.uk/gwas/rest/api/v2/associations/36096066,"[""https://www.ebi.ac.uk/gwas/rest/api/v2/associations?efo_id=OBA_0002313&show_child_trait=false&size=500&page=1""]",LINC03005
pigmentation,36096071,GCST007082,30595370,"[""OBA_0002313""]","[""strict""]",https://www.ebi.ac.uk/gwas/rest/api/v2/associations/36096071,"[""https://www.ebi.ac.uk/gwas/rest/api/v2/associations?efo_id=OBA_0002313&show_child_trait=false&size=500&page=1""]",ZNF76
pigmentation,36096076,GCST007082,30595370,"[""OBA_0002313""]","[""strict""]",https://www.ebi.ac.uk/gwas/rest/api/v2/associations/36096076,"[""https://www.ebi.ac.uk/gwas/rest/api/v2/associations?efo_id=OBA_0002313&show_child_trait=false&size=500&page=1""]",FOXP4-AS1
pigmentation,36096080,GCST007082,30595370,"[""OBA_0002313""]","[""strict""]",https://www.ebi.ac.uk/gwas/rest/api/v2/associations/36096080,"[""https://www.ebi.ac.uk/gwas/rest/api/v2/associations?efo_id=OBA_0002313&show_child_trait=false&size=500&page=1""]",SUPT3H
pigmentation,36096085,GCST007082,30595370,"[""OBA_0002313""]","[""strict""]",https://www.ebi.ac.uk/gwas/rest/api/v2/associations/36096085,"[""https://www.ebi.ac.uk/gwas/rest/api/v2/associations?efo_id=OBA_0002313&show_child_trait=false&size=500&page=1""]",RUNX2
pigmentation,36096089,GCST007082,30595370,"[""OBA_0002313""]","[""strict""]",https://www.ebi.ac.uk/gwas/rest/api/v2/associations/36096089,"[""https://www.ebi.ac.uk/gwas/rest/api/v2/associations?efo_id=OBA_0002313&show_child_trait=false&size=500&page=1""]",CLIC5
pigmentation,36096094,GCST007082,30595370,"[""OBA_0002313""]","[""strict""]",https://www.ebi.ac.uk/gwas/rest/api/v2/associations/36096094,"[""https://www.ebi.ac.uk/gwas/rest/api/v2/associations?efo_id=OBA_0002313&show_child_trait=false&size=500&page=1""]",RPS15AP20
pigmentation,36096094,GCST007082,30595370,"[""OBA_0002313""]","[""strict""]",https://www.ebi.ac.uk/gwas/rest/api/v2/associations/36096094,"[""https://www.ebi.ac.uk/gwas/rest/api/v2/associations?efo_id=OBA_0002313&show_child_trait=false&size=500&page=1""]",WTAPP2
pigmentation,36096098,GCST007082,30595370,"[""OBA_0002313""]","[""strict""]",https://www.ebi.ac.uk/gwas/rest/api/v2/associations/36096098,"[""https://www.ebi.ac.uk/gwas/rest/api/v2/associations?efo_id=OBA_0002313&show_child_trait=false&size=500&page=1""]",PKHD1
pigmentation,36096103,GCST007082,30595370,"[""OBA_0002313""]","[""strict""]",https://www.ebi.ac.uk/gwas/rest/api/v2/associations/36096103,"[""https://www.ebi.ac.uk/gwas/rest/api/v2/associations?efo_id=OBA_0002313&show_child_trait=false&size=500&page=1""]",PDSS2
pigmentation,36096107,GCST007082,30595370,"[""OBA_0002313""]","[""strict""]",https://www.ebi.ac.uk/gwas/rest/api/v2/associations/36096107,"[""https://www.ebi.ac.uk/gwas/rest/api/v2/associations?efo_id=OBA_0002313&show_child_trait=false&size=500&page=1""]",MFSD4B
pigmentation,36096107,GCST007082,30595370,"[""OBA_0002313""]","[""strict""]",https://www.ebi.ac.uk/gwas/rest/api/v2/associations/36096107,"[""https://www.ebi.ac.uk/gwas/rest/api/v2/associations?efo_id=OBA_0002313&show_child_trait=false&size=500&page=1""]",REV3L
pigmentation,36096112,GCST007082,30595370,"[""OBA_0002313""]","[""strict""]",https://www.ebi.ac.uk/gwas/rest/api/v2/associations/36096112,"[""https://www.ebi.ac.uk/gwas/rest/api/v2/associations?efo_id=OBA_0002313&show_child_trait=false&size=500&page=1""]",FCF1P10
pigmentation,36096112,GCST007082,30595370,"[""OBA_0002313""]","[""strict""]",https://www.ebi.ac.uk/gwas/rest/api/v2/associations/36096112,"[""https://www.ebi.ac.uk/gwas/rest/api/v2/associations?efo_id=OBA_0002313&show_child_trait=false&size=500&page=1""]",RNU6-1163P
pigmentation,36096116,GCST007082,30595370,"[""OBA_0002313""]","[""strict""]",https://www.ebi.ac.uk/gwas/rest/api/v2/associations/36096116,"[""https://www.ebi.ac.uk/gwas/rest/api/v2/associations?efo_id=OBA_0002313&show_child_trait=false&size=500&page=1""]",L3MBTL3
pigmentation,36096121,GCST007082,30595370,"[""OBA_0002313""]","[""strict""]",https://www.ebi.ac.uk/gwas/rest/api/v2/associations/36096121,"[""https://www.ebi.ac.uk/gwas/rest/api/v2/associations?efo_id=OBA_0002313&show_child_trait=false&size=500&page=1""]",AKAP7
pigmentation,36096121,GCST007082,30595370,"[""OBA_0002313""]","[""strict""]",https://www.ebi.ac.uk/gwas/rest/api/v2/associations/36096121,"[""https://www.ebi.ac.uk/gwas/rest/api/v2/associations?efo_id=OBA_0002313&show_child_trait=false&size=500&page=1""]",EPB41L2
pigmentation,36096125,GCST007082,30595370,"[""OBA_0002313""]","[""strict""]",https://www.ebi.ac.uk/gwas/rest/api/v2/associations/36096125,"[""https://www.ebi.ac.uk/gwas/rest/api/v2/associations?efo_id=OBA_0002313&show_child_trait=false&size=500&page=1""]",SGK1
pigmentation,36096130,GCST007082,30595370,"[""OBA_0002313""]","[""strict""]",https://www.ebi.ac.uk/gwas/rest/api/v2/associations/36096130,"[""https://www.ebi.ac.uk/gwas/rest/api/v2/associations?efo_id=OBA_0002313&show_child_trait=false&size=500&page=1""]",LINC03002
pigmentation,36096135,GCST007082,30595370,"[""OBA_0002313""]","[""strict""]",https://www.ebi.ac.uk/gwas/rest/api/v2/associations/36096135,"[""https://www.ebi.ac.uk/gwas/rest/api/v2/associations?efo_id=OBA_0002313&show_child_trait=false&size=500&page=1""]",HBS1L
pigmentation,36096135,GCST007082,30595370,"[""OBA_0002313""]","[""strict""]",https://www.ebi.ac.uk/gwas/rest/api/v2/associations/36096135,"[""https://www.ebi.ac.uk/gwas/rest/api/v2/associations?efo_id=OBA_0002313&show_child_trait=false&size=500&page=1""]",MYB
pigmentation,36096140,GCST007082,30595370,"[""OBA_0002313""]","[""strict""]",https://www.ebi.ac.uk/gwas/rest/api/v2/associations/36096140,"[""https://www.ebi.ac.uk/gwas/rest/api/v2/associations?efo_id=OBA_0002313&show_child_trait=false&size=500&page=1""]",SAMD5
pigmentation,36096140,GCST007082,30595370,"[""OBA_0002313""]","[""strict""]",https://www.ebi.ac.uk/gwas/rest/api/v2/associations/36096140,"[""https://www.ebi.ac.uk/gwas/rest/api/v2/associations?efo_id=OBA_0002313&show_child_trait=false&size=500&page=1""]",SASH1
pigmentation,36096145,GCST007082,30595370,"[""OBA_0002313""]","[""strict""]",https://www.ebi.ac.uk/gwas/rest/api/v2/associations/36096145,"[""https://www.ebi.ac.uk/gwas/rest/api/v2/associations?efo_id=OBA_0002313&show_child_trait=false&size=500&page=1""]",SASH1
pigmentation,36096150,GCST007082,30595370,"[""OBA_0002313""]","[""strict""]",https://www.ebi.ac.uk/gwas/rest/api/v2/associations/36096150,"[""https://www.ebi.ac.uk/gwas/rest/api/v2/associations?efo_id=OBA_0002313&show_child_trait=false&size=500&page=1""]",AKAP12
pigmentation,36096154,GCST007082,30595370,"[""OBA_0002313""]","[""strict""]",https://www.ebi.ac.uk/gwas/rest/api/v2/associations/36096154,"[""https://www.ebi.ac.uk/gwas/rest/api/v2/associations?efo_id=OBA_0002313&show_child_trait=false&size=500&page=1""]",EZR
pigmentation,36096159,GCST007082,30595370,"[""OBA_0002313""]","[""strict""]",https://www.ebi.ac.uk/gwas/rest/api/v2/associations/36096159,"[""https://www.ebi.ac.uk/gwas/rest/api/v2/associations?efo_id=OBA_0002313&show_child_trait=false&size=500&page=1""]",PACRG
pigmentation,36096164,GCST007082,30595370,"[""OBA_0002313""]","[""strict""]",https://www.ebi.ac.uk/gwas/rest/api/v2/associations/36096164,"[""https://www.ebi.ac.uk/gwas/rest/api/v2/associations?efo_id=OBA_0002313&show_child_trait=false&size=500&page=1""]",ETV1
pigmentation,36096169,GCST007082,30595370,"[""OBA_0002313""]","[""strict""]",https://www.ebi.ac.uk/gwas/rest/api/v2/associations/36096169,"[""https://www.ebi.ac.uk/gwas/rest/api/v2/associations?efo_id=OBA_0002313&show_child_trait=false&size=500&page=1""]",LINC02889
pigmentation,36096169,GCST007082,30595370,"[""OBA_0002313""]","[""strict""]",https://www.ebi.ac.uk/gwas/rest/api/v2/associations/36096169,"[""https://www.ebi.ac.uk/gwas/rest/api/v2/associations?efo_id=OBA_0002313&show_child_trait=false&size=500&page=1""]",SNX13
pigmentation,36096174,GCST007082,30595370,"[""OBA_0002313""]","[""strict""]",https://www.ebi.ac.uk/gwas/rest/api/v2/associations/36096174,"[""https://www.ebi.ac.uk/gwas/rest/api/v2/associations?efo_id=OBA_0002313&show_child_trait=false&size=500&page=1""]",HDAC9
pigmentation,36096179,GCST007082,30595370,"[""OBA_0002313""]","[""strict""]",https://www.ebi.ac.uk/gwas/rest/api/v2/associations/36096179,"[""https://www.ebi.ac.uk/gwas/rest/api/v2/associations?efo_id=OBA_0002313&show_child_trait=false&size=500&page=1""]",PALS2
pigmentation,36096184,GCST007082,30595370,"[""OBA_0002313""]","[""strict""]",https://www.ebi.ac.uk/gwas/rest/api/v2/associations/36096184,"[""https://www.ebi.ac.uk/gwas/rest/api/v2/associations?efo_id=OBA_0002313&show_child_trait=false&size=500&page=1""]",JAZF1
pigmentation,36096189,GCST007082,30595370,"[""OBA_0002313""]","[""strict""]",https://www.ebi.ac.uk/gwas/rest/api/v2/associations/36096189,"[""https://www.ebi.ac.uk/gwas/rest/api/v2/associations?efo_id=OBA_0002313&show_child_trait=false&size=500&page=1""]",CREB5
pigmentation,36096194,GCST007082,30595370,"[""OBA_0002313""]","[""strict""]",https://www.ebi.ac.uk/gwas/rest/api/v2/associations/36096194,"[""https://www.ebi.ac.uk/gwas/rest/api/v2/associations?efo_id=OBA_0002313&show_child_trait=false&size=500&page=1""]",INHBA
pigmentation,36096194,GCST007082,30595370,"[""OBA_0002313""]","[""strict""]",https://www.ebi.ac.uk/gwas/rest/api/v2/associations/36096194,"[""https://www.ebi.ac.uk/gwas/rest/api/v2/associations?efo_id=OBA_0002313&show_child_trait=false&size=500&page=1""]",LINC01449
pigmentation,36096199,GCST007082,30595370,"[""OBA_0002313""]","[""strict""]",https://www.ebi.ac.uk/gwas/rest/api/v2/associations/36096199,"[""https://www.ebi.ac.uk/gwas/rest/api/v2/associations?efo_id=OBA_0002313&show_child_trait=false&size=500&page=1""]",HMGN1P19
pigmentation,36096199,GCST007082,30595370,"[""OBA_0002313""]","[""strict""]",https://www.ebi.ac.uk/gwas/rest/api/v2/associations/36096199,"[""https://www.ebi.ac.uk/gwas/rest/api/v2/associations?efo_id=OBA_0002313&show_child_trait=false&size=500&page=1""]",ZNF619P1
pigmentation,36096204,GCST007082,30595370,"[""OBA_0002313""]","[""strict""]",https://www.ebi.ac.uk/gwas/rest/api/v2/associations/36096204,"[""https://www.ebi.ac.uk/gwas/rest/api/v2/associations?efo_id=OBA_0002313&show_child_trait=false&size=500&page=1""]",EPS15P1
pigmentation,36096204,GCST007082,30595370,"[""OBA_0002313""]","[""strict""]",https://www.ebi.ac.uk/gwas/rest/api/v2/associations/36096204,"[""https://www.ebi.ac.uk/gwas/rest/api/v2/associations?efo_id=OBA_0002313&show_child_trait=false&size=500&page=1""]",HMGN1P19
pigmentation,36096209,GCST007082,30595370,"[""OBA_0002313""]","[""strict""]",https://www.ebi.ac.uk/gwas/rest/api/v2/associations/36096209,"[""https://www.ebi.ac.uk/gwas/rest/api/v2/associations?efo_id=OBA_0002313&show_child_trait=false&size=500&page=1""]",CDK14
pigmentation,36096209,GCST007082,30595370,"[""OBA_0002313""]","[""strict""]",https://www.ebi.ac.uk/gwas/rest/api/v2/associations/36096209,"[""https://www.ebi.ac.uk/gwas/rest/api/v2/associations?efo_id=OBA_0002313&show_child_trait=false&size=500&page=1""]",FZD1
pigmentation,36096214,GCST007082,30595370,"[""OBA_0002313""]","[""strict""]",https://www.ebi.ac.uk/gwas/rest/api/v2/associations/36096214,"[""https://www.ebi.ac.uk/gwas/rest/api/v2/associations?efo_id=OBA_0002313&show_child_trait=false&size=500&page=1""]",FZD1
pigmentation,36096214,GCST007082,30595370,"[""OBA_0002313""]","[""strict""]",https://www.ebi.ac.uk/gwas/rest/api/v2/associations/36096214,"[""https://www.ebi.ac.uk/gwas/rest/api/v2/associations?efo_id=OBA_0002313&show_child_trait=false&size=500&page=1""]",LINC02932
pigmentation,36096219,GCST007082,30595370,"[""OBA_0002313""]","[""strict""]",https://www.ebi.ac.uk/gwas/rest/api/v2/associations/36096219,"[""https://www.ebi.ac.uk/gwas/rest/api/v2/associations?efo_id=OBA_0002313&show_child_trait=false&size=500&page=1""]",LINC02932
pigmentation,36096219,GCST007082,30595370,"[""OBA_0002313""]","[""strict""]",https://www.ebi.ac.uk/gwas/rest/api/v2/associations/36096219,"[""https://www.ebi.ac.uk/gwas/rest/api/v2/associations?efo_id=OBA_0002313&show_child_trait=false&size=500&page=1""]",MTERF1
pigmentation,36096224,GCST007082,30595370,"[""OBA_0002313""]","[""strict""]",https://www.ebi.ac.uk/gwas/rest/api/v2/associations/36096224,"[""https://www.ebi.ac.uk/gwas/rest/api/v2/associations?efo_id=OBA_0002313&show_child_trait=false&size=500&page=1""]",PILRA
pigmentation,36096228,GCST007082,30595370,"[""OBA_0002313""]","[""strict""]",https://www.ebi.ac.uk/gwas/rest/api/v2/associations/36096228,"[""https://www.ebi.ac.uk/gwas/rest/api/v2/associations?efo_id=OBA_0002313&show_child_trait=false&size=500&page=1""]",SLC12A9
pigmentation,36096232,GCST007082,30595370,"[""OBA_0002313""]","[""strict""]",https://www.ebi.ac.uk/gwas/rest/api/v2/associations/36096232,"[""https://www.ebi.ac.uk/gwas/rest/api/v2/associations?efo_id=OBA_0002313&show_child_trait=false&size=500&page=1""]",ATXN7L1
pigmentation,36096237,GCST007082,30595370,"[""OBA_0002313""]","[""strict""]",https://www.ebi.ac.uk/gwas/rest/api/v2/associations/36096237,"[""https://www.ebi.ac.uk/gwas/rest/api/v2/associations?efo_id=OBA_0002313&show_child_trait=false&size=500&page=1""]",UBE2H-DT
pigmentation,36096241,GCST007082,30595370,"[""OBA_0002313""]","[""strict""]",https://www.ebi.ac.uk/gwas/rest/api/v2/associations/36096241,"[""https://www.ebi.ac.uk/gwas/rest/api/v2/associations?efo_id=OBA_0002313&show_child_trait=false&size=500&page=1""]",LINC-PINT
pigmentation,36096246,GCST007082,30595370,"[""OBA_0002313""]","[""strict""]",https://www.ebi.ac.uk/gwas/rest/api/v2/associations/36096246,"[""https://www.ebi.ac.uk/gwas/rest/api/v2/associations?efo_id=OBA_0002313&show_child_trait=false&size=500&page=1""]",INSIG1
pigmentation,36096251,GCST007082,30595370,"[""OBA_0002313""]","[""strict""]",https://www.ebi.ac.uk/gwas/rest/api/v2/associations/36096251,"[""https://www.ebi.ac.uk/gwas/rest/api/v2/associations?efo_id=OBA_0002313&show_child_trait=false&size=500&page=1""]",RNF32-DT
pigmentation,36096251,GCST007082,30595370,"[""OBA_0002313""]","[""strict""]",https://www.ebi.ac.uk/gwas/rest/api/v2/associations/36096251,"[""https://www.ebi.ac.uk/gwas/rest/api/v2/associations?efo_id=OBA_0002313&show_child_trait=false&size=500&page=1""]",Y_RNA
pigmentation,36096256,GCST007082,30595370,"[""OBA_0002313""]","[""strict""]",https://www.ebi.ac.uk/gwas/rest/api/v2/associations/36096256,"[""https://www.ebi.ac.uk/gwas/rest/api/v2/associations?efo_id=OBA_0002313&show_child_trait=false&size=500&page=1""]",PPP1R3B-DT
pigmentation,36096261,GCST007082,30595370,"[""OBA_0002313""]","[""strict""]",https://www.ebi.ac.uk/gwas/rest/api/v2/associations/36096261,"[""https://www.ebi.ac.uk/gwas/rest/api/v2/associations?efo_id=OBA_0002313&show_child_trait=false&size=500&page=1""]",CSGALNACT1
pigmentation,36096266,GCST007082,30595370,"[""OBA_0002313""]","[""strict""]",https://www.ebi.ac.uk/gwas/rest/api/v2/associations/36096266,"[""https://www.ebi.ac.uk/gwas/rest/api/v2/associations?efo_id=OBA_0002313&show_child_trait=false&size=500&page=1""]",EGR3-AS1
pigmentation,36096266,GCST007082,30595370,"[""OBA_0002313""]","[""strict""]",https://www.ebi.ac.uk/gwas/rest/api/v2/associations/36096266,"[""https://www.ebi.ac.uk/gwas/rest/api/v2/associations?efo_id=OBA_0002313&show_child_trait=false&size=500&page=1""]",PEBP4
pigmentation,36096270,GCST007082,30595370,"[""OBA_0002313""]","[""strict""]",https://www.ebi.ac.uk/gwas/rest/api/v2/associations/36096270,"[""https://www.ebi.ac.uk/gwas/rest/api/v2/associations?efo_id=OBA_0002313&show_child_trait=false&size=500&page=1""]",MAP2K1P1
pigmentation,36096270,GCST007082,30595370,"[""OBA_0002313""]","[""strict""]",https://www.ebi.ac.uk/gwas/rest/api/v2/associations/36096270,"[""https://www.ebi.ac.uk/gwas/rest/api/v2/associations?efo_id=OBA_0002313&show_child_trait=false&size=500&page=1""]",MIR3148
pigmentation,36096275,GCST007082,30595370,"[""OBA_0002313""]","[""strict""]",https://www.ebi.ac.uk/gwas/rest/api/v2/associations/36096275,"[""https://www.ebi.ac.uk/gwas/rest/api/v2/associations?efo_id=OBA_0002313&show_child_trait=false&size=500&page=1""]",NRG1
pigmentation,36096279,GCST007082,30595370,"[""OBA_0002313""]","[""strict""]",https://www.ebi.ac.uk/gwas/rest/api/v2/associations/36096279,"[""https://www.ebi.ac.uk/gwas/rest/api/v2/associations?efo_id=OBA_0002313&show_child_trait=false&size=500&page=1""]",RNF5P1
pigmentation,36096279,GCST007082,30595370,"[""OBA_0002313""]","[""strict""]",https://www.ebi.ac.uk/gwas/rest/api/v2/associations/36096279,"[""https://www.ebi.ac.uk/gwas/rest/api/v2/associations?efo_id=OBA_0002313&show_child_trait=false&size=500&page=1""]",TACC1
pigmentation,36096284,GCST007082,30595370,"[""OBA_0002313""]","[""strict""]",https://www.ebi.ac.uk/gwas/rest/api/v2/associations/36096284,"[""https://www.ebi.ac.uk/gwas/rest/api/v2/associations?efo_id=OBA_0002313&show_child_trait=false&size=500&page=1""]",PLAT
pigmentation,36096289,GCST007082,30595370,"[""OBA_0002313""]","[""strict""]",https://www.ebi.ac.uk/gwas/rest/api/v2/associations/36096289,"[""https://www.ebi.ac.uk/gwas/rest/api/v2/associations?efo_id=OBA_0002313&show_child_trait=false&size=500&page=1""]",LINC02235
pigmentation,36096289,GCST007082,30595370,"[""OBA_0002313""]","[""strict""]",https://www.ebi.ac.uk/gwas/rest/api/v2/associations/36096289,"[""https://www.ebi.ac.uk/gwas/rest/api/v2/associations?efo_id=OBA_0002313&show_child_trait=false&size=500&page=1""]",SNX16
pigmentation,36096294,GCST007082,30595370,"[""OBA_0002313""]","[""strict""]",https://www.ebi.ac.uk/gwas/rest/api/v2/associations/36096294,"[""https://www.ebi.ac.uk/gwas/rest/api/v2/associations?efo_id=OBA_0002313&show_child_trait=false&size=500&page=1""]",RSPO2
pigmentation,36096299,GCST007082,30595370,"[""OBA_0002313""]","[""strict""]",https://www.ebi.ac.uk/gwas/rest/api/v2/associations/36096299,"[""https://www.ebi.ac.uk/gwas/rest/api/v2/associations?efo_id=OBA_0002313&show_child_trait=false&size=500&page=1""]",AURKBP1
pigmentation,36096299,GCST007082,30595370,"[""OBA_0002313""]","[""strict""]",https://www.ebi.ac.uk/gwas/rest/api/v2/associations/36096299,"[""https://www.ebi.ac.uk/gwas/rest/api/v2/associations?efo_id=OBA_0002313&show_child_trait=false&size=500&page=1""]",RSPO2
pigmentation,36096303,GCST007082,30595370,"[""OBA_0002313""]","[""strict""]",https://www.ebi.ac.uk/gwas/rest/api/v2/associations/36096303,"[""https://www.ebi.ac.uk/gwas/rest/api/v2/associations?efo_id=OBA_0002313&show_child_trait=false&size=500&page=1""]",EMC2
pigmentation,36096308,GCST007082,30595370,"[""OBA_0002313""]","[""strict""]",https://www.ebi.ac.uk/gwas/rest/api/v2/associations/36096308,"[""https://www.ebi.ac.uk/gwas/rest/api/v2/associations?efo_id=OBA_0002313&show_child_trait=false&size=500&page=1""]",TRPS1
pigmentation,36096313,GCST007082,30595370,"[""OBA_0002313""]","[""strict""]",https://www.ebi.ac.uk/gwas/rest/api/v2/associations/36096313,"[""https://www.ebi.ac.uk/gwas/rest/api/v2/associations?efo_id=OBA_0002313&show_child_trait=false&size=500&page=1""]",EXT1
pigmentation,36096313,GCST007082,30595370,"[""OBA_0002313""]","[""strict""]",https://www.ebi.ac.uk/gwas/rest/api/v2/associations/36096313,"[""https://www.ebi.ac.uk/gwas/rest/api/v2/associations?efo_id=OBA_0002313&show_child_trait=false&size=500&page=1""]",SAMD12
pigmentation,36096317,GCST007082,30595370,"[""OBA_0002313""]","[""strict""]",https://www.ebi.ac.uk/gwas/rest/api/v2/associations/36096317,"[""https://www.ebi.ac.uk/gwas/rest/api/v2/associations?efo_id=OBA_0002313&show_child_trait=false&size=500&page=1""]",DOCK8-AS1
pigmentation,36096317,GCST007082,30595370,"[""OBA_0002313""]","[""strict""]",https://www.ebi.ac.uk/gwas/rest/api/v2/associations/36096317,"[""https://www.ebi.ac.uk/gwas/rest/api/v2/associations?efo_id=OBA_0002313&show_child_trait=false&size=500&page=1""]",ZNG1A
pigmentation,36096322,GCST007082,30595370,"[""OBA_0002313""]","[""strict""]",https://www.ebi.ac.uk/gwas/rest/api/v2/associations/36096322,"[""https://www.ebi.ac.uk/gwas/rest/api/v2/associations?efo_id=OBA_0002313&show_child_trait=false&size=500&page=1""]",BRD10
pigmentation,36096322,GCST007082,30595370,"[""OBA_0002313""]","[""strict""]",https://www.ebi.ac.uk/gwas/rest/api/v2/associations/36096322,"[""https://www.ebi.ac.uk/gwas/rest/api/v2/associations?efo_id=OBA_0002313&show_child_trait=false&size=500&page=1""]",MLANA
pigmentation,36096327,GCST007082,30595370,"[""OBA_0002313""]","[""strict""]",https://www.ebi.ac.uk/gwas/rest/api/v2/associations/36096327,"[""https://www.ebi.ac.uk/gwas/rest/api/v2/associations?efo_id=OBA_0002313&show_child_trait=false&size=500&page=1""]",GTF3AP1
pigmentation,36096327,GCST007082,30595370,"[""OBA_0002313""]","[""strict""]",https://www.ebi.ac.uk/gwas/rest/api/v2/associations/36096327,"[""https://www.ebi.ac.uk/gwas/rest/api/v2/associations?efo_id=OBA_0002313&show_child_trait=false&size=500&page=1""]",RANBP6
pigmentation,36096332,GCST007082,30595370,"[""OBA_0002313""]","[""strict""]",https://www.ebi.ac.uk/gwas/rest/api/v2/associations/36096332,"[""https://www.ebi.ac.uk/gwas/rest/api/v2/associations?efo_id=OBA_0002313&show_child_trait=false&size=500&page=1""]",LURAP1L-AS1
pigmentation,36096337,GCST007082,30595370,"[""OBA_0002313""]","[""strict""]",https://www.ebi.ac.uk/gwas/rest/api/v2/associations/36096337,"[""https://www.ebi.ac.uk/gwas/rest/api/v2/associations?efo_id=OBA_0002313&show_child_trait=false&size=500&page=1""]",CCDC171
pigmentation,36096342,GCST007082,30595370,"[""OBA_0002313""]","[""strict""]",https://www.ebi.ac.uk/gwas/rest/api/v2/associations/36096342,"[""https://www.ebi.ac.uk/gwas/rest/api/v2/associations?efo_id=OBA_0002313&show_child_trait=false&size=500&page=1""]",BNC2
pigmentation,36096346,GCST007082,30595370,"[""OBA_0002313""]","[""strict""]",https://www.ebi.ac.uk/gwas/rest/api/v2/associations/36096346,"[""https://www.ebi.ac.uk/gwas/rest/api/v2/associations?efo_id=OBA_0002313&show_child_trait=false&size=500&page=1""]",BNC2
pigmentation,36096346,GCST007082,30595370,"[""OBA_0002313""]","[""strict""]",https://www.ebi.ac.uk/gwas/rest/api/v2/associations/36096346,"[""https://www.ebi.ac.uk/gwas/rest/api/v2/associations?efo_id=OBA_0002313&show_child_trait=false&size=500&page=1""]",RN7SL720P
pigmentation,36096350,GCST007082,30595370,"[""OBA_0002313""]","[""strict""]",https://www.ebi.ac.uk/gwas/rest/api/v2/associations/36096350,"[""https://www.ebi.ac.uk/gwas/rest/api/v2/associations?efo_id=OBA_0002313&show_child_trait=false&size=500&page=1""]",CDKN2B-AS1
pigmentation,36096355,GCST007082,30595370,"[""OBA_0002313""]","[""strict""]",https://www.ebi.ac.uk/gwas/rest/api/v2/associations/36096355,"[""https://www.ebi.ac.uk/gwas/rest/api/v2/associations?efo_id=OBA_0002313&show_child_trait=false&size=500&page=1""]",MOB3B
pigmentation,36096359,GCST007082,30595370,"[""OBA_0002313""]","[""strict""]",https://www.ebi.ac.uk/gwas/rest/api/v2/associations/36096359,"[""https://www.ebi.ac.uk/gwas/rest/api/v2/associations?efo_id=OBA_0002313&show_child_trait=false&size=500&page=1""]",DCAF12
pigmentation,36096359,GCST007082,30595370,"[""OBA_0002313""]","[""strict""]",https://www.ebi.ac.uk/gwas/rest/api/v2/associations/36096359,"[""https://www.ebi.ac.uk/gwas/rest/api/v2/associations?efo_id=OBA_0002313&show_child_trait=false&size=500&page=1""]",DCAF12-AS1
pigmentation,36096364,GCST007082,30595370,"[""OBA_0002313""]","[""strict""]",https://www.ebi.ac.uk/gwas/rest/api/v2/associations/36096364,"[""https://www.ebi.ac.uk/gwas/rest/api/v2/associations?efo_id=OBA_0002313&show_child_trait=false&size=500&page=1""]",SHB
pigmentation,36096369,GCST007082,30595370,"[""OBA_0002313""]","[""strict""]",https://www.ebi.ac.uk/gwas/rest/api/v2/associations/36096369,"[""https://www.ebi.ac.uk/gwas/rest/api/v2/associations?efo_id=OBA_0002313&show_child_trait=false&size=500&page=1""]",TLE4
pigmentation,36096374,GCST007082,30595370,"[""OBA_0002313""]","[""strict""]",https://www.ebi.ac.uk/gwas/rest/api/v2/associations/36096374,"[""https://www.ebi.ac.uk/gwas/rest/api/v2/associations?efo_id=OBA_0002313&show_child_trait=false&size=500&page=1""]",LINC03062
pigmentation,36096378,GCST007082,30595370,"[""OBA_0002313""]","[""strict""]",https://www.ebi.ac.uk/gwas/rest/api/v2/associations/36096378,"[""https://www.ebi.ac.uk/gwas/rest/api/v2/associations?efo_id=OBA_0002313&show_child_trait=false&size=500&page=1""]",FOXE1
pigmentation,36096378,GCST007082,30595370,"[""OBA_0002313""]","[""strict""]",https://www.ebi.ac.uk/gwas/rest/api/v2/associations/36096378,"[""https://www.ebi.ac.uk/gwas/rest/api/v2/associations?efo_id=OBA_0002313&show_child_trait=false&size=500&page=1""]",TRMO
pigmentation,36096383,GCST007082,30595370,"[""OBA_0002313""]","[""strict""]",https://www.ebi.ac.uk/gwas/rest/api/v2/associations/36096383,"[""https://www.ebi.ac.uk/gwas/rest/api/v2/associations?efo_id=OBA_0002313&show_child_trait=false&size=500&page=1""]",STX17
pigmentation,36096388,GCST007082,30595370,"[""OBA_0002313""]","[""strict""]",https://www.ebi.ac.uk/gwas/rest/api/v2/associations/36096388,"[""https://www.ebi.ac.uk/gwas/rest/api/v2/associations?efo_id=OBA_0002313&show_child_trait=false&size=500&page=1""]",LINC01505
pigmentation,36096393,GCST007082,30595370,"[""OBA_0002313""]","[""strict""]",https://www.ebi.ac.uk/gwas/rest/api/v2/associations/36096393,"[""https://www.ebi.ac.uk/gwas/rest/api/v2/associations?efo_id=OBA_0002313&show_child_trait=false&size=500&page=1""]",C14orf119P1
pigmentation,36096393,GCST007082,30595370,"[""OBA_0002313""]","[""strict""]",https://www.ebi.ac.uk/gwas/rest/api/v2/associations/36096393,"[""https://www.ebi.ac.uk/gwas/rest/api/v2/associations?efo_id=OBA_0002313&show_child_trait=false&size=500&page=1""]",RGS3
pigmentation,36096398,GCST007082,30595370,"[""OBA_0002313""]","[""strict""]",https://www.ebi.ac.uk/gwas/rest/api/v2/associations/36096398,"[""https://www.ebi.ac.uk/gwas/rest/api/v2/associations?efo_id=OBA_0002313&show_child_trait=false&size=500&page=1""]",TRAF1
pigmentation,36096403,GCST007082,30595370,"[""OBA_0002313""]","[""strict""]",https://www.ebi.ac.uk/gwas/rest/api/v2/associations/36096403,"[""https://www.ebi.ac.uk/gwas/rest/api/v2/associations?efo_id=OBA_0002313&show_child_trait=false&size=500&page=1""]",DENND1A
pigmentation,36096408,GCST007082,30595370,"[""OBA_0002313""]","[""strict""]",https://www.ebi.ac.uk/gwas/rest/api/v2/associations/36096408,"[""https://www.ebi.ac.uk/gwas/rest/api/v2/associations?efo_id=OBA_0002313&show_child_trait=false&size=500&page=1""]",LHX2
pigmentation,36096408,GCST007082,30595370,"[""OBA_0002313""]","[""strict""]",https://www.ebi.ac.uk/gwas/rest/api/v2/associations/36096408,"[""https://www.ebi.ac.uk/gwas/rest/api/v2/associations?efo_id=OBA_0002313&show_child_trait=false&size=500&page=1""]",NEK6
pigmentation,36096412,GCST007082,30595370,"[""OBA_0002313""]","[""strict""]",https://www.ebi.ac.uk/gwas/rest/api/v2/associations/36096412,"[""https://www.ebi.ac.uk/gwas/rest/api/v2/associations?efo_id=OBA_0002313&show_child_trait=false&size=500&page=1""]",LHX2
pigmentation,36096412,GCST007082,30595370,"[""OBA_0002313""]","[""strict""]",https://www.ebi.ac.uk/gwas/rest/api/v2/associations/36096412,"[""https://www.ebi.ac.uk/gwas/rest/api/v2/associations?efo_id=OBA_0002313&show_child_trait=false&size=500&page=1""]",NEK6
pigmentation,36096417,GCST007082,30595370,"[""OBA_0002313""]","[""strict""]",https://www.ebi.ac.uk/gwas/rest/api/v2/associations/36096417,"[""https://www.ebi.ac.uk/gwas/rest/api/v2/associations?efo_id=OBA_0002313&show_child_trait=false&size=500&page=1""]",PSMB7
pigmentation,36096422,GCST007082,30595370,"[""OBA_0002313""]","[""strict""]",https://www.ebi.ac.uk/gwas/rest/api/v2/associations/36096422,"[""https://www.ebi.ac.uk/gwas/rest/api/v2/associations?efo_id=OBA_0002313&show_child_trait=false&size=500&page=1""]",NR6A1
pigmentation,36096427,GCST007082,30595370,"[""OBA_0002313""]","[""strict""]",https://www.ebi.ac.uk/gwas/rest/api/v2/associations/36096427,"[""https://www.ebi.ac.uk/gwas/rest/api/v2/associations?efo_id=OBA_0002313&show_child_trait=false&size=500&page=1""]",ANGPTL2
pigmentation,36096427,GCST007082,30595370,"[""OBA_0002313""]","[""strict""]",https://www.ebi.ac.uk/gwas/rest/api/v2/associations/36096427,"[""https://www.ebi.ac.uk/gwas/rest/api/v2/associations?efo_id=OBA_0002313&show_child_trait=false&size=500&page=1""]",RALGPS1
pigmentation,36096431,GCST007082,30595370,"[""OBA_0002313""]","[""strict""]",https://www.ebi.ac.uk/gwas/rest/api/v2/associations/36096431,"[""https://www.ebi.ac.uk/gwas/rest/api/v2/associations?efo_id=OBA_0002313&show_child_trait=false&size=500&page=1""]",LINC01517
pigmentation,36096431,GCST007082,30595370,"[""OBA_0002313""]","[""strict""]",https://www.ebi.ac.uk/gwas/rest/api/v2/associations/36096431,"[""https://www.ebi.ac.uk/gwas/rest/api/v2/associations?efo_id=OBA_0002313&show_child_trait=false&size=500&page=1""]",LYZL1
pigmentation,36096436,GCST007082,30595370,"[""OBA_0002313""]","[""strict""]",https://www.ebi.ac.uk/gwas/rest/api/v2/associations/36096436,"[""https://www.ebi.ac.uk/gwas/rest/api/v2/associations?efo_id=OBA_0002313&show_child_trait=false&size=500&page=1""]",CCNY-AS1
pigmentation,36096441,GCST007082,30595370,"[""OBA_0002313""]","[""strict""]",https://www.ebi.ac.uk/gwas/rest/api/v2/associations/36096441,"[""https://www.ebi.ac.uk/gwas/rest/api/v2/associations?efo_id=OBA_0002313&show_child_trait=false&size=500&page=1""]",NRBF2
pigmentation,36096441,GCST007082,30595370,"[""OBA_0002313""]","[""strict""]",https://www.ebi.ac.uk/gwas/rest/api/v2/associations/36096441,"[""https://www.ebi.ac.uk/gwas/rest/api/v2/associations?efo_id=OBA_0002313&show_child_trait=false&size=500&page=1""]",RNU6-543P
pigmentation,36096446,GCST007082,30595370,"[""OBA_0002313""]","[""strict""]",https://www.ebi.ac.uk/gwas/rest/api/v2/associations/36096446,"[""https://www.ebi.ac.uk/gwas/rest/api/v2/associations?efo_id=OBA_0002313&show_child_trait=false&size=500&page=1""]",DDIT4-AS1
pigmentation,36096446,GCST007082,30595370,"[""OBA_0002313""]","[""strict""]",https://www.ebi.ac.uk/gwas/rest/api/v2/associations/36096446,"[""https://www.ebi.ac.uk/gwas/rest/api/v2/associations?efo_id=OBA_0002313&show_child_trait=false&size=500&page=1""]",DNAJB12
pigmentation,36096450,GCST007082,30595370,"[""OBA_0002313""]","[""strict""]",https://www.ebi.ac.uk/gwas/rest/api/v2/associations/36096450,"[""https://www.ebi.ac.uk/gwas/rest/api/v2/associations?efo_id=OBA_0002313&show_child_trait=false&size=500&page=1""]",ZMIZ1
pigmentation,36096455,GCST007082,30595370,"[""OBA_0002313""]","[""strict""]",https://www.ebi.ac.uk/gwas/rest/api/v2/associations/36096455,"[""https://www.ebi.ac.uk/gwas/rest/api/v2/associations?efo_id=OBA_0002313&show_child_trait=false&size=500&page=1""]",ADD3
pigmentation,36096460,GCST007082,30595370,"[""OBA_0002313""]","[""strict""]",https://www.ebi.ac.uk/gwas/rest/api/v2/associations/36096460,"[""https://www.ebi.ac.uk/gwas/rest/api/v2/associations?efo_id=OBA_0002313&show_child_trait=false&size=500&page=1""]",SHOC2
pigmentation,36096464,GCST007082,30595370,"[""OBA_0002313""]","[""strict""]",https://www.ebi.ac.uk/gwas/rest/api/v2/associations/36096464,"[""https://www.ebi.ac.uk/gwas/rest/api/v2/associations?efo_id=OBA_0002313&show_child_trait=false&size=500&page=1""]",PPFIBP2
pigmentation,36096469,GCST007082,30595370,"[""OBA_0002313""]","[""strict""]",https://www.ebi.ac.uk/gwas/rest/api/v2/associations/36096469,"[""https://www.ebi.ac.uk/gwas/rest/api/v2/associations?efo_id=OBA_0002313&show_child_trait=false&size=500&page=1""]",SBF2
pigmentation,36096473,GCST007082,30595370,"[""OBA_0002313""]","[""strict""]",https://www.ebi.ac.uk/gwas/rest/api/v2/associations/36096473,"[""https://www.ebi.ac.uk/gwas/rest/api/v2/associations?efo_id=OBA_0002313&show_child_trait=false&size=500&page=0""]",LINC02751
pigmentation,36096478,GCST007082,30595370,"[""OBA_0002313""]","[""strict""]",https://www.ebi.ac.uk/gwas/rest/api/v2/associations/36096478,"[""https://www.ebi.ac.uk/gwas/rest/api/v2/associations?efo_id=OBA_0002313&show_child_trait=false&size=500&page=0""]",LINC02682
pigmentation,36096478,GCST007082,30595370,"[""OBA_0002313""]","[""strict""]",https://www.ebi.ac.uk/gwas/rest/api/v2/associations/36096478,"[""https://www.ebi.ac.uk/gwas/rest/api/v2/associations?efo_id=OBA_0002313&show_child_trait=false&size=500&page=0""]",LINC02751
pigmentation,36096483,GCST007082,30595370,"[""OBA_0002313""]","[""strict""]",https://www.ebi.ac.uk/gwas/rest/api/v2/associations/36096483,"[""https://www.ebi.ac.uk/gwas/rest/api/v2/associations?efo_id=OBA_0002313&show_child_trait=false&size=500&page=0""]",SOX6
pigmentation,36096488,GCST007082,30595370,"[""OBA_0002313""]","[""strict""]",https://www.ebi.ac.uk/gwas/rest/api/v2/associations/36096488,"[""https://www.ebi.ac.uk/gwas/rest/api/v2/associations?efo_id=OBA_0002313&show_child_trait=false&size=500&page=0""]",SOX6
pigmentation,36096493,GCST007082,30595370,"[""OBA_0002313""]","[""strict""]",https://www.ebi.ac.uk/gwas/rest/api/v2/associations/36096493,"[""https://www.ebi.ac.uk/gwas/rest/api/v2/associations?efo_id=OBA_0002313&show_child_trait=false&size=500&page=0""]",SOX6
pigmentation,36096498,GCST007082,30595370,"[""OBA_0002313""]","[""strict""]",https://www.ebi.ac.uk/gwas/rest/api/v2/associations/36096498,"[""https://www.ebi.ac.uk/gwas/rest/api/v2/associations?efo_id=OBA_0002313&show_child_trait=false&size=500&page=0""]",SOX6
pigmentation,36096503,GCST007082,30595370,"[""OBA_0002313""]","[""strict""]",https://www.ebi.ac.uk/gwas/rest/api/v2/associations/36096503,"[""https://www.ebi.ac.uk/gwas/rest/api/v2/associations?efo_id=OBA_0002313&show_child_trait=false&size=500&page=0""]",HPS5
pigmentation,36096508,GCST007082,30595370,"[""OBA_0002313""]","[""strict""]",https://www.ebi.ac.uk/gwas/rest/api/v2/associations/36096508,"[""https://www.ebi.ac.uk/gwas/rest/api/v2/associations?efo_id=OBA_0002313&show_child_trait=false&size=500&page=0""]",LGR4
pigmentation,36096513,GCST007082,30595370,"[""OBA_0002313""]","[""strict""]",https://www.ebi.ac.uk/gwas/rest/api/v2/associations/36096513,"[""https://www.ebi.ac.uk/gwas/rest/api/v2/associations?efo_id=OBA_0002313&show_child_trait=false&size=500&page=0""]",QSER1
pigmentation,36096518,GCST007082,30595370,"[""OBA_0002313""]","[""strict""]",https://www.ebi.ac.uk/gwas/rest/api/v2/associations/36096518,"[""https://www.ebi.ac.uk/gwas/rest/api/v2/associations?efo_id=OBA_0002313&show_child_trait=false&size=500&page=0""]",CD44
pigmentation,36096523,GCST007082,30595370,"[""OBA_0002313""]","[""strict""]",https://www.ebi.ac.uk/gwas/rest/api/v2/associations/36096523,"[""https://www.ebi.ac.uk/gwas/rest/api/v2/associations?efo_id=OBA_0002313&show_child_trait=false&size=500&page=0""]",ALKBH3
pigmentation,36096528,GCST007082,30595370,"[""OBA_0002313""]","[""strict""]",https://www.ebi.ac.uk/gwas/rest/api/v2/associations/36096528,"[""https://www.ebi.ac.uk/gwas/rest/api/v2/associations?efo_id=OBA_0002313&show_child_trait=false&size=500&page=0""]",ALX4
pigmentation,36096533,GCST007082,30595370,"[""OBA_0002313""]","[""strict""]",https://www.ebi.ac.uk/gwas/rest/api/v2/associations/36096533,"[""https://www.ebi.ac.uk/gwas/rest/api/v2/associations?efo_id=OBA_0002313&show_child_trait=false&size=500&page=0""]",ALX4
pigmentation,36096533,GCST007082,30595370,"[""OBA_0002313""]","[""strict""]",https://www.ebi.ac.uk/gwas/rest/api/v2/associations/36096533,"[""https://www.ebi.ac.uk/gwas/rest/api/v2/associations?efo_id=OBA_0002313&show_child_trait=false&size=500&page=0""]",RPL7AP79
pigmentation,36096538,GCST007082,30595370,"[""OBA_0002313""]","[""strict""]",https://www.ebi.ac.uk/gwas/rest/api/v2/associations/36096538,"[""https://www.ebi.ac.uk/gwas/rest/api/v2/associations?efo_id=OBA_0002313&show_child_trait=false&size=500&page=0""]",DDB2
pigmentation,36096543,GCST007082,30595370,"[""OBA_0002313""]","[""strict""]",https://www.ebi.ac.uk/gwas/rest/api/v2/associations/36096543,"[""https://www.ebi.ac.uk/gwas/rest/api/v2/associations?efo_id=OBA_0002313&show_child_trait=false&size=500&page=0""]",FOLH1
pigmentation,36096543,GCST007082,30595370,"[""OBA_0002313""]","[""strict""]",https://www.ebi.ac.uk/gwas/rest/api/v2/associations/36096543,"[""https://www.ebi.ac.uk/gwas/rest/api/v2/associations?efo_id=OBA_0002313&show_child_trait=false&size=500&page=0""]",NOX4P1
pigmentation,36096547,GCST007082,30595370,"[""OBA_0002313""]","[""strict""]",https://www.ebi.ac.uk/gwas/rest/api/v2/associations/36096547,"[""https://www.ebi.ac.uk/gwas/rest/api/v2/associations?efo_id=OBA_0002313&show_child_trait=false&size=500&page=0""]",TMEM258
pigmentation,36096551,GCST007082,30595370,"[""OBA_0002313""]","[""strict""]",https://www.ebi.ac.uk/gwas/rest/api/v2/associations/36096551,"[""https://www.ebi.ac.uk/gwas/rest/api/v2/associations?efo_id=OBA_0002313&show_child_trait=false&size=500&page=0""]",AHNAK
pigmentation,36096556,GCST007082,30595370,"[""OBA_0002313""]","[""strict""]",https://www.ebi.ac.uk/gwas/rest/api/v2/associations/36096556,"[""https://www.ebi.ac.uk/gwas/rest/api/v2/associations?efo_id=OBA_0002313&show_child_trait=false&size=500&page=0""]",ATG2A
pigmentation,36096561,GCST007082,30595370,"[""OBA_0002313""]","[""strict""]",https://www.ebi.ac.uk/gwas/rest/api/v2/associations/36096561,"[""https://www.ebi.ac.uk/gwas/rest/api/v2/associations?efo_id=OBA_0002313&show_child_trait=false&size=500&page=0""]",OVOL1
pigmentation,36096565,GCST007082,30595370,"[""OBA_0002313""]","[""strict""]",https://www.ebi.ac.uk/gwas/rest/api/v2/associations/36096565,"[""https://www.ebi.ac.uk/gwas/rest/api/v2/associations?efo_id=OBA_0002313&show_child_trait=false&size=500&page=0""]",PC
pigmentation,36096570,GCST007082,30595370,"[""OBA_0002313""]","[""strict""]",https://www.ebi.ac.uk/gwas/rest/api/v2/associations/36096570,"[""https://www.ebi.ac.uk/gwas/rest/api/v2/associations?efo_id=OBA_0002313&show_child_trait=false&size=500&page=0""]",ENPP7P7
pigmentation,36096575,GCST007082,30595370,"[""OBA_0002313""]","[""strict""]",https://www.ebi.ac.uk/gwas/rest/api/v2/associations/36096575,"[""https://www.ebi.ac.uk/gwas/rest/api/v2/associations?efo_id=OBA_0002313&show_child_trait=false&size=500&page=0""]",LRP5
pigmentation,36096580,GCST007082,30595370,"[""OBA_0002313""]","[""strict""]",https://www.ebi.ac.uk/gwas/rest/api/v2/associations/36096580,"[""https://www.ebi.ac.uk/gwas/rest/api/v2/associations?efo_id=OBA_0002313&show_child_trait=false&size=500&page=0""]",PPP6R3
pigmentation,36096585,GCST007082,30595370,"[""OBA_0002313""]","[""strict""]",https://www.ebi.ac.uk/gwas/rest/api/v2/associations/36096585,"[""https://www.ebi.ac.uk/gwas/rest/api/v2/associations?efo_id=OBA_0002313&show_child_trait=false&size=500&page=0""]",IGHMBP2
pigmentation,36096585,GCST007082,30595370,"[""OBA_0002313""]","[""strict""]",https://www.ebi.ac.uk/gwas/rest/api/v2/associations/36096585,"[""https://www.ebi.ac.uk/gwas/rest/api/v2/associations?efo_id=OBA_0002313&show_child_trait=false&size=500&page=0""]",MRGPRD
pigmentation,36096589,GCST007082,30595370,"[""OBA_0002313""]","[""strict""]",https://www.ebi.ac.uk/gwas/rest/api/v2/associations/36096589,"[""https://www.ebi.ac.uk/gwas/rest/api/v2/associations?efo_id=OBA_0002313&show_child_trait=false&size=500&page=0""]",TPCN2
pigmentation,36096594,GCST007082,30595370,"[""OBA_0002313""]","[""strict""]",https://www.ebi.ac.uk/gwas/rest/api/v2/associations/36096594,"[""https://www.ebi.ac.uk/gwas/rest/api/v2/associations?efo_id=OBA_0002313&show_child_trait=false&size=500&page=0""]",MYEOV
pigmentation,36096599,GCST007082,30595370,"[""OBA_0002313""]","[""strict""]",https://www.ebi.ac.uk/gwas/rest/api/v2/associations/36096599,"[""https://www.ebi.ac.uk/gwas/rest/api/v2/associations?efo_id=OBA_0002313&show_child_trait=false&size=500&page=0""]",LINC02747
pigmentation,36096604,GCST007082,30595370,"[""OBA_0002313""]","[""strict""]",https://www.ebi.ac.uk/gwas/rest/api/v2/associations/36096604,"[""https://www.ebi.ac.uk/gwas/rest/api/v2/associations?efo_id=OBA_0002313&show_child_trait=false&size=500&page=0""]",DNAJB6P5
pigmentation,36096604,GCST007082,30595370,"[""OBA_0002313""]","[""strict""]",https://www.ebi.ac.uk/gwas/rest/api/v2/associations/36096604,"[""https://www.ebi.ac.uk/gwas/rest/api/v2/associations?efo_id=OBA_0002313&show_child_trait=false&size=500&page=0""]",FGF19
pigmentation,36096608,GCST007082,30595370,"[""OBA_0002313""]","[""strict""]",https://www.ebi.ac.uk/gwas/rest/api/v2/associations/36096608,"[""https://www.ebi.ac.uk/gwas/rest/api/v2/associations?efo_id=OBA_0002313&show_child_trait=false&size=500&page=0""]",GAB2
pigmentation,36096608,GCST007082,30595370,"[""OBA_0002313""]","[""strict""]",https://www.ebi.ac.uk/gwas/rest/api/v2/associations/36096608,"[""https://www.ebi.ac.uk/gwas/rest/api/v2/associations?efo_id=OBA_0002313&show_child_trait=false&size=500&page=0""]",LINC02728
pigmentation,36096613,GCST007082,30595370,"[""OBA_0002313""]","[""strict""]",https://www.ebi.ac.uk/gwas/rest/api/v2/associations/36096613,"[""https://www.ebi.ac.uk/gwas/rest/api/v2/associations?efo_id=OBA_0002313&show_child_trait=false&size=500&page=0""]",MTCYBP41
pigmentation,36096613,GCST007082,30595370,"[""OBA_0002313""]","[""strict""]",https://www.ebi.ac.uk/gwas/rest/api/v2/associations/36096613,"[""https://www.ebi.ac.uk/gwas/rest/api/v2/associations?efo_id=OBA_0002313&show_child_trait=false&size=500&page=0""]",Y_RNA
pigmentation,36096618,GCST007082,30595370,"[""OBA_0002313""]","[""strict""]",https://www.ebi.ac.uk/gwas/rest/api/v2/associations/36096618,"[""https://www.ebi.ac.uk/gwas/rest/api/v2/associations?efo_id=OBA_0002313&show_child_trait=false&size=500&page=0""]",CTSC
pigmentation,36096618,GCST007082,30595370,"[""OBA_0002313""]","[""strict""]",https://www.ebi.ac.uk/gwas/rest/api/v2/associations/36096618,"[""https://www.ebi.ac.uk/gwas/rest/api/v2/associations?efo_id=OBA_0002313&show_child_trait=false&size=500&page=0""]",MIR3166
pigmentation,36096623,GCST007082,30595370,"[""OBA_0002313""]","[""strict""]",https://www.ebi.ac.uk/gwas/rest/api/v2/associations/36096623,"[""https://www.ebi.ac.uk/gwas/rest/api/v2/associations?efo_id=OBA_0002313&show_child_trait=false&size=500&page=0""]",CTSC
pigmentation,36096628,GCST007082,30595370,"[""OBA_0002313""]","[""strict""]",https://www.ebi.ac.uk/gwas/rest/api/v2/associations/36096628,"[""https://www.ebi.ac.uk/gwas/rest/api/v2/associations?efo_id=OBA_0002313&show_child_trait=false&size=500&page=0""]",GRM5
pigmentation,36096633,GCST007082,30595370,"[""OBA_0002313""]","[""strict""]",https://www.ebi.ac.uk/gwas/rest/api/v2/associations/36096633,"[""https://www.ebi.ac.uk/gwas/rest/api/v2/associations?efo_id=OBA_0002313&show_child_trait=false&size=500&page=0""]",GRM5
pigmentation,36096638,GCST007082,30595370,"[""OBA_0002313""]","[""strict""]",https://www.ebi.ac.uk/gwas/rest/api/v2/associations/36096638,"[""https://www.ebi.ac.uk/gwas/rest/api/v2/associations?efo_id=OBA_0002313&show_child_trait=false&size=500&page=0""]",GRM5
pigmentation,36096643,GCST007082,30595370,"[""OBA_0002313""]","[""strict""]",https://www.ebi.ac.uk/gwas/rest/api/v2/associations/36096643,"[""https://www.ebi.ac.uk/gwas/rest/api/v2/associations?efo_id=OBA_0002313&show_child_trait=false&size=500&page=0""]",GRM5
pigmentation,36096647,GCST007082,30595370,"[""OBA_0002313""]","[""strict""]",https://www.ebi.ac.uk/gwas/rest/api/v2/associations/36096647,"[""https://www.ebi.ac.uk/gwas/rest/api/v2/associations?efo_id=OBA_0002313&show_child_trait=false&size=500&page=0""]",TYR
pigmentation,36096652,GCST007082,30595370,"[""OBA_0002313""]","[""strict""]",https://www.ebi.ac.uk/gwas/rest/api/v2/associations/36096652,"[""https://www.ebi.ac.uk/gwas/rest/api/v2/associations?efo_id=OBA_0002313&show_child_trait=false&size=500&page=0""]",NOX4
pigmentation,36096657,GCST007082,30595370,"[""OBA_0002313""]","[""strict""]",https://www.ebi.ac.uk/gwas/rest/api/v2/associations/36096657,"[""https://www.ebi.ac.uk/gwas/rest/api/v2/associations?efo_id=OBA_0002313&show_child_trait=false&size=500&page=0""]",FOLH1B
pigmentation,36096657,GCST007082,30595370,"[""OBA_0002313""]","[""strict""]",https://www.ebi.ac.uk/gwas/rest/api/v2/associations/36096657,"[""https://www.ebi.ac.uk/gwas/rest/api/v2/associations?efo_id=OBA_0002313&show_child_trait=false&size=500&page=0""]",H3P34
pigmentation,36096662,GCST007082,30595370,"[""OBA_0002313""]","[""strict""]",https://www.ebi.ac.uk/gwas/rest/api/v2/associations/36096662,"[""https://www.ebi.ac.uk/gwas/rest/api/v2/associations?efo_id=OBA_0002313&show_child_trait=false&size=500&page=0""]",FOLH1B
pigmentation,36096667,GCST007082,30595370,"[""OBA_0002313""]","[""strict""]",https://www.ebi.ac.uk/gwas/rest/api/v2/associations/36096667,"[""https://www.ebi.ac.uk/gwas/rest/api/v2/associations?efo_id=OBA_0002313&show_child_trait=false&size=500&page=0""]",DISC1FP1
pigmentation,36096672,GCST007082,30595370,"[""OBA_0002313""]","[""strict""]",https://www.ebi.ac.uk/gwas/rest/api/v2/associations/36096672,"[""https://www.ebi.ac.uk/gwas/rest/api/v2/associations?efo_id=OBA_0002313&show_child_trait=false&size=500&page=0""]",LINC02756
pigmentation,36096672,GCST007082,30595370,"[""OBA_0002313""]","[""strict""]",https://www.ebi.ac.uk/gwas/rest/api/v2/associations/36096672,"[""https://www.ebi.ac.uk/gwas/rest/api/v2/associations?efo_id=OBA_0002313&show_child_trait=false&size=500&page=0""]",TUBB4BP4
pigmentation,36096677,GCST007082,30595370,"[""OBA_0002313""]","[""strict""]",https://www.ebi.ac.uk/gwas/rest/api/v2/associations/36096677,"[""https://www.ebi.ac.uk/gwas/rest/api/v2/associations?efo_id=OBA_0002313&show_child_trait=false&size=500&page=0""]",ARHGAP42
pigmentation,36096682,GCST007082,30595370,"[""OBA_0002313""]","[""strict""]",https://www.ebi.ac.uk/gwas/rest/api/v2/associations/36096682,"[""https://www.ebi.ac.uk/gwas/rest/api/v2/associations?efo_id=OBA_0002313&show_child_trait=false&size=500&page=0""]",LINC01395
pigmentation,36096682,GCST007082,30595370,"[""OBA_0002313""]","[""strict""]",https://www.ebi.ac.uk/gwas/rest/api/v2/associations/36096682,"[""https://www.ebi.ac.uk/gwas/rest/api/v2/associations?efo_id=OBA_0002313&show_child_trait=false&size=500&page=0""]",TMEM45B
pigmentation,36096686,GCST007082,30595370,"[""OBA_0002313""]","[""strict""]",https://www.ebi.ac.uk/gwas/rest/api/v2/associations/36096686,"[""https://www.ebi.ac.uk/gwas/rest/api/v2/associations?efo_id=OBA_0002313&show_child_trait=false&size=500&page=0""]",CCND2-AS1
pigmentation,36096686,GCST007082,30595370,"[""OBA_0002313""]","[""strict""]",https://www.ebi.ac.uk/gwas/rest/api/v2/associations/36096686,"[""https://www.ebi.ac.uk/gwas/rest/api/v2/associations?efo_id=OBA_0002313&show_child_trait=false&size=500&page=0""]",HSPA8P5
pigmentation,36096690,GCST007082,30595370,"[""OBA_0002313""]","[""strict""]",https://www.ebi.ac.uk/gwas/rest/api/v2/associations/36096690,"[""https://www.ebi.ac.uk/gwas/rest/api/v2/associations?efo_id=OBA_0002313&show_child_trait=false&size=500&page=0""]",SOX5
pigmentation,36096695,GCST007082,30595370,"[""OBA_0002313""]","[""strict""]",https://www.ebi.ac.uk/gwas/rest/api/v2/associations/36096695,"[""https://www.ebi.ac.uk/gwas/rest/api/v2/associations?efo_id=OBA_0002313&show_child_trait=false&size=500&page=0""]",BCAT1
pigmentation,36096695,GCST007082,30595370,"[""OBA_0002313""]","[""strict""]",https://www.ebi.ac.uk/gwas/rest/api/v2/associations/36096695,"[""https://www.ebi.ac.uk/gwas/rest/api/v2/associations?efo_id=OBA_0002313&show_child_trait=false&size=500&page=0""]",RN7SL38P
pigmentation,36096700,GCST007082,30595370,"[""OBA_0002313""]","[""strict""]",https://www.ebi.ac.uk/gwas/rest/api/v2/associations/36096700,"[""https://www.ebi.ac.uk/gwas/rest/api/v2/associations?efo_id=OBA_0002313&show_child_trait=false&size=500&page=0""]",SSPN
pigmentation,36096705,GCST007082,30595370,"[""OBA_0002313""]","[""strict""]",https://www.ebi.ac.uk/gwas/rest/api/v2/associations/36096705,"[""https://www.ebi.ac.uk/gwas/rest/api/v2/associations?efo_id=OBA_0002313&show_child_trait=false&size=500&page=0""]",SLC38A2
pigmentation,36096709,GCST007082,30595370,"[""OBA_0002313""]","[""strict""]",https://www.ebi.ac.uk/gwas/rest/api/v2/associations/36096709,"[""https://www.ebi.ac.uk/gwas/rest/api/v2/associations?efo_id=OBA_0002313&show_child_trait=false&size=500&page=0""]",KMT2D
pigmentation,36096714,GCST007082,30595370,"[""OBA_0002313""]","[""strict""]",https://www.ebi.ac.uk/gwas/rest/api/v2/associations/36096714,"[""https://www.ebi.ac.uk/gwas/rest/api/v2/associations?efo_id=OBA_0002313&show_child_trait=false&size=500&page=0""]",KRT71
pigmentation,36096714,GCST007082,30595370,"[""OBA_0002313""]","[""strict""]",https://www.ebi.ac.uk/gwas/rest/api/v2/associations/36096714,"[""https://www.ebi.ac.uk/gwas/rest/api/v2/associations?efo_id=OBA_0002313&show_child_trait=false&size=500&page=0""]",KRT74
pigmentation,36096719,GCST007082,30595370,"[""OBA_0002313""]","[""strict""]",https://www.ebi.ac.uk/gwas/rest/api/v2/associations/36096719,"[""https://www.ebi.ac.uk/gwas/rest/api/v2/associations?efo_id=OBA_0002313&show_child_trait=false&size=500&page=0""]",FLJ12825
pigmentation,36096724,GCST007082,30595370,"[""OBA_0002313""]","[""strict""]",https://www.ebi.ac.uk/gwas/rest/api/v2/associations/36096724,"[""https://www.ebi.ac.uk/gwas/rest/api/v2/associations?efo_id=OBA_0002313&show_child_trait=false&size=500&page=0""]",LRP1
pigmentation,36096729,GCST007082,30595370,"[""OBA_0002313""]","[""strict""]",https://www.ebi.ac.uk/gwas/rest/api/v2/associations/36096729,"[""https://www.ebi.ac.uk/gwas/rest/api/v2/associations?efo_id=OBA_0002313&show_child_trait=false&size=500&page=0""]",TBC1D30
pigmentation,36096734,GCST007082,30595370,"[""OBA_0002313""]","[""strict""]",https://www.ebi.ac.uk/gwas/rest/api/v2/associations/36096734,"[""https://www.ebi.ac.uk/gwas/rest/api/v2/associations?efo_id=OBA_0002313&show_child_trait=false&size=500&page=0""]",PAWR
pigmentation,36096739,GCST007082,30595370,"[""OBA_0002313""]","[""strict""]",https://www.ebi.ac.uk/gwas/rest/api/v2/associations/36096739,"[""https://www.ebi.ac.uk/gwas/rest/api/v2/associations?efo_id=OBA_0002313&show_child_trait=false&size=500&page=0""]",RPL6P25
pigmentation,36096739,GCST007082,30595370,"[""OBA_0002313""]","[""strict""]",https://www.ebi.ac.uk/gwas/rest/api/v2/associations/36096739,"[""https://www.ebi.ac.uk/gwas/rest/api/v2/associations?efo_id=OBA_0002313&show_child_trait=false&size=500&page=0""]",SLC6A15
pigmentation,36096744,GCST007082,30595370,"[""OBA_0002313""]","[""strict""]",https://www.ebi.ac.uk/gwas/rest/api/v2/associations/36096744,"[""https://www.ebi.ac.uk/gwas/rest/api/v2/associations?efo_id=OBA_0002313&show_child_trait=false&size=500&page=0""]",SLC6A15
pigmentation,36096749,GCST007082,30595370,"[""OBA_0002313""]","[""strict""]",https://www.ebi.ac.uk/gwas/rest/api/v2/associations/36096749,"[""https://www.ebi.ac.uk/gwas/rest/api/v2/associations?efo_id=OBA_0002313&show_child_trait=false&size=500&page=0""]",LINC02820
pigmentation,36096749,GCST007082,30595370,"[""OBA_0002313""]","[""strict""]",https://www.ebi.ac.uk/gwas/rest/api/v2/associations/36096749,"[""https://www.ebi.ac.uk/gwas/rest/api/v2/associations?efo_id=OBA_0002313&show_child_trait=false&size=500&page=0""]",RASSF9
pigmentation,36096754,GCST007082,30595370,"[""OBA_0002313""]","[""strict""]",https://www.ebi.ac.uk/gwas/rest/api/v2/associations/36096754,"[""https://www.ebi.ac.uk/gwas/rest/api/v2/associations?efo_id=OBA_0002313&show_child_trait=false&size=500&page=0""]",MGAT4C
pigmentation,36096759,GCST007082,30595370,"[""OBA_0002313""]","[""strict""]",https://www.ebi.ac.uk/gwas/rest/api/v2/associations/36096759,"[""https://www.ebi.ac.uk/gwas/rest/api/v2/associations?efo_id=OBA_0002313&show_child_trait=false&size=500&page=0""]",MGAT4C
pigmentation,36096764,GCST007082,30595370,"[""OBA_0002313""]","[""strict""]",https://www.ebi.ac.uk/gwas/rest/api/v2/associations/36096764,"[""https://www.ebi.ac.uk/gwas/rest/api/v2/associations?efo_id=OBA_0002313&show_child_trait=false&size=500&page=0""]",MGAT4C
pigmentation,36096764,GCST007082,30595370,"[""OBA_0002313""]","[""strict""]",https://www.ebi.ac.uk/gwas/rest/api/v2/associations/36096764,"[""https://www.ebi.ac.uk/gwas/rest/api/v2/associations?efo_id=OBA_0002313&show_child_trait=false&size=500&page=0""]",RPL23AP68
pigmentation,36096769,GCST007082,30595370,"[""OBA_0002313""]","[""strict""]",https://www.ebi.ac.uk/gwas/rest/api/v2/associations/36096769,"[""https://www.ebi.ac.uk/gwas/rest/api/v2/associations?efo_id=OBA_0002313&show_child_trait=false&size=500&page=0""]",CYCSP30
pigmentation,36096769,GCST007082,30595370,"[""OBA_0002313""]","[""strict""]",https://www.ebi.ac.uk/gwas/rest/api/v2/associations/36096769,"[""https://www.ebi.ac.uk/gwas/rest/api/v2/associations?efo_id=OBA_0002313&show_child_trait=false&size=500&page=0""]",RPL23AP68
pigmentation,36096774,GCST007082,30595370,"[""OBA_0002313""]","[""strict""]",https://www.ebi.ac.uk/gwas/rest/api/v2/associations/36096774,"[""https://www.ebi.ac.uk/gwas/rest/api/v2/associations?efo_id=OBA_0002313&show_child_trait=false&size=500&page=0""]",LINC02258
pigmentation,36096779,GCST007082,30595370,"[""OBA_0002313""]","[""strict""]",https://www.ebi.ac.uk/gwas/rest/api/v2/associations/36096779,"[""https://www.ebi.ac.uk/gwas/rest/api/v2/associations?efo_id=OBA_0002313&show_child_trait=false&size=500&page=0""]",C12orf50
pigmentation,36096784,GCST007082,30595370,"[""OBA_0002313""]","[""strict""]",https://www.ebi.ac.uk/gwas/rest/api/v2/associations/36096784,"[""https://www.ebi.ac.uk/gwas/rest/api/v2/associations?efo_id=OBA_0002313&show_child_trait=false&size=500&page=0""]",TMTC3
pigmentation,36096784,GCST007082,30595370,"[""OBA_0002313""]","[""strict""]",https://www.ebi.ac.uk/gwas/rest/api/v2/associations/36096784,"[""https://www.ebi.ac.uk/gwas/rest/api/v2/associations?efo_id=OBA_0002313&show_child_trait=false&size=500&page=0""]",Y_RNA
pigmentation,36096789,GCST007082,30595370,"[""OBA_0002313""]","[""strict""]",https://www.ebi.ac.uk/gwas/rest/api/v2/associations/36096789,"[""https://www.ebi.ac.uk/gwas/rest/api/v2/associations?efo_id=OBA_0002313&show_child_trait=false&size=500&page=0""]",KITLG
pigmentation,36096789,GCST007082,30595370,"[""OBA_0002313""]","[""strict""]",https://www.ebi.ac.uk/gwas/rest/api/v2/associations/36096789,"[""https://www.ebi.ac.uk/gwas/rest/api/v2/associations?efo_id=OBA_0002313&show_child_trait=false&size=500&page=0""]",Y_RNA
pigmentation,36096794,GCST007082,30595370,"[""OBA_0002313""]","[""strict""]",https://www.ebi.ac.uk/gwas/rest/api/v2/associations/36096794,"[""https://www.ebi.ac.uk/gwas/rest/api/v2/associations?efo_id=OBA_0002313&show_child_trait=false&size=500&page=0""]",LINC02458
pigmentation,36096794,GCST007082,30595370,"[""OBA_0002313""]","[""strict""]",https://www.ebi.ac.uk/gwas/rest/api/v2/associations/36096794,"[""https://www.ebi.ac.uk/gwas/rest/api/v2/associations?efo_id=OBA_0002313&show_child_trait=false&size=500&page=0""]",RNU1-117P
pigmentation,36096799,GCST007082,30595370,"[""OBA_0002313""]","[""strict""]",https://www.ebi.ac.uk/gwas/rest/api/v2/associations/36096799,"[""https://www.ebi.ac.uk/gwas/rest/api/v2/associations?efo_id=OBA_0002313&show_child_trait=false&size=500&page=0""]",LINC02458
pigmentation,36096799,GCST007082,30595370,"[""OBA_0002313""]","[""strict""]",https://www.ebi.ac.uk/gwas/rest/api/v2/associations/36096799,"[""https://www.ebi.ac.uk/gwas/rest/api/v2/associations?efo_id=OBA_0002313&show_child_trait=false&size=500&page=0""]",RNU1-117P
pigmentation,36096804,GCST007082,30595370,"[""OBA_0002313""]","[""strict""]",https://www.ebi.ac.uk/gwas/rest/api/v2/associations/36096804,"[""https://www.ebi.ac.uk/gwas/rest/api/v2/associations?efo_id=OBA_0002313&show_child_trait=false&size=500&page=0""]",LINC02458
pigmentation,36096809,GCST007082,30595370,"[""OBA_0002313""]","[""strict""]",https://www.ebi.ac.uk/gwas/rest/api/v2/associations/36096809,"[""https://www.ebi.ac.uk/gwas/rest/api/v2/associations?efo_id=OBA_0002313&show_child_trait=false&size=500&page=0""]",LINC02458
pigmentation,36096814,GCST007082,30595370,"[""OBA_0002313""]","[""strict""]",https://www.ebi.ac.uk/gwas/rest/api/v2/associations/36096814,"[""https://www.ebi.ac.uk/gwas/rest/api/v2/associations?efo_id=OBA_0002313&show_child_trait=false&size=500&page=0""]",POC1B
pigmentation,36096819,GCST007082,30595370,"[""OBA_0002313""]","[""strict""]",https://www.ebi.ac.uk/gwas/rest/api/v2/associations/36096819,"[""https://www.ebi.ac.uk/gwas/rest/api/v2/associations?efo_id=OBA_0002313&show_child_trait=false&size=500&page=0""]",ATP2B1-AS1
pigmentation,36096824,GCST007082,30595370,"[""OBA_0002313""]","[""strict""]",https://www.ebi.ac.uk/gwas/rest/api/v2/associations/36096824,"[""https://www.ebi.ac.uk/gwas/rest/api/v2/associations?efo_id=OBA_0002313&show_child_trait=false&size=500&page=0""]",LINC02822
pigmentation,36096828,GCST007082,30595370,"[""OBA_0002313""]","[""strict""]",https://www.ebi.ac.uk/gwas/rest/api/v2/associations/36096828,"[""https://www.ebi.ac.uk/gwas/rest/api/v2/associations?efo_id=OBA_0002313&show_child_trait=false&size=500&page=0""]",CUX2
pigmentation,36096833,GCST007082,30595370,"[""OBA_0002313""]","[""strict""]",https://www.ebi.ac.uk/gwas/rest/api/v2/associations/36096833,"[""https://www.ebi.ac.uk/gwas/rest/api/v2/associations?efo_id=OBA_0002313&show_child_trait=false&size=500&page=0""]",TBX3-AS1
pigmentation,36096833,GCST007082,30595370,"[""OBA_0002313""]","[""strict""]",https://www.ebi.ac.uk/gwas/rest/api/v2/associations/36096833,"[""https://www.ebi.ac.uk/gwas/rest/api/v2/associations?efo_id=OBA_0002313&show_child_trait=false&size=500&page=0""]",UBA52P7
pigmentation,36096838,GCST007082,30595370,"[""OBA_0002313""]","[""strict""]",https://www.ebi.ac.uk/gwas/rest/api/v2/associations/36096838,"[""https://www.ebi.ac.uk/gwas/rest/api/v2/associations?efo_id=OBA_0002313&show_child_trait=false&size=500&page=0""]",HNF1A-AS1
pigmentation,36096843,GCST007082,30595370,"[""OBA_0002313""]","[""strict""]",https://www.ebi.ac.uk/gwas/rest/api/v2/associations/36096843,"[""https://www.ebi.ac.uk/gwas/rest/api/v2/associations?efo_id=OBA_0002313&show_child_trait=false&size=500&page=0""]",KMT5A
pigmentation,36096848,GCST007082,30595370,"[""OBA_0002313""]","[""strict""]",https://www.ebi.ac.uk/gwas/rest/api/v2/associations/36096848,"[""https://www.ebi.ac.uk/gwas/rest/api/v2/associations?efo_id=OBA_0002313&show_child_trait=false&size=500&page=0""]",RNU6-927P
pigmentation,36096848,GCST007082,30595370,"[""OBA_0002313""]","[""strict""]",https://www.ebi.ac.uk/gwas/rest/api/v2/associations/36096848,"[""https://www.ebi.ac.uk/gwas/rest/api/v2/associations?efo_id=OBA_0002313&show_child_trait=false&size=500&page=0""]",SCARB1
pigmentation,36096853,GCST007082,30595370,"[""OBA_0002313""]","[""strict""]",https://www.ebi.ac.uk/gwas/rest/api/v2/associations/36096853,"[""https://www.ebi.ac.uk/gwas/rest/api/v2/associations?efo_id=OBA_0002313&show_child_trait=false&size=500&page=0""]",LINC00297
pigmentation,36096858,GCST007082,30595370,"[""OBA_0002313""]","[""strict""]",https://www.ebi.ac.uk/gwas/rest/api/v2/associations/36096858,"[""https://www.ebi.ac.uk/gwas/rest/api/v2/associations?efo_id=OBA_0002313&show_child_trait=false&size=500&page=0""]",SMAD9
pigmentation,36096862,GCST007082,30595370,"[""OBA_0002313""]","[""strict""]",https://www.ebi.ac.uk/gwas/rest/api/v2/associations/36096862,"[""https://www.ebi.ac.uk/gwas/rest/api/v2/associations?efo_id=OBA_0002313&show_child_trait=false&size=500&page=0""]",FREM2
pigmentation,36096867,GCST007082,30595370,"[""OBA_0002313""]","[""strict""]",https://www.ebi.ac.uk/gwas/rest/api/v2/associations/36096867,"[""https://www.ebi.ac.uk/gwas/rest/api/v2/associations?efo_id=OBA_0002313&show_child_trait=false&size=500&page=0""]",SMIM2-AS1
pigmentation,36096872,GCST007082,30595370,"[""OBA_0002313""]","[""strict""]",https://www.ebi.ac.uk/gwas/rest/api/v2/associations/36096872,"[""https://www.ebi.ac.uk/gwas/rest/api/v2/associations?efo_id=OBA_0002313&show_child_trait=false&size=500&page=0""]",SCEL
pigmentation,36096872,GCST007082,30595370,"[""OBA_0002313""]","[""strict""]",https://www.ebi.ac.uk/gwas/rest/api/v2/associations/36096872,"[""https://www.ebi.ac.uk/gwas/rest/api/v2/associations?efo_id=OBA_0002313&show_child_trait=false&size=500&page=0""]",SCEL-AS1
pigmentation,36096877,GCST007082,30595370,"[""OBA_0002313""]","[""strict""]",https://www.ebi.ac.uk/gwas/rest/api/v2/associations/36096877,"[""https://www.ebi.ac.uk/gwas/rest/api/v2/associations?efo_id=OBA_0002313&show_child_trait=false&size=500&page=0""]",EDNRB-AS1
pigmentation,36096882,GCST007082,30595370,"[""OBA_0002313""]","[""strict""]",https://www.ebi.ac.uk/gwas/rest/api/v2/associations/36096882,"[""https://www.ebi.ac.uk/gwas/rest/api/v2/associations?efo_id=OBA_0002313&show_child_trait=false&size=500&page=0""]",OBI1-AS1
pigmentation,36096887,GCST007082,30595370,"[""OBA_0002313""]","[""strict""]",https://www.ebi.ac.uk/gwas/rest/api/v2/associations/36096887,"[""https://www.ebi.ac.uk/gwas/rest/api/v2/associations?efo_id=OBA_0002313&show_child_trait=false&size=500&page=0""]",OBI1-AS1
pigmentation,36096892,GCST007082,30595370,"[""OBA_0002313""]","[""strict""]",https://www.ebi.ac.uk/gwas/rest/api/v2/associations/36096892,"[""https://www.ebi.ac.uk/gwas/rest/api/v2/associations?efo_id=OBA_0002313&show_child_trait=false&size=500&page=0""]",OBI1-AS1
pigmentation,36096896,GCST007082,30595370,"[""OBA_0002313""]","[""strict""]",https://www.ebi.ac.uk/gwas/rest/api/v2/associations/36096896,"[""https://www.ebi.ac.uk/gwas/rest/api/v2/associations?efo_id=OBA_0002313&show_child_trait=false&size=500&page=0""]",DCT
pigmentation,36096896,GCST007082,30595370,"[""OBA_0002313""]","[""strict""]",https://www.ebi.ac.uk/gwas/rest/api/v2/associations/36096896,"[""https://www.ebi.ac.uk/gwas/rest/api/v2/associations?efo_id=OBA_0002313&show_child_trait=false&size=500&page=0""]",TGDS
pigmentation,36096901,GCST007082,30595370,"[""OBA_0002313""]","[""strict""]",https://www.ebi.ac.uk/gwas/rest/api/v2/associations/36096901,"[""https://www.ebi.ac.uk/gwas/rest/api/v2/associations?efo_id=OBA_0002313&show_child_trait=false&size=500&page=0""]",RAB20
pigmentation,36096906,GCST007082,30595370,"[""OBA_0002313""]","[""strict""]",https://www.ebi.ac.uk/gwas/rest/api/v2/associations/36096906,"[""https://www.ebi.ac.uk/gwas/rest/api/v2/associations?efo_id=OBA_0002313&show_child_trait=false&size=500&page=0""]",RASA3
pigmentation,36096910,GCST007082,30595370,"[""OBA_0002313""]","[""strict""]",https://www.ebi.ac.uk/gwas/rest/api/v2/associations/36096910,"[""https://www.ebi.ac.uk/gwas/rest/api/v2/associations?efo_id=OBA_0002313&show_child_trait=false&size=500&page=0""]",L2HGDH
pigmentation,36096914,GCST007082,30595370,"[""OBA_0002313""]","[""strict""]",https://www.ebi.ac.uk/gwas/rest/api/v2/associations/36096914,"[""https://www.ebi.ac.uk/gwas/rest/api/v2/associations?efo_id=OBA_0002313&show_child_trait=false&size=500&page=0""]",DDHD1-DT
pigmentation,36096918,GCST007082,30595370,"[""OBA_0002313""]","[""strict""]",https://www.ebi.ac.uk/gwas/rest/api/v2/associations/36096918,"[""https://www.ebi.ac.uk/gwas/rest/api/v2/associations?efo_id=OBA_0002313&show_child_trait=false&size=500&page=0""]",PPM1A
pigmentation,36096922,GCST007082,30595370,"[""OBA_0002313""]","[""strict""]",https://www.ebi.ac.uk/gwas/rest/api/v2/associations/36096922,"[""https://www.ebi.ac.uk/gwas/rest/api/v2/associations?efo_id=OBA_0002313&show_child_trait=false&size=500&page=0""]",SYNE2
pigmentation,36096927,GCST007082,30595370,"[""OBA_0002313""]","[""strict""]",https://www.ebi.ac.uk/gwas/rest/api/v2/associations/36096927,"[""https://www.ebi.ac.uk/gwas/rest/api/v2/associations?efo_id=OBA_0002313&show_child_trait=false&size=500&page=0""]",CHURC1-FNTB
pigmentation,36096932,GCST007082,30595370,"[""OBA_0002313""]","[""strict""]",https://www.ebi.ac.uk/gwas/rest/api/v2/associations/36096932,"[""https://www.ebi.ac.uk/gwas/rest/api/v2/associations?efo_id=OBA_0002313&show_child_trait=false&size=500&page=0""]",RAD51B
pigmentation,36096937,GCST007082,30595370,"[""OBA_0002313""]","[""strict""]",https://www.ebi.ac.uk/gwas/rest/api/v2/associations/36096937,"[""https://www.ebi.ac.uk/gwas/rest/api/v2/associations?efo_id=OBA_0002313&show_child_trait=false&size=500&page=0""]",RNU6-921P
pigmentation,36096937,GCST007082,30595370,"[""OBA_0002313""]","[""strict""]",https://www.ebi.ac.uk/gwas/rest/api/v2/associations/36096937,"[""https://www.ebi.ac.uk/gwas/rest/api/v2/associations?efo_id=OBA_0002313&show_child_trait=false&size=500&page=0""]",ZFP36L1
pigmentation,36096941,GCST007082,30595370,"[""OBA_0002313""]","[""strict""]",https://www.ebi.ac.uk/gwas/rest/api/v2/associations/36096941,"[""https://www.ebi.ac.uk/gwas/rest/api/v2/associations?efo_id=OBA_0002313&show_child_trait=false&size=500&page=0""]",PCNX1
pigmentation,36096946,GCST007082,30595370,"[""OBA_0002313""]","[""strict""]",https://www.ebi.ac.uk/gwas/rest/api/v2/associations/36096946,"[""https://www.ebi.ac.uk/gwas/rest/api/v2/associations?efo_id=OBA_0002313&show_child_trait=false&size=500&page=0""]",CATSPERB
pigmentation,36096951,GCST007082,30595370,"[""OBA_0002313""]","[""strict""]",https://www.ebi.ac.uk/gwas/rest/api/v2/associations/36096951,"[""https://www.ebi.ac.uk/gwas/rest/api/v2/associations?efo_id=OBA_0002313&show_child_trait=false&size=500&page=0""]",TRIP11
pigmentation,36096956,GCST007082,30595370,"[""OBA_0002313""]","[""strict""]",https://www.ebi.ac.uk/gwas/rest/api/v2/associations/36096956,"[""https://www.ebi.ac.uk/gwas/rest/api/v2/associations?efo_id=OBA_0002313&show_child_trait=false&size=500&page=0""]",CPSF2
pigmentation,36096956,GCST007082,30595370,"[""OBA_0002313""]","[""strict""]",https://www.ebi.ac.uk/gwas/rest/api/v2/associations/36096956,"[""https://www.ebi.ac.uk/gwas/rest/api/v2/associations?efo_id=OBA_0002313&show_child_trait=false&size=500&page=0""]",RNU6-366P
pigmentation,36096961,GCST007082,30595370,"[""OBA_0002313""]","[""strict""]",https://www.ebi.ac.uk/gwas/rest/api/v2/associations/36096961,"[""https://www.ebi.ac.uk/gwas/rest/api/v2/associations?efo_id=OBA_0002313&show_child_trait=false&size=500&page=0""]",RNU6-366P
pigmentation,36096961,GCST007082,30595370,"[""OBA_0002313""]","[""strict""]",https://www.ebi.ac.uk/gwas/rest/api/v2/associations/36096961,"[""https://www.ebi.ac.uk/gwas/rest/api/v2/associations?efo_id=OBA_0002313&show_child_trait=false&size=500&page=0""]",SLC24A4
pigmentation,36096966,GCST007082,30595370,"[""OBA_0002313""]","[""strict""]",https://www.ebi.ac.uk/gwas/rest/api/v2/associations/36096966,"[""https://www.ebi.ac.uk/gwas/rest/api/v2/associations?efo_id=OBA_0002313&show_child_trait=false&size=500&page=0""]",SLC24A4
pigmentation,36096971,GCST007082,30595370,"[""OBA_0002313""]","[""strict""]",https://www.ebi.ac.uk/gwas/rest/api/v2/associations/36096971,"[""https://www.ebi.ac.uk/gwas/rest/api/v2/associations?efo_id=OBA_0002313&show_child_trait=false&size=500&page=0""]",SLC24A4
pigmentation,36096975,GCST007082,30595370,"[""OBA_0002313""]","[""strict""]",https://www.ebi.ac.uk/gwas/rest/api/v2/associations/36096975,"[""https://www.ebi.ac.uk/gwas/rest/api/v2/associations?efo_id=OBA_0002313&show_child_trait=false&size=500&page=0""]",SLC24A4
pigmentation,36096980,GCST007082,30595370,"[""OBA_0002313""]","[""strict""]",https://www.ebi.ac.uk/gwas/rest/api/v2/associations/36096980,"[""https://www.ebi.ac.uk/gwas/rest/api/v2/associations?efo_id=OBA_0002313&show_child_trait=false&size=500&page=0""]",RIN3
pigmentation,36096985,GCST007082,30595370,"[""OBA_0002313""]","[""strict""]",https://www.ebi.ac.uk/gwas/rest/api/v2/associations/36096985,"[""https://www.ebi.ac.uk/gwas/rest/api/v2/associations?efo_id=OBA_0002313&show_child_trait=false&size=500&page=0""]",BCL11B
pigmentation,36096990,GCST007082,30595370,"[""OBA_0002313""]","[""strict""]",https://www.ebi.ac.uk/gwas/rest/api/v2/associations/36096990,"[""https://www.ebi.ac.uk/gwas/rest/api/v2/associations?efo_id=OBA_0002313&show_child_trait=false&size=500&page=0""]",LINC00524
pigmentation,36096990,GCST007082,30595370,"[""OBA_0002313""]","[""strict""]",https://www.ebi.ac.uk/gwas/rest/api/v2/associations/36096990,"[""https://www.ebi.ac.uk/gwas/rest/api/v2/associations?efo_id=OBA_0002313&show_child_trait=false&size=500&page=0""]",U3
pigmentation,36096995,GCST007082,30595370,"[""OBA_0002313""]","[""strict""]",https://www.ebi.ac.uk/gwas/rest/api/v2/associations/36096995,"[""https://www.ebi.ac.uk/gwas/rest/api/v2/associations?efo_id=OBA_0002313&show_child_trait=false&size=500&page=0""]",MARK3
pigmentation,36097000,GCST007082,30595370,"[""OBA_0002313""]","[""strict""]",https://www.ebi.ac.uk/gwas/rest/api/v2/associations/36097000,"[""https://www.ebi.ac.uk/gwas/rest/api/v2/associations?efo_id=OBA_0002313&show_child_trait=false&size=500&page=0""]",ASPG
pigmentation,36097005,GCST007082,30595370,"[""OBA_0002313""]","[""strict""]",https://www.ebi.ac.uk/gwas/rest/api/v2/associations/36097005,"[""https://www.ebi.ac.uk/gwas/rest/api/v2/associations?efo_id=OBA_0002313&show_child_trait=false&size=500&page=0""]",ATP10A
pigmentation,36097010,GCST007082,30595370,"[""OBA_0002313""]","[""strict""]",https://www.ebi.ac.uk/gwas/rest/api/v2/associations/36097010,"[""https://www.ebi.ac.uk/gwas/rest/api/v2/associations?efo_id=OBA_0002313&show_child_trait=false&size=500&page=0""]",GABRG3
pigmentation,36097010,GCST007082,30595370,"[""OBA_0002313""]","[""strict""]",https://www.ebi.ac.uk/gwas/rest/api/v2/associations/36097010,"[""https://www.ebi.ac.uk/gwas/rest/api/v2/associations?efo_id=OBA_0002313&show_child_trait=false&size=500&page=0""]",GABRG3-AS1
pigmentation,36097015,GCST007082,30595370,"[""OBA_0002313""]","[""strict""]",https://www.ebi.ac.uk/gwas/rest/api/v2/associations/36097015,"[""https://www.ebi.ac.uk/gwas/rest/api/v2/associations?efo_id=OBA_0002313&show_child_trait=false&size=500&page=0""]",GABRG3
pigmentation,36097020,GCST007082,30595370,"[""OBA_0002313""]","[""strict""]",https://www.ebi.ac.uk/gwas/rest/api/v2/associations/36097020,"[""https://www.ebi.ac.uk/gwas/rest/api/v2/associations?efo_id=OBA_0002313&show_child_trait=false&size=500&page=0""]",GABRG3
pigmentation,36097025,GCST007082,30595370,"[""OBA_0002313""]","[""strict""]",https://www.ebi.ac.uk/gwas/rest/api/v2/associations/36097025,"[""https://www.ebi.ac.uk/gwas/rest/api/v2/associations?efo_id=OBA_0002313&show_child_trait=false&size=500&page=0""]",GABRG3
pigmentation,36097025,GCST007082,30595370,"[""OBA_0002313""]","[""strict""]",https://www.ebi.ac.uk/gwas/rest/api/v2/associations/36097025,"[""https://www.ebi.ac.uk/gwas/rest/api/v2/associations?efo_id=OBA_0002313&show_child_trait=false&size=500&page=0""]",OCA2
pigmentation,36097030,GCST007082,30595370,"[""OBA_0002313""]","[""strict""]",https://www.ebi.ac.uk/gwas/rest/api/v2/associations/36097030,"[""https://www.ebi.ac.uk/gwas/rest/api/v2/associations?efo_id=OBA_0002313&show_child_trait=false&size=500&page=0""]",OCA2
pigmentation,36097035,GCST007082,30595370,"[""OBA_0002313""]","[""strict""]",https://www.ebi.ac.uk/gwas/rest/api/v2/associations/36097035,"[""https://www.ebi.ac.uk/gwas/rest/api/v2/associations?efo_id=OBA_0002313&show_child_trait=false&size=500&page=0""]",OCA2
pigmentation,36097040,GCST007082,30595370,"[""OBA_0002313""]","[""strict""]",https://www.ebi.ac.uk/gwas/rest/api/v2/associations/36097040,"[""https://www.ebi.ac.uk/gwas/rest/api/v2/associations?efo_id=OBA_0002313&show_child_trait=false&size=500&page=0""]",OCA2
pigmentation,36097045,GCST007082,30595370,"[""OBA_0002313""]","[""strict""]",https://www.ebi.ac.uk/gwas/rest/api/v2/associations/36097045,"[""https://www.ebi.ac.uk/gwas/rest/api/v2/associations?efo_id=OBA_0002313&show_child_trait=false&size=500&page=0""]",OCA2
pigmentation,36097050,GCST007082,30595370,"[""OBA_0002313""]","[""strict""]",https://www.ebi.ac.uk/gwas/rest/api/v2/associations/36097050,"[""https://www.ebi.ac.uk/gwas/rest/api/v2/associations?efo_id=OBA_0002313&show_child_trait=false&size=500&page=0""]",HERC2
pigmentation,36097055,GCST007082,30595370,"[""OBA_0002313""]","[""strict""]",https://www.ebi.ac.uk/gwas/rest/api/v2/associations/36097055,"[""https://www.ebi.ac.uk/gwas/rest/api/v2/associations?efo_id=OBA_0002313&show_child_trait=false&size=500&page=0""]",HERC2
pigmentation,36097060,GCST007082,30595370,"[""OBA_0002313""]","[""strict""]",https://www.ebi.ac.uk/gwas/rest/api/v2/associations/36097060,"[""https://www.ebi.ac.uk/gwas/rest/api/v2/associations?efo_id=OBA_0002313&show_child_trait=false&size=500&page=0""]",PDCD6IPP2
pigmentation,36097060,GCST007082,30595370,"[""OBA_0002313""]","[""strict""]",https://www.ebi.ac.uk/gwas/rest/api/v2/associations/36097060,"[""https://www.ebi.ac.uk/gwas/rest/api/v2/associations?efo_id=OBA_0002313&show_child_trait=false&size=500&page=0""]",WHAMMP2
pigmentation,36097065,GCST007082,30595370,"[""OBA_0002313""]","[""strict""]",https://www.ebi.ac.uk/gwas/rest/api/v2/associations/36097065,"[""https://www.ebi.ac.uk/gwas/rest/api/v2/associations?efo_id=OBA_0002313&show_child_trait=false&size=500&page=0""]",APBA2
pigmentation,36097070,GCST007082,30595370,"[""OBA_0002313""]","[""strict""]",https://www.ebi.ac.uk/gwas/rest/api/v2/associations/36097070,"[""https://www.ebi.ac.uk/gwas/rest/api/v2/associations?efo_id=OBA_0002313&show_child_trait=false&size=500&page=0""]",APBA2
pigmentation,36097075,GCST007082,30595370,"[""OBA_0002313""]","[""strict""]",https://www.ebi.ac.uk/gwas/rest/api/v2/associations/36097075,"[""https://www.ebi.ac.uk/gwas/rest/api/v2/associations?efo_id=OBA_0002313&show_child_trait=false&size=500&page=0""]",APBA2
pigmentation,36097080,GCST007082,30595370,"[""OBA_0002313""]","[""strict""]",https://www.ebi.ac.uk/gwas/rest/api/v2/associations/36097080,"[""https://www.ebi.ac.uk/gwas/rest/api/v2/associations?efo_id=OBA_0002313&show_child_trait=false&size=500&page=0""]",ENTREP2
pigmentation,36097084,GCST007082,30595370,"[""OBA_0002313""]","[""strict""]",https://www.ebi.ac.uk/gwas/rest/api/v2/associations/36097084,"[""https://www.ebi.ac.uk/gwas/rest/api/v2/associations?efo_id=OBA_0002313&show_child_trait=false&size=500&page=0""]",MYEF2
pigmentation,36097084,GCST007082,30595370,"[""OBA_0002313""]","[""strict""]",https://www.ebi.ac.uk/gwas/rest/api/v2/associations/36097084,"[""https://www.ebi.ac.uk/gwas/rest/api/v2/associations?efo_id=OBA_0002313&show_child_trait=false&size=500&page=0""]",SLC24A5
pigmentation,36097089,GCST007082,30595370,"[""OBA_0002313""]","[""strict""]",https://www.ebi.ac.uk/gwas/rest/api/v2/associations/36097089,"[""https://www.ebi.ac.uk/gwas/rest/api/v2/associations?efo_id=OBA_0002313&show_child_trait=false&size=500&page=0""]",SHC4
pigmentation,36097094,GCST007082,30595370,"[""OBA_0002313""]","[""strict""]",https://www.ebi.ac.uk/gwas/rest/api/v2/associations/36097094,"[""https://www.ebi.ac.uk/gwas/rest/api/v2/associations?efo_id=OBA_0002313&show_child_trait=false&size=500&page=0""]",RSL24D1
pigmentation,36097094,GCST007082,30595370,"[""OBA_0002313""]","[""strict""]",https://www.ebi.ac.uk/gwas/rest/api/v2/associations/36097094,"[""https://www.ebi.ac.uk/gwas/rest/api/v2/associations?efo_id=OBA_0002313&show_child_trait=false&size=500&page=0""]",UNC13C
pigmentation,36097099,GCST007082,30595370,"[""OBA_0002313""]","[""strict""]",https://www.ebi.ac.uk/gwas/rest/api/v2/associations/36097099,"[""https://www.ebi.ac.uk/gwas/rest/api/v2/associations?efo_id=OBA_0002313&show_child_trait=false&size=500&page=0""]",NEO1
pigmentation,36097099,GCST007082,30595370,"[""OBA_0002313""]","[""strict""]",https://www.ebi.ac.uk/gwas/rest/api/v2/associations/36097099,"[""https://www.ebi.ac.uk/gwas/rest/api/v2/associations?efo_id=OBA_0002313&show_child_trait=false&size=500&page=0""]",NPM1P42
pigmentation,36097104,GCST007082,30595370,"[""OBA_0002313""]","[""strict""]",https://www.ebi.ac.uk/gwas/rest/api/v2/associations/36097104,"[""https://www.ebi.ac.uk/gwas/rest/api/v2/associations?efo_id=OBA_0002313&show_child_trait=false&size=500&page=0""]",IL16
pigmentation,36097109,GCST007082,30595370,"[""OBA_0002313""]","[""strict""]",https://www.ebi.ac.uk/gwas/rest/api/v2/associations/36097109,"[""https://www.ebi.ac.uk/gwas/rest/api/v2/associations?efo_id=OBA_0002313&show_child_trait=false&size=500&page=0""]",BNC1
pigmentation,36097109,GCST007082,30595370,"[""OBA_0002313""]","[""strict""]",https://www.ebi.ac.uk/gwas/rest/api/v2/associations/36097109,"[""https://www.ebi.ac.uk/gwas/rest/api/v2/associations?efo_id=OBA_0002313&show_child_trait=false&size=500&page=0""]",SH3GL3
pigmentation,36097114,GCST007082,30595370,"[""OBA_0002313""]","[""strict""]",https://www.ebi.ac.uk/gwas/rest/api/v2/associations/36097114,"[""https://www.ebi.ac.uk/gwas/rest/api/v2/associations?efo_id=OBA_0002313&show_child_trait=false&size=500&page=0""]",AKAP13
pigmentation,36097118,GCST007082,30595370,"[""OBA_0002313""]","[""strict""]",https://www.ebi.ac.uk/gwas/rest/api/v2/associations/36097118,"[""https://www.ebi.ac.uk/gwas/rest/api/v2/associations?efo_id=OBA_0002313&show_child_trait=false&size=500&page=0""]",FES
pigmentation,36097123,GCST007082,30595370,"[""OBA_0002313""]","[""strict""]",https://www.ebi.ac.uk/gwas/rest/api/v2/associations/36097123,"[""https://www.ebi.ac.uk/gwas/rest/api/v2/associations?efo_id=OBA_0002313&show_child_trait=false&size=500&page=0""]",LINC01579
pigmentation,36097123,GCST007082,30595370,"[""OBA_0002313""]","[""strict""]",https://www.ebi.ac.uk/gwas/rest/api/v2/associations/36097123,"[""https://www.ebi.ac.uk/gwas/rest/api/v2/associations?efo_id=OBA_0002313&show_child_trait=false&size=500&page=0""]",SEPHS1P2
pigmentation,36097128,GCST007082,30595370,"[""OBA_0002313""]","[""strict""]",https://www.ebi.ac.uk/gwas/rest/api/v2/associations/36097128,"[""https://www.ebi.ac.uk/gwas/rest/api/v2/associations?efo_id=OBA_0002313&show_child_trait=false&size=500&page=0""]",NMRAL1
pigmentation,36097133,GCST007082,30595370,"[""OBA_0002313""]","[""strict""]",https://www.ebi.ac.uk/gwas/rest/api/v2/associations/36097133,"[""https://www.ebi.ac.uk/gwas/rest/api/v2/associations?efo_id=OBA_0002313&show_child_trait=false&size=500&page=0""]",MTCYBP33
pigmentation,36097133,GCST007082,30595370,"[""OBA_0002313""]","[""strict""]",https://www.ebi.ac.uk/gwas/rest/api/v2/associations/36097133,"[""https://www.ebi.ac.uk/gwas/rest/api/v2/associations?efo_id=OBA_0002313&show_child_trait=false&size=500&page=0""]",TEKT5
pigmentation,36097138,GCST007082,30595370,"[""OBA_0002313""]","[""strict""]",https://www.ebi.ac.uk/gwas/rest/api/v2/associations/36097138,"[""https://www.ebi.ac.uk/gwas/rest/api/v2/associations?efo_id=OBA_0002313&show_child_trait=false&size=500&page=0""]",TOX3
pigmentation,36097142,GCST007082,30595370,"[""OBA_0002313""]","[""strict""]",https://www.ebi.ac.uk/gwas/rest/api/v2/associations/36097142,"[""https://www.ebi.ac.uk/gwas/rest/api/v2/associations?efo_id=OBA_0002313&show_child_trait=false&size=500&page=0""]",FTO
pigmentation,36097147,GCST007082,30595370,"[""OBA_0002313""]","[""strict""]",https://www.ebi.ac.uk/gwas/rest/api/v2/associations/36097147,"[""https://www.ebi.ac.uk/gwas/rest/api/v2/associations?efo_id=OBA_0002313&show_child_trait=false&size=500&page=0""]",PKD1L3
pigmentation,36097152,GCST007082,30595370,"[""OBA_0002313""]","[""strict""]",https://www.ebi.ac.uk/gwas/rest/api/v2/associations/36097152,"[""https://www.ebi.ac.uk/gwas/rest/api/v2/associations?efo_id=OBA_0002313&show_child_trait=false&size=500&page=0""]",LINC01229
pigmentation,36097157,GCST007082,30595370,"[""OBA_0002313""]","[""strict""]",https://www.ebi.ac.uk/gwas/rest/api/v2/associations/36097157,"[""https://www.ebi.ac.uk/gwas/rest/api/v2/associations?efo_id=OBA_0002313&show_child_trait=false&size=500&page=0""]",JPH3
pigmentation,36097162,GCST007082,30595370,"[""OBA_0002313""]","[""strict""]",https://www.ebi.ac.uk/gwas/rest/api/v2/associations/36097162,"[""https://www.ebi.ac.uk/gwas/rest/api/v2/associations?efo_id=OBA_0002313&show_child_trait=false&size=500&page=0""]",CA5A
pigmentation,36097167,GCST007082,30595370,"[""OBA_0002313""]","[""strict""]",https://www.ebi.ac.uk/gwas/rest/api/v2/associations/36097167,"[""https://www.ebi.ac.uk/gwas/rest/api/v2/associations?efo_id=OBA_0002313&show_child_trait=false&size=500&page=0""]",LINC02182
pigmentation,36097172,GCST007082,30595370,"[""OBA_0002313""]","[""strict""]",https://www.ebi.ac.uk/gwas/rest/api/v2/associations/36097172,"[""https://www.ebi.ac.uk/gwas/rest/api/v2/associations?efo_id=OBA_0002313&show_child_trait=false&size=500&page=0""]",LINC02182
pigmentation,36097177,GCST007082,30595370,"[""OBA_0002313""]","[""strict""]",https://www.ebi.ac.uk/gwas/rest/api/v2/associations/36097177,"[""https://www.ebi.ac.uk/gwas/rest/api/v2/associations?efo_id=OBA_0002313&show_child_trait=false&size=500&page=0""]",ZFPM1
pigmentation,36097182,GCST007082,30595370,"[""OBA_0002313""]","[""strict""]",https://www.ebi.ac.uk/gwas/rest/api/v2/associations/36097182,"[""https://www.ebi.ac.uk/gwas/rest/api/v2/associations?efo_id=OBA_0002313&show_child_trait=false&size=500&page=0""]",ZFPM1
pigmentation,36097187,GCST007082,30595370,"[""OBA_0002313""]","[""strict""]",https://www.ebi.ac.uk/gwas/rest/api/v2/associations/36097187,"[""https://www.ebi.ac.uk/gwas/rest/api/v2/associations?efo_id=OBA_0002313&show_child_trait=false&size=500&page=0""]",ZC3H18
pigmentation,36097192,GCST007082,30595370,"[""OBA_0002313""]","[""strict""]",https://www.ebi.ac.uk/gwas/rest/api/v2/associations/36097192,"[""https://www.ebi.ac.uk/gwas/rest/api/v2/associations?efo_id=OBA_0002313&show_child_trait=false&size=500&page=0""]",HSALR1
pigmentation,36097192,GCST007082,30595370,"[""OBA_0002313""]","[""strict""]",https://www.ebi.ac.uk/gwas/rest/api/v2/associations/36097192,"[""https://www.ebi.ac.uk/gwas/rest/api/v2/associations?efo_id=OBA_0002313&show_child_trait=false&size=500&page=0""]",PIEZO1
pigmentation,36097197,GCST007082,30595370,"[""OBA_0002313""]","[""strict""]",https://www.ebi.ac.uk/gwas/rest/api/v2/associations/36097197,"[""https://www.ebi.ac.uk/gwas/rest/api/v2/associations?efo_id=OBA_0002313&show_child_trait=false&size=500&page=0""]",GALNS
pigmentation,36097202,GCST007082,30595370,"[""OBA_0002313""]","[""strict""]",https://www.ebi.ac.uk/gwas/rest/api/v2/associations/36097202,"[""https://www.ebi.ac.uk/gwas/rest/api/v2/associations?efo_id=OBA_0002313&show_child_trait=false&size=500&page=0""]",ACSF3
pigmentation,36097202,GCST007082,30595370,"[""OBA_0002313""]","[""strict""]",https://www.ebi.ac.uk/gwas/rest/api/v2/associations/36097202,"[""https://www.ebi.ac.uk/gwas/rest/api/v2/associations?efo_id=OBA_0002313&show_child_trait=false&size=500&page=0""]",CBFA2T3
pigmentation,36097207,GCST007082,30595370,"[""OBA_0002313""]","[""strict""]",https://www.ebi.ac.uk/gwas/rest/api/v2/associations/36097207,"[""https://www.ebi.ac.uk/gwas/rest/api/v2/associations?efo_id=OBA_0002313&show_child_trait=false&size=500&page=0""]",ACSF3
pigmentation,36097207,GCST007082,30595370,"[""OBA_0002313""]","[""strict""]",https://www.ebi.ac.uk/gwas/rest/api/v2/associations/36097207,"[""https://www.ebi.ac.uk/gwas/rest/api/v2/associations?efo_id=OBA_0002313&show_child_trait=false&size=500&page=0""]",CBFA2T3
pigmentation,36097212,GCST007082,30595370,"[""OBA_0002313""]","[""strict""]",https://www.ebi.ac.uk/gwas/rest/api/v2/associations/36097212,"[""https://www.ebi.ac.uk/gwas/rest/api/v2/associations?efo_id=OBA_0002313&show_child_trait=false&size=500&page=0""]",ANKRD11
pigmentation,36097212,GCST007082,30595370,"[""OBA_0002313""]","[""strict""]",https://www.ebi.ac.uk/gwas/rest/api/v2/associations/36097212,"[""https://www.ebi.ac.uk/gwas/rest/api/v2/associations?efo_id=OBA_0002313&show_child_trait=false&size=500&page=0""]",ZNF778
pigmentation,36097217,GCST007082,30595370,"[""OBA_0002313""]","[""strict""]",https://www.ebi.ac.uk/gwas/rest/api/v2/associations/36097217,"[""https://www.ebi.ac.uk/gwas/rest/api/v2/associations?efo_id=OBA_0002313&show_child_trait=false&size=500&page=0""]",ANKRD11
pigmentation,36097222,GCST007082,30595370,"[""OBA_0002313""]","[""strict""]",https://www.ebi.ac.uk/gwas/rest/api/v2/associations/36097222,"[""https://www.ebi.ac.uk/gwas/rest/api/v2/associations?efo_id=OBA_0002313&show_child_trait=false&size=500&page=0""]",ANKRD11
pigmentation,36097227,GCST007082,30595370,"[""OBA_0002313""]","[""strict""]",https://www.ebi.ac.uk/gwas/rest/api/v2/associations/36097227,"[""https://www.ebi.ac.uk/gwas/rest/api/v2/associations?efo_id=OBA_0002313&show_child_trait=false&size=500&page=0""]",DPEP1
pigmentation,36097232,GCST007082,30595370,"[""OBA_0002313""]","[""strict""]",https://www.ebi.ac.uk/gwas/rest/api/v2/associations/36097232,"[""https://www.ebi.ac.uk/gwas/rest/api/v2/associations?efo_id=OBA_0002313&show_child_trait=false&size=500&page=0""]",FANCA
pigmentation,36097237,GCST007082,30595370,"[""OBA_0002313""]","[""strict""]",https://www.ebi.ac.uk/gwas/rest/api/v2/associations/36097237,"[""https://www.ebi.ac.uk/gwas/rest/api/v2/associations?efo_id=OBA_0002313&show_child_trait=false&size=500&page=0""]",SPIRE2
pigmentation,36097242,GCST007082,30595370,"[""OBA_0002313""]","[""strict""]",https://www.ebi.ac.uk/gwas/rest/api/v2/associations/36097242,"[""https://www.ebi.ac.uk/gwas/rest/api/v2/associations?efo_id=OBA_0002313&show_child_trait=false&size=500&page=0""]",DEF8
pigmentation,36097242,GCST007082,30595370,"[""OBA_0002313""]","[""strict""]",https://www.ebi.ac.uk/gwas/rest/api/v2/associations/36097242,"[""https://www.ebi.ac.uk/gwas/rest/api/v2/associations?efo_id=OBA_0002313&show_child_trait=false&size=500&page=0""]",TUBB3
pigmentation,36097247,GCST007082,30595370,"[""OBA_0002313""]","[""strict""]",https://www.ebi.ac.uk/gwas/rest/api/v2/associations/36097247,"[""https://www.ebi.ac.uk/gwas/rest/api/v2/associations?efo_id=OBA_0002313&show_child_trait=false&size=500&page=0""]",PRDM7
pigmentation,36097252,GCST007082,30595370,"[""OBA_0002313""]","[""strict""]",https://www.ebi.ac.uk/gwas/rest/api/v2/associations/36097252,"[""https://www.ebi.ac.uk/gwas/rest/api/v2/associations?efo_id=OBA_0002313&show_child_trait=false&size=500&page=0""]",FLII
pigmentation,36097256,GCST007082,30595370,"[""OBA_0002313""]","[""strict""]",https://www.ebi.ac.uk/gwas/rest/api/v2/associations/36097256,"[""https://www.ebi.ac.uk/gwas/rest/api/v2/associations?efo_id=OBA_0002313&show_child_trait=false&size=500&page=0""]",MSL1
pigmentation,36097260,GCST007082,30595370,"[""OBA_0002313""]","[""strict""]",https://www.ebi.ac.uk/gwas/rest/api/v2/associations/36097260,"[""https://www.ebi.ac.uk/gwas/rest/api/v2/associations?efo_id=OBA_0002313&show_child_trait=false&size=500&page=0""]",KRT31
pigmentation,36097264,GCST007082,30595370,"[""OBA_0002313""]","[""strict""]",https://www.ebi.ac.uk/gwas/rest/api/v2/associations/36097264,"[""https://www.ebi.ac.uk/gwas/rest/api/v2/associations?efo_id=OBA_0002313&show_child_trait=false&size=500&page=0""]",ARL17A
pigmentation,36097264,GCST007082,30595370,"[""OBA_0002313""]","[""strict""]",https://www.ebi.ac.uk/gwas/rest/api/v2/associations/36097264,"[""https://www.ebi.ac.uk/gwas/rest/api/v2/associations?efo_id=OBA_0002313&show_child_trait=false&size=500&page=0""]",NSFP1
pigmentation,36097269,GCST007082,30595370,"[""OBA_0002313""]","[""strict""]",https://www.ebi.ac.uk/gwas/rest/api/v2/associations/36097269,"[""https://www.ebi.ac.uk/gwas/rest/api/v2/associations?efo_id=OBA_0002313&show_child_trait=false&size=500&page=0""]",MYL4
pigmentation,36097273,GCST007082,30595370,"[""OBA_0002313""]","[""strict""]",https://www.ebi.ac.uk/gwas/rest/api/v2/associations/36097273,"[""https://www.ebi.ac.uk/gwas/rest/api/v2/associations?efo_id=OBA_0002313&show_child_trait=false&size=500&page=0""]",SP2-AS1
pigmentation,36097273,GCST007082,30595370,"[""OBA_0002313""]","[""strict""]",https://www.ebi.ac.uk/gwas/rest/api/v2/associations/36097273,"[""https://www.ebi.ac.uk/gwas/rest/api/v2/associations?efo_id=OBA_0002313&show_child_trait=false&size=500&page=0""]",SP6
pigmentation,36097278,GCST007082,30595370,"[""OBA_0002313""]","[""strict""]",https://www.ebi.ac.uk/gwas/rest/api/v2/associations/36097278,"[""https://www.ebi.ac.uk/gwas/rest/api/v2/associations?efo_id=OBA_0002313&show_child_trait=false&size=500&page=0""]",SP2-AS1
pigmentation,36097283,GCST007082,30595370,"[""OBA_0002313""]","[""strict""]",https://www.ebi.ac.uk/gwas/rest/api/v2/associations/36097283,"[""https://www.ebi.ac.uk/gwas/rest/api/v2/associations?efo_id=OBA_0002313&show_child_trait=false&size=500&page=0""]",SKAP1
pigmentation,36097288,GCST007082,30595370,"[""OBA_0002313""]","[""strict""]",https://www.ebi.ac.uk/gwas/rest/api/v2/associations/36097288,"[""https://www.ebi.ac.uk/gwas/rest/api/v2/associations?efo_id=OBA_0002313&show_child_trait=false&size=500&page=0""]",SKAP1
pigmentation,36097292,GCST007082,30595370,"[""OBA_0002313""]","[""strict""]",https://www.ebi.ac.uk/gwas/rest/api/v2/associations/36097292,"[""https://www.ebi.ac.uk/gwas/rest/api/v2/associations?efo_id=OBA_0002313&show_child_trait=false&size=500&page=0""]",RNU6-1313P
pigmentation,36097292,GCST007082,30595370,"[""OBA_0002313""]","[""strict""]",https://www.ebi.ac.uk/gwas/rest/api/v2/associations/36097292,"[""https://www.ebi.ac.uk/gwas/rest/api/v2/associations?efo_id=OBA_0002313&show_child_trait=false&size=500&page=0""]",TAC4-AS1
pigmentation,36097296,GCST007082,30595370,"[""OBA_0002313""]","[""strict""]",https://www.ebi.ac.uk/gwas/rest/api/v2/associations/36097296,"[""https://www.ebi.ac.uk/gwas/rest/api/v2/associations?efo_id=OBA_0002313&show_child_trait=false&size=500&page=0""]",AKAP1
pigmentation,36097296,GCST007082,30595370,"[""OBA_0002313""]","[""strict""]",https://www.ebi.ac.uk/gwas/rest/api/v2/associations/36097296,"[""https://www.ebi.ac.uk/gwas/rest/api/v2/associations?efo_id=OBA_0002313&show_child_trait=false&size=500&page=0""]",MSI2
pigmentation,36097301,GCST007082,30595370,"[""OBA_0002313""]","[""strict""]",https://www.ebi.ac.uk/gwas/rest/api/v2/associations/36097301,"[""https://www.ebi.ac.uk/gwas/rest/api/v2/associations?efo_id=OBA_0002313&show_child_trait=false&size=500&page=0""]",AXIN2
pigmentation,36097306,GCST007082,30595370,"[""OBA_0002313""]","[""strict""]",https://www.ebi.ac.uk/gwas/rest/api/v2/associations/36097306,"[""https://www.ebi.ac.uk/gwas/rest/api/v2/associations?efo_id=OBA_0002313&show_child_trait=false&size=500&page=0""]",RNU6-938P
pigmentation,36097306,GCST007082,30595370,"[""OBA_0002313""]","[""strict""]",https://www.ebi.ac.uk/gwas/rest/api/v2/associations/36097306,"[""https://www.ebi.ac.uk/gwas/rest/api/v2/associations?efo_id=OBA_0002313&show_child_trait=false&size=500&page=0""]",Y_RNA
pigmentation,36097310,GCST007082,30595370,"[""OBA_0002313""]","[""strict""]",https://www.ebi.ac.uk/gwas/rest/api/v2/associations/36097310,"[""https://www.ebi.ac.uk/gwas/rest/api/v2/associations?efo_id=OBA_0002313&show_child_trait=false&size=500&page=0""]",UNC13D
pigmentation,36097315,GCST007082,30595370,"[""OBA_0002313""]","[""strict""]",https://www.ebi.ac.uk/gwas/rest/api/v2/associations/36097315,"[""https://www.ebi.ac.uk/gwas/rest/api/v2/associations?efo_id=OBA_0002313&show_child_trait=false&size=500&page=0""]",LINC03048
pigmentation,36097315,GCST007082,30595370,"[""OBA_0002313""]","[""strict""]",https://www.ebi.ac.uk/gwas/rest/api/v2/associations/36097315,"[""https://www.ebi.ac.uk/gwas/rest/api/v2/associations?efo_id=OBA_0002313&show_child_trait=false&size=500&page=0""]",RENO1
pigmentation,36097320,GCST007082,30595370,"[""OBA_0002313""]","[""strict""]",https://www.ebi.ac.uk/gwas/rest/api/v2/associations/36097320,"[""https://www.ebi.ac.uk/gwas/rest/api/v2/associations?efo_id=OBA_0002313&show_child_trait=false&size=500&page=0""]",ACTG1
pigmentation,36097324,GCST007082,30595370,"[""OBA_0002313""]","[""strict""]",https://www.ebi.ac.uk/gwas/rest/api/v2/associations/36097324,"[""https://www.ebi.ac.uk/gwas/rest/api/v2/associations?efo_id=OBA_0002313&show_child_trait=false&size=500&page=0""]",NPLOC4
pigmentation,36097324,GCST007082,30595370,"[""OBA_0002313""]","[""strict""]",https://www.ebi.ac.uk/gwas/rest/api/v2/associations/36097324,"[""https://www.ebi.ac.uk/gwas/rest/api/v2/associations?efo_id=OBA_0002313&show_child_trait=false&size=500&page=0""]",TSPAN10
pigmentation,36097329,GCST007082,30595370,"[""OBA_0002313""]","[""strict""]",https://www.ebi.ac.uk/gwas/rest/api/v2/associations/36097329,"[""https://www.ebi.ac.uk/gwas/rest/api/v2/associations?efo_id=OBA_0002313&show_child_trait=false&size=500&page=0""]",MYADML2
pigmentation,36097334,GCST007082,30595370,"[""OBA_0002313""]","[""strict""]",https://www.ebi.ac.uk/gwas/rest/api/v2/associations/36097334,"[""https://www.ebi.ac.uk/gwas/rest/api/v2/associations?efo_id=OBA_0002313&show_child_trait=false&size=500&page=0""]",TBCD
pigmentation,36097334,GCST007082,30595370,"[""OBA_0002313""]","[""strict""]",https://www.ebi.ac.uk/gwas/rest/api/v2/associations/36097334,"[""https://www.ebi.ac.uk/gwas/rest/api/v2/associations?efo_id=OBA_0002313&show_child_trait=false&size=500&page=0""]",ZNF750
pigmentation,36097339,GCST007082,30595370,"[""OBA_0002313""]","[""strict""]",https://www.ebi.ac.uk/gwas/rest/api/v2/associations/36097339,"[""https://www.ebi.ac.uk/gwas/rest/api/v2/associations?efo_id=OBA_0002313&show_child_trait=false&size=500&page=0""]",EPG5
pigmentation,36097344,GCST007082,30595370,"[""OBA_0002313""]","[""strict""]",https://www.ebi.ac.uk/gwas/rest/api/v2/associations/36097344,"[""https://www.ebi.ac.uk/gwas/rest/api/v2/associations?efo_id=OBA_0002313&show_child_trait=false&size=500&page=0""]",CTDP1-DT
pigmentation,36097344,GCST007082,30595370,"[""OBA_0002313""]","[""strict""]",https://www.ebi.ac.uk/gwas/rest/api/v2/associations/36097344,"[""https://www.ebi.ac.uk/gwas/rest/api/v2/associations?efo_id=OBA_0002313&show_child_trait=false&size=500&page=0""]",LINC03101
pigmentation,36097349,GCST007082,30595370,"[""OBA_0002313""]","[""strict""]",https://www.ebi.ac.uk/gwas/rest/api/v2/associations/36097349,"[""https://www.ebi.ac.uk/gwas/rest/api/v2/associations?efo_id=OBA_0002313&show_child_trait=false&size=500&page=0""]",CREB3L3
pigmentation,36097349,GCST007082,30595370,"[""OBA_0002313""]","[""strict""]",https://www.ebi.ac.uk/gwas/rest/api/v2/associations/36097349,"[""https://www.ebi.ac.uk/gwas/rest/api/v2/associations?efo_id=OBA_0002313&show_child_trait=false&size=500&page=0""]",Metazoa_SRP
pigmentation,36097354,GCST007082,30595370,"[""OBA_0002313""]","[""strict""]",https://www.ebi.ac.uk/gwas/rest/api/v2/associations/36097354,"[""https://www.ebi.ac.uk/gwas/rest/api/v2/associations?efo_id=OBA_0002313&show_child_trait=false&size=500&page=0""]",ZNF358
pigmentation,36097358,GCST007082,30595370,"[""OBA_0002313""]","[""strict""]",https://www.ebi.ac.uk/gwas/rest/api/v2/associations/36097358,"[""https://www.ebi.ac.uk/gwas/rest/api/v2/associations?efo_id=OBA_0002313&show_child_trait=false&size=500&page=0""]",ILF3
pigmentation,36097363,GCST007082,30595370,"[""OBA_0002313""]","[""strict""]",https://www.ebi.ac.uk/gwas/rest/api/v2/associations/36097363,"[""https://www.ebi.ac.uk/gwas/rest/api/v2/associations?efo_id=OBA_0002313&show_child_trait=false&size=500&page=0""]",ELL
pigmentation,36097368,GCST007082,30595370,"[""OBA_0002313""]","[""strict""]",https://www.ebi.ac.uk/gwas/rest/api/v2/associations/36097368,"[""https://www.ebi.ac.uk/gwas/rest/api/v2/associations?efo_id=OBA_0002313&show_child_trait=false&size=500&page=0""]",ANKRD27
pigmentation,36097373,GCST007082,30595370,"[""OBA_0002313""]","[""strict""]",https://www.ebi.ac.uk/gwas/rest/api/v2/associations/36097373,"[""https://www.ebi.ac.uk/gwas/rest/api/v2/associations?efo_id=OBA_0002313&show_child_trait=false&size=500&page=0""]",AXL
pigmentation,36097378,GCST007082,30595370,"[""OBA_0002313""]","[""strict""]",https://www.ebi.ac.uk/gwas/rest/api/v2/associations/36097378,"[""https://www.ebi.ac.uk/gwas/rest/api/v2/associations?efo_id=OBA_0002313&show_child_trait=false&size=500&page=0""]",ZNF611
pigmentation,36097378,GCST007082,30595370,"[""OBA_0002313""]","[""strict""]",https://www.ebi.ac.uk/gwas/rest/api/v2/associations/36097378,"[""https://www.ebi.ac.uk/gwas/rest/api/v2/associations?efo_id=OBA_0002313&show_child_trait=false&size=500&page=0""]",ZNF83
pigmentation,36097383,GCST007082,30595370,"[""OBA_0002313""]","[""strict""]",https://www.ebi.ac.uk/gwas/rest/api/v2/associations/36097383,"[""https://www.ebi.ac.uk/gwas/rest/api/v2/associations?efo_id=OBA_0002313&show_child_trait=false&size=500&page=0""]",LINC01427
pigmentation,36097383,GCST007082,30595370,"[""OBA_0002313""]","[""strict""]",https://www.ebi.ac.uk/gwas/rest/api/v2/associations/36097383,"[""https://www.ebi.ac.uk/gwas/rest/api/v2/associations?efo_id=OBA_0002313&show_child_trait=false&size=500&page=0""]",LINC01432
pigmentation,36097388,GCST007082,30595370,"[""OBA_0002313""]","[""strict""]",https://www.ebi.ac.uk/gwas/rest/api/v2/associations/36097388,"[""https://www.ebi.ac.uk/gwas/rest/api/v2/associations?efo_id=OBA_0002313&show_child_trait=false&size=500&page=0""]",NINL
pigmentation,36097388,GCST007082,30595370,"[""OBA_0002313""]","[""strict""]",https://www.ebi.ac.uk/gwas/rest/api/v2/associations/36097388,"[""https://www.ebi.ac.uk/gwas/rest/api/v2/associations?efo_id=OBA_0002313&show_child_trait=false&size=500&page=0""]",RNU6ATAC17P
pigmentation,36097393,GCST007082,30595370,"[""OBA_0002313""]","[""strict""]",https://www.ebi.ac.uk/gwas/rest/api/v2/associations/36097393,"[""https://www.ebi.ac.uk/gwas/rest/api/v2/associations?efo_id=OBA_0002313&show_child_trait=false&size=500&page=0""]",ASXL1
pigmentation,36097398,GCST007082,30595370,"[""OBA_0002313""]","[""strict""]",https://www.ebi.ac.uk/gwas/rest/api/v2/associations/36097398,"[""https://www.ebi.ac.uk/gwas/rest/api/v2/associations?efo_id=OBA_0002313&show_child_trait=false&size=500&page=0""]",MAPRE1
pigmentation,36097403,GCST007082,30595370,"[""OBA_0002313""]","[""strict""]",https://www.ebi.ac.uk/gwas/rest/api/v2/associations/36097403,"[""https://www.ebi.ac.uk/gwas/rest/api/v2/associations?efo_id=OBA_0002313&show_child_trait=false&size=500&page=0""]",BPIFB2
pigmentation,36097403,GCST007082,30595370,"[""OBA_0002313""]","[""strict""]",https://www.ebi.ac.uk/gwas/rest/api/v2/associations/36097403,"[""https://www.ebi.ac.uk/gwas/rest/api/v2/associations?efo_id=OBA_0002313&show_child_trait=false&size=500&page=0""]",BPIFB6
pigmentation,36097407,GCST007082,30595370,"[""OBA_0002313""]","[""strict""]",https://www.ebi.ac.uk/gwas/rest/api/v2/associations/36097407,"[""https://www.ebi.ac.uk/gwas/rest/api/v2/associations?efo_id=OBA_0002313&show_child_trait=false&size=500&page=0""]",BPIFA2
pigmentation,36097412,GCST007082,30595370,"[""OBA_0002313""]","[""strict""]",https://www.ebi.ac.uk/gwas/rest/api/v2/associations/36097412,"[""https://www.ebi.ac.uk/gwas/rest/api/v2/associations?efo_id=OBA_0002313&show_child_trait=false&size=500&page=0""]",BPIFB5P
pigmentation,36097412,GCST007082,30595370,"[""OBA_0002313""]","[""strict""]",https://www.ebi.ac.uk/gwas/rest/api/v2/associations/36097412,"[""https://www.ebi.ac.uk/gwas/rest/api/v2/associations?efo_id=OBA_0002313&show_child_trait=false&size=500&page=0""]",BPIFB9P
pigmentation,36097417,GCST007082,30595370,"[""OBA_0002313""]","[""strict""]",https://www.ebi.ac.uk/gwas/rest/api/v2/associations/36097417,"[""https://www.ebi.ac.uk/gwas/rest/api/v2/associations?efo_id=OBA_0002313&show_child_trait=false&size=500&page=0""]",CHMP4B
pigmentation,36097417,GCST007082,30595370,"[""OBA_0002313""]","[""strict""]",https://www.ebi.ac.uk/gwas/rest/api/v2/associations/36097417,"[""https://www.ebi.ac.uk/gwas/rest/api/v2/associations?efo_id=OBA_0002313&show_child_trait=false&size=500&page=0""]",TPM3P2
pigmentation,36097422,GCST007082,30595370,"[""OBA_0002313""]","[""strict""]",https://www.ebi.ac.uk/gwas/rest/api/v2/associations/36097422,"[""https://www.ebi.ac.uk/gwas/rest/api/v2/associations?efo_id=OBA_0002313&show_child_trait=false&size=500&page=0""]",ASIP
pigmentation,36097422,GCST007082,30595370,"[""OBA_0002313""]","[""strict""]",https://www.ebi.ac.uk/gwas/rest/api/v2/associations/36097422,"[""https://www.ebi.ac.uk/gwas/rest/api/v2/associations?efo_id=OBA_0002313&show_child_trait=false&size=500&page=0""]",RPS2P1
pigmentation,36097427,GCST007082,30595370,"[""OBA_0002313""]","[""strict""]",https://www.ebi.ac.uk/gwas/rest/api/v2/associations/36097427,"[""https://www.ebi.ac.uk/gwas/rest/api/v2/associations?efo_id=OBA_0002313&show_child_trait=false&size=500&page=0""]",GSS
pigmentation,36097432,GCST007082,30595370,"[""OBA_0002313""]","[""strict""]",https://www.ebi.ac.uk/gwas/rest/api/v2/associations/36097432,"[""https://www.ebi.ac.uk/gwas/rest/api/v2/associations?efo_id=OBA_0002313&show_child_trait=false&size=500&page=0""]",MYH7B
pigmentation,36097432,GCST007082,30595370,"[""OBA_0002313""]","[""strict""]",https://www.ebi.ac.uk/gwas/rest/api/v2/associations/36097432,"[""https://www.ebi.ac.uk/gwas/rest/api/v2/associations?efo_id=OBA_0002313&show_child_trait=false&size=500&page=0""]",TRPC4AP
pigmentation,36097436,GCST007082,30595370,"[""OBA_0002313""]","[""strict""]",https://www.ebi.ac.uk/gwas/rest/api/v2/associations/36097436,"[""https://www.ebi.ac.uk/gwas/rest/api/v2/associations?efo_id=OBA_0002313&show_child_trait=false&size=500&page=0""]",PROCR
pigmentation,36097441,GCST007082,30595370,"[""OBA_0002313""]","[""strict""]",https://www.ebi.ac.uk/gwas/rest/api/v2/associations/36097441,"[""https://www.ebi.ac.uk/gwas/rest/api/v2/associations?efo_id=OBA_0002313&show_child_trait=false&size=500&page=0""]",EPB41L1
pigmentation,36097446,GCST007082,30595370,"[""OBA_0002313""]","[""strict""]",https://www.ebi.ac.uk/gwas/rest/api/v2/associations/36097446,"[""https://www.ebi.ac.uk/gwas/rest/api/v2/associations?efo_id=OBA_0002313&show_child_trait=false&size=500&page=0""]",DLGAP4
pigmentation,36097451,GCST007082,30595370,"[""OBA_0002313""]","[""strict""]",https://www.ebi.ac.uk/gwas/rest/api/v2/associations/36097451,"[""https://www.ebi.ac.uk/gwas/rest/api/v2/associations?efo_id=OBA_0002313&show_child_trait=false&size=500&page=0""]",SLA2
pigmentation,36097456,GCST007082,30595370,"[""OBA_0002313""]","[""strict""]",https://www.ebi.ac.uk/gwas/rest/api/v2/associations/36097456,"[""https://www.ebi.ac.uk/gwas/rest/api/v2/associations?efo_id=OBA_0002313&show_child_trait=false&size=500&page=0""]",SAMHD1
pigmentation,36097461,GCST007082,30595370,"[""OBA_0002313""]","[""strict""]",https://www.ebi.ac.uk/gwas/rest/api/v2/associations/36097461,"[""https://www.ebi.ac.uk/gwas/rest/api/v2/associations?efo_id=OBA_0002313&show_child_trait=false&size=500&page=0""]",RPL7AP14
pigmentation,36097461,GCST007082,30595370,"[""OBA_0002313""]","[""strict""]",https://www.ebi.ac.uk/gwas/rest/api/v2/associations/36097461,"[""https://www.ebi.ac.uk/gwas/rest/api/v2/associations?efo_id=OBA_0002313&show_child_trait=false&size=500&page=0""]",SRC
pigmentation,36097466,GCST007082,30595370,"[""OBA_0002313""]","[""strict""]",https://www.ebi.ac.uk/gwas/rest/api/v2/associations/36097466,"[""https://www.ebi.ac.uk/gwas/rest/api/v2/associations?efo_id=OBA_0002313&show_child_trait=false&size=500&page=0""]",CTNNBL1
pigmentation,36097466,GCST007082,30595370,"[""OBA_0002313""]","[""strict""]",https://www.ebi.ac.uk/gwas/rest/api/v2/associations/36097466,"[""https://www.ebi.ac.uk/gwas/rest/api/v2/associations?efo_id=OBA_0002313&show_child_trait=false&size=500&page=0""]",LINC00489
pigmentation,36097471,GCST007082,30595370,"[""OBA_0002313""]","[""strict""]",https://www.ebi.ac.uk/gwas/rest/api/v2/associations/36097471,"[""https://www.ebi.ac.uk/gwas/rest/api/v2/associations?efo_id=OBA_0002313&show_child_trait=false&size=500&page=0""]",LBP
pigmentation,36097476,GCST007082,30595370,"[""OBA_0002313""]","[""strict""]",https://www.ebi.ac.uk/gwas/rest/api/v2/associations/36097476,"[""https://www.ebi.ac.uk/gwas/rest/api/v2/associations?efo_id=OBA_0002313&show_child_trait=false&size=500&page=0""]",HSPE1P1
pigmentation,36097476,GCST007082,30595370,"[""OBA_0002313""]","[""strict""]",https://www.ebi.ac.uk/gwas/rest/api/v2/associations/36097476,"[""https://www.ebi.ac.uk/gwas/rest/api/v2/associations?efo_id=OBA_0002313&show_child_trait=false&size=500&page=0""]",RN7SL680P
pigmentation,36097481,GCST007082,30595370,"[""OBA_0002313""]","[""strict""]",https://www.ebi.ac.uk/gwas/rest/api/v2/associations/36097481,"[""https://www.ebi.ac.uk/gwas/rest/api/v2/associations?efo_id=OBA_0002313&show_child_trait=false&size=500&page=0""]",LINC01370
pigmentation,36097481,GCST007082,30595370,"[""OBA_0002313""]","[""strict""]",https://www.ebi.ac.uk/gwas/rest/api/v2/associations/36097481,"[""https://www.ebi.ac.uk/gwas/rest/api/v2/associations?efo_id=OBA_0002313&show_child_trait=false&size=500&page=0""]",MAFB
pigmentation,36097486,GCST007082,30595370,"[""OBA_0002313""]","[""strict""]",https://www.ebi.ac.uk/gwas/rest/api/v2/associations/36097486,"[""https://www.ebi.ac.uk/gwas/rest/api/v2/associations?efo_id=OBA_0002313&show_child_trait=false&size=500&page=0""]",PELATON
pigmentation,36097491,GCST007082,30595370,"[""OBA_0002313""]","[""strict""]",https://www.ebi.ac.uk/gwas/rest/api/v2/associations/36097491,"[""https://www.ebi.ac.uk/gwas/rest/api/v2/associations?efo_id=OBA_0002313&show_child_trait=false&size=500&page=0""]",BCAS1
pigmentation,36097496,GCST007082,30595370,"[""OBA_0002313""]","[""strict""]",https://www.ebi.ac.uk/gwas/rest/api/v2/associations/36097496,"[""https://www.ebi.ac.uk/gwas/rest/api/v2/associations?efo_id=OBA_0002313&show_child_trait=false&size=500&page=0""]",BMP7
pigmentation,36097496,GCST007082,30595370,"[""OBA_0002313""]","[""strict""]",https://www.ebi.ac.uk/gwas/rest/api/v2/associations/36097496,"[""https://www.ebi.ac.uk/gwas/rest/api/v2/associations?efo_id=OBA_0002313&show_child_trait=false&size=500&page=0""]",RNU6-929P
pigmentation,36097501,GCST007082,30595370,"[""OBA_0002313""]","[""strict""]",https://www.ebi.ac.uk/gwas/rest/api/v2/associations/36097501,"[""https://www.ebi.ac.uk/gwas/rest/api/v2/associations?efo_id=OBA_0002313&show_child_trait=false&size=500&page=0""]",EDN3
pigmentation,36097501,GCST007082,30595370,"[""OBA_0002313""]","[""strict""]",https://www.ebi.ac.uk/gwas/rest/api/v2/associations/36097501,"[""https://www.ebi.ac.uk/gwas/rest/api/v2/associations?efo_id=OBA_0002313&show_child_trait=false&size=500&page=0""]",ZNF831
pigmentation,36097506,GCST007082,30595370,"[""OBA_0002313""]","[""strict""]",https://www.ebi.ac.uk/gwas/rest/api/v2/associations/36097506,"[""https://www.ebi.ac.uk/gwas/rest/api/v2/associations?efo_id=OBA_0002313&show_child_trait=false&size=500&page=0""]",LINC00158
pigmentation,36097506,GCST007082,30595370,"[""OBA_0002313""]","[""strict""]",https://www.ebi.ac.uk/gwas/rest/api/v2/associations/36097506,"[""https://www.ebi.ac.uk/gwas/rest/api/v2/associations?efo_id=OBA_0002313&show_child_trait=false&size=500&page=0""]",MIR155HG
pigmentation,36097511,GCST007082,30595370,"[""OBA_0002313""]","[""strict""]",https://www.ebi.ac.uk/gwas/rest/api/v2/associations/36097511,"[""https://www.ebi.ac.uk/gwas/rest/api/v2/associations?efo_id=OBA_0002313&show_child_trait=false&size=500&page=0""]",ADAMTS1
pigmentation,36097511,GCST007082,30595370,"[""OBA_0002313""]","[""strict""]",https://www.ebi.ac.uk/gwas/rest/api/v2/associations/36097511,"[""https://www.ebi.ac.uk/gwas/rest/api/v2/associations?efo_id=OBA_0002313&show_child_trait=false&size=500&page=0""]",CYYR1
pigmentation,36097515,GCST007082,30595370,"[""OBA_0002313""]","[""strict""]",https://www.ebi.ac.uk/gwas/rest/api/v2/associations/36097515,"[""https://www.ebi.ac.uk/gwas/rest/api/v2/associations?efo_id=OBA_0002313&show_child_trait=false&size=500&page=0""]",LINC01679
pigmentation,36097515,GCST007082,30595370,"[""OBA_0002313""]","[""strict""]",https://www.ebi.ac.uk/gwas/rest/api/v2/associations/36097515,"[""https://www.ebi.ac.uk/gwas/rest/api/v2/associations?efo_id=OBA_0002313&show_child_trait=false&size=500&page=0""]",SIK1
pigmentation,36097520,GCST007082,30595370,"[""OBA_0002313""]","[""strict""]",https://www.ebi.ac.uk/gwas/rest/api/v2/associations/36097520,"[""https://www.ebi.ac.uk/gwas/rest/api/v2/associations?efo_id=OBA_0002313&show_child_trait=false&size=500&page=0""]",TSPEAR
pigmentation,36097520,GCST007082,30595370,"[""OBA_0002313""]","[""strict""]",https://www.ebi.ac.uk/gwas/rest/api/v2/associations/36097520,"[""https://www.ebi.ac.uk/gwas/rest/api/v2/associations?efo_id=OBA_0002313&show_child_trait=false&size=500&page=0""]",UBE2G2
pigmentation,36097525,GCST007082,30595370,"[""OBA_0002313""]","[""strict""]",https://www.ebi.ac.uk/gwas/rest/api/v2/associations/36097525,"[""https://www.ebi.ac.uk/gwas/rest/api/v2/associations?efo_id=OBA_0002313&show_child_trait=false&size=500&page=0""]",COMT
pigmentation,36097530,GCST007082,30595370,"[""OBA_0002313""]","[""strict""]",https://www.ebi.ac.uk/gwas/rest/api/v2/associations/36097530,"[""https://www.ebi.ac.uk/gwas/rest/api/v2/associations?efo_id=OBA_0002313&show_child_trait=false&size=500&page=0""]",KREMEN1
pigmentation,36097535,GCST007082,30595370,"[""OBA_0002313""]","[""strict""]",https://www.ebi.ac.uk/gwas/rest/api/v2/associations/36097535,"[""https://www.ebi.ac.uk/gwas/rest/api/v2/associations?efo_id=OBA_0002313&show_child_trait=false&size=500&page=0""]",TOM1
pigmentation,36097540,GCST007082,30595370,"[""OBA_0002313""]","[""strict""]",https://www.ebi.ac.uk/gwas/rest/api/v2/associations/36097540,"[""https://www.ebi.ac.uk/gwas/rest/api/v2/associations?efo_id=OBA_0002313&show_child_trait=false&size=500&page=0""]",PDGFB
pigmentation,36097540,GCST007082,30595370,"[""OBA_0002313""]","[""strict""]",https://www.ebi.ac.uk/gwas/rest/api/v2/associations/36097540,"[""https://www.ebi.ac.uk/gwas/rest/api/v2/associations?efo_id=OBA_0002313&show_child_trait=false&size=500&page=0""]",RPL3
pigmentation,36097545,GCST007082,30595370,"[""OBA_0002313""]","[""strict""]",https://www.ebi.ac.uk/gwas/rest/api/v2/associations/36097545,"[""https://www.ebi.ac.uk/gwas/rest/api/v2/associations?efo_id=OBA_0002313&show_child_trait=false&size=500&page=0""]",RBX1
pigmentation,36097545,GCST007082,30595370,"[""OBA_0002313""]","[""strict""]",https://www.ebi.ac.uk/gwas/rest/api/v2/associations/36097545,"[""https://www.ebi.ac.uk/gwas/rest/api/v2/associations?efo_id=OBA_0002313&show_child_trait=false&size=500&page=0""]",Y_RNA
pigmentation,36097550,GCST007082,30595370,"[""OBA_0002313""]","[""strict""]",https://www.ebi.ac.uk/gwas/rest/api/v2/associations/36097550,"[""https://www.ebi.ac.uk/gwas/rest/api/v2/associations?efo_id=OBA_0002313&show_child_trait=false&size=500&page=0""]",KIAA0930
pigmentation,36097554,GCST007082,30595370,"[""OBA_0002313""]","[""strict""]",https://www.ebi.ac.uk/gwas/rest/api/v2/associations/36097554,"[""https://www.ebi.ac.uk/gwas/rest/api/v2/associations?efo_id=OBA_0002313&show_child_trait=false&size=500&page=0""]",PLXNB2
pigmentation,36099099,GCST007086,30595370,"[""MONDO_0005326""]","[""broad""]",https://www.ebi.ac.uk/gwas/rest/api/v2/associations/36099099,"[""https://www.ebi.ac.uk/gwas/rest/api/v2/associations?efo_id=MONDO_0005326&show_child_trait=false&size=500&page=0""]",PDE4B
pigmentation,36099099,GCST007086,30595370,"[""MONDO_0005326""]","[""broad""]",https://www.ebi.ac.uk/gwas/rest/api/v2/associations/36099099,"[""https://www.ebi.ac.uk/gwas/rest/api/v2/associations?efo_id=MONDO_0005326&show_child_trait=false&size=500&page=0""]",SGIP1
pigmentation,36099104,GCST007086,30595370,"[""MONDO_0005326""]","[""broad""]",https://www.ebi.ac.uk/gwas/rest/api/v2/associations/36099104,"[""https://www.ebi.ac.uk/gwas/rest/api/v2/associations?efo_id=MONDO_0005326&show_child_trait=false&size=500&page=0""]",LINC01360
pigmentation,36099104,GCST007086,30595370,"[""MONDO_0005326""]","[""broad""]",https://www.ebi.ac.uk/gwas/rest/api/v2/associations/36099104,"[""https://www.ebi.ac.uk/gwas/rest/api/v2/associations?efo_id=MONDO_0005326&show_child_trait=false&size=500&page=0""]",RN7SKP19
pigmentation,36099109,GCST007086,30595370,"[""MONDO_0005326""]","[""broad""]",https://www.ebi.ac.uk/gwas/rest/api/v2/associations/36099109,"[""https://www.ebi.ac.uk/gwas/rest/api/v2/associations?efo_id=MONDO_0005326&show_child_trait=false&size=500&page=0""]",SLC6A17
pigmentation,36099114,GCST007086,30595370,"[""MONDO_0005326""]","[""broad""]",https://www.ebi.ac.uk/gwas/rest/api/v2/associations/36099114,"[""https://www.ebi.ac.uk/gwas/rest/api/v2/associations?efo_id=MONDO_0005326&show_child_trait=false&size=500&page=0""]",ADAM30
pigmentation,36099114,GCST007086,30595370,"[""MONDO_0005326""]","[""broad""]",https://www.ebi.ac.uk/gwas/rest/api/v2/associations/36099114,"[""https://www.ebi.ac.uk/gwas/rest/api/v2/associations?efo_id=MONDO_0005326&show_child_trait=false&size=500&page=0""]",NOTCH2
pigmentation,36099118,GCST007086,30595370,"[""MONDO_0005326""]","[""broad""]",https://www.ebi.ac.uk/gwas/rest/api/v2/associations/36099118,"[""https://www.ebi.ac.uk/gwas/rest/api/v2/associations?efo_id=MONDO_0005326&show_child_trait=false&size=500&page=0""]",CCDST
pigmentation,36099118,GCST007086,30595370,"[""MONDO_0005326""]","[""broad""]",https://www.ebi.ac.uk/gwas/rest/api/v2/associations/36099118,"[""https://www.ebi.ac.uk/gwas/rest/api/v2/associations?efo_id=MONDO_0005326&show_child_trait=false&size=500&page=0""]",FLG
pigmentation,36099123,GCST007086,30595370,"[""MONDO_0005326""]","[""broad""]",https://www.ebi.ac.uk/gwas/rest/api/v2/associations/36099123,"[""https://www.ebi.ac.uk/gwas/rest/api/v2/associations?efo_id=MONDO_0005326&show_child_trait=false&size=500&page=0""]",ADAR
pigmentation,36099123,GCST007086,30595370,"[""MONDO_0005326""]","[""broad""]",https://www.ebi.ac.uk/gwas/rest/api/v2/associations/36099123,"[""https://www.ebi.ac.uk/gwas/rest/api/v2/associations?efo_id=MONDO_0005326&show_child_trait=false&size=500&page=0""]",KCNN3
pigmentation,36099127,GCST007086,30595370,"[""MONDO_0005326""]","[""broad""]",https://www.ebi.ac.uk/gwas/rest/api/v2/associations/36099127,"[""https://www.ebi.ac.uk/gwas/rest/api/v2/associations?efo_id=MONDO_0005326&show_child_trait=false&size=500&page=0""]",CYP1B1
pigmentation,36099131,GCST007086,30595370,"[""MONDO_0005326""]","[""broad""]",https://www.ebi.ac.uk/gwas/rest/api/v2/associations/36099131,"[""https://www.ebi.ac.uk/gwas/rest/api/v2/associations?efo_id=MONDO_0005326&show_child_trait=false&size=500&page=0""]",PRKCE
pigmentation,36099136,GCST007086,30595370,"[""MONDO_0005326""]","[""broad""]",https://www.ebi.ac.uk/gwas/rest/api/v2/associations/36099136,"[""https://www.ebi.ac.uk/gwas/rest/api/v2/associations?efo_id=MONDO_0005326&show_child_trait=false&size=500&page=0""]",WDPCP
pigmentation,36099141,GCST007086,30595370,"[""MONDO_0005326""]","[""broad""]",https://www.ebi.ac.uk/gwas/rest/api/v2/associations/36099141,"[""https://www.ebi.ac.uk/gwas/rest/api/v2/associations?efo_id=MONDO_0005326&show_child_trait=false&size=500&page=0""]",PSMD14-DT
pigmentation,36099146,GCST007086,30595370,"[""MONDO_0005326""]","[""broad""]",https://www.ebi.ac.uk/gwas/rest/api/v2/associations/36099146,"[""https://www.ebi.ac.uk/gwas/rest/api/v2/associations?efo_id=MONDO_0005326&show_child_trait=false&size=500&page=0""]",SEMA3F-AS1
pigmentation,36099151,GCST007086,30595370,"[""MONDO_0005326""]","[""broad""]",https://www.ebi.ac.uk/gwas/rest/api/v2/associations/36099151,"[""https://www.ebi.ac.uk/gwas/rest/api/v2/associations?efo_id=MONDO_0005326&show_child_trait=false&size=500&page=0""]",CADM2
pigmentation,36099156,GCST007086,30595370,"[""MONDO_0005326""]","[""broad""]",https://www.ebi.ac.uk/gwas/rest/api/v2/associations/36099156,"[""https://www.ebi.ac.uk/gwas/rest/api/v2/associations?efo_id=MONDO_0005326&show_child_trait=false&size=500&page=0""]",FAIM
pigmentation,36099156,GCST007086,30595370,"[""MONDO_0005326""]","[""broad""]",https://www.ebi.ac.uk/gwas/rest/api/v2/associations/36099156,"[""https://www.ebi.ac.uk/gwas/rest/api/v2/associations?efo_id=MONDO_0005326&show_child_trait=false&size=500&page=0""]",PPIAP72
pigmentation,36099161,GCST007086,30595370,"[""MONDO_0005326""]","[""broad""]",https://www.ebi.ac.uk/gwas/rest/api/v2/associations/36099161,"[""https://www.ebi.ac.uk/gwas/rest/api/v2/associations?efo_id=MONDO_0005326&show_child_trait=false&size=500&page=0""]",TIPARP-AS1
pigmentation,36099166,GCST007086,30595370,"[""MONDO_0005326""]","[""broad""]",https://www.ebi.ac.uk/gwas/rest/api/v2/associations/36099166,"[""https://www.ebi.ac.uk/gwas/rest/api/v2/associations?efo_id=MONDO_0005326&show_child_trait=false&size=500&page=0""]",TP63
pigmentation,36099166,GCST007086,30595370,"[""MONDO_0005326""]","[""broad""]",https://www.ebi.ac.uk/gwas/rest/api/v2/associations/36099166,"[""https://www.ebi.ac.uk/gwas/rest/api/v2/associations?efo_id=MONDO_0005326&show_child_trait=false&size=500&page=0""]",TPRG1
pigmentation,36099171,GCST007086,30595370,"[""MONDO_0005326""]","[""broad""]",https://www.ebi.ac.uk/gwas/rest/api/v2/associations/36099171,"[""https://www.ebi.ac.uk/gwas/rest/api/v2/associations?efo_id=MONDO_0005326&show_child_trait=false&size=500&page=0""]",UVSSA
pigmentation,36099176,GCST007086,30595370,"[""MONDO_0005326""]","[""broad""]",https://www.ebi.ac.uk/gwas/rest/api/v2/associations/36099176,"[""https://www.ebi.ac.uk/gwas/rest/api/v2/associations?efo_id=MONDO_0005326&show_child_trait=false&size=500&page=0""]",FAM13A
pigmentation,36099180,GCST007086,30595370,"[""MONDO_0005326""]","[""broad""]",https://www.ebi.ac.uk/gwas/rest/api/v2/associations/36099180,"[""https://www.ebi.ac.uk/gwas/rest/api/v2/associations?efo_id=MONDO_0005326&show_child_trait=false&size=500&page=0""]",SLC45A2
pigmentation,36099185,GCST007086,30595370,"[""MONDO_0005326""]","[""broad""]",https://www.ebi.ac.uk/gwas/rest/api/v2/associations/36099185,"[""https://www.ebi.ac.uk/gwas/rest/api/v2/associations?efo_id=MONDO_0005326&show_child_trait=false&size=500&page=0""]",PDE4D
pigmentation,36099189,GCST007086,30595370,"[""MONDO_0005326""]","[""broad""]",https://www.ebi.ac.uk/gwas/rest/api/v2/associations/36099189,"[""https://www.ebi.ac.uk/gwas/rest/api/v2/associations?efo_id=MONDO_0005326&show_child_trait=false&size=500&page=0""]",MIR9-2HG
pigmentation,36099194,GCST007086,30595370,"[""MONDO_0005326""]","[""broad""]",https://www.ebi.ac.uk/gwas/rest/api/v2/associations/36099194,"[""https://www.ebi.ac.uk/gwas/rest/api/v2/associations?efo_id=MONDO_0005326&show_child_trait=false&size=500&page=0""]",PPARGC1B
pigmentation,36099199,GCST007086,30595370,"[""MONDO_0005326""]","[""broad""]",https://www.ebi.ac.uk/gwas/rest/api/v2/associations/36099199,"[""https://www.ebi.ac.uk/gwas/rest/api/v2/associations?efo_id=MONDO_0005326&show_child_trait=false&size=500&page=0""]",DUSP22
pigmentation,36099199,GCST007086,30595370,"[""MONDO_0005326""]","[""broad""]",https://www.ebi.ac.uk/gwas/rest/api/v2/associations/36099199,"[""https://www.ebi.ac.uk/gwas/rest/api/v2/associations?efo_id=MONDO_0005326&show_child_trait=false&size=500&page=0""]",LINC03066
pigmentation,36099203,GCST007086,30595370,"[""MONDO_0005326""]","[""broad""]",https://www.ebi.ac.uk/gwas/rest/api/v2/associations/36099203,"[""https://www.ebi.ac.uk/gwas/rest/api/v2/associations?efo_id=MONDO_0005326&show_child_trait=false&size=500&page=0""]",IRF4
pigmentation,36099208,GCST007086,30595370,"[""MONDO_0005326""]","[""broad""]",https://www.ebi.ac.uk/gwas/rest/api/v2/associations/36099208,"[""https://www.ebi.ac.uk/gwas/rest/api/v2/associations?efo_id=MONDO_0005326&show_child_trait=false&size=500&page=0""]",EXOC2
pigmentation,36099213,GCST007086,30595370,"[""MONDO_0005326""]","[""broad""]",https://www.ebi.ac.uk/gwas/rest/api/v2/associations/36099213,"[""https://www.ebi.ac.uk/gwas/rest/api/v2/associations?efo_id=MONDO_0005326&show_child_trait=false&size=500&page=0""]",EXOC2
pigmentation,36099218,GCST007086,30595370,"[""MONDO_0005326""]","[""broad""]",https://www.ebi.ac.uk/gwas/rest/api/v2/associations/36099218,"[""https://www.ebi.ac.uk/gwas/rest/api/v2/associations?efo_id=MONDO_0005326&show_child_trait=false&size=500&page=0""]",EXOC2
pigmentation,36099218,GCST007086,30595370,"[""MONDO_0005326""]","[""broad""]",https://www.ebi.ac.uk/gwas/rest/api/v2/associations/36099218,"[""https://www.ebi.ac.uk/gwas/rest/api/v2/associations?efo_id=MONDO_0005326&show_child_trait=false&size=500&page=0""]",LINC01622
pigmentation,36099223,GCST007086,30595370,"[""MONDO_0005326""]","[""broad""]",https://www.ebi.ac.uk/gwas/rest/api/v2/associations/36099223,"[""https://www.ebi.ac.uk/gwas/rest/api/v2/associations?efo_id=MONDO_0005326&show_child_trait=false&size=500&page=0""]",LINC01622
pigmentation,36099227,GCST007086,30595370,"[""MONDO_0005326""]","[""broad""]",https://www.ebi.ac.uk/gwas/rest/api/v2/associations/36099227,"[""https://www.ebi.ac.uk/gwas/rest/api/v2/associations?efo_id=MONDO_0005326&show_child_trait=false&size=500&page=0""]",BAK1
pigmentation,36099232,GCST007086,30595370,"[""MONDO_0005326""]","[""broad""]",https://www.ebi.ac.uk/gwas/rest/api/v2/associations/36099232,"[""https://www.ebi.ac.uk/gwas/rest/api/v2/associations?efo_id=MONDO_0005326&show_child_trait=false&size=500&page=0""]",USP49
pigmentation,36099237,GCST007086,30595370,"[""MONDO_0005326""]","[""broad""]",https://www.ebi.ac.uk/gwas/rest/api/v2/associations/36099237,"[""https://www.ebi.ac.uk/gwas/rest/api/v2/associations?efo_id=MONDO_0005326&show_child_trait=false&size=500&page=0""]",PRIM2BP
pigmentation,36099242,GCST007086,30595370,"[""MONDO_0005326""]","[""broad""]",https://www.ebi.ac.uk/gwas/rest/api/v2/associations/36099242,"[""https://www.ebi.ac.uk/gwas/rest/api/v2/associations?efo_id=MONDO_0005326&show_child_trait=false&size=500&page=0""]",KHDRBS2
pigmentation,36099247,GCST007086,30595370,"[""MONDO_0005326""]","[""broad""]",https://www.ebi.ac.uk/gwas/rest/api/v2/associations/36099247,"[""https://www.ebi.ac.uk/gwas/rest/api/v2/associations?efo_id=MONDO_0005326&show_child_trait=false&size=500&page=0""]",MIR2113
pigmentation,36099247,GCST007086,30595370,"[""MONDO_0005326""]","[""broad""]",https://www.ebi.ac.uk/gwas/rest/api/v2/associations/36099247,"[""https://www.ebi.ac.uk/gwas/rest/api/v2/associations?efo_id=MONDO_0005326&show_child_trait=false&size=500&page=0""]",MMS22L
pigmentation,36099252,GCST007086,30595370,"[""MONDO_0005326""]","[""broad""]",https://www.ebi.ac.uk/gwas/rest/api/v2/associations/36099252,"[""https://www.ebi.ac.uk/gwas/rest/api/v2/associations?efo_id=MONDO_0005326&show_child_trait=false&size=500&page=0""]",MIR1202
pigmentation,36099252,GCST007086,30595370,"[""MONDO_0005326""]","[""broad""]",https://www.ebi.ac.uk/gwas/rest/api/v2/associations/36099252,"[""https://www.ebi.ac.uk/gwas/rest/api/v2/associations?efo_id=MONDO_0005326&show_child_trait=false&size=500&page=0""]",RNU7-152P
pigmentation,36099257,GCST007086,30595370,"[""MONDO_0005326""]","[""broad""]",https://www.ebi.ac.uk/gwas/rest/api/v2/associations/36099257,"[""https://www.ebi.ac.uk/gwas/rest/api/v2/associations?efo_id=MONDO_0005326&show_child_trait=false&size=500&page=0""]",ARID1B
pigmentation,36099261,GCST007086,30595370,"[""MONDO_0005326""]","[""broad""]",https://www.ebi.ac.uk/gwas/rest/api/v2/associations/36099261,"[""https://www.ebi.ac.uk/gwas/rest/api/v2/associations?efo_id=MONDO_0005326&show_child_trait=false&size=500&page=0""]",AHR
pigmentation,36099266,GCST007086,30595370,"[""MONDO_0005326""]","[""broad""]",https://www.ebi.ac.uk/gwas/rest/api/v2/associations/36099266,"[""https://www.ebi.ac.uk/gwas/rest/api/v2/associations?efo_id=MONDO_0005326&show_child_trait=false&size=500&page=0""]",JAZF1
pigmentation,36099271,GCST007086,30595370,"[""MONDO_0005326""]","[""broad""]",https://www.ebi.ac.uk/gwas/rest/api/v2/associations/36099271,"[""https://www.ebi.ac.uk/gwas/rest/api/v2/associations?efo_id=MONDO_0005326&show_child_trait=false&size=500&page=0""]",SRPK2
pigmentation,36099276,GCST007086,30595370,"[""MONDO_0005326""]","[""broad""]",https://www.ebi.ac.uk/gwas/rest/api/v2/associations/36099276,"[""https://www.ebi.ac.uk/gwas/rest/api/v2/associations?efo_id=MONDO_0005326&show_child_trait=false&size=500&page=0""]",TRPS1
pigmentation,36099281,GCST007086,30595370,"[""MONDO_0005326""]","[""broad""]",https://www.ebi.ac.uk/gwas/rest/api/v2/associations/36099281,"[""https://www.ebi.ac.uk/gwas/rest/api/v2/associations?efo_id=MONDO_0005326&show_child_trait=false&size=500&page=0""]",LURAP1L-AS1
pigmentation,36099285,GCST007086,30595370,"[""MONDO_0005326""]","[""broad""]",https://www.ebi.ac.uk/gwas/rest/api/v2/associations/36099285,"[""https://www.ebi.ac.uk/gwas/rest/api/v2/associations?efo_id=MONDO_0005326&show_child_trait=false&size=500&page=0""]",BNC2
pigmentation,36099285,GCST007086,30595370,"[""MONDO_0005326""]","[""broad""]",https://www.ebi.ac.uk/gwas/rest/api/v2/associations/36099285,"[""https://www.ebi.ac.uk/gwas/rest/api/v2/associations?efo_id=MONDO_0005326&show_child_trait=false&size=500&page=0""]",RN7SL720P
pigmentation,36099290,GCST007086,30595370,"[""MONDO_0005326""]","[""broad""]",https://www.ebi.ac.uk/gwas/rest/api/v2/associations/36099290,"[""https://www.ebi.ac.uk/gwas/rest/api/v2/associations?efo_id=MONDO_0005326&show_child_trait=false&size=500&page=0""]",PTCH1
pigmentation,36099295,GCST007086,30595370,"[""MONDO_0005326""]","[""broad""]",https://www.ebi.ac.uk/gwas/rest/api/v2/associations/36099295,"[""https://www.ebi.ac.uk/gwas/rest/api/v2/associations?efo_id=MONDO_0005326&show_child_trait=false&size=500&page=0""]",PRXL2A
pigmentation,36099295,GCST007086,30595370,"[""MONDO_0005326""]","[""broad""]",https://www.ebi.ac.uk/gwas/rest/api/v2/associations/36099295,"[""https://www.ebi.ac.uk/gwas/rest/api/v2/associations?efo_id=MONDO_0005326&show_child_trait=false&size=500&page=0""]",TSPAN14
pigmentation,36099300,GCST007086,30595370,"[""MONDO_0005326""]","[""broad""]",https://www.ebi.ac.uk/gwas/rest/api/v2/associations/36099300,"[""https://www.ebi.ac.uk/gwas/rest/api/v2/associations?efo_id=MONDO_0005326&show_child_trait=false&size=500&page=0""]",LINC02674
pigmentation,36099300,GCST007086,30595370,"[""MONDO_0005326""]","[""broad""]",https://www.ebi.ac.uk/gwas/rest/api/v2/associations/36099300,"[""https://www.ebi.ac.uk/gwas/rest/api/v2/associations?efo_id=MONDO_0005326&show_child_trait=false&size=500&page=0""]",RAB11FIP2
pigmentation,36099305,GCST007086,30595370,"[""MONDO_0005326""]","[""broad""]",https://www.ebi.ac.uk/gwas/rest/api/v2/associations/36099305,"[""https://www.ebi.ac.uk/gwas/rest/api/v2/associations?efo_id=MONDO_0005326&show_child_trait=false&size=500&page=0""]",SOX6
pigmentation,36099310,GCST007086,30595370,"[""MONDO_0005326""]","[""broad""]",https://www.ebi.ac.uk/gwas/rest/api/v2/associations/36099310,"[""https://www.ebi.ac.uk/gwas/rest/api/v2/associations?efo_id=MONDO_0005326&show_child_trait=false&size=500&page=0""]",SOX6
pigmentation,36099315,GCST007086,30595370,"[""MONDO_0005326""]","[""broad""]",https://www.ebi.ac.uk/gwas/rest/api/v2/associations/36099315,"[""https://www.ebi.ac.uk/gwas/rest/api/v2/associations?efo_id=MONDO_0005326&show_child_trait=false&size=500&page=0""]",SOX6
pigmentation,36099320,GCST007086,30595370,"[""MONDO_0005326""]","[""broad""]",https://www.ebi.ac.uk/gwas/rest/api/v2/associations/36099320,"[""https://www.ebi.ac.uk/gwas/rest/api/v2/associations?efo_id=MONDO_0005326&show_child_trait=false&size=500&page=0""]",CARNS1
pigmentation,36099325,GCST007086,30595370,"[""MONDO_0005326""]","[""broad""]",https://www.ebi.ac.uk/gwas/rest/api/v2/associations/36099325,"[""https://www.ebi.ac.uk/gwas/rest/api/v2/associations?efo_id=MONDO_0005326&show_child_trait=false&size=500&page=0""]",TPCN2
pigmentation,36099330,GCST007086,30595370,"[""MONDO_0005326""]","[""broad""]",https://www.ebi.ac.uk/gwas/rest/api/v2/associations/36099330,"[""https://www.ebi.ac.uk/gwas/rest/api/v2/associations?efo_id=MONDO_0005326&show_child_trait=false&size=500&page=0""]",CTSC
pigmentation,36099330,GCST007086,30595370,"[""MONDO_0005326""]","[""broad""]",https://www.ebi.ac.uk/gwas/rest/api/v2/associations/36099330,"[""https://www.ebi.ac.uk/gwas/rest/api/v2/associations?efo_id=MONDO_0005326&show_child_trait=false&size=500&page=0""]",GAPDHP70
pigmentation,36099335,GCST007086,30595370,"[""MONDO_0005326""]","[""broad""]",https://www.ebi.ac.uk/gwas/rest/api/v2/associations/36099335,"[""https://www.ebi.ac.uk/gwas/rest/api/v2/associations?efo_id=MONDO_0005326&show_child_trait=false&size=500&page=0""]",GAPDHP70
pigmentation,36099335,GCST007086,30595370,"[""MONDO_0005326""]","[""broad""]",https://www.ebi.ac.uk/gwas/rest/api/v2/associations/36099335,"[""https://www.ebi.ac.uk/gwas/rest/api/v2/associations?efo_id=MONDO_0005326&show_child_trait=false&size=500&page=0""]",GRM5-AS1
pigmentation,36099339,GCST007086,30595370,"[""MONDO_0005326""]","[""broad""]",https://www.ebi.ac.uk/gwas/rest/api/v2/associations/36099339,"[""https://www.ebi.ac.uk/gwas/rest/api/v2/associations?efo_id=MONDO_0005326&show_child_trait=false&size=500&page=0""]",GRM5
pigmentation,36099344,GCST007086,30595370,"[""MONDO_0005326""]","[""broad""]",https://www.ebi.ac.uk/gwas/rest/api/v2/associations/36099344,"[""https://www.ebi.ac.uk/gwas/rest/api/v2/associations?efo_id=MONDO_0005326&show_child_trait=false&size=500&page=0""]",GRM5
pigmentation,36099349,GCST007086,30595370,"[""MONDO_0005326""]","[""broad""]",https://www.ebi.ac.uk/gwas/rest/api/v2/associations/36099349,"[""https://www.ebi.ac.uk/gwas/rest/api/v2/associations?efo_id=MONDO_0005326&show_child_trait=false&size=500&page=0""]",GRM5
pigmentation,36099349,GCST007086,30595370,"[""MONDO_0005326""]","[""broad""]",https://www.ebi.ac.uk/gwas/rest/api/v2/associations/36099349,"[""https://www.ebi.ac.uk/gwas/rest/api/v2/associations?efo_id=MONDO_0005326&show_child_trait=false&size=500&page=0""]",TYR
pigmentation,36099353,GCST007086,30595370,"[""MONDO_0005326""]","[""broad""]",https://www.ebi.ac.uk/gwas/rest/api/v2/associations/36099353,"[""https://www.ebi.ac.uk/gwas/rest/api/v2/associations?efo_id=MONDO_0005326&show_child_trait=false&size=500&page=0""]",TYR
pigmentation,36099358,GCST007086,30595370,"[""MONDO_0005326""]","[""broad""]",https://www.ebi.ac.uk/gwas/rest/api/v2/associations/36099358,"[""https://www.ebi.ac.uk/gwas/rest/api/v2/associations?efo_id=MONDO_0005326&show_child_trait=false&size=500&page=0""]",NOX4
pigmentation,36099363,GCST007086,30595370,"[""MONDO_0005326""]","[""broad""]",https://www.ebi.ac.uk/gwas/rest/api/v2/associations/36099363,"[""https://www.ebi.ac.uk/gwas/rest/api/v2/associations?efo_id=MONDO_0005326&show_child_trait=false&size=500&page=0""]",CEP290
pigmentation,36099368,GCST007086,30595370,"[""MONDO_0005326""]","[""broad""]",https://www.ebi.ac.uk/gwas/rest/api/v2/associations/36099368,"[""https://www.ebi.ac.uk/gwas/rest/api/v2/associations?efo_id=MONDO_0005326&show_child_trait=false&size=500&page=0""]",HAL
pigmentation,36099373,GCST007086,30595370,"[""MONDO_0005326""]","[""broad""]",https://www.ebi.ac.uk/gwas/rest/api/v2/associations/36099373,"[""https://www.ebi.ac.uk/gwas/rest/api/v2/associations?efo_id=MONDO_0005326&show_child_trait=false&size=500&page=0""]",ATP11A
pigmentation,36099378,GCST007086,30595370,"[""MONDO_0005326""]","[""broad""]",https://www.ebi.ac.uk/gwas/rest/api/v2/associations/36099378,"[""https://www.ebi.ac.uk/gwas/rest/api/v2/associations?efo_id=MONDO_0005326&show_child_trait=false&size=500&page=0""]",OCA2
pigmentation,36099383,GCST007086,30595370,"[""MONDO_0005326""]","[""broad""]",https://www.ebi.ac.uk/gwas/rest/api/v2/associations/36099383,"[""https://www.ebi.ac.uk/gwas/rest/api/v2/associations?efo_id=MONDO_0005326&show_child_trait=false&size=500&page=0""]",OCA2
pigmentation,36099388,GCST007086,30595370,"[""MONDO_0005326""]","[""broad""]",https://www.ebi.ac.uk/gwas/rest/api/v2/associations/36099388,"[""https://www.ebi.ac.uk/gwas/rest/api/v2/associations?efo_id=MONDO_0005326&show_child_trait=false&size=500&page=0""]",HERC2
pigmentation,36099393,GCST007086,30595370,"[""MONDO_0005326""]","[""broad""]",https://www.ebi.ac.uk/gwas/rest/api/v2/associations/36099393,"[""https://www.ebi.ac.uk/gwas/rest/api/v2/associations?efo_id=MONDO_0005326&show_child_trait=false&size=500&page=0""]",HERC2
pigmentation,36099398,GCST007086,30595370,"[""MONDO_0005326""]","[""broad""]",https://www.ebi.ac.uk/gwas/rest/api/v2/associations/36099398,"[""https://www.ebi.ac.uk/gwas/rest/api/v2/associations?efo_id=MONDO_0005326&show_child_trait=false&size=500&page=0""]",TRPM1
pigmentation,36099403,GCST007086,30595370,"[""MONDO_0005326""]","[""broad""]",https://www.ebi.ac.uk/gwas/rest/api/v2/associations/36099403,"[""https://www.ebi.ac.uk/gwas/rest/api/v2/associations?efo_id=MONDO_0005326&show_child_trait=false&size=500&page=0""]",C16orf90
pigmentation,36099403,GCST007086,30595370,"[""MONDO_0005326""]","[""broad""]",https://www.ebi.ac.uk/gwas/rest/api/v2/associations/36099403,"[""https://www.ebi.ac.uk/gwas/rest/api/v2/associations?efo_id=MONDO_0005326&show_child_trait=false&size=500&page=0""]",NAA60
pigmentation,36099408,GCST007086,30595370,"[""MONDO_0005326""]","[""broad""]",https://www.ebi.ac.uk/gwas/rest/api/v2/associations/36099408,"[""https://www.ebi.ac.uk/gwas/rest/api/v2/associations?efo_id=MONDO_0005326&show_child_trait=false&size=500&page=0""]",ERCC4
pigmentation,36099413,GCST007086,30595370,"[""MONDO_0005326""]","[""broad""]",https://www.ebi.ac.uk/gwas/rest/api/v2/associations/36099413,"[""https://www.ebi.ac.uk/gwas/rest/api/v2/associations?efo_id=MONDO_0005326&show_child_trait=false&size=500&page=0""]",CYBA
pigmentation,36099418,GCST007086,30595370,"[""MONDO_0005326""]","[""broad""]",https://www.ebi.ac.uk/gwas/rest/api/v2/associations/36099418,"[""https://www.ebi.ac.uk/gwas/rest/api/v2/associations?efo_id=MONDO_0005326&show_child_trait=false&size=500&page=0""]",RNF166
pigmentation,36099422,GCST007086,30595370,"[""MONDO_0005326""]","[""broad""]",https://www.ebi.ac.uk/gwas/rest/api/v2/associations/36099422,"[""https://www.ebi.ac.uk/gwas/rest/api/v2/associations?efo_id=MONDO_0005326&show_child_trait=false&size=500&page=0""]",GALNS
pigmentation,36099427,GCST007086,30595370,"[""MONDO_0005326""]","[""broad""]",https://www.ebi.ac.uk/gwas/rest/api/v2/associations/36099427,"[""https://www.ebi.ac.uk/gwas/rest/api/v2/associations?efo_id=MONDO_0005326&show_child_trait=false&size=500&page=0""]",ACSF3
pigmentation,36099427,GCST007086,30595370,"[""MONDO_0005326""]","[""broad""]",https://www.ebi.ac.uk/gwas/rest/api/v2/associations/36099427,"[""https://www.ebi.ac.uk/gwas/rest/api/v2/associations?efo_id=MONDO_0005326&show_child_trait=false&size=500&page=0""]",CBFA2T3
pigmentation,36099432,GCST007086,30595370,"[""MONDO_0005326""]","[""broad""]",https://www.ebi.ac.uk/gwas/rest/api/v2/associations/36099432,"[""https://www.ebi.ac.uk/gwas/rest/api/v2/associations?efo_id=MONDO_0005326&show_child_trait=false&size=500&page=0""]",ACSF3
pigmentation,36099437,GCST007086,30595370,"[""MONDO_0005326""]","[""broad""]",https://www.ebi.ac.uk/gwas/rest/api/v2/associations/36099437,"[""https://www.ebi.ac.uk/gwas/rest/api/v2/associations?efo_id=MONDO_0005326&show_child_trait=false&size=500&page=0""]",ANKRD11
pigmentation,36099441,GCST007086,30595370,"[""MONDO_0005326""]","[""broad""]",https://www.ebi.ac.uk/gwas/rest/api/v2/associations/36099441,"[""https://www.ebi.ac.uk/gwas/rest/api/v2/associations?efo_id=MONDO_0005326&show_child_trait=false&size=500&page=0""]",ANKRD11
pigmentation,36099445,GCST007086,30595370,"[""MONDO_0005326""]","[""broad""]",https://www.ebi.ac.uk/gwas/rest/api/v2/associations/36099445,"[""https://www.ebi.ac.uk/gwas/rest/api/v2/associations?efo_id=MONDO_0005326&show_child_trait=false&size=500&page=0""]",CHMP1A
pigmentation,36099450,GCST007086,30595370,"[""MONDO_0005326""]","[""broad""]",https://www.ebi.ac.uk/gwas/rest/api/v2/associations/36099450,"[""https://www.ebi.ac.uk/gwas/rest/api/v2/associations?efo_id=MONDO_0005326&show_child_trait=false&size=500&page=0""]",FANCA
pigmentation,36099455,GCST007086,30595370,"[""MONDO_0005326""]","[""broad""]",https://www.ebi.ac.uk/gwas/rest/api/v2/associations/36099455,"[""https://www.ebi.ac.uk/gwas/rest/api/v2/associations?efo_id=MONDO_0005326&show_child_trait=false&size=500&page=0""]",FANCA
pigmentation,36099459,GCST007086,30595370,"[""MONDO_0005326""]","[""broad""]",https://www.ebi.ac.uk/gwas/rest/api/v2/associations/36099459,"[""https://www.ebi.ac.uk/gwas/rest/api/v2/associations?efo_id=MONDO_0005326&show_child_trait=false&size=500&page=0""]",MC1R
pigmentation,36099464,GCST007086,30595370,"[""MONDO_0005326""]","[""broad""]",https://www.ebi.ac.uk/gwas/rest/api/v2/associations/36099464,"[""https://www.ebi.ac.uk/gwas/rest/api/v2/associations?efo_id=MONDO_0005326&show_child_trait=false&size=500&page=0""]",PRDM7
pigmentation,36099469,GCST007086,30595370,"[""MONDO_0005326""]","[""broad""]",https://www.ebi.ac.uk/gwas/rest/api/v2/associations/36099469,"[""https://www.ebi.ac.uk/gwas/rest/api/v2/associations?efo_id=MONDO_0005326&show_child_trait=false&size=500&page=0""]",PEMT
pigmentation,36099469,GCST007086,30595370,"[""MONDO_0005326""]","[""broad""]",https://www.ebi.ac.uk/gwas/rest/api/v2/associations/36099469,"[""https://www.ebi.ac.uk/gwas/rest/api/v2/associations?efo_id=MONDO_0005326&show_child_trait=false&size=500&page=0""]",SMCR2
pigmentation,36099474,GCST007086,30595370,"[""MONDO_0005326""]","[""broad""]",https://www.ebi.ac.uk/gwas/rest/api/v2/associations/36099474,"[""https://www.ebi.ac.uk/gwas/rest/api/v2/associations?efo_id=MONDO_0005326&show_child_trait=false&size=500&page=0""]",LINC01992
pigmentation,36099479,GCST007086,30595370,"[""MONDO_0005326""]","[""broad""]",https://www.ebi.ac.uk/gwas/rest/api/v2/associations/36099479,"[""https://www.ebi.ac.uk/gwas/rest/api/v2/associations?efo_id=MONDO_0005326&show_child_trait=false&size=500&page=0""]",FRG1CP
pigmentation,36099479,GCST007086,30595370,"[""MONDO_0005326""]","[""broad""]",https://www.ebi.ac.uk/gwas/rest/api/v2/associations/36099479,"[""https://www.ebi.ac.uk/gwas/rest/api/v2/associations?efo_id=MONDO_0005326&show_child_trait=false&size=500&page=0""]",MIR663AHG
pigmentation,36099484,GCST007086,30595370,"[""MONDO_0005326""]","[""broad""]",https://www.ebi.ac.uk/gwas/rest/api/v2/associations/36099484,"[""https://www.ebi.ac.uk/gwas/rest/api/v2/associations?efo_id=MONDO_0005326&show_child_trait=false&size=500&page=0""]",PIGPP3
pigmentation,36099484,GCST007086,30595370,"[""MONDO_0005326""]","[""broad""]",https://www.ebi.ac.uk/gwas/rest/api/v2/associations/36099484,"[""https://www.ebi.ac.uk/gwas/rest/api/v2/associations?efo_id=MONDO_0005326&show_child_trait=false&size=500&page=0""]",TPM3P2
pigmentation,36099488,GCST007086,30595370,"[""MONDO_0005326""]","[""broad""]",https://www.ebi.ac.uk/gwas/rest/api/v2/associations/36099488,"[""https://www.ebi.ac.uk/gwas/rest/api/v2/associations?efo_id=MONDO_0005326&show_child_trait=false&size=500&page=0""]",RALY
pigmentation,36099493,GCST007086,30595370,"[""MONDO_0005326""]","[""broad""]",https://www.ebi.ac.uk/gwas/rest/api/v2/associations/36099493,"[""https://www.ebi.ac.uk/gwas/rest/api/v2/associations?efo_id=MONDO_0005326&show_child_trait=false&size=500&page=0""]",EIF6
pigmentation,36099493,GCST007086,30595370,"[""MONDO_0005326""]","[""broad""]",https://www.ebi.ac.uk/gwas/rest/api/v2/associations/36099493,"[""https://www.ebi.ac.uk/gwas/rest/api/v2/associations?efo_id=MONDO_0005326&show_child_trait=false&size=500&page=0""]",FAM83C-AS1
pigmentation,36099497,GCST007086,30595370,"[""MONDO_0005326""]","[""broad""]",https://www.ebi.ac.uk/gwas/rest/api/v2/associations/36099497,"[""https://www.ebi.ac.uk/gwas/rest/api/v2/associations?efo_id=MONDO_0005326&show_child_trait=false&size=500&page=0""]",KIAA0930
pigmentation,37790066,GCST007452,30664655,"[""OBA_VT0002095""]","[""strict""]",https://www.ebi.ac.uk/gwas/rest/api/v2/associations/37790066,"[""https://www.ebi.ac.uk/gwas/rest/api/v2/associations?efo_id=OBA_VT0002095&show_child_trait=false&size=500&page=1""]",SLC45A2
pigmentation,37790070,GCST007452,30664655,"[""OBA_VT0002095""]","[""strict""]",https://www.ebi.ac.uk/gwas/rest/api/v2/associations/37790070,"[""https://www.ebi.ac.uk/gwas/rest/api/v2/associations?efo_id=OBA_VT0002095&show_child_trait=false&size=500&page=1""]",IRF4
pigmentation,37790074,GCST007452,30664655,"[""OBA_VT0002095""]","[""strict""]",https://www.ebi.ac.uk/gwas/rest/api/v2/associations/37790074,"[""https://www.ebi.ac.uk/gwas/rest/api/v2/associations?efo_id=OBA_VT0002095&show_child_trait=false&size=500&page=1""]",LINC02674
pigmentation,37790074,GCST007452,30664655,"[""OBA_VT0002095""]","[""strict""]",https://www.ebi.ac.uk/gwas/rest/api/v2/associations/37790074,"[""https://www.ebi.ac.uk/gwas/rest/api/v2/associations?efo_id=OBA_VT0002095&show_child_trait=false&size=500&page=1""]",RAB11FIP2
pigmentation,37790078,GCST007452,30664655,"[""OBA_VT0002095""]","[""strict""]",https://www.ebi.ac.uk/gwas/rest/api/v2/associations/37790078,"[""https://www.ebi.ac.uk/gwas/rest/api/v2/associations?efo_id=OBA_VT0002095&show_child_trait=false&size=500&page=1""]",GRM5
pigmentation,37790082,GCST007452,30664655,"[""OBA_VT0002095""]","[""strict""]",https://www.ebi.ac.uk/gwas/rest/api/v2/associations/37790082,"[""https://www.ebi.ac.uk/gwas/rest/api/v2/associations?efo_id=OBA_VT0002095&show_child_trait=false&size=500&page=1""]",TYR
pigmentation,37790086,GCST007452,30664655,"[""OBA_VT0002095""]","[""strict""]",https://www.ebi.ac.uk/gwas/rest/api/v2/associations/37790086,"[""https://www.ebi.ac.uk/gwas/rest/api/v2/associations?efo_id=OBA_VT0002095&show_child_trait=false&size=500&page=1""]",TYR
pigmentation,37790090,GCST007452,30664655,"[""OBA_VT0002095""]","[""strict""]",https://www.ebi.ac.uk/gwas/rest/api/v2/associations/37790090,"[""https://www.ebi.ac.uk/gwas/rest/api/v2/associations?efo_id=OBA_VT0002095&show_child_trait=false&size=500&page=1""]",OCA2
pigmentation,37790094,GCST007452,30664655,"[""OBA_VT0002095""]","[""strict""]",https://www.ebi.ac.uk/gwas/rest/api/v2/associations/37790094,"[""https://www.ebi.ac.uk/gwas/rest/api/v2/associations?efo_id=OBA_VT0002095&show_child_trait=false&size=500&page=1""]",OCA2
pigmentation,37790098,GCST007452,30664655,"[""OBA_VT0002095""]","[""strict""]",https://www.ebi.ac.uk/gwas/rest/api/v2/associations/37790098,"[""https://www.ebi.ac.uk/gwas/rest/api/v2/associations?efo_id=OBA_VT0002095&show_child_trait=false&size=500&page=1""]",HERC2
pigmentation,37790102,GCST007452,30664655,"[""OBA_VT0002095""]","[""strict""]",https://www.ebi.ac.uk/gwas/rest/api/v2/associations/37790102,"[""https://www.ebi.ac.uk/gwas/rest/api/v2/associations?efo_id=OBA_VT0002095&show_child_trait=false&size=500&page=1""]",HERC2
pigmentation,37790106,GCST007452,30664655,"[""OBA_VT0002095""]","[""strict""]",https://www.ebi.ac.uk/gwas/rest/api/v2/associations/37790106,"[""https://www.ebi.ac.uk/gwas/rest/api/v2/associations?efo_id=OBA_VT0002095&show_child_trait=false&size=500&page=1""]",SLC24A5
pigmentation,37790110,GCST007452,30664655,"[""OBA_VT0002095""]","[""strict""]",https://www.ebi.ac.uk/gwas/rest/api/v2/associations/37790110,"[""https://www.ebi.ac.uk/gwas/rest/api/v2/associations?efo_id=OBA_VT0002095&show_child_trait=false&size=500&page=1""]",MC1R
pigmentation,37790114,GCST007452,30664655,"[""OBA_VT0002095""]","[""strict""]",https://www.ebi.ac.uk/gwas/rest/api/v2/associations/37790114,"[""https://www.ebi.ac.uk/gwas/rest/api/v2/associations?efo_id=OBA_VT0002095&show_child_trait=false&size=500&page=1""]",MFSD12
pigmentation,37790114,GCST007452,30664655,"[""OBA_VT0002095""]","[""strict""]",https://www.ebi.ac.uk/gwas/rest/api/v2/associations/37790114,"[""https://www.ebi.ac.uk/gwas/rest/api/v2/associations?efo_id=OBA_VT0002095&show_child_trait=false&size=500&page=1""]",MFSD12-AS1
pigmentation,37790118,GCST007452,30664655,"[""OBA_VT0002095""]","[""strict""]",https://www.ebi.ac.uk/gwas/rest/api/v2/associations/37790118,"[""https://www.ebi.ac.uk/gwas/rest/api/v2/associations?efo_id=OBA_VT0002095&show_child_trait=false&size=500&page=1""]",OCA2
pigmentation,37790185,GCST007457,30664655,"[""EFO_0009764""]","[""strict""]",https://www.ebi.ac.uk/gwas/rest/api/v2/associations/37790185,"[""https://www.ebi.ac.uk/gwas/rest/api/v2/associations?efo_id=EFO_0009764&show_child_trait=false&size=500&page=0""]",DSTYK
pigmentation,37790189,GCST007457,30664655,"[""EFO_0009764""]","[""strict""]",https://www.ebi.ac.uk/gwas/rest/api/v2/associations/37790189,"[""https://www.ebi.ac.uk/gwas/rest/api/v2/associations?efo_id=EFO_0009764&show_child_trait=false&size=500&page=0""]",SLC45A2
pigmentation,37790194,GCST007457,30664655,"[""EFO_0009764""]","[""strict""]",https://www.ebi.ac.uk/gwas/rest/api/v2/associations/37790194,"[""https://www.ebi.ac.uk/gwas/rest/api/v2/associations?efo_id=EFO_0009764&show_child_trait=false&size=500&page=0""]",LURAP1L-AS1
pigmentation,37790198,GCST007457,30664655,"[""EFO_0009764""]","[""strict""]",https://www.ebi.ac.uk/gwas/rest/api/v2/associations/37790198,"[""https://www.ebi.ac.uk/gwas/rest/api/v2/associations?efo_id=EFO_0009764&show_child_trait=false&size=500&page=0""]",OCA2
pigmentation,37790202,GCST007457,30664655,"[""EFO_0009764""]","[""strict""]",https://www.ebi.ac.uk/gwas/rest/api/v2/associations/37790202,"[""https://www.ebi.ac.uk/gwas/rest/api/v2/associations?efo_id=EFO_0009764&show_child_trait=false&size=500&page=0""]",OCA2
pigmentation,37790206,GCST007457,30664655,"[""EFO_0009764""]","[""strict""]",https://www.ebi.ac.uk/gwas/rest/api/v2/associations/37790206,"[""https://www.ebi.ac.uk/gwas/rest/api/v2/associations?efo_id=EFO_0009764&show_child_trait=false&size=500&page=0""]",HERC2
pigmentation,37790210,GCST007457,30664655,"[""EFO_0009764""]","[""strict""]",https://www.ebi.ac.uk/gwas/rest/api/v2/associations/37790210,"[""https://www.ebi.ac.uk/gwas/rest/api/v2/associations?efo_id=EFO_0009764&show_child_trait=false&size=500&page=0""]",HERC2
pigmentation,37790214,GCST007457,30664655,"[""EFO_0009764""]","[""strict""]",https://www.ebi.ac.uk/gwas/rest/api/v2/associations/37790214,"[""https://www.ebi.ac.uk/gwas/rest/api/v2/associations?efo_id=EFO_0009764&show_child_trait=false&size=500&page=0""]",SLC24A5
pigmentation,37790219,GCST007457,30664655,"[""EFO_0009764""]","[""strict""]",https://www.ebi.ac.uk/gwas/rest/api/v2/associations/37790219,"[""https://www.ebi.ac.uk/gwas/rest/api/v2/associations?efo_id=EFO_0009764&show_child_trait=false&size=500&page=0""]",MPST
pigmentation,37790224,GCST007457,30664655,"[""EFO_0009764""]","[""strict""]",https://www.ebi.ac.uk/gwas/rest/api/v2/associations/37790224,"[""https://www.ebi.ac.uk/gwas/rest/api/v2/associations?efo_id=EFO_0009764&show_child_trait=false&size=500&page=0""]",SERPINI1
pigmentation,37790229,GCST007453,30664655,"[""EFO_0009764""]","[""strict""]",https://www.ebi.ac.uk/gwas/rest/api/v2/associations/37790229,"[""https://www.ebi.ac.uk/gwas/rest/api/v2/associations?efo_id=EFO_0009764&show_child_trait=false&size=500&page=0""]",SLC45A2
pigmentation,37790233,GCST007453,30664655,"[""EFO_0009764""]","[""strict""]",https://www.ebi.ac.uk/gwas/rest/api/v2/associations/37790233,"[""https://www.ebi.ac.uk/gwas/rest/api/v2/associations?efo_id=EFO_0009764&show_child_trait=false&size=500&page=0""]",IRF4
pigmentation,37790237,GCST007453,30664655,"[""EFO_0009764""]","[""strict""]",https://www.ebi.ac.uk/gwas/rest/api/v2/associations/37790237,"[""https://www.ebi.ac.uk/gwas/rest/api/v2/associations?efo_id=EFO_0009764&show_child_trait=false&size=500&page=0""]",LURAP1L-AS1
pigmentation,37790241,GCST007453,30664655,"[""EFO_0009764""]","[""strict""]",https://www.ebi.ac.uk/gwas/rest/api/v2/associations/37790241,"[""https://www.ebi.ac.uk/gwas/rest/api/v2/associations?efo_id=EFO_0009764&show_child_trait=false&size=500&page=0""]",OCA2
pigmentation,37790245,GCST007453,30664655,"[""EFO_0009764""]","[""strict""]",https://www.ebi.ac.uk/gwas/rest/api/v2/associations/37790245,"[""https://www.ebi.ac.uk/gwas/rest/api/v2/associations?efo_id=EFO_0009764&show_child_trait=false&size=500&page=0""]",HERC2
pigmentation,37790249,GCST007453,30664655,"[""EFO_0009764""]","[""strict""]",https://www.ebi.ac.uk/gwas/rest/api/v2/associations/37790249,"[""https://www.ebi.ac.uk/gwas/rest/api/v2/associations?efo_id=EFO_0009764&show_child_trait=false&size=500&page=0""]",HERC2
pigmentation,37790253,GCST007453,30664655,"[""EFO_0009764""]","[""strict""]",https://www.ebi.ac.uk/gwas/rest/api/v2/associations/37790253,"[""https://www.ebi.ac.uk/gwas/rest/api/v2/associations?efo_id=EFO_0009764&show_child_trait=false&size=500&page=0""]",SLC24A5
pigmentation,37790257,GCST007453,30664655,"[""EFO_0009764""]","[""strict""]",https://www.ebi.ac.uk/gwas/rest/api/v2/associations/37790257,"[""https://www.ebi.ac.uk/gwas/rest/api/v2/associations?efo_id=EFO_0009764&show_child_trait=false&size=500&page=0""]",OCA2
pigmentation,37790261,GCST007453,30664655,"[""EFO_0009764""]","[""strict""]",https://www.ebi.ac.uk/gwas/rest/api/v2/associations/37790261,"[""https://www.ebi.ac.uk/gwas/rest/api/v2/associations?efo_id=EFO_0009764&show_child_trait=false&size=500&page=0""]",OCA2
pigmentation,37790266,GCST007454,30664655,"[""OBA_0002313""]","[""strict""]",https://www.ebi.ac.uk/gwas/rest/api/v2/associations/37790266,"[""https://www.ebi.ac.uk/gwas/rest/api/v2/associations?efo_id=OBA_0002313&show_child_trait=false&size=500&page=0""]",SLC45A2
pigmentation,37790270,GCST007454,30664655,"[""OBA_0002313""]","[""strict""]",https://www.ebi.ac.uk/gwas/rest/api/v2/associations/37790270,"[""https://www.ebi.ac.uk/gwas/rest/api/v2/associations?efo_id=OBA_0002313&show_child_trait=false&size=500&page=0""]",IRF4
pigmentation,37790274,GCST007454,30664655,"[""OBA_0002313""]","[""strict""]",https://www.ebi.ac.uk/gwas/rest/api/v2/associations/37790274,"[""https://www.ebi.ac.uk/gwas/rest/api/v2/associations?efo_id=OBA_0002313&show_child_trait=false&size=500&page=0""]",GRM5
pigmentation,37790278,GCST007454,30664655,"[""OBA_0002313""]","[""strict""]",https://www.ebi.ac.uk/gwas/rest/api/v2/associations/37790278,"[""https://www.ebi.ac.uk/gwas/rest/api/v2/associations?efo_id=OBA_0002313&show_child_trait=false&size=500&page=0""]",TYR
pigmentation,37790282,GCST007454,30664655,"[""OBA_0002313""]","[""strict""]",https://www.ebi.ac.uk/gwas/rest/api/v2/associations/37790282,"[""https://www.ebi.ac.uk/gwas/rest/api/v2/associations?efo_id=OBA_0002313&show_child_trait=false&size=500&page=0""]",TYR
pigmentation,37790286,GCST007454,30664655,"[""OBA_0002313""]","[""strict""]",https://www.ebi.ac.uk/gwas/rest/api/v2/associations/37790286,"[""https://www.ebi.ac.uk/gwas/rest/api/v2/associations?efo_id=OBA_0002313&show_child_trait=false&size=500&page=0""]",HERC2
pigmentation,37790290,GCST007454,30664655,"[""OBA_0002313""]","[""strict""]",https://www.ebi.ac.uk/gwas/rest/api/v2/associations/37790290,"[""https://www.ebi.ac.uk/gwas/rest/api/v2/associations?efo_id=OBA_0002313&show_child_trait=false&size=500&page=0""]",SLC24A5
pigmentation,37790295,GCST007455,30664655,"[""EFO_0009764""]","[""strict""]",https://www.ebi.ac.uk/gwas/rest/api/v2/associations/37790295,"[""https://www.ebi.ac.uk/gwas/rest/api/v2/associations?efo_id=EFO_0009764&show_child_trait=false&size=500&page=0""]",SLC45A2
pigmentation,37790299,GCST007455,30664655,"[""EFO_0009764""]","[""strict""]",https://www.ebi.ac.uk/gwas/rest/api/v2/associations/37790299,"[""https://www.ebi.ac.uk/gwas/rest/api/v2/associations?efo_id=EFO_0009764&show_child_trait=false&size=500&page=0""]",IRF4
pigmentation,37790303,GCST007455,30664655,"[""EFO_0009764""]","[""strict""]",https://www.ebi.ac.uk/gwas/rest/api/v2/associations/37790303,"[""https://www.ebi.ac.uk/gwas/rest/api/v2/associations?efo_id=EFO_0009764&show_child_trait=false&size=500&page=0""]",LURAP1L-AS1
pigmentation,37790307,GCST007455,30664655,"[""EFO_0009764""]","[""strict""]",https://www.ebi.ac.uk/gwas/rest/api/v2/associations/37790307,"[""https://www.ebi.ac.uk/gwas/rest/api/v2/associations?efo_id=EFO_0009764&show_child_trait=false&size=500&page=0""]",TYR
pigmentation,37790311,GCST007455,30664655,"[""EFO_0009764""]","[""strict""]",https://www.ebi.ac.uk/gwas/rest/api/v2/associations/37790311,"[""https://www.ebi.ac.uk/gwas/rest/api/v2/associations?efo_id=EFO_0009764&show_child_trait=false&size=500&page=0""]",OCA2
pigmentation,37790315,GCST007455,30664655,"[""EFO_0009764""]","[""strict""]",https://www.ebi.ac.uk/gwas/rest/api/v2/associations/37790315,"[""https://www.ebi.ac.uk/gwas/rest/api/v2/associations?efo_id=EFO_0009764&show_child_trait=false&size=500&page=0""]",HERC2
pigmentation,37790319,GCST007455,30664655,"[""EFO_0009764""]","[""strict""]",https://www.ebi.ac.uk/gwas/rest/api/v2/associations/37790319,"[""https://www.ebi.ac.uk/gwas/rest/api/v2/associations?efo_id=EFO_0009764&show_child_trait=false&size=500&page=0""]",HERC2
pigmentation,37790323,GCST007455,30664655,"[""EFO_0009764""]","[""strict""]",https://www.ebi.ac.uk/gwas/rest/api/v2/associations/37790323,"[""https://www.ebi.ac.uk/gwas/rest/api/v2/associations?efo_id=EFO_0009764&show_child_trait=false&size=500&page=0""]",SLC24A5
pigmentation,37790327,GCST007455,30664655,"[""EFO_0009764""]","[""strict""]",https://www.ebi.ac.uk/gwas/rest/api/v2/associations/37790327,"[""https://www.ebi.ac.uk/gwas/rest/api/v2/associations?efo_id=EFO_0009764&show_child_trait=false&size=500&page=0""]",DSTYK
pigmentation,37790331,GCST007455,30664655,"[""EFO_0009764""]","[""strict""]",https://www.ebi.ac.uk/gwas/rest/api/v2/associations/37790331,"[""https://www.ebi.ac.uk/gwas/rest/api/v2/associations?efo_id=EFO_0009764&show_child_trait=false&size=500&page=0""]",OCA2
pigmentation,37790335,GCST007455,30664655,"[""EFO_0009764""]","[""strict""]",https://www.ebi.ac.uk/gwas/rest/api/v2/associations/37790335,"[""https://www.ebi.ac.uk/gwas/rest/api/v2/associations?efo_id=EFO_0009764&show_child_trait=false&size=500&page=0""]",OCA2
pigmentation,37790340,GCST007456,30664655,"[""EFO_0009764""]","[""strict""]",https://www.ebi.ac.uk/gwas/rest/api/v2/associations/37790340,"[""https://www.ebi.ac.uk/gwas/rest/api/v2/associations?efo_id=EFO_0009764&show_child_trait=false&size=500&page=0""]",OCA2
pigmentation,37790344,GCST007456,30664655,"[""EFO_0009764""]","[""strict""]",https://www.ebi.ac.uk/gwas/rest/api/v2/associations/37790344,"[""https://www.ebi.ac.uk/gwas/rest/api/v2/associations?efo_id=EFO_0009764&show_child_trait=false&size=500&page=0""]",HERC2
pigmentation,37790349,GCST007456,30664655,"[""EFO_0009764""]","[""strict""]",https://www.ebi.ac.uk/gwas/rest/api/v2/associations/37790349,"[""https://www.ebi.ac.uk/gwas/rest/api/v2/associations?efo_id=EFO_0009764&show_child_trait=false&size=500&page=0""]",WFDC5
pigmentation,37790411,GCST007451,30664655,"[""EFO_0009764"", ""OBA_0002313"", ""OBA_VT0002095""]","[""strict""]",https://www.ebi.ac.uk/gwas/rest/api/v2/associations/37790411,"[""https://www.ebi.ac.uk/gwas/rest/api/v2/associations?efo_id=EFO_0009764&show_child_trait=false&size=500&page=0"", ""https://www.ebi.ac.uk/gwas/rest/api/v2/associations?efo_id=OBA_0002313&show_child_trait=false&size=500&page=0"", ""https://www.ebi.ac.uk/gwas/rest/api/v2/associations?efo_id=OBA_VT0002095&show_child_trait=false&size=500&page=1""]",SERPINI1
pigmentation,37790415,GCST007451,30664655,"[""EFO_0009764"", ""OBA_0002313"", ""OBA_VT0002095""]","[""strict""]",https://www.ebi.ac.uk/gwas/rest/api/v2/associations/37790415,"[""https://www.ebi.ac.uk/gwas/rest/api/v2/associations?efo_id=EFO_0009764&show_child_trait=false&size=500&page=0"", ""https://www.ebi.ac.uk/gwas/rest/api/v2/associations?efo_id=OBA_0002313&show_child_trait=false&size=500&page=0"", ""https://www.ebi.ac.uk/gwas/rest/api/v2/associations?efo_id=OBA_VT0002095&show_child_trait=false&size=500&page=1""]",SLC45A2
pigmentation,37790419,GCST007451,30664655,"[""EFO_0009764"", ""OBA_0002313"", ""OBA_VT0002095""]","[""strict""]",https://www.ebi.ac.uk/gwas/rest/api/v2/associations/37790419,"[""https://www.ebi.ac.uk/gwas/rest/api/v2/associations?efo_id=EFO_0009764&show_child_trait=false&size=500&page=0"", ""https://www.ebi.ac.uk/gwas/rest/api/v2/associations?efo_id=OBA_0002313&show_child_trait=false&size=500&page=0"", ""https://www.ebi.ac.uk/gwas/rest/api/v2/associations?efo_id=OBA_VT0002095&show_child_trait=false&size=500&page=1""]",IRF4
pigmentation,37790423,GCST007451,30664655,"[""EFO_0009764"", ""OBA_0002313"", ""OBA_VT0002095""]","[""strict""]",https://www.ebi.ac.uk/gwas/rest/api/v2/associations/37790423,"[""https://www.ebi.ac.uk/gwas/rest/api/v2/associations?efo_id=EFO_0009764&show_child_trait=false&size=500&page=0"", ""https://www.ebi.ac.uk/gwas/rest/api/v2/associations?efo_id=OBA_0002313&show_child_trait=false&size=500&page=0"", ""https://www.ebi.ac.uk/gwas/rest/api/v2/associations?efo_id=OBA_VT0002095&show_child_trait=false&size=500&page=1""]",LINC02674
pigmentation,37790423,GCST007451,30664655,"[""EFO_0009764"", ""OBA_0002313"", ""OBA_VT0002095""]","[""strict""]",https://www.ebi.ac.uk/gwas/rest/api/v2/associations/37790423,"[""https://www.ebi.ac.uk/gwas/rest/api/v2/associations?efo_id=EFO_0009764&show_child_trait=false&size=500&page=0"", ""https://www.ebi.ac.uk/gwas/rest/api/v2/associations?efo_id=OBA_0002313&show_child_trait=false&size=500&page=0"", ""https://www.ebi.ac.uk/gwas/rest/api/v2/associations?efo_id=OBA_VT0002095&show_child_trait=false&size=500&page=1""]",RAB11FIP2
pigmentation,37790427,GCST007451,30664655,"[""EFO_0009764"", ""OBA_0002313"", ""OBA_VT0002095""]","[""strict""]",https://www.ebi.ac.uk/gwas/rest/api/v2/associations/37790427,"[""https://www.ebi.ac.uk/gwas/rest/api/v2/associations?efo_id=EFO_0009764&show_child_trait=false&size=500&page=0"", ""https://www.ebi.ac.uk/gwas/rest/api/v2/associations?efo_id=OBA_0002313&show_child_trait=false&size=500&page=0"", ""https://www.ebi.ac.uk/gwas/rest/api/v2/associations?efo_id=OBA_VT0002095&show_child_trait=false&size=500&page=1""]",GRM5
pigmentation,37790431,GCST007451,30664655,"[""EFO_0009764"", ""OBA_0002313"", ""OBA_VT0002095""]","[""strict""]",https://www.ebi.ac.uk/gwas/rest/api/v2/associations/37790431,"[""https://www.ebi.ac.uk/gwas/rest/api/v2/associations?efo_id=EFO_0009764&show_child_trait=false&size=500&page=0"", ""https://www.ebi.ac.uk/gwas/rest/api/v2/associations?efo_id=OBA_0002313&show_child_trait=false&size=500&page=0"", ""https://www.ebi.ac.uk/gwas/rest/api/v2/associations?efo_id=OBA_VT0002095&show_child_trait=false&size=500&page=1""]",TYR
pigmentation,37790435,GCST007451,30664655,"[""EFO_0009764"", ""OBA_0002313"", ""OBA_VT0002095""]","[""strict""]",https://www.ebi.ac.uk/gwas/rest/api/v2/associations/37790435,"[""https://www.ebi.ac.uk/gwas/rest/api/v2/associations?efo_id=EFO_0009764&show_child_trait=false&size=500&page=0"", ""https://www.ebi.ac.uk/gwas/rest/api/v2/associations?efo_id=OBA_0002313&show_child_trait=false&size=500&page=0"", ""https://www.ebi.ac.uk/gwas/rest/api/v2/associations?efo_id=OBA_VT0002095&show_child_trait=false&size=500&page=1""]",OCA2
pigmentation,37790439,GCST007451,30664655,"[""EFO_0009764"", ""OBA_0002313"", ""OBA_VT0002095""]","[""strict""]",https://www.ebi.ac.uk/gwas/rest/api/v2/associations/37790439,"[""https://www.ebi.ac.uk/gwas/rest/api/v2/associations?efo_id=EFO_0009764&show_child_trait=false&size=500&page=0"", ""https://www.ebi.ac.uk/gwas/rest/api/v2/associations?efo_id=OBA_0002313&show_child_trait=false&size=500&page=0"", ""https://www.ebi.ac.uk/gwas/rest/api/v2/associations?efo_id=OBA_VT0002095&show_child_trait=false&size=500&page=1""]",OCA2
pigmentation,37790443,GCST007451,30664655,"[""EFO_0009764"", ""OBA_0002313"", ""OBA_VT0002095""]","[""strict""]",https://www.ebi.ac.uk/gwas/rest/api/v2/associations/37790443,"[""https://www.ebi.ac.uk/gwas/rest/api/v2/associations?efo_id=EFO_0009764&show_child_trait=false&size=500&page=0"", ""https://www.ebi.ac.uk/gwas/rest/api/v2/associations?efo_id=OBA_0002313&show_child_trait=false&size=500&page=0"", ""https://www.ebi.ac.uk/gwas/rest/api/v2/associations?efo_id=OBA_VT0002095&show_child_trait=false&size=500&page=1""]",HERC2
pigmentation,37790447,GCST007451,30664655,"[""EFO_0009764"", ""OBA_0002313"", ""OBA_VT0002095""]","[""strict""]",https://www.ebi.ac.uk/gwas/rest/api/v2/associations/37790447,"[""https://www.ebi.ac.uk/gwas/rest/api/v2/associations?efo_id=EFO_0009764&show_child_trait=false&size=500&page=0"", ""https://www.ebi.ac.uk/gwas/rest/api/v2/associations?efo_id=OBA_0002313&show_child_trait=false&size=500&page=0"", ""https://www.ebi.ac.uk/gwas/rest/api/v2/associations?efo_id=OBA_VT0002095&show_child_trait=false&size=500&page=1""]",HERC2
pigmentation,37790451,GCST007451,30664655,"[""EFO_0009764"", ""OBA_0002313"", ""OBA_VT0002095""]","[""strict""]",https://www.ebi.ac.uk/gwas/rest/api/v2/associations/37790451,"[""https://www.ebi.ac.uk/gwas/rest/api/v2/associations?efo_id=EFO_0009764&show_child_trait=false&size=500&page=0"", ""https://www.ebi.ac.uk/gwas/rest/api/v2/associations?efo_id=OBA_0002313&show_child_trait=false&size=500&page=0"", ""https://www.ebi.ac.uk/gwas/rest/api/v2/associations?efo_id=OBA_VT0002095&show_child_trait=false&size=500&page=1""]",SLC24A5
pigmentation,41334157,GCST007489,30166351,"[""EFO_0003949""]","[""strict""]",https://www.ebi.ac.uk/gwas/rest/api/v2/associations/41334157,"[""https://www.ebi.ac.uk/gwas/rest/api/v2/associations?efo_id=EFO_0003949&show_child_trait=false&size=500&page=0""]",HERC2
pigmentation,41334162,GCST007489,30166351,"[""EFO_0003949""]","[""strict""]",https://www.ebi.ac.uk/gwas/rest/api/v2/associations/41334162,"[""https://www.ebi.ac.uk/gwas/rest/api/v2/associations?efo_id=EFO_0003949&show_child_trait=false&size=500&page=0""]",IRF4
pigmentation,41334167,GCST007489,30166351,"[""EFO_0003949""]","[""strict""]",https://www.ebi.ac.uk/gwas/rest/api/v2/associations/41334167,"[""https://www.ebi.ac.uk/gwas/rest/api/v2/associations?efo_id=EFO_0003949&show_child_trait=false&size=500&page=0""]",OCA2
pigmentation,41334172,GCST007489,30166351,"[""EFO_0003949""]","[""strict""]",https://www.ebi.ac.uk/gwas/rest/api/v2/associations/41334172,"[""https://www.ebi.ac.uk/gwas/rest/api/v2/associations?efo_id=EFO_0003949&show_child_trait=false&size=500&page=0""]",HERC2
pigmentation,41334177,GCST007489,30166351,"[""EFO_0003949""]","[""strict""]",https://www.ebi.ac.uk/gwas/rest/api/v2/associations/41334177,"[""https://www.ebi.ac.uk/gwas/rest/api/v2/associations?efo_id=EFO_0003949&show_child_trait=false&size=500&page=0""]",IRF4
pigmentation,41334182,GCST007489,30166351,"[""EFO_0003949""]","[""strict""]",https://www.ebi.ac.uk/gwas/rest/api/v2/associations/41334182,"[""https://www.ebi.ac.uk/gwas/rest/api/v2/associations?efo_id=EFO_0003949&show_child_trait=false&size=500&page=0""]",OCA2
pigmentation,41334187,GCST007489,30166351,"[""EFO_0003949""]","[""strict""]",https://www.ebi.ac.uk/gwas/rest/api/v2/associations/41334187,"[""https://www.ebi.ac.uk/gwas/rest/api/v2/associations?efo_id=EFO_0003949&show_child_trait=false&size=500&page=0""]",LURAP1L-AS1
pigmentation,41334192,GCST007489,30166351,"[""EFO_0003949""]","[""strict""]",https://www.ebi.ac.uk/gwas/rest/api/v2/associations/41334192,"[""https://www.ebi.ac.uk/gwas/rest/api/v2/associations?efo_id=EFO_0003949&show_child_trait=false&size=500&page=0""]",SLC45A2
pigmentation,41334197,GCST007489,30166351,"[""EFO_0003949""]","[""strict""]",https://www.ebi.ac.uk/gwas/rest/api/v2/associations/41334197,"[""https://www.ebi.ac.uk/gwas/rest/api/v2/associations?efo_id=EFO_0003949&show_child_trait=false&size=500&page=0""]",HERC2
pigmentation,41334202,GCST007489,30166351,"[""EFO_0003949""]","[""strict""]",https://www.ebi.ac.uk/gwas/rest/api/v2/associations/41334202,"[""https://www.ebi.ac.uk/gwas/rest/api/v2/associations?efo_id=EFO_0003949&show_child_trait=false&size=500&page=0""]",IRF4
pigmentation,41334207,GCST007489,30166351,"[""EFO_0003949""]","[""strict""]",https://www.ebi.ac.uk/gwas/rest/api/v2/associations/41334207,"[""https://www.ebi.ac.uk/gwas/rest/api/v2/associations?efo_id=EFO_0003949&show_child_trait=false&size=500&page=0""]",OCA2
pigmentation,41334212,GCST007489,30166351,"[""EFO_0003949""]","[""strict""]",https://www.ebi.ac.uk/gwas/rest/api/v2/associations/41334212,"[""https://www.ebi.ac.uk/gwas/rest/api/v2/associations?efo_id=EFO_0003949&show_child_trait=false&size=500&page=0""]",SLC45A2
pigmentation,41334217,GCST007489,30166351,"[""EFO_0003949""]","[""strict""]",https://www.ebi.ac.uk/gwas/rest/api/v2/associations/41334217,"[""https://www.ebi.ac.uk/gwas/rest/api/v2/associations?efo_id=EFO_0003949&show_child_trait=false&size=500&page=0""]",LURAP1L-AS1
pigmentation,41334259,GCST007488,30166351,"[""EFO_0003963""]","[""broad""]",https://www.ebi.ac.uk/gwas/rest/api/v2/associations/41334259,"[""https://www.ebi.ac.uk/gwas/rest/api/v2/associations?efo_id=EFO_0003963&show_child_trait=false&size=500&page=0""]",IRF4
pigmentation,41334264,GCST007488,30166351,"[""EFO_0003963""]","[""broad""]",https://www.ebi.ac.uk/gwas/rest/api/v2/associations/41334264,"[""https://www.ebi.ac.uk/gwas/rest/api/v2/associations?efo_id=EFO_0003963&show_child_trait=false&size=500&page=0""]",IRF4
pigmentation,41334269,GCST007488,30166351,"[""EFO_0003963""]","[""broad""]",https://www.ebi.ac.uk/gwas/rest/api/v2/associations/41334269,"[""https://www.ebi.ac.uk/gwas/rest/api/v2/associations?efo_id=EFO_0003963&show_child_trait=false&size=500&page=0""]",MC1R
pigmentation,41334274,GCST007488,30166351,"[""EFO_0003963""]","[""broad""]",https://www.ebi.ac.uk/gwas/rest/api/v2/associations/41334274,"[""https://www.ebi.ac.uk/gwas/rest/api/v2/associations?efo_id=EFO_0003963&show_child_trait=false&size=500&page=0""]",SPATA33
pigmentation,41334279,GCST007488,30166351,"[""EFO_0003963""]","[""broad""]",https://www.ebi.ac.uk/gwas/rest/api/v2/associations/41334279,"[""https://www.ebi.ac.uk/gwas/rest/api/v2/associations?efo_id=EFO_0003963&show_child_trait=false&size=500&page=0""]",IRF4
pigmentation,41334284,GCST007488,30166351,"[""EFO_0003963""]","[""broad""]",https://www.ebi.ac.uk/gwas/rest/api/v2/associations/41334284,"[""https://www.ebi.ac.uk/gwas/rest/api/v2/associations?efo_id=EFO_0003963&show_child_trait=false&size=500&page=0""]",SLC45A2
pigmentation,41334377,GCST007488,30166351,"[""EFO_0004279""]","[""broad""]",https://www.ebi.ac.uk/gwas/rest/api/v2/associations/41334377,"[""https://www.ebi.ac.uk/gwas/rest/api/v2/associations?efo_id=EFO_0004279&show_child_trait=false&size=500&page=0""]",HERC2
pigmentation,41334382,GCST007488,30166351,"[""EFO_0004279""]","[""broad""]",https://www.ebi.ac.uk/gwas/rest/api/v2/associations/41334382,"[""https://www.ebi.ac.uk/gwas/rest/api/v2/associations?efo_id=EFO_0004279&show_child_trait=false&size=500&page=0""]",SLC45A2
pigmentation,41334387,GCST007488,30166351,"[""EFO_0004279""]","[""broad""]",https://www.ebi.ac.uk/gwas/rest/api/v2/associations/41334387,"[""https://www.ebi.ac.uk/gwas/rest/api/v2/associations?efo_id=EFO_0004279&show_child_trait=false&size=500&page=0""]",HERC2
pigmentation,41334392,GCST007488,30166351,"[""EFO_0004279""]","[""broad""]",https://www.ebi.ac.uk/gwas/rest/api/v2/associations/41334392,"[""https://www.ebi.ac.uk/gwas/rest/api/v2/associations?efo_id=EFO_0004279&show_child_trait=false&size=500&page=0""]",IRF4
pigmentation,41334397,GCST007488,30166351,"[""EFO_0004279""]","[""broad""]",https://www.ebi.ac.uk/gwas/rest/api/v2/associations/41334397,"[""https://www.ebi.ac.uk/gwas/rest/api/v2/associations?efo_id=EFO_0004279&show_child_trait=false&size=500&page=0""]",SLC45A2
pigmentation,41334402,GCST007488,30166351,"[""EFO_0004279""]","[""broad""]",https://www.ebi.ac.uk/gwas/rest/api/v2/associations/41334402,"[""https://www.ebi.ac.uk/gwas/rest/api/v2/associations?efo_id=EFO_0004279&show_child_trait=false&size=500&page=0""]",HERC2
pigmentation,41334407,GCST007488,30166351,"[""EFO_0004279""]","[""broad""]",https://www.ebi.ac.uk/gwas/rest/api/v2/associations/41334407,"[""https://www.ebi.ac.uk/gwas/rest/api/v2/associations?efo_id=EFO_0004279&show_child_trait=false&size=500&page=0""]",HERC2
pigmentation,41334412,GCST007488,30166351,"[""EFO_0004279""]","[""broad""]",https://www.ebi.ac.uk/gwas/rest/api/v2/associations/41334412,"[""https://www.ebi.ac.uk/gwas/rest/api/v2/associations?efo_id=EFO_0004279&show_child_trait=false&size=500&page=0""]",IRF4
pigmentation,41334417,GCST007488,30166351,"[""EFO_0004279""]","[""broad""]",https://www.ebi.ac.uk/gwas/rest/api/v2/associations/41334417,"[""https://www.ebi.ac.uk/gwas/rest/api/v2/associations?efo_id=EFO_0004279&show_child_trait=false&size=500&page=0""]",SLC45A2
pigmentation,41334422,GCST007488,30166351,"[""EFO_0004279""]","[""broad""]",https://www.ebi.ac.uk/gwas/rest/api/v2/associations/41334422,"[""https://www.ebi.ac.uk/gwas/rest/api/v2/associations?efo_id=EFO_0004279&show_child_trait=false&size=500&page=0""]",HERC2
pigmentation,41334427,GCST007488,30166351,"[""EFO_0004279""]","[""broad""]",https://www.ebi.ac.uk/gwas/rest/api/v2/associations/41334427,"[""https://www.ebi.ac.uk/gwas/rest/api/v2/associations?efo_id=EFO_0004279&show_child_trait=false&size=500&page=0""]",HERC2
pigmentation,41334432,GCST007488,30166351,"[""EFO_0004279""]","[""broad""]",https://www.ebi.ac.uk/gwas/rest/api/v2/associations/41334432,"[""https://www.ebi.ac.uk/gwas/rest/api/v2/associations?efo_id=EFO_0004279&show_child_trait=false&size=500&page=0""]",IRF4
pigmentation,41334437,GCST007488,30166351,"[""EFO_0004279""]","[""broad""]",https://www.ebi.ac.uk/gwas/rest/api/v2/associations/41334437,"[""https://www.ebi.ac.uk/gwas/rest/api/v2/associations?efo_id=EFO_0004279&show_child_trait=false&size=500&page=0""]",OCA2
pigmentation,41334442,GCST007488,30166351,"[""EFO_0004279""]","[""broad""]",https://www.ebi.ac.uk/gwas/rest/api/v2/associations/41334442,"[""https://www.ebi.ac.uk/gwas/rest/api/v2/associations?efo_id=EFO_0004279&show_child_trait=false&size=500&page=0""]",SLC45A2
pigmentation,41334451,GCST007486,30166351,"[""OBA_0002313""]","[""strict""]",https://www.ebi.ac.uk/gwas/rest/api/v2/associations/41334451,"[""https://www.ebi.ac.uk/gwas/rest/api/v2/associations?efo_id=OBA_0002313&show_child_trait=false&size=500&page=0""]",HERC2
pigmentation,41334456,GCST007486,30166351,"[""OBA_0002313""]","[""strict""]",https://www.ebi.ac.uk/gwas/rest/api/v2/associations/41334456,"[""https://www.ebi.ac.uk/gwas/rest/api/v2/associations?efo_id=OBA_0002313&show_child_trait=false&size=500&page=0""]",IRF4
pigmentation,41334461,GCST007486,30166351,"[""OBA_0002313""]","[""strict""]",https://www.ebi.ac.uk/gwas/rest/api/v2/associations/41334461,"[""https://www.ebi.ac.uk/gwas/rest/api/v2/associations?efo_id=OBA_0002313&show_child_trait=false&size=500&page=0""]",SLC45A2
pigmentation,41334466,GCST007486,30166351,"[""OBA_0002313""]","[""strict""]",https://www.ebi.ac.uk/gwas/rest/api/v2/associations/41334466,"[""https://www.ebi.ac.uk/gwas/rest/api/v2/associations?efo_id=OBA_0002313&show_child_trait=false&size=500&page=0""]",NPLOC4
pigmentation,41334466,GCST007486,30166351,"[""OBA_0002313""]","[""strict""]",https://www.ebi.ac.uk/gwas/rest/api/v2/associations/41334466,"[""https://www.ebi.ac.uk/gwas/rest/api/v2/associations?efo_id=OBA_0002313&show_child_trait=false&size=500&page=0""]",TSPAN10
pigmentation,41334471,GCST007486,30166351,"[""OBA_0002313""]","[""strict""]",https://www.ebi.ac.uk/gwas/rest/api/v2/associations/41334471,"[""https://www.ebi.ac.uk/gwas/rest/api/v2/associations?efo_id=OBA_0002313&show_child_trait=false&size=500&page=0""]",HERC2
pigmentation,41334476,GCST007486,30166351,"[""OBA_0002313""]","[""strict""]",https://www.ebi.ac.uk/gwas/rest/api/v2/associations/41334476,"[""https://www.ebi.ac.uk/gwas/rest/api/v2/associations?efo_id=OBA_0002313&show_child_trait=false&size=500&page=0""]",HERC2
pigmentation,41334481,GCST007486,30166351,"[""OBA_0002313""]","[""strict""]",https://www.ebi.ac.uk/gwas/rest/api/v2/associations/41334481,"[""https://www.ebi.ac.uk/gwas/rest/api/v2/associations?efo_id=OBA_0002313&show_child_trait=false&size=500&page=0""]",SLC45A2
pigmentation,41334486,GCST007486,30166351,"[""OBA_0002313""]","[""strict""]",https://www.ebi.ac.uk/gwas/rest/api/v2/associations/41334486,"[""https://www.ebi.ac.uk/gwas/rest/api/v2/associations?efo_id=OBA_0002313&show_child_trait=false&size=500&page=0""]",IRF4
pigmentation,41334491,GCST007486,30166351,"[""OBA_0002313""]","[""strict""]",https://www.ebi.ac.uk/gwas/rest/api/v2/associations/41334491,"[""https://www.ebi.ac.uk/gwas/rest/api/v2/associations?efo_id=OBA_0002313&show_child_trait=false&size=500&page=0""]",SLC45A2
pigmentation,41334496,GCST007486,30166351,"[""OBA_0002313""]","[""strict""]",https://www.ebi.ac.uk/gwas/rest/api/v2/associations/41334496,"[""https://www.ebi.ac.uk/gwas/rest/api/v2/associations?efo_id=OBA_0002313&show_child_trait=false&size=500&page=0""]",FANCA
pigmentation,41334501,GCST007486,30166351,"[""OBA_0002313""]","[""strict""]",https://www.ebi.ac.uk/gwas/rest/api/v2/associations/41334501,"[""https://www.ebi.ac.uk/gwas/rest/api/v2/associations?efo_id=OBA_0002313&show_child_trait=false&size=500&page=0""]",HERC2
pigmentation,41334506,GCST007486,30166351,"[""OBA_0002313""]","[""strict""]",https://www.ebi.ac.uk/gwas/rest/api/v2/associations/41334506,"[""https://www.ebi.ac.uk/gwas/rest/api/v2/associations?efo_id=OBA_0002313&show_child_trait=false&size=500&page=0""]",HERC2
pigmentation,41334511,GCST007486,30166351,"[""OBA_0002313""]","[""strict""]",https://www.ebi.ac.uk/gwas/rest/api/v2/associations/41334511,"[""https://www.ebi.ac.uk/gwas/rest/api/v2/associations?efo_id=OBA_0002313&show_child_trait=false&size=500&page=0""]",MC1R
pigmentation,41334516,GCST007486,30166351,"[""OBA_0002313""]","[""strict""]",https://www.ebi.ac.uk/gwas/rest/api/v2/associations/41334516,"[""https://www.ebi.ac.uk/gwas/rest/api/v2/associations?efo_id=OBA_0002313&show_child_trait=false&size=500&page=0""]",SLC45A2
pigmentation,41334521,GCST007486,30166351,"[""OBA_0002313""]","[""strict""]",https://www.ebi.ac.uk/gwas/rest/api/v2/associations/41334521,"[""https://www.ebi.ac.uk/gwas/rest/api/v2/associations?efo_id=OBA_0002313&show_child_trait=false&size=500&page=0""]",FANCA
pigmentation,41334526,GCST007486,30166351,"[""OBA_0002313""]","[""strict""]",https://www.ebi.ac.uk/gwas/rest/api/v2/associations/41334526,"[""https://www.ebi.ac.uk/gwas/rest/api/v2/associations?efo_id=OBA_0002313&show_child_trait=false&size=500&page=0""]",MC1R
pigmentation,41334531,GCST007486,30166351,"[""OBA_0002313""]","[""strict""]",https://www.ebi.ac.uk/gwas/rest/api/v2/associations/41334531,"[""https://www.ebi.ac.uk/gwas/rest/api/v2/associations?efo_id=OBA_0002313&show_child_trait=false&size=500&page=0""]",RPL13
pigmentation,41334531,GCST007486,30166351,"[""OBA_0002313""]","[""strict""]",https://www.ebi.ac.uk/gwas/rest/api/v2/associations/41334531,"[""https://www.ebi.ac.uk/gwas/rest/api/v2/associations?efo_id=OBA_0002313&show_child_trait=false&size=500&page=0""]",SPG7
pigmentation,41334536,GCST007486,30166351,"[""OBA_0002313""]","[""strict""]",https://www.ebi.ac.uk/gwas/rest/api/v2/associations/41334536,"[""https://www.ebi.ac.uk/gwas/rest/api/v2/associations?efo_id=OBA_0002313&show_child_trait=false&size=500&page=0""]",FANCA
pigmentation,41334541,GCST007486,30166351,"[""OBA_0002313""]","[""strict""]",https://www.ebi.ac.uk/gwas/rest/api/v2/associations/41334541,"[""https://www.ebi.ac.uk/gwas/rest/api/v2/associations?efo_id=OBA_0002313&show_child_trait=false&size=500&page=0""]",HERC2
pigmentation,41334546,GCST007486,30166351,"[""OBA_0002313""]","[""strict""]",https://www.ebi.ac.uk/gwas/rest/api/v2/associations/41334546,"[""https://www.ebi.ac.uk/gwas/rest/api/v2/associations?efo_id=OBA_0002313&show_child_trait=false&size=500&page=0""]",HERC2
pigmentation,41334551,GCST007486,30166351,"[""OBA_0002313""]","[""strict""]",https://www.ebi.ac.uk/gwas/rest/api/v2/associations/41334551,"[""https://www.ebi.ac.uk/gwas/rest/api/v2/associations?efo_id=OBA_0002313&show_child_trait=false&size=500&page=0""]",IRF4
pigmentation,41334556,GCST007486,30166351,"[""OBA_0002313""]","[""strict""]",https://www.ebi.ac.uk/gwas/rest/api/v2/associations/41334556,"[""https://www.ebi.ac.uk/gwas/rest/api/v2/associations?efo_id=OBA_0002313&show_child_trait=false&size=500&page=0""]",MC1R
pigmentation,41334561,GCST007486,30166351,"[""OBA_0002313""]","[""strict""]",https://www.ebi.ac.uk/gwas/rest/api/v2/associations/41334561,"[""https://www.ebi.ac.uk/gwas/rest/api/v2/associations?efo_id=OBA_0002313&show_child_trait=false&size=500&page=0""]",SLC45A2
pigmentation,41334566,GCST007486,30166351,"[""OBA_0002313""]","[""strict""]",https://www.ebi.ac.uk/gwas/rest/api/v2/associations/41334566,"[""https://www.ebi.ac.uk/gwas/rest/api/v2/associations?efo_id=OBA_0002313&show_child_trait=false&size=500&page=0""]",NPLOC4
pigmentation,41334566,GCST007486,30166351,"[""OBA_0002313""]","[""strict""]",https://www.ebi.ac.uk/gwas/rest/api/v2/associations/41334566,"[""https://www.ebi.ac.uk/gwas/rest/api/v2/associations?efo_id=OBA_0002313&show_child_trait=false&size=500&page=0""]",TSPAN10
pigmentation,41334571,GCST007486,30166351,"[""OBA_0002313""]","[""strict""]",https://www.ebi.ac.uk/gwas/rest/api/v2/associations/41334571,"[""https://www.ebi.ac.uk/gwas/rest/api/v2/associations?efo_id=OBA_0002313&show_child_trait=false&size=500&page=0""]",FANCA
pigmentation,41334576,GCST007486,30166351,"[""OBA_0002313""]","[""strict""]",https://www.ebi.ac.uk/gwas/rest/api/v2/associations/41334576,"[""https://www.ebi.ac.uk/gwas/rest/api/v2/associations?efo_id=OBA_0002313&show_child_trait=false&size=500&page=0""]",HERC2
pigmentation,41334581,GCST007486,30166351,"[""OBA_0002313""]","[""strict""]",https://www.ebi.ac.uk/gwas/rest/api/v2/associations/41334581,"[""https://www.ebi.ac.uk/gwas/rest/api/v2/associations?efo_id=OBA_0002313&show_child_trait=false&size=500&page=0""]",HERC2
pigmentation,41334586,GCST007486,30166351,"[""OBA_0002313""]","[""strict""]",https://www.ebi.ac.uk/gwas/rest/api/v2/associations/41334586,"[""https://www.ebi.ac.uk/gwas/rest/api/v2/associations?efo_id=OBA_0002313&show_child_trait=false&size=500&page=0""]",IRF4
pigmentation,41334591,GCST007486,30166351,"[""OBA_0002313""]","[""strict""]",https://www.ebi.ac.uk/gwas/rest/api/v2/associations/41334591,"[""https://www.ebi.ac.uk/gwas/rest/api/v2/associations?efo_id=OBA_0002313&show_child_trait=false&size=500&page=0""]",RNU6-366P
pigmentation,41334591,GCST007486,30166351,"[""OBA_0002313""]","[""strict""]",https://www.ebi.ac.uk/gwas/rest/api/v2/associations/41334591,"[""https://www.ebi.ac.uk/gwas/rest/api/v2/associations?efo_id=OBA_0002313&show_child_trait=false&size=500&page=0""]",SLC24A4
pigmentation,41334597,GCST007486,30166351,"[""OBA_0002313""]","[""strict""]",https://www.ebi.ac.uk/gwas/rest/api/v2/associations/41334597,"[""https://www.ebi.ac.uk/gwas/rest/api/v2/associations?efo_id=OBA_0002313&show_child_trait=false&size=500&page=0""]",MC1R
pigmentation,41334602,GCST007486,30166351,"[""OBA_0002313""]","[""strict""]",https://www.ebi.ac.uk/gwas/rest/api/v2/associations/41334602,"[""https://www.ebi.ac.uk/gwas/rest/api/v2/associations?efo_id=OBA_0002313&show_child_trait=false&size=500&page=0""]",SLC45A2
pigmentation,41451108,GCST007740,30895295,"[""EFO_0009764""]","[""strict""]",https://www.ebi.ac.uk/gwas/rest/api/v2/associations/41451108,"[""https://www.ebi.ac.uk/gwas/rest/api/v2/associations?efo_id=EFO_0009764&show_child_trait=false&size=500&page=0""]",MIB2
pigmentation,41451114,GCST007740,30895295,"[""EFO_0009764""]","[""strict""]",https://www.ebi.ac.uk/gwas/rest/api/v2/associations/41451114,"[""https://www.ebi.ac.uk/gwas/rest/api/v2/associations?efo_id=EFO_0009764&show_child_trait=false&size=500&page=0""]",LINC01778
pigmentation,41451120,GCST007740,30895295,"[""EFO_0009764""]","[""strict""]",https://www.ebi.ac.uk/gwas/rest/api/v2/associations/41451120,"[""https://www.ebi.ac.uk/gwas/rest/api/v2/associations?efo_id=EFO_0009764&show_child_trait=false&size=500&page=0""]",EMBP1
pigmentation,41451120,GCST007740,30895295,"[""EFO_0009764""]","[""strict""]",https://www.ebi.ac.uk/gwas/rest/api/v2/associations/41451120,"[""https://www.ebi.ac.uk/gwas/rest/api/v2/associations?efo_id=EFO_0009764&show_child_trait=false&size=500&page=0""]",RNA5SP533
pigmentation,41451125,GCST007740,30895295,"[""EFO_0009764""]","[""strict""]",https://www.ebi.ac.uk/gwas/rest/api/v2/associations/41451125,"[""https://www.ebi.ac.uk/gwas/rest/api/v2/associations?efo_id=EFO_0009764&show_child_trait=false&size=500&page=0""]",LINC01701
pigmentation,41451131,GCST007740,30895295,"[""EFO_0009764""]","[""strict""]",https://www.ebi.ac.uk/gwas/rest/api/v2/associations/41451131,"[""https://www.ebi.ac.uk/gwas/rest/api/v2/associations?efo_id=EFO_0009764&show_child_trait=false&size=500&page=0""]",DUSP10
pigmentation,41451131,GCST007740,30895295,"[""EFO_0009764""]","[""strict""]",https://www.ebi.ac.uk/gwas/rest/api/v2/associations/41451131,"[""https://www.ebi.ac.uk/gwas/rest/api/v2/associations?efo_id=EFO_0009764&show_child_trait=false&size=500&page=0""]",LINC02817
pigmentation,41451136,GCST007740,30895295,"[""EFO_0009764""]","[""strict""]",https://www.ebi.ac.uk/gwas/rest/api/v2/associations/41451136,"[""https://www.ebi.ac.uk/gwas/rest/api/v2/associations?efo_id=EFO_0009764&show_child_trait=false&size=500&page=0""]",HNRNPA1P57
pigmentation,41451136,GCST007740,30895295,"[""EFO_0009764""]","[""strict""]",https://www.ebi.ac.uk/gwas/rest/api/v2/associations/41451136,"[""https://www.ebi.ac.uk/gwas/rest/api/v2/associations?efo_id=EFO_0009764&show_child_trait=false&size=500&page=0""]",LDHAP3
pigmentation,41451141,GCST007740,30895295,"[""EFO_0009764""]","[""strict""]",https://www.ebi.ac.uk/gwas/rest/api/v2/associations/41451141,"[""https://www.ebi.ac.uk/gwas/rest/api/v2/associations?efo_id=EFO_0009764&show_child_trait=false&size=500&page=0""]",PPIAP66
pigmentation,41451141,GCST007740,30895295,"[""EFO_0009764""]","[""strict""]",https://www.ebi.ac.uk/gwas/rest/api/v2/associations/41451141,"[""https://www.ebi.ac.uk/gwas/rest/api/v2/associations?efo_id=EFO_0009764&show_child_trait=false&size=500&page=0""]",RPL5P7
pigmentation,41451146,GCST007740,30895295,"[""EFO_0009764""]","[""strict""]",https://www.ebi.ac.uk/gwas/rest/api/v2/associations/41451146,"[""https://www.ebi.ac.uk/gwas/rest/api/v2/associations?efo_id=EFO_0009764&show_child_trait=false&size=500&page=0""]",MIR548AE1
pigmentation,41451146,GCST007740,30895295,"[""EFO_0009764""]","[""strict""]",https://www.ebi.ac.uk/gwas/rest/api/v2/associations/41451146,"[""https://www.ebi.ac.uk/gwas/rest/api/v2/associations?efo_id=EFO_0009764&show_child_trait=false&size=500&page=0""]",ZNF804A
pigmentation,41451151,GCST007740,30895295,"[""EFO_0009764""]","[""strict""]",https://www.ebi.ac.uk/gwas/rest/api/v2/associations/41451151,"[""https://www.ebi.ac.uk/gwas/rest/api/v2/associations?efo_id=EFO_0009764&show_child_trait=false&size=500&page=0""]",ELF2P4
pigmentation,41451151,GCST007740,30895295,"[""EFO_0009764""]","[""strict""]",https://www.ebi.ac.uk/gwas/rest/api/v2/associations/41451151,"[""https://www.ebi.ac.uk/gwas/rest/api/v2/associations?efo_id=EFO_0009764&show_child_trait=false&size=500&page=0""]",ZNF804A
pigmentation,41451156,GCST007740,30895295,"[""EFO_0009764""]","[""strict""]",https://www.ebi.ac.uk/gwas/rest/api/v2/associations/41451156,"[""https://www.ebi.ac.uk/gwas/rest/api/v2/associations?efo_id=EFO_0009764&show_child_trait=false&size=500&page=0""]",ELF2P4
pigmentation,41451156,GCST007740,30895295,"[""EFO_0009764""]","[""strict""]",https://www.ebi.ac.uk/gwas/rest/api/v2/associations/41451156,"[""https://www.ebi.ac.uk/gwas/rest/api/v2/associations?efo_id=EFO_0009764&show_child_trait=false&size=500&page=0""]",ZNF804A
pigmentation,41451161,GCST007740,30895295,"[""EFO_0009764""]","[""strict""]",https://www.ebi.ac.uk/gwas/rest/api/v2/associations/41451161,"[""https://www.ebi.ac.uk/gwas/rest/api/v2/associations?efo_id=EFO_0009764&show_child_trait=false&size=500&page=0""]",RFC3P1
pigmentation,41451161,GCST007740,30895295,"[""EFO_0009764""]","[""strict""]",https://www.ebi.ac.uk/gwas/rest/api/v2/associations/41451161,"[""https://www.ebi.ac.uk/gwas/rest/api/v2/associations?efo_id=EFO_0009764&show_child_trait=false&size=500&page=0""]",STAC
pigmentation,41451171,GCST007740,30895295,"[""EFO_0009764""]","[""strict""]",https://www.ebi.ac.uk/gwas/rest/api/v2/associations/41451171,"[""https://www.ebi.ac.uk/gwas/rest/api/v2/associations?efo_id=EFO_0009764&show_child_trait=false&size=500&page=0""]",RNU4-64P
pigmentation,41451171,GCST007740,30895295,"[""EFO_0009764""]","[""strict""]",https://www.ebi.ac.uk/gwas/rest/api/v2/associations/41451171,"[""https://www.ebi.ac.uk/gwas/rest/api/v2/associations?efo_id=EFO_0009764&show_child_trait=false&size=500&page=0""]",SORBS2
pigmentation,41451176,GCST007740,30895295,"[""EFO_0009764""]","[""strict""]",https://www.ebi.ac.uk/gwas/rest/api/v2/associations/41451176,"[""https://www.ebi.ac.uk/gwas/rest/api/v2/associations?efo_id=EFO_0009764&show_child_trait=false&size=500&page=0""]",CRYBG1
pigmentation,41451181,GCST007740,30895295,"[""EFO_0009764""]","[""strict""]",https://www.ebi.ac.uk/gwas/rest/api/v2/associations/41451181,"[""https://www.ebi.ac.uk/gwas/rest/api/v2/associations?efo_id=EFO_0009764&show_child_trait=false&size=500&page=0""]",INHBA
pigmentation,41451181,GCST007740,30895295,"[""EFO_0009764""]","[""strict""]",https://www.ebi.ac.uk/gwas/rest/api/v2/associations/41451181,"[""https://www.ebi.ac.uk/gwas/rest/api/v2/associations?efo_id=EFO_0009764&show_child_trait=false&size=500&page=0""]",LINC01449
pigmentation,41451186,GCST007740,30895295,"[""EFO_0009764""]","[""strict""]",https://www.ebi.ac.uk/gwas/rest/api/v2/associations/41451186,"[""https://www.ebi.ac.uk/gwas/rest/api/v2/associations?efo_id=EFO_0009764&show_child_trait=false&size=500&page=0""]",TNS3
pigmentation,41451191,GCST007740,30895295,"[""EFO_0009764""]","[""strict""]",https://www.ebi.ac.uk/gwas/rest/api/v2/associations/41451191,"[""https://www.ebi.ac.uk/gwas/rest/api/v2/associations?efo_id=EFO_0009764&show_child_trait=false&size=500&page=0""]",MIR3147HG
pigmentation,41451191,GCST007740,30895295,"[""EFO_0009764""]","[""strict""]",https://www.ebi.ac.uk/gwas/rest/api/v2/associations/41451191,"[""https://www.ebi.ac.uk/gwas/rest/api/v2/associations?efo_id=EFO_0009764&show_child_trait=false&size=500&page=0""]",RNU7-157P
pigmentation,41451196,GCST007740,30895295,"[""EFO_0009764""]","[""strict""]",https://www.ebi.ac.uk/gwas/rest/api/v2/associations/41451196,"[""https://www.ebi.ac.uk/gwas/rest/api/v2/associations?efo_id=EFO_0009764&show_child_trait=false&size=500&page=0""]",MTATP6P21
pigmentation,41451196,GCST007740,30895295,"[""EFO_0009764""]","[""strict""]",https://www.ebi.ac.uk/gwas/rest/api/v2/associations/41451196,"[""https://www.ebi.ac.uk/gwas/rest/api/v2/associations?efo_id=EFO_0009764&show_child_trait=false&size=500&page=0""]",STAG3L4
pigmentation,41451201,GCST007740,30895295,"[""EFO_0009764""]","[""strict""]",https://www.ebi.ac.uk/gwas/rest/api/v2/associations/41451201,"[""https://www.ebi.ac.uk/gwas/rest/api/v2/associations?efo_id=EFO_0009764&show_child_trait=false&size=500&page=0""]",CRYGN
pigmentation,41451201,GCST007740,30895295,"[""EFO_0009764""]","[""strict""]",https://www.ebi.ac.uk/gwas/rest/api/v2/associations/41451201,"[""https://www.ebi.ac.uk/gwas/rest/api/v2/associations?efo_id=EFO_0009764&show_child_trait=false&size=500&page=0""]",WDR86-AS1
pigmentation,41451206,GCST007740,30895295,"[""EFO_0009764""]","[""strict""]",https://www.ebi.ac.uk/gwas/rest/api/v2/associations/41451206,"[""https://www.ebi.ac.uk/gwas/rest/api/v2/associations?efo_id=EFO_0009764&show_child_trait=false&size=500&page=0""]",RALYL
pigmentation,41451212,GCST007740,30895295,"[""EFO_0009764""]","[""strict""]",https://www.ebi.ac.uk/gwas/rest/api/v2/associations/41451212,"[""https://www.ebi.ac.uk/gwas/rest/api/v2/associations?efo_id=EFO_0009764&show_child_trait=false&size=500&page=0""]",CNTNAP3
pigmentation,41451217,GCST007740,30895295,"[""EFO_0009764""]","[""strict""]",https://www.ebi.ac.uk/gwas/rest/api/v2/associations/41451217,"[""https://www.ebi.ac.uk/gwas/rest/api/v2/associations?efo_id=EFO_0009764&show_child_trait=false&size=500&page=0""]",PTPN3
pigmentation,41451222,GCST007740,30895295,"[""EFO_0009764""]","[""strict""]",https://www.ebi.ac.uk/gwas/rest/api/v2/associations/41451222,"[""https://www.ebi.ac.uk/gwas/rest/api/v2/associations?efo_id=EFO_0009764&show_child_trait=false&size=500&page=0""]",LYZL1
pigmentation,41451222,GCST007740,30895295,"[""EFO_0009764""]","[""strict""]",https://www.ebi.ac.uk/gwas/rest/api/v2/associations/41451222,"[""https://www.ebi.ac.uk/gwas/rest/api/v2/associations?efo_id=EFO_0009764&show_child_trait=false&size=500&page=0""]",SVIL-AS1
pigmentation,41451227,GCST007740,30895295,"[""EFO_0009764""]","[""strict""]",https://www.ebi.ac.uk/gwas/rest/api/v2/associations/41451227,"[""https://www.ebi.ac.uk/gwas/rest/api/v2/associations?efo_id=EFO_0009764&show_child_trait=false&size=500&page=0""]",NPM1P31
pigmentation,41451227,GCST007740,30895295,"[""EFO_0009764""]","[""strict""]",https://www.ebi.ac.uk/gwas/rest/api/v2/associations/41451227,"[""https://www.ebi.ac.uk/gwas/rest/api/v2/associations?efo_id=EFO_0009764&show_child_trait=false&size=500&page=0""]",ZRANB1
pigmentation,41451232,GCST007740,30895295,"[""EFO_0009764""]","[""strict""]",https://www.ebi.ac.uk/gwas/rest/api/v2/associations/41451232,"[""https://www.ebi.ac.uk/gwas/rest/api/v2/associations?efo_id=EFO_0009764&show_child_trait=false&size=500&page=0""]",MGMT
pigmentation,41451237,GCST007740,30895295,"[""EFO_0009764""]","[""strict""]",https://www.ebi.ac.uk/gwas/rest/api/v2/associations/41451237,"[""https://www.ebi.ac.uk/gwas/rest/api/v2/associations?efo_id=EFO_0009764&show_child_trait=false&size=500&page=0""]",DRD2
pigmentation,41451237,GCST007740,30895295,"[""EFO_0009764""]","[""strict""]",https://www.ebi.ac.uk/gwas/rest/api/v2/associations/41451237,"[""https://www.ebi.ac.uk/gwas/rest/api/v2/associations?efo_id=EFO_0009764&show_child_trait=false&size=500&page=0""]",TMPRSS5
pigmentation,41451247,GCST007740,30895295,"[""EFO_0009764""]","[""strict""]",https://www.ebi.ac.uk/gwas/rest/api/v2/associations/41451247,"[""https://www.ebi.ac.uk/gwas/rest/api/v2/associations?efo_id=EFO_0009764&show_child_trait=false&size=500&page=0""]",SLC24A5
pigmentation,41451252,GCST007740,30895295,"[""EFO_0009764""]","[""strict""]",https://www.ebi.ac.uk/gwas/rest/api/v2/associations/41451252,"[""https://www.ebi.ac.uk/gwas/rest/api/v2/associations?efo_id=EFO_0009764&show_child_trait=false&size=500&page=0""]",SV2B
pigmentation,41451257,GCST007740,30895295,"[""EFO_0009764""]","[""strict""]",https://www.ebi.ac.uk/gwas/rest/api/v2/associations/41451257,"[""https://www.ebi.ac.uk/gwas/rest/api/v2/associations?efo_id=EFO_0009764&show_child_trait=false&size=500&page=0""]",CES5A
pigmentation,41451262,GCST007740,30895295,"[""EFO_0009764""]","[""strict""]",https://www.ebi.ac.uk/gwas/rest/api/v2/associations/41451262,"[""https://www.ebi.ac.uk/gwas/rest/api/v2/associations?efo_id=EFO_0009764&show_child_trait=false&size=500&page=0""]",MBTPS1
pigmentation,41451267,GCST007740,30895295,"[""EFO_0009764""]","[""strict""]",https://www.ebi.ac.uk/gwas/rest/api/v2/associations/41451267,"[""https://www.ebi.ac.uk/gwas/rest/api/v2/associations?efo_id=EFO_0009764&show_child_trait=false&size=500&page=0""]",LINC02182
pigmentation,41451278,GCST007740,30895295,"[""EFO_0009764""]","[""strict""]",https://www.ebi.ac.uk/gwas/rest/api/v2/associations/41451278,"[""https://www.ebi.ac.uk/gwas/rest/api/v2/associations?efo_id=EFO_0009764&show_child_trait=false&size=500&page=0""]",MYOCD
pigmentation,41451337,GCST007741,30895295,"[""EFO_0009764""]","[""strict""]",https://www.ebi.ac.uk/gwas/rest/api/v2/associations/41451337,"[""https://www.ebi.ac.uk/gwas/rest/api/v2/associations?efo_id=EFO_0009764&show_child_trait=false&size=500&page=0""]",MIB2
pigmentation,41451342,GCST007741,30895295,"[""EFO_0009764""]","[""strict""]",https://www.ebi.ac.uk/gwas/rest/api/v2/associations/41451342,"[""https://www.ebi.ac.uk/gwas/rest/api/v2/associations?efo_id=EFO_0009764&show_child_trait=false&size=500&page=0""]",LINC01745
pigmentation,41451347,GCST007741,30895295,"[""EFO_0009764""]","[""strict""]",https://www.ebi.ac.uk/gwas/rest/api/v2/associations/41451347,"[""https://www.ebi.ac.uk/gwas/rest/api/v2/associations?efo_id=EFO_0009764&show_child_trait=false&size=500&page=0""]",LINC01248
pigmentation,41451347,GCST007741,30895295,"[""EFO_0009764""]","[""strict""]",https://www.ebi.ac.uk/gwas/rest/api/v2/associations/41451347,"[""https://www.ebi.ac.uk/gwas/rest/api/v2/associations?efo_id=EFO_0009764&show_child_trait=false&size=500&page=0""]",RNU6-649P
pigmentation,41451357,GCST007741,30895295,"[""EFO_0009764""]","[""strict""]",https://www.ebi.ac.uk/gwas/rest/api/v2/associations/41451357,"[""https://www.ebi.ac.uk/gwas/rest/api/v2/associations?efo_id=EFO_0009764&show_child_trait=false&size=500&page=0""]",ACTR3-AS1
pigmentation,41451362,GCST007741,30895295,"[""EFO_0009764""]","[""strict""]",https://www.ebi.ac.uk/gwas/rest/api/v2/associations/41451362,"[""https://www.ebi.ac.uk/gwas/rest/api/v2/associations?efo_id=EFO_0009764&show_child_trait=false&size=500&page=0""]",MIR548AE1
pigmentation,41451362,GCST007741,30895295,"[""EFO_0009764""]","[""strict""]",https://www.ebi.ac.uk/gwas/rest/api/v2/associations/41451362,"[""https://www.ebi.ac.uk/gwas/rest/api/v2/associations?efo_id=EFO_0009764&show_child_trait=false&size=500&page=0""]",ZNF804A
pigmentation,41451367,GCST007741,30895295,"[""EFO_0009764""]","[""strict""]",https://www.ebi.ac.uk/gwas/rest/api/v2/associations/41451367,"[""https://www.ebi.ac.uk/gwas/rest/api/v2/associations?efo_id=EFO_0009764&show_child_trait=false&size=500&page=0""]",OR5S1P
pigmentation,41451367,GCST007741,30895295,"[""EFO_0009764""]","[""strict""]",https://www.ebi.ac.uk/gwas/rest/api/v2/associations/41451367,"[""https://www.ebi.ac.uk/gwas/rest/api/v2/associations?efo_id=EFO_0009764&show_child_trait=false&size=500&page=0""]",OR9S24P
pigmentation,41451372,GCST007741,30895295,"[""EFO_0009764""]","[""strict""]",https://www.ebi.ac.uk/gwas/rest/api/v2/associations/41451372,"[""https://www.ebi.ac.uk/gwas/rest/api/v2/associations?efo_id=EFO_0009764&show_child_trait=false&size=500&page=0""]",CLSTN2
pigmentation,41451381,GCST007741,30895295,"[""EFO_0009764""]","[""strict""]",https://www.ebi.ac.uk/gwas/rest/api/v2/associations/41451381,"[""https://www.ebi.ac.uk/gwas/rest/api/v2/associations?efo_id=EFO_0009764&show_child_trait=false&size=500&page=0""]",PPP3CA
pigmentation,41451386,GCST007741,30895295,"[""EFO_0009764""]","[""strict""]",https://www.ebi.ac.uk/gwas/rest/api/v2/associations/41451386,"[""https://www.ebi.ac.uk/gwas/rest/api/v2/associations?efo_id=EFO_0009764&show_child_trait=false&size=500&page=0""]",QRFPR
pigmentation,41451386,GCST007741,30895295,"[""EFO_0009764""]","[""strict""]",https://www.ebi.ac.uk/gwas/rest/api/v2/associations/41451386,"[""https://www.ebi.ac.uk/gwas/rest/api/v2/associations?efo_id=EFO_0009764&show_child_trait=false&size=500&page=0""]",TUBB4BP5
pigmentation,41451391,GCST007741,30895295,"[""EFO_0009764""]","[""strict""]",https://www.ebi.ac.uk/gwas/rest/api/v2/associations/41451391,"[""https://www.ebi.ac.uk/gwas/rest/api/v2/associations?efo_id=EFO_0009764&show_child_trait=false&size=500&page=0""]",STOX2
pigmentation,41451396,GCST007741,30895295,"[""EFO_0009764""]","[""strict""]",https://www.ebi.ac.uk/gwas/rest/api/v2/associations/41451396,"[""https://www.ebi.ac.uk/gwas/rest/api/v2/associations?efo_id=EFO_0009764&show_child_trait=false&size=500&page=0""]",LINC02150
pigmentation,41451402,GCST007741,30895295,"[""EFO_0009764""]","[""strict""]",https://www.ebi.ac.uk/gwas/rest/api/v2/associations/41451402,"[""https://www.ebi.ac.uk/gwas/rest/api/v2/associations?efo_id=EFO_0009764&show_child_trait=false&size=500&page=0""]",LINC03122
pigmentation,41451407,GCST007741,30895295,"[""EFO_0009764""]","[""strict""]",https://www.ebi.ac.uk/gwas/rest/api/v2/associations/41451407,"[""https://www.ebi.ac.uk/gwas/rest/api/v2/associations?efo_id=EFO_0009764&show_child_trait=false&size=500&page=0""]",NUFIP1P1
pigmentation,41451407,GCST007741,30895295,"[""EFO_0009764""]","[""strict""]",https://www.ebi.ac.uk/gwas/rest/api/v2/associations/41451407,"[""https://www.ebi.ac.uk/gwas/rest/api/v2/associations?efo_id=EFO_0009764&show_child_trait=false&size=500&page=0""]",RNU7-66P
pigmentation,41451411,GCST007741,30895295,"[""EFO_0009764""]","[""strict""]",https://www.ebi.ac.uk/gwas/rest/api/v2/associations/41451411,"[""https://www.ebi.ac.uk/gwas/rest/api/v2/associations?efo_id=EFO_0009764&show_child_trait=false&size=500&page=0""]",ARID1B
pigmentation,41451416,GCST007741,30895295,"[""EFO_0009764""]","[""strict""]",https://www.ebi.ac.uk/gwas/rest/api/v2/associations/41451416,"[""https://www.ebi.ac.uk/gwas/rest/api/v2/associations?efo_id=EFO_0009764&show_child_trait=false&size=500&page=0""]",HDAC9
pigmentation,41451421,GCST007741,30895295,"[""EFO_0009764""]","[""strict""]",https://www.ebi.ac.uk/gwas/rest/api/v2/associations/41451421,"[""https://www.ebi.ac.uk/gwas/rest/api/v2/associations?efo_id=EFO_0009764&show_child_trait=false&size=500&page=0""]",NUDCD3
pigmentation,41451426,GCST007741,30895295,"[""EFO_0009764""]","[""strict""]",https://www.ebi.ac.uk/gwas/rest/api/v2/associations/41451426,"[""https://www.ebi.ac.uk/gwas/rest/api/v2/associations?efo_id=EFO_0009764&show_child_trait=false&size=500&page=0""]",RNU6-1097P
pigmentation,41451426,GCST007741,30895295,"[""EFO_0009764""]","[""strict""]",https://www.ebi.ac.uk/gwas/rest/api/v2/associations/41451426,"[""https://www.ebi.ac.uk/gwas/rest/api/v2/associations?efo_id=EFO_0009764&show_child_trait=false&size=500&page=0""]",RPL36AP27
pigmentation,41451432,GCST007741,30895295,"[""EFO_0009764""]","[""strict""]",https://www.ebi.ac.uk/gwas/rest/api/v2/associations/41451432,"[""https://www.ebi.ac.uk/gwas/rest/api/v2/associations?efo_id=EFO_0009764&show_child_trait=false&size=500&page=0""]",CDC42P2
pigmentation,41451432,GCST007741,30895295,"[""EFO_0009764""]","[""strict""]",https://www.ebi.ac.uk/gwas/rest/api/v2/associations/41451432,"[""https://www.ebi.ac.uk/gwas/rest/api/v2/associations?efo_id=EFO_0009764&show_child_trait=false&size=500&page=0""]",VOPP1-DT
pigmentation,41451436,GCST007741,30895295,"[""EFO_0009764""]","[""strict""]",https://www.ebi.ac.uk/gwas/rest/api/v2/associations/41451436,"[""https://www.ebi.ac.uk/gwas/rest/api/v2/associations?efo_id=EFO_0009764&show_child_trait=false&size=500&page=0""]",MTATP6P21
pigmentation,41451436,GCST007741,30895295,"[""EFO_0009764""]","[""strict""]",https://www.ebi.ac.uk/gwas/rest/api/v2/associations/41451436,"[""https://www.ebi.ac.uk/gwas/rest/api/v2/associations?efo_id=EFO_0009764&show_child_trait=false&size=500&page=0""]",STAG3L4
pigmentation,41451441,GCST007741,30895295,"[""EFO_0009764""]","[""strict""]",https://www.ebi.ac.uk/gwas/rest/api/v2/associations/41451441,"[""https://www.ebi.ac.uk/gwas/rest/api/v2/associations?efo_id=EFO_0009764&show_child_trait=false&size=500&page=0""]",MTCO1P57
pigmentation,41451441,GCST007741,30895295,"[""EFO_0009764""]","[""strict""]",https://www.ebi.ac.uk/gwas/rest/api/v2/associations/41451441,"[""https://www.ebi.ac.uk/gwas/rest/api/v2/associations?efo_id=EFO_0009764&show_child_trait=false&size=500&page=0""]",MTCO3P41
pigmentation,41451446,GCST007741,30895295,"[""EFO_0009764""]","[""strict""]",https://www.ebi.ac.uk/gwas/rest/api/v2/associations/41451446,"[""https://www.ebi.ac.uk/gwas/rest/api/v2/associations?efo_id=EFO_0009764&show_child_trait=false&size=500&page=0""]",BET1-AS1
pigmentation,41451446,GCST007741,30895295,"[""EFO_0009764""]","[""strict""]",https://www.ebi.ac.uk/gwas/rest/api/v2/associations/41451446,"[""https://www.ebi.ac.uk/gwas/rest/api/v2/associations?efo_id=EFO_0009764&show_child_trait=false&size=500&page=0""]",COL1A2
pigmentation,41451451,GCST007741,30895295,"[""EFO_0009764""]","[""strict""]",https://www.ebi.ac.uk/gwas/rest/api/v2/associations/41451451,"[""https://www.ebi.ac.uk/gwas/rest/api/v2/associations?efo_id=EFO_0009764&show_child_trait=false&size=500&page=0""]",TPK1
pigmentation,41451455,GCST007741,30895295,"[""EFO_0009764""]","[""strict""]",https://www.ebi.ac.uk/gwas/rest/api/v2/associations/41451455,"[""https://www.ebi.ac.uk/gwas/rest/api/v2/associations?efo_id=EFO_0009764&show_child_trait=false&size=500&page=0""]",PTPN3
pigmentation,41451460,GCST007741,30895295,"[""EFO_0009764""]","[""strict""]",https://www.ebi.ac.uk/gwas/rest/api/v2/associations/41451460,"[""https://www.ebi.ac.uk/gwas/rest/api/v2/associations?efo_id=EFO_0009764&show_child_trait=false&size=500&page=0""]",GAPVD1
pigmentation,41451460,GCST007741,30895295,"[""EFO_0009764""]","[""strict""]",https://www.ebi.ac.uk/gwas/rest/api/v2/associations/41451460,"[""https://www.ebi.ac.uk/gwas/rest/api/v2/associations?efo_id=EFO_0009764&show_child_trait=false&size=500&page=0""]",Metazoa_SRP
pigmentation,41451465,GCST007741,30895295,"[""EFO_0009764""]","[""strict""]",https://www.ebi.ac.uk/gwas/rest/api/v2/associations/41451465,"[""https://www.ebi.ac.uk/gwas/rest/api/v2/associations?efo_id=EFO_0009764&show_child_trait=false&size=500&page=0""]",LINC02645
pigmentation,41451470,GCST007741,30895295,"[""EFO_0009764""]","[""strict""]",https://www.ebi.ac.uk/gwas/rest/api/v2/associations/41451470,"[""https://www.ebi.ac.uk/gwas/rest/api/v2/associations?efo_id=EFO_0009764&show_child_trait=false&size=500&page=0""]",LYZL1
pigmentation,41451470,GCST007741,30895295,"[""EFO_0009764""]","[""strict""]",https://www.ebi.ac.uk/gwas/rest/api/v2/associations/41451470,"[""https://www.ebi.ac.uk/gwas/rest/api/v2/associations?efo_id=EFO_0009764&show_child_trait=false&size=500&page=0""]",SVIL-AS1
pigmentation,41451474,GCST007741,30895295,"[""EFO_0009764""]","[""strict""]",https://www.ebi.ac.uk/gwas/rest/api/v2/associations/41451474,"[""https://www.ebi.ac.uk/gwas/rest/api/v2/associations?efo_id=EFO_0009764&show_child_trait=false&size=500&page=0""]",MGMT
pigmentation,41451479,GCST007741,30895295,"[""EFO_0009764""]","[""strict""]",https://www.ebi.ac.uk/gwas/rest/api/v2/associations/41451479,"[""https://www.ebi.ac.uk/gwas/rest/api/v2/associations?efo_id=EFO_0009764&show_child_trait=false&size=500&page=0""]",HAUS8P1
pigmentation,41451479,GCST007741,30895295,"[""EFO_0009764""]","[""strict""]",https://www.ebi.ac.uk/gwas/rest/api/v2/associations/41451479,"[""https://www.ebi.ac.uk/gwas/rest/api/v2/associations?efo_id=EFO_0009764&show_child_trait=false&size=500&page=0""]",RBM19
pigmentation,41451489,GCST007741,30895295,"[""EFO_0009764""]","[""strict""]",https://www.ebi.ac.uk/gwas/rest/api/v2/associations/41451489,"[""https://www.ebi.ac.uk/gwas/rest/api/v2/associations?efo_id=EFO_0009764&show_child_trait=false&size=500&page=0""]",MIR17HG
pigmentation,41451489,GCST007741,30895295,"[""EFO_0009764""]","[""strict""]",https://www.ebi.ac.uk/gwas/rest/api/v2/associations/41451489,"[""https://www.ebi.ac.uk/gwas/rest/api/v2/associations?efo_id=EFO_0009764&show_child_trait=false&size=500&page=0""]",PPIAP23
pigmentation,41451494,GCST007741,30895295,"[""EFO_0009764""]","[""strict""]",https://www.ebi.ac.uk/gwas/rest/api/v2/associations/41451494,"[""https://www.ebi.ac.uk/gwas/rest/api/v2/associations?efo_id=EFO_0009764&show_child_trait=false&size=500&page=0""]",SLC7A7
pigmentation,41451498,GCST007741,30895295,"[""EFO_0009764""]","[""strict""]",https://www.ebi.ac.uk/gwas/rest/api/v2/associations/41451498,"[""https://www.ebi.ac.uk/gwas/rest/api/v2/associations?efo_id=EFO_0009764&show_child_trait=false&size=500&page=0""]",HERC2
pigmentation,41451502,GCST007741,30895295,"[""EFO_0009764""]","[""strict""]",https://www.ebi.ac.uk/gwas/rest/api/v2/associations/41451502,"[""https://www.ebi.ac.uk/gwas/rest/api/v2/associations?efo_id=EFO_0009764&show_child_trait=false&size=500&page=0""]",SLC24A5
pigmentation,41451507,GCST007741,30895295,"[""EFO_0009764""]","[""strict""]",https://www.ebi.ac.uk/gwas/rest/api/v2/associations/41451507,"[""https://www.ebi.ac.uk/gwas/rest/api/v2/associations?efo_id=EFO_0009764&show_child_trait=false&size=500&page=0""]",SHC4
pigmentation,41451512,GCST007741,30895295,"[""EFO_0009764""]","[""strict""]",https://www.ebi.ac.uk/gwas/rest/api/v2/associations/41451512,"[""https://www.ebi.ac.uk/gwas/rest/api/v2/associations?efo_id=EFO_0009764&show_child_trait=false&size=500&page=0""]",CARMAL
pigmentation,41451512,GCST007741,30895295,"[""EFO_0009764""]","[""strict""]",https://www.ebi.ac.uk/gwas/rest/api/v2/associations/41451512,"[""https://www.ebi.ac.uk/gwas/rest/api/v2/associations?efo_id=EFO_0009764&show_child_trait=false&size=500&page=0""]",KRT18P47
pigmentation,41451516,GCST007741,30895295,"[""EFO_0009764""]","[""strict""]",https://www.ebi.ac.uk/gwas/rest/api/v2/associations/41451516,"[""https://www.ebi.ac.uk/gwas/rest/api/v2/associations?efo_id=EFO_0009764&show_child_trait=false&size=500&page=0""]",SV2B
pigmentation,41451521,GCST007741,30895295,"[""EFO_0009764""]","[""strict""]",https://www.ebi.ac.uk/gwas/rest/api/v2/associations/41451521,"[""https://www.ebi.ac.uk/gwas/rest/api/v2/associations?efo_id=EFO_0009764&show_child_trait=false&size=500&page=0""]",TMC7
pigmentation,41451526,GCST007741,30895295,"[""EFO_0009764""]","[""strict""]",https://www.ebi.ac.uk/gwas/rest/api/v2/associations/41451526,"[""https://www.ebi.ac.uk/gwas/rest/api/v2/associations?efo_id=EFO_0009764&show_child_trait=false&size=500&page=0""]",ELAC2
pigmentation,41451526,GCST007741,30895295,"[""EFO_0009764""]","[""strict""]",https://www.ebi.ac.uk/gwas/rest/api/v2/associations/41451526,"[""https://www.ebi.ac.uk/gwas/rest/api/v2/associations?efo_id=EFO_0009764&show_child_trait=false&size=500&page=0""]",LINC02093
pigmentation,41451531,GCST007741,30895295,"[""EFO_0009764""]","[""strict""]",https://www.ebi.ac.uk/gwas/rest/api/v2/associations/41451531,"[""https://www.ebi.ac.uk/gwas/rest/api/v2/associations?efo_id=EFO_0009764&show_child_trait=false&size=500&page=0""]",CEP112
pigmentation,41451536,GCST007741,30895295,"[""EFO_0009764""]","[""strict""]",https://www.ebi.ac.uk/gwas/rest/api/v2/associations/41451536,"[""https://www.ebi.ac.uk/gwas/rest/api/v2/associations?efo_id=EFO_0009764&show_child_trait=false&size=500&page=0""]",LINC00907
pigmentation,41451541,GCST007741,30895295,"[""EFO_0009764""]","[""strict""]",https://www.ebi.ac.uk/gwas/rest/api/v2/associations/41451541,"[""https://www.ebi.ac.uk/gwas/rest/api/v2/associations?efo_id=EFO_0009764&show_child_trait=false&size=500&page=0""]",PSTPIP2
pigmentation,41451546,GCST007741,30895295,"[""EFO_0009764""]","[""strict""]",https://www.ebi.ac.uk/gwas/rest/api/v2/associations/41451546,"[""https://www.ebi.ac.uk/gwas/rest/api/v2/associations?efo_id=EFO_0009764&show_child_trait=false&size=500&page=0""]",CD93
pigmentation,41451546,GCST007741,30895295,"[""EFO_0009764""]","[""strict""]",https://www.ebi.ac.uk/gwas/rest/api/v2/associations/41451546,"[""https://www.ebi.ac.uk/gwas/rest/api/v2/associations?efo_id=EFO_0009764&show_child_trait=false&size=500&page=0""]",LINC00656
pigmentation,41451551,GCST007741,30895295,"[""EFO_0009764""]","[""strict""]",https://www.ebi.ac.uk/gwas/rest/api/v2/associations/41451551,"[""https://www.ebi.ac.uk/gwas/rest/api/v2/associations?efo_id=EFO_0009764&show_child_trait=false&size=500&page=0""]",MIATNB
pigmentation,41451623,GCST007743,30895295,"[""EFO_0009764""]","[""strict""]",https://www.ebi.ac.uk/gwas/rest/api/v2/associations/41451623,"[""https://www.ebi.ac.uk/gwas/rest/api/v2/associations?efo_id=EFO_0009764&show_child_trait=false&size=500&page=0""]",NOS1AP
pigmentation,41451628,GCST007743,30895295,"[""EFO_0009764""]","[""strict""]",https://www.ebi.ac.uk/gwas/rest/api/v2/associations/41451628,"[""https://www.ebi.ac.uk/gwas/rest/api/v2/associations?efo_id=EFO_0009764&show_child_trait=false&size=500&page=0""]",ESRRG
pigmentation,41451628,GCST007743,30895295,"[""EFO_0009764""]","[""strict""]",https://www.ebi.ac.uk/gwas/rest/api/v2/associations/41451628,"[""https://www.ebi.ac.uk/gwas/rest/api/v2/associations?efo_id=EFO_0009764&show_child_trait=false&size=500&page=0""]",USH2A
pigmentation,41451633,GCST007743,30895295,"[""EFO_0009764""]","[""strict""]",https://www.ebi.ac.uk/gwas/rest/api/v2/associations/41451633,"[""https://www.ebi.ac.uk/gwas/rest/api/v2/associations?efo_id=EFO_0009764&show_child_trait=false&size=500&page=0""]",LINC00184
pigmentation,41451633,GCST007743,30895295,"[""EFO_0009764""]","[""strict""]",https://www.ebi.ac.uk/gwas/rest/api/v2/associations/41451633,"[""https://www.ebi.ac.uk/gwas/rest/api/v2/associations?efo_id=EFO_0009764&show_child_trait=false&size=500&page=0""]",LINC01132
pigmentation,41451639,GCST007743,30895295,"[""EFO_0009764""]","[""strict""]",https://www.ebi.ac.uk/gwas/rest/api/v2/associations/41451639,"[""https://www.ebi.ac.uk/gwas/rest/api/v2/associations?efo_id=EFO_0009764&show_child_trait=false&size=500&page=0""]",IGKV1OR2-118
pigmentation,41451639,GCST007743,30895295,"[""EFO_0009764""]","[""strict""]",https://www.ebi.ac.uk/gwas/rest/api/v2/associations/41451639,"[""https://www.ebi.ac.uk/gwas/rest/api/v2/associations?efo_id=EFO_0009764&show_child_trait=false&size=500&page=0""]",LSP1P5
pigmentation,41451645,GCST007743,30895295,"[""EFO_0009764""]","[""strict""]",https://www.ebi.ac.uk/gwas/rest/api/v2/associations/41451645,"[""https://www.ebi.ac.uk/gwas/rest/api/v2/associations?efo_id=EFO_0009764&show_child_trait=false&size=500&page=0""]",MIR5702
pigmentation,41451645,GCST007743,30895295,"[""EFO_0009764""]","[""strict""]",https://www.ebi.ac.uk/gwas/rest/api/v2/associations/41451645,"[""https://www.ebi.ac.uk/gwas/rest/api/v2/associations?efo_id=EFO_0009764&show_child_trait=false&size=500&page=0""]",NYAP2
pigmentation,41451650,GCST007743,30895295,"[""EFO_0009764""]","[""strict""]",https://www.ebi.ac.uk/gwas/rest/api/v2/associations/41451650,"[""https://www.ebi.ac.uk/gwas/rest/api/v2/associations?efo_id=EFO_0009764&show_child_trait=false&size=500&page=0""]",CNTN6
pigmentation,41451655,GCST007743,30895295,"[""EFO_0009764""]","[""strict""]",https://www.ebi.ac.uk/gwas/rest/api/v2/associations/41451655,"[""https://www.ebi.ac.uk/gwas/rest/api/v2/associations?efo_id=EFO_0009764&show_child_trait=false&size=500&page=0""]",RAB5A
pigmentation,41451660,GCST007743,30895295,"[""EFO_0009764""]","[""strict""]",https://www.ebi.ac.uk/gwas/rest/api/v2/associations/41451660,"[""https://www.ebi.ac.uk/gwas/rest/api/v2/associations?efo_id=EFO_0009764&show_child_trait=false&size=500&page=0""]",FHIT
pigmentation,41451665,GCST007743,30895295,"[""EFO_0009764""]","[""strict""]",https://www.ebi.ac.uk/gwas/rest/api/v2/associations/41451665,"[""https://www.ebi.ac.uk/gwas/rest/api/v2/associations?efo_id=EFO_0009764&show_child_trait=false&size=500&page=0""]",ALCAM
pigmentation,41451665,GCST007743,30895295,"[""EFO_0009764""]","[""strict""]",https://www.ebi.ac.uk/gwas/rest/api/v2/associations/41451665,"[""https://www.ebi.ac.uk/gwas/rest/api/v2/associations?efo_id=EFO_0009764&show_child_trait=false&size=500&page=0""]",EZRP1
pigmentation,41451670,GCST007743,30895295,"[""EFO_0009764""]","[""strict""]",https://www.ebi.ac.uk/gwas/rest/api/v2/associations/41451670,"[""https://www.ebi.ac.uk/gwas/rest/api/v2/associations?efo_id=EFO_0009764&show_child_trait=false&size=500&page=0""]",ZBBX
pigmentation,41451675,GCST007743,30895295,"[""EFO_0009764""]","[""strict""]",https://www.ebi.ac.uk/gwas/rest/api/v2/associations/41451675,"[""https://www.ebi.ac.uk/gwas/rest/api/v2/associations?efo_id=EFO_0009764&show_child_trait=false&size=500&page=0""]",NWD2
pigmentation,41451681,GCST007743,30895295,"[""EFO_0009764""]","[""strict""]",https://www.ebi.ac.uk/gwas/rest/api/v2/associations/41451681,"[""https://www.ebi.ac.uk/gwas/rest/api/v2/associations?efo_id=EFO_0009764&show_child_trait=false&size=500&page=0""]",SAP30-DT
pigmentation,41451686,GCST007743,30895295,"[""EFO_0009764""]","[""strict""]",https://www.ebi.ac.uk/gwas/rest/api/v2/associations/41451686,"[""https://www.ebi.ac.uk/gwas/rest/api/v2/associations?efo_id=EFO_0009764&show_child_trait=false&size=500&page=0""]",LARRPM
pigmentation,41451686,GCST007743,30895295,"[""EFO_0009764""]","[""strict""]",https://www.ebi.ac.uk/gwas/rest/api/v2/associations/41451686,"[""https://www.ebi.ac.uk/gwas/rest/api/v2/associations?efo_id=EFO_0009764&show_child_trait=false&size=500&page=0""]",LINC00240
pigmentation,41451691,GCST007743,30895295,"[""EFO_0009764""]","[""strict""]",https://www.ebi.ac.uk/gwas/rest/api/v2/associations/41451691,"[""https://www.ebi.ac.uk/gwas/rest/api/v2/associations?efo_id=EFO_0009764&show_child_trait=false&size=500&page=0""]",SIM1
pigmentation,41451696,GCST007743,30895295,"[""EFO_0009764""]","[""strict""]",https://www.ebi.ac.uk/gwas/rest/api/v2/associations/41451696,"[""https://www.ebi.ac.uk/gwas/rest/api/v2/associations?efo_id=EFO_0009764&show_child_trait=false&size=500&page=0""]",AGMO
pigmentation,41451696,GCST007743,30895295,"[""EFO_0009764""]","[""strict""]",https://www.ebi.ac.uk/gwas/rest/api/v2/associations/41451696,"[""https://www.ebi.ac.uk/gwas/rest/api/v2/associations?efo_id=EFO_0009764&show_child_trait=false&size=500&page=0""]",GTF3AP5
pigmentation,41451701,GCST007743,30895295,"[""EFO_0009764""]","[""strict""]",https://www.ebi.ac.uk/gwas/rest/api/v2/associations/41451701,"[""https://www.ebi.ac.uk/gwas/rest/api/v2/associations?efo_id=EFO_0009764&show_child_trait=false&size=500&page=0""]",ZMAT4
pigmentation,41451706,GCST007743,30895295,"[""EFO_0009764""]","[""strict""]",https://www.ebi.ac.uk/gwas/rest/api/v2/associations/41451706,"[""https://www.ebi.ac.uk/gwas/rest/api/v2/associations?efo_id=EFO_0009764&show_child_trait=false&size=500&page=0""]",ANGPT1
pigmentation,41451706,GCST007743,30895295,"[""EFO_0009764""]","[""strict""]",https://www.ebi.ac.uk/gwas/rest/api/v2/associations/41451706,"[""https://www.ebi.ac.uk/gwas/rest/api/v2/associations?efo_id=EFO_0009764&show_child_trait=false&size=500&page=0""]",PGAM1P13
pigmentation,41451711,GCST007743,30895295,"[""EFO_0009764""]","[""strict""]",https://www.ebi.ac.uk/gwas/rest/api/v2/associations/41451711,"[""https://www.ebi.ac.uk/gwas/rest/api/v2/associations?efo_id=EFO_0009764&show_child_trait=false&size=500&page=0""]",ADAMTSL1
pigmentation,41451711,GCST007743,30895295,"[""EFO_0009764""]","[""strict""]",https://www.ebi.ac.uk/gwas/rest/api/v2/associations/41451711,"[""https://www.ebi.ac.uk/gwas/rest/api/v2/associations?efo_id=EFO_0009764&show_child_trait=false&size=500&page=0""]",SAXO1
pigmentation,41451716,GCST007743,30895295,"[""EFO_0009764""]","[""strict""]",https://www.ebi.ac.uk/gwas/rest/api/v2/associations/41451716,"[""https://www.ebi.ac.uk/gwas/rest/api/v2/associations?efo_id=EFO_0009764&show_child_trait=false&size=500&page=0""]",RMI1
pigmentation,41451716,GCST007743,30895295,"[""EFO_0009764""]","[""strict""]",https://www.ebi.ac.uk/gwas/rest/api/v2/associations/41451716,"[""https://www.ebi.ac.uk/gwas/rest/api/v2/associations?efo_id=EFO_0009764&show_child_trait=false&size=500&page=0""]",SLC28A3
pigmentation,41451727,GCST007743,30895295,"[""EFO_0009764""]","[""strict""]",https://www.ebi.ac.uk/gwas/rest/api/v2/associations/41451727,"[""https://www.ebi.ac.uk/gwas/rest/api/v2/associations?efo_id=EFO_0009764&show_child_trait=false&size=500&page=0""]",ROR2
pigmentation,41451732,GCST007743,30895295,"[""EFO_0009764""]","[""strict""]",https://www.ebi.ac.uk/gwas/rest/api/v2/associations/41451732,"[""https://www.ebi.ac.uk/gwas/rest/api/v2/associations?efo_id=EFO_0009764&show_child_trait=false&size=500&page=0""]",EIF4BP3
pigmentation,41451732,GCST007743,30895295,"[""EFO_0009764""]","[""strict""]",https://www.ebi.ac.uk/gwas/rest/api/v2/associations/41451732,"[""https://www.ebi.ac.uk/gwas/rest/api/v2/associations?efo_id=EFO_0009764&show_child_trait=false&size=500&page=0""]",ERCC6L2
pigmentation,41451737,GCST007743,30895295,"[""EFO_0009764""]","[""strict""]",https://www.ebi.ac.uk/gwas/rest/api/v2/associations/41451737,"[""https://www.ebi.ac.uk/gwas/rest/api/v2/associations?efo_id=EFO_0009764&show_child_trait=false&size=500&page=0""]",LRRC4C
pigmentation,41451742,GCST007743,30895295,"[""EFO_0009764""]","[""strict""]",https://www.ebi.ac.uk/gwas/rest/api/v2/associations/41451742,"[""https://www.ebi.ac.uk/gwas/rest/api/v2/associations?efo_id=EFO_0009764&show_child_trait=false&size=500&page=0""]",KCNA1
pigmentation,41451742,GCST007743,30895295,"[""EFO_0009764""]","[""strict""]",https://www.ebi.ac.uk/gwas/rest/api/v2/associations/41451742,"[""https://www.ebi.ac.uk/gwas/rest/api/v2/associations?efo_id=EFO_0009764&show_child_trait=false&size=500&page=0""]",KCNA5
pigmentation,41451747,GCST007743,30895295,"[""EFO_0009764""]","[""strict""]",https://www.ebi.ac.uk/gwas/rest/api/v2/associations/41451747,"[""https://www.ebi.ac.uk/gwas/rest/api/v2/associations?efo_id=EFO_0009764&show_child_trait=false&size=500&page=0""]",RERG
pigmentation,41451752,GCST007743,30895295,"[""EFO_0009764""]","[""strict""]",https://www.ebi.ac.uk/gwas/rest/api/v2/associations/41451752,"[""https://www.ebi.ac.uk/gwas/rest/api/v2/associations?efo_id=EFO_0009764&show_child_trait=false&size=500&page=0""]",PLBD2
pigmentation,41451756,GCST007743,30895295,"[""EFO_0009764""]","[""strict""]",https://www.ebi.ac.uk/gwas/rest/api/v2/associations/41451756,"[""https://www.ebi.ac.uk/gwas/rest/api/v2/associations?efo_id=EFO_0009764&show_child_trait=false&size=500&page=0""]",MIR17HG
pigmentation,41451756,GCST007743,30895295,"[""EFO_0009764""]","[""strict""]",https://www.ebi.ac.uk/gwas/rest/api/v2/associations/41451756,"[""https://www.ebi.ac.uk/gwas/rest/api/v2/associations?efo_id=EFO_0009764&show_child_trait=false&size=500&page=0""]",PPIAP23
pigmentation,41451761,GCST007743,30895295,"[""EFO_0009764""]","[""strict""]",https://www.ebi.ac.uk/gwas/rest/api/v2/associations/41451761,"[""https://www.ebi.ac.uk/gwas/rest/api/v2/associations?efo_id=EFO_0009764&show_child_trait=false&size=500&page=0""]",MDGA2
pigmentation,41451766,GCST007743,30895295,"[""EFO_0009764""]","[""strict""]",https://www.ebi.ac.uk/gwas/rest/api/v2/associations/41451766,"[""https://www.ebi.ac.uk/gwas/rest/api/v2/associations?efo_id=EFO_0009764&show_child_trait=false&size=500&page=0""]",HERC2
pigmentation,41451770,GCST007743,30895295,"[""EFO_0009764""]","[""strict""]",https://www.ebi.ac.uk/gwas/rest/api/v2/associations/41451770,"[""https://www.ebi.ac.uk/gwas/rest/api/v2/associations?efo_id=EFO_0009764&show_child_trait=false&size=500&page=0""]",HERC2
pigmentation,41451775,GCST007743,30895295,"[""EFO_0009764""]","[""strict""]",https://www.ebi.ac.uk/gwas/rest/api/v2/associations/41451775,"[""https://www.ebi.ac.uk/gwas/rest/api/v2/associations?efo_id=EFO_0009764&show_child_trait=false&size=500&page=0""]",ARNT2
pigmentation,41451781,GCST007743,30895295,"[""EFO_0009764""]","[""strict""]",https://www.ebi.ac.uk/gwas/rest/api/v2/associations/41451781,"[""https://www.ebi.ac.uk/gwas/rest/api/v2/associations?efo_id=EFO_0009764&show_child_trait=false&size=500&page=0""]",ABCC6P1
pigmentation,41451781,GCST007743,30895295,"[""EFO_0009764""]","[""strict""]",https://www.ebi.ac.uk/gwas/rest/api/v2/associations/41451781,"[""https://www.ebi.ac.uk/gwas/rest/api/v2/associations?efo_id=EFO_0009764&show_child_trait=false&size=500&page=0""]",RPS15A
pigmentation,41451787,GCST007743,30895295,"[""EFO_0009764""]","[""strict""]",https://www.ebi.ac.uk/gwas/rest/api/v2/associations/41451787,"[""https://www.ebi.ac.uk/gwas/rest/api/v2/associations?efo_id=EFO_0009764&show_child_trait=false&size=500&page=0""]",IGHV1OR16-1
pigmentation,41451787,GCST007743,30895295,"[""EFO_0009764""]","[""strict""]",https://www.ebi.ac.uk/gwas/rest/api/v2/associations/41451787,"[""https://www.ebi.ac.uk/gwas/rest/api/v2/associations?efo_id=EFO_0009764&show_child_trait=false&size=500&page=0""]",IGHV1OR16-3
pigmentation,41451799,GCST007743,30895295,"[""EFO_0009764""]","[""strict""]",https://www.ebi.ac.uk/gwas/rest/api/v2/associations/41451799,"[""https://www.ebi.ac.uk/gwas/rest/api/v2/associations?efo_id=EFO_0009764&show_child_trait=false&size=500&page=0""]",NPM1P1
pigmentation,41451799,GCST007743,30895295,"[""EFO_0009764""]","[""strict""]",https://www.ebi.ac.uk/gwas/rest/api/v2/associations/41451799,"[""https://www.ebi.ac.uk/gwas/rest/api/v2/associations?efo_id=EFO_0009764&show_child_trait=false&size=500&page=0""]",PIK3C3
pigmentation,41451804,GCST007743,30895295,"[""EFO_0009764""]","[""strict""]",https://www.ebi.ac.uk/gwas/rest/api/v2/associations/41451804,"[""https://www.ebi.ac.uk/gwas/rest/api/v2/associations?efo_id=EFO_0009764&show_child_trait=false&size=500&page=0""]",ADGRE3
pigmentation,41451804,GCST007743,30895295,"[""EFO_0009764""]","[""strict""]",https://www.ebi.ac.uk/gwas/rest/api/v2/associations/41451804,"[""https://www.ebi.ac.uk/gwas/rest/api/v2/associations?efo_id=EFO_0009764&show_child_trait=false&size=500&page=0""]",CLEC17A
pigmentation,41451809,GCST007743,30895295,"[""EFO_0009764""]","[""strict""]",https://www.ebi.ac.uk/gwas/rest/api/v2/associations/41451809,"[""https://www.ebi.ac.uk/gwas/rest/api/v2/associations?efo_id=EFO_0009764&show_child_trait=false&size=500&page=0""]",ZNF304
pigmentation,41451813,GCST007743,30895295,"[""EFO_0009764""]","[""strict""]",https://www.ebi.ac.uk/gwas/rest/api/v2/associations/41451813,"[""https://www.ebi.ac.uk/gwas/rest/api/v2/associations?efo_id=EFO_0009764&show_child_trait=false&size=500&page=0""]",CD93
pigmentation,41451813,GCST007743,30895295,"[""EFO_0009764""]","[""strict""]",https://www.ebi.ac.uk/gwas/rest/api/v2/associations/41451813,"[""https://www.ebi.ac.uk/gwas/rest/api/v2/associations?efo_id=EFO_0009764&show_child_trait=false&size=500&page=0""]",LINC00656
pigmentation,41451818,GCST007743,30895295,"[""EFO_0009764""]","[""strict""]",https://www.ebi.ac.uk/gwas/rest/api/v2/associations/41451818,"[""https://www.ebi.ac.uk/gwas/rest/api/v2/associations?efo_id=EFO_0009764&show_child_trait=false&size=500&page=0""]",LINC03138
pigmentation,41451823,GCST007743,30895295,"[""EFO_0009764""]","[""strict""]",https://www.ebi.ac.uk/gwas/rest/api/v2/associations/41451823,"[""https://www.ebi.ac.uk/gwas/rest/api/v2/associations?efo_id=EFO_0009764&show_child_trait=false&size=500&page=0""]",SHISAL1
pigmentation,41451823,GCST007743,30895295,"[""EFO_0009764""]","[""strict""]",https://www.ebi.ac.uk/gwas/rest/api/v2/associations/41451823,"[""https://www.ebi.ac.uk/gwas/rest/api/v2/associations?efo_id=EFO_0009764&show_child_trait=false&size=500&page=0""]",SKP1P4
pigmentation,41451828,GCST007743,30895295,"[""EFO_0009764""]","[""strict""]",https://www.ebi.ac.uk/gwas/rest/api/v2/associations/41451828,"[""https://www.ebi.ac.uk/gwas/rest/api/v2/associations?efo_id=EFO_0009764&show_child_trait=false&size=500&page=0""]",CELSR1
pigmentation,41451879,GCST007742,30895295,"[""EFO_0009764""]","[""strict""]",https://www.ebi.ac.uk/gwas/rest/api/v2/associations/41451879,"[""https://www.ebi.ac.uk/gwas/rest/api/v2/associations?efo_id=EFO_0009764&show_child_trait=false&size=500&page=0""]",HERC2
pigmentation,41451884,GCST007742,30895295,"[""EFO_0009764""]","[""strict""]",https://www.ebi.ac.uk/gwas/rest/api/v2/associations/41451884,"[""https://www.ebi.ac.uk/gwas/rest/api/v2/associations?efo_id=EFO_0009764&show_child_trait=false&size=500&page=0""]",BBS5
pigmentation,41451884,GCST007742,30895295,"[""EFO_0009764""]","[""strict""]",https://www.ebi.ac.uk/gwas/rest/api/v2/associations/41451884,"[""https://www.ebi.ac.uk/gwas/rest/api/v2/associations?efo_id=EFO_0009764&show_child_trait=false&size=500&page=0""]",LRP2
pigmentation,41451890,GCST007742,30895295,"[""EFO_0009764""]","[""strict""]",https://www.ebi.ac.uk/gwas/rest/api/v2/associations/41451890,"[""https://www.ebi.ac.uk/gwas/rest/api/v2/associations?efo_id=EFO_0009764&show_child_trait=false&size=500&page=0""]",TP63
pigmentation,41451890,GCST007742,30895295,"[""EFO_0009764""]","[""strict""]",https://www.ebi.ac.uk/gwas/rest/api/v2/associations/41451890,"[""https://www.ebi.ac.uk/gwas/rest/api/v2/associations?efo_id=EFO_0009764&show_child_trait=false&size=500&page=0""]",TPRG1
pigmentation,41451895,GCST007742,30895295,"[""EFO_0009764""]","[""strict""]",https://www.ebi.ac.uk/gwas/rest/api/v2/associations/41451895,"[""https://www.ebi.ac.uk/gwas/rest/api/v2/associations?efo_id=EFO_0009764&show_child_trait=false&size=500&page=0""]",FOXP2
pigmentation,41451895,GCST007742,30895295,"[""EFO_0009764""]","[""strict""]",https://www.ebi.ac.uk/gwas/rest/api/v2/associations/41451895,"[""https://www.ebi.ac.uk/gwas/rest/api/v2/associations?efo_id=EFO_0009764&show_child_trait=false&size=500&page=0""]",MDFIC
pigmentation,41451901,GCST007742,30895295,"[""EFO_0009764""]","[""strict""]",https://www.ebi.ac.uk/gwas/rest/api/v2/associations/41451901,"[""https://www.ebi.ac.uk/gwas/rest/api/v2/associations?efo_id=EFO_0009764&show_child_trait=false&size=500&page=0""]",AMIGO1
pigmentation,41451901,GCST007742,30895295,"[""EFO_0009764""]","[""strict""]",https://www.ebi.ac.uk/gwas/rest/api/v2/associations/41451901,"[""https://www.ebi.ac.uk/gwas/rest/api/v2/associations?efo_id=EFO_0009764&show_child_trait=false&size=500&page=0""]",GPR61
pigmentation,41451906,GCST007742,30895295,"[""EFO_0009764""]","[""strict""]",https://www.ebi.ac.uk/gwas/rest/api/v2/associations/41451906,"[""https://www.ebi.ac.uk/gwas/rest/api/v2/associations?efo_id=EFO_0009764&show_child_trait=false&size=500&page=0""]",CD5L
pigmentation,41451906,GCST007742,30895295,"[""EFO_0009764""]","[""strict""]",https://www.ebi.ac.uk/gwas/rest/api/v2/associations/41451906,"[""https://www.ebi.ac.uk/gwas/rest/api/v2/associations?efo_id=EFO_0009764&show_child_trait=false&size=500&page=0""]",FCRL1
pigmentation,41451911,GCST007742,30895295,"[""EFO_0009764""]","[""strict""]",https://www.ebi.ac.uk/gwas/rest/api/v2/associations/41451911,"[""https://www.ebi.ac.uk/gwas/rest/api/v2/associations?efo_id=EFO_0009764&show_child_trait=false&size=500&page=0""]",ATP2B4
pigmentation,41451916,GCST007742,30895295,"[""EFO_0009764""]","[""strict""]",https://www.ebi.ac.uk/gwas/rest/api/v2/associations/41451916,"[""https://www.ebi.ac.uk/gwas/rest/api/v2/associations?efo_id=EFO_0009764&show_child_trait=false&size=500&page=0""]",CD46
pigmentation,41451916,GCST007742,30895295,"[""EFO_0009764""]","[""strict""]",https://www.ebi.ac.uk/gwas/rest/api/v2/associations/41451916,"[""https://www.ebi.ac.uk/gwas/rest/api/v2/associations?efo_id=EFO_0009764&show_child_trait=false&size=500&page=0""]",CR1L
pigmentation,41451921,GCST007742,30895295,"[""EFO_0009764""]","[""strict""]",https://www.ebi.ac.uk/gwas/rest/api/v2/associations/41451921,"[""https://www.ebi.ac.uk/gwas/rest/api/v2/associations?efo_id=EFO_0009764&show_child_trait=false&size=500&page=0""]",FAM8A3P
pigmentation,41451921,GCST007742,30895295,"[""EFO_0009764""]","[""strict""]",https://www.ebi.ac.uk/gwas/rest/api/v2/associations/41451921,"[""https://www.ebi.ac.uk/gwas/rest/api/v2/associations?efo_id=EFO_0009764&show_child_trait=false&size=500&page=0""]",LYPD6B
pigmentation,41451926,GCST007742,30895295,"[""EFO_0009764""]","[""strict""]",https://www.ebi.ac.uk/gwas/rest/api/v2/associations/41451926,"[""https://www.ebi.ac.uk/gwas/rest/api/v2/associations?efo_id=EFO_0009764&show_child_trait=false&size=500&page=0""]",LINC01790
pigmentation,41451926,GCST007742,30895295,"[""EFO_0009764""]","[""strict""]",https://www.ebi.ac.uk/gwas/rest/api/v2/associations/41451926,"[""https://www.ebi.ac.uk/gwas/rest/api/v2/associations?efo_id=EFO_0009764&show_child_trait=false&size=500&page=0""]",RNU6-169P
pigmentation,41451932,GCST007742,30895295,"[""EFO_0009764""]","[""strict""]",https://www.ebi.ac.uk/gwas/rest/api/v2/associations/41451932,"[""https://www.ebi.ac.uk/gwas/rest/api/v2/associations?efo_id=EFO_0009764&show_child_trait=false&size=500&page=0""]",NECTIN3
pigmentation,41451938,GCST007742,30895295,"[""EFO_0009764""]","[""strict""]",https://www.ebi.ac.uk/gwas/rest/api/v2/associations/41451938,"[""https://www.ebi.ac.uk/gwas/rest/api/v2/associations?efo_id=EFO_0009764&show_child_trait=false&size=500&page=0""]",IQCJ-SCHIP1
pigmentation,41451938,GCST007742,30895295,"[""EFO_0009764""]","[""strict""]",https://www.ebi.ac.uk/gwas/rest/api/v2/associations/41451938,"[""https://www.ebi.ac.uk/gwas/rest/api/v2/associations?efo_id=EFO_0009764&show_child_trait=false&size=500&page=0""]",SCHIP1
pigmentation,41451944,GCST007742,30895295,"[""EFO_0009764""]","[""strict""]",https://www.ebi.ac.uk/gwas/rest/api/v2/associations/41451944,"[""https://www.ebi.ac.uk/gwas/rest/api/v2/associations?efo_id=EFO_0009764&show_child_trait=false&size=500&page=0""]",LINC01182
pigmentation,41451949,GCST007742,30895295,"[""EFO_0009764""]","[""strict""]",https://www.ebi.ac.uk/gwas/rest/api/v2/associations/41451949,"[""https://www.ebi.ac.uk/gwas/rest/api/v2/associations?efo_id=EFO_0009764&show_child_trait=false&size=500&page=0""]",CDH12
pigmentation,41451954,GCST007742,30895295,"[""EFO_0009764""]","[""strict""]",https://www.ebi.ac.uk/gwas/rest/api/v2/associations/41451954,"[""https://www.ebi.ac.uk/gwas/rest/api/v2/associations?efo_id=EFO_0009764&show_child_trait=false&size=500&page=0""]",HAVCR2
pigmentation,41451959,GCST007742,30895295,"[""EFO_0009764""]","[""strict""]",https://www.ebi.ac.uk/gwas/rest/api/v2/associations/41451959,"[""https://www.ebi.ac.uk/gwas/rest/api/v2/associations?efo_id=EFO_0009764&show_child_trait=false&size=500&page=0""]",GMDS
pigmentation,41451965,GCST007742,30895295,"[""EFO_0009764""]","[""strict""]",https://www.ebi.ac.uk/gwas/rest/api/v2/associations/41451965,"[""https://www.ebi.ac.uk/gwas/rest/api/v2/associations?efo_id=EFO_0009764&show_child_trait=false&size=500&page=0""]",ECI2-DT
pigmentation,41451965,GCST007742,30895295,"[""EFO_0009764""]","[""strict""]",https://www.ebi.ac.uk/gwas/rest/api/v2/associations/41451965,"[""https://www.ebi.ac.uk/gwas/rest/api/v2/associations?efo_id=EFO_0009764&show_child_trait=false&size=500&page=0""]",RNA5SP202
pigmentation,41451970,GCST007742,30895295,"[""EFO_0009764""]","[""strict""]",https://www.ebi.ac.uk/gwas/rest/api/v2/associations/41451970,"[""https://www.ebi.ac.uk/gwas/rest/api/v2/associations?efo_id=EFO_0009764&show_child_trait=false&size=500&page=0""]",ISG20L2P1
pigmentation,41451970,GCST007742,30895295,"[""EFO_0009764""]","[""strict""]",https://www.ebi.ac.uk/gwas/rest/api/v2/associations/41451970,"[""https://www.ebi.ac.uk/gwas/rest/api/v2/associations?efo_id=EFO_0009764&show_child_trait=false&size=500&page=0""]",SPTLC1P2
pigmentation,41451976,GCST007742,30895295,"[""EFO_0009764""]","[""strict""]",https://www.ebi.ac.uk/gwas/rest/api/v2/associations/41451976,"[""https://www.ebi.ac.uk/gwas/rest/api/v2/associations?efo_id=EFO_0009764&show_child_trait=false&size=500&page=0""]",MTCO1P57
pigmentation,41451976,GCST007742,30895295,"[""EFO_0009764""]","[""strict""]",https://www.ebi.ac.uk/gwas/rest/api/v2/associations/41451976,"[""https://www.ebi.ac.uk/gwas/rest/api/v2/associations?efo_id=EFO_0009764&show_child_trait=false&size=500&page=0""]",MTCO3P41
pigmentation,41451983,GCST007742,30895295,"[""EFO_0009764""]","[""strict""]",https://www.ebi.ac.uk/gwas/rest/api/v2/associations/41451983,"[""https://www.ebi.ac.uk/gwas/rest/api/v2/associations?efo_id=EFO_0009764&show_child_trait=false&size=500&page=0""]",BET1
pigmentation,41451989,GCST007742,30895295,"[""EFO_0009764""]","[""strict""]",https://www.ebi.ac.uk/gwas/rest/api/v2/associations/41451989,"[""https://www.ebi.ac.uk/gwas/rest/api/v2/associations?efo_id=EFO_0009764&show_child_trait=false&size=500&page=0""]",FOXP2
pigmentation,41451989,GCST007742,30895295,"[""EFO_0009764""]","[""strict""]",https://www.ebi.ac.uk/gwas/rest/api/v2/associations/41451989,"[""https://www.ebi.ac.uk/gwas/rest/api/v2/associations?efo_id=EFO_0009764&show_child_trait=false&size=500&page=0""]",MDFIC
pigmentation,41451995,GCST007742,30895295,"[""EFO_0009764""]","[""strict""]",https://www.ebi.ac.uk/gwas/rest/api/v2/associations/41451995,"[""https://www.ebi.ac.uk/gwas/rest/api/v2/associations?efo_id=EFO_0009764&show_child_trait=false&size=500&page=0""]",RN7SKP120
pigmentation,41451995,GCST007742,30895295,"[""EFO_0009764""]","[""strict""]",https://www.ebi.ac.uk/gwas/rest/api/v2/associations/41451995,"[""https://www.ebi.ac.uk/gwas/rest/api/v2/associations?efo_id=EFO_0009764&show_child_trait=false&size=500&page=0""]",TUSC1
pigmentation,41452001,GCST007742,30895295,"[""EFO_0009764""]","[""strict""]",https://www.ebi.ac.uk/gwas/rest/api/v2/associations/41452001,"[""https://www.ebi.ac.uk/gwas/rest/api/v2/associations?efo_id=EFO_0009764&show_child_trait=false&size=500&page=0""]",CENPP
pigmentation,41452007,GCST007742,30895295,"[""EFO_0009764""]","[""strict""]",https://www.ebi.ac.uk/gwas/rest/api/v2/associations/41452007,"[""https://www.ebi.ac.uk/gwas/rest/api/v2/associations?efo_id=EFO_0009764&show_child_trait=false&size=500&page=0""]",GALNT12
pigmentation,41452013,GCST007742,30895295,"[""EFO_0009764""]","[""strict""]",https://www.ebi.ac.uk/gwas/rest/api/v2/associations/41452013,"[""https://www.ebi.ac.uk/gwas/rest/api/v2/associations?efo_id=EFO_0009764&show_child_trait=false&size=500&page=0""]",DELEC1
pigmentation,41452025,GCST007742,30895295,"[""EFO_0009764""]","[""strict""]",https://www.ebi.ac.uk/gwas/rest/api/v2/associations/41452025,"[""https://www.ebi.ac.uk/gwas/rest/api/v2/associations?efo_id=EFO_0009764&show_child_trait=false&size=500&page=0""]",LINC02625
pigmentation,41452030,GCST007742,30895295,"[""EFO_0009764""]","[""strict""]",https://www.ebi.ac.uk/gwas/rest/api/v2/associations/41452030,"[""https://www.ebi.ac.uk/gwas/rest/api/v2/associations?efo_id=EFO_0009764&show_child_trait=false&size=500&page=0""]",DMBT1
pigmentation,41452030,GCST007742,30895295,"[""EFO_0009764""]","[""strict""]",https://www.ebi.ac.uk/gwas/rest/api/v2/associations/41452030,"[""https://www.ebi.ac.uk/gwas/rest/api/v2/associations?efo_id=EFO_0009764&show_child_trait=false&size=500&page=0""]",HTRA1
pigmentation,41452036,GCST007742,30895295,"[""EFO_0009764""]","[""strict""]",https://www.ebi.ac.uk/gwas/rest/api/v2/associations/41452036,"[""https://www.ebi.ac.uk/gwas/rest/api/v2/associations?efo_id=EFO_0009764&show_child_trait=false&size=500&page=0""]",RPL18AP17
pigmentation,41452036,GCST007742,30895295,"[""EFO_0009764""]","[""strict""]",https://www.ebi.ac.uk/gwas/rest/api/v2/associations/41452036,"[""https://www.ebi.ac.uk/gwas/rest/api/v2/associations?efo_id=EFO_0009764&show_child_trait=false&size=500&page=0""]",RPS10P21
pigmentation,41452041,GCST007742,30895295,"[""EFO_0009764""]","[""strict""]",https://www.ebi.ac.uk/gwas/rest/api/v2/associations/41452041,"[""https://www.ebi.ac.uk/gwas/rest/api/v2/associations?efo_id=EFO_0009764&show_child_trait=false&size=500&page=0""]",MYCBP2
pigmentation,41452047,GCST007742,30895295,"[""EFO_0009764""]","[""strict""]",https://www.ebi.ac.uk/gwas/rest/api/v2/associations/41452047,"[""https://www.ebi.ac.uk/gwas/rest/api/v2/associations?efo_id=EFO_0009764&show_child_trait=false&size=500&page=0""]",SHISA9
pigmentation,41452047,GCST007742,30895295,"[""EFO_0009764""]","[""strict""]",https://www.ebi.ac.uk/gwas/rest/api/v2/associations/41452047,"[""https://www.ebi.ac.uk/gwas/rest/api/v2/associations?efo_id=EFO_0009764&show_child_trait=false&size=500&page=0""]",TMF1P1
pigmentation,41452053,GCST007742,30895295,"[""EFO_0009764""]","[""strict""]",https://www.ebi.ac.uk/gwas/rest/api/v2/associations/41452053,"[""https://www.ebi.ac.uk/gwas/rest/api/v2/associations?efo_id=EFO_0009764&show_child_trait=false&size=500&page=0""]",RTN4RL1
pigmentation,41452058,GCST007742,30895295,"[""EFO_0009764""]","[""strict""]",https://www.ebi.ac.uk/gwas/rest/api/v2/associations/41452058,"[""https://www.ebi.ac.uk/gwas/rest/api/v2/associations?efo_id=EFO_0009764&show_child_trait=false&size=500&page=0""]",LINC00670
pigmentation,41452058,GCST007742,30895295,"[""EFO_0009764""]","[""strict""]",https://www.ebi.ac.uk/gwas/rest/api/v2/associations/41452058,"[""https://www.ebi.ac.uk/gwas/rest/api/v2/associations?efo_id=EFO_0009764&show_child_trait=false&size=500&page=0""]",MAP2K4
pigmentation,41452063,GCST007742,30895295,"[""EFO_0009764""]","[""strict""]",https://www.ebi.ac.uk/gwas/rest/api/v2/associations/41452063,"[""https://www.ebi.ac.uk/gwas/rest/api/v2/associations?efo_id=EFO_0009764&show_child_trait=false&size=500&page=0""]",PTPRM
pigmentation,41452068,GCST007742,30895295,"[""EFO_0009764""]","[""strict""]",https://www.ebi.ac.uk/gwas/rest/api/v2/associations/41452068,"[""https://www.ebi.ac.uk/gwas/rest/api/v2/associations?efo_id=EFO_0009764&show_child_trait=false&size=500&page=0""]",SKOR2
pigmentation,41452073,GCST007742,30895295,"[""EFO_0009764""]","[""strict""]",https://www.ebi.ac.uk/gwas/rest/api/v2/associations/41452073,"[""https://www.ebi.ac.uk/gwas/rest/api/v2/associations?efo_id=EFO_0009764&show_child_trait=false&size=500&page=0""]",CTIF
pigmentation,41452078,GCST007742,30895295,"[""EFO_0009764""]","[""strict""]",https://www.ebi.ac.uk/gwas/rest/api/v2/associations/41452078,"[""https://www.ebi.ac.uk/gwas/rest/api/v2/associations?efo_id=EFO_0009764&show_child_trait=false&size=500&page=0""]",MIR99AHG
pigmentation,41452341,GCST007739,30895295,"[""OBA_VT0002095""]","[""strict""]",https://www.ebi.ac.uk/gwas/rest/api/v2/associations/41452341,"[""https://www.ebi.ac.uk/gwas/rest/api/v2/associations?efo_id=OBA_VT0002095&show_child_trait=false&size=500&page=1""]",IGF1
pigmentation,41452341,GCST007739,30895295,"[""OBA_VT0002095""]","[""strict""]",https://www.ebi.ac.uk/gwas/rest/api/v2/associations/41452341,"[""https://www.ebi.ac.uk/gwas/rest/api/v2/associations?efo_id=OBA_VT0002095&show_child_trait=false&size=500&page=1""]",LINC00485
pigmentation,41452345,GCST007739,30895295,"[""OBA_VT0002095""]","[""strict""]",https://www.ebi.ac.uk/gwas/rest/api/v2/associations/41452345,"[""https://www.ebi.ac.uk/gwas/rest/api/v2/associations?efo_id=OBA_VT0002095&show_child_trait=false&size=500&page=1""]",PAG1
pigmentation,41452349,GCST007739,30895295,"[""OBA_VT0002095""]","[""strict""]",https://www.ebi.ac.uk/gwas/rest/api/v2/associations/41452349,"[""https://www.ebi.ac.uk/gwas/rest/api/v2/associations?efo_id=OBA_VT0002095&show_child_trait=false&size=500&page=1""]",TNFRSF10B
pigmentation,41452353,GCST007739,30895295,"[""OBA_VT0002095""]","[""strict""]",https://www.ebi.ac.uk/gwas/rest/api/v2/associations/41452353,"[""https://www.ebi.ac.uk/gwas/rest/api/v2/associations?efo_id=OBA_VT0002095&show_child_trait=false&size=500&page=1""]",LINC02853
pigmentation,41452357,GCST007739,30895295,"[""OBA_VT0002095""]","[""strict""]",https://www.ebi.ac.uk/gwas/rest/api/v2/associations/41452357,"[""https://www.ebi.ac.uk/gwas/rest/api/v2/associations?efo_id=OBA_VT0002095&show_child_trait=false&size=500&page=1""]",GIMAP3P
pigmentation,41452357,GCST007739,30895295,"[""OBA_VT0002095""]","[""strict""]",https://www.ebi.ac.uk/gwas/rest/api/v2/associations/41452357,"[""https://www.ebi.ac.uk/gwas/rest/api/v2/associations?efo_id=OBA_VT0002095&show_child_trait=false&size=500&page=1""]",GIMAP5
pigmentation,41452361,GCST007739,30895295,"[""OBA_VT0002095""]","[""strict""]",https://www.ebi.ac.uk/gwas/rest/api/v2/associations/41452361,"[""https://www.ebi.ac.uk/gwas/rest/api/v2/associations?efo_id=OBA_VT0002095&show_child_trait=false&size=500&page=1""]",LINC01804
pigmentation,41452365,GCST007739,30895295,"[""OBA_VT0002095""]","[""strict""]",https://www.ebi.ac.uk/gwas/rest/api/v2/associations/41452365,"[""https://www.ebi.ac.uk/gwas/rest/api/v2/associations?efo_id=OBA_VT0002095&show_child_trait=false&size=500&page=1""]",TMTC3
pigmentation,41452365,GCST007739,30895295,"[""OBA_VT0002095""]","[""strict""]",https://www.ebi.ac.uk/gwas/rest/api/v2/associations/41452365,"[""https://www.ebi.ac.uk/gwas/rest/api/v2/associations?efo_id=OBA_VT0002095&show_child_trait=false&size=500&page=1""]",Y_RNA
pigmentation,41452369,GCST007739,30895295,"[""OBA_VT0002095""]","[""strict""]",https://www.ebi.ac.uk/gwas/rest/api/v2/associations/41452369,"[""https://www.ebi.ac.uk/gwas/rest/api/v2/associations?efo_id=OBA_VT0002095&show_child_trait=false&size=500&page=1""]",ACTL8
pigmentation,41452369,GCST007739,30895295,"[""OBA_VT0002095""]","[""strict""]",https://www.ebi.ac.uk/gwas/rest/api/v2/associations/41452369,"[""https://www.ebi.ac.uk/gwas/rest/api/v2/associations?efo_id=OBA_VT0002095&show_child_trait=false&size=500&page=1""]",LINC01654
pigmentation,41452373,GCST007739,30895295,"[""OBA_VT0002095""]","[""strict""]",https://www.ebi.ac.uk/gwas/rest/api/v2/associations/41452373,"[""https://www.ebi.ac.uk/gwas/rest/api/v2/associations?efo_id=OBA_VT0002095&show_child_trait=false&size=500&page=1""]",ERCC6L2-AS1
pigmentation,41452373,GCST007739,30895295,"[""OBA_VT0002095""]","[""strict""]",https://www.ebi.ac.uk/gwas/rest/api/v2/associations/41452373,"[""https://www.ebi.ac.uk/gwas/rest/api/v2/associations?efo_id=OBA_VT0002095&show_child_trait=false&size=500&page=1""]",PTCH1
pigmentation,41452377,GCST007739,30895295,"[""OBA_VT0002095""]","[""strict""]",https://www.ebi.ac.uk/gwas/rest/api/v2/associations/41452377,"[""https://www.ebi.ac.uk/gwas/rest/api/v2/associations?efo_id=OBA_VT0002095&show_child_trait=false&size=500&page=1""]",LINC00574
pigmentation,41452377,GCST007739,30895295,"[""OBA_VT0002095""]","[""strict""]",https://www.ebi.ac.uk/gwas/rest/api/v2/associations/41452377,"[""https://www.ebi.ac.uk/gwas/rest/api/v2/associations?efo_id=OBA_VT0002095&show_child_trait=false&size=500&page=1""]",RPL12P23
pigmentation,41452381,GCST007739,30895295,"[""OBA_VT0002095""]","[""strict""]",https://www.ebi.ac.uk/gwas/rest/api/v2/associations/41452381,"[""https://www.ebi.ac.uk/gwas/rest/api/v2/associations?efo_id=OBA_VT0002095&show_child_trait=false&size=500&page=1""]",BNIP3P1
pigmentation,41452381,GCST007739,30895295,"[""OBA_VT0002095""]","[""strict""]",https://www.ebi.ac.uk/gwas/rest/api/v2/associations/41452381,"[""https://www.ebi.ac.uk/gwas/rest/api/v2/associations?efo_id=OBA_VT0002095&show_child_trait=false&size=500&page=1""]",MIR3171HG
pigmentation,41452385,GCST007739,30895295,"[""OBA_VT0002095""]","[""strict""]",https://www.ebi.ac.uk/gwas/rest/api/v2/associations/41452385,"[""https://www.ebi.ac.uk/gwas/rest/api/v2/associations?efo_id=OBA_VT0002095&show_child_trait=false&size=500&page=1""]",SLCO5A1
pigmentation,41452389,GCST007739,30895295,"[""OBA_VT0002095""]","[""strict""]",https://www.ebi.ac.uk/gwas/rest/api/v2/associations/41452389,"[""https://www.ebi.ac.uk/gwas/rest/api/v2/associations?efo_id=OBA_VT0002095&show_child_trait=false&size=500&page=1""]",RIMS2
pigmentation,41452393,GCST007739,30895295,"[""OBA_VT0002095""]","[""strict""]",https://www.ebi.ac.uk/gwas/rest/api/v2/associations/41452393,"[""https://www.ebi.ac.uk/gwas/rest/api/v2/associations?efo_id=OBA_VT0002095&show_child_trait=false&size=500&page=1""]",CYP3A54P
pigmentation,41452393,GCST007739,30895295,"[""OBA_VT0002095""]","[""strict""]",https://www.ebi.ac.uk/gwas/rest/api/v2/associations/41452393,"[""https://www.ebi.ac.uk/gwas/rest/api/v2/associations?efo_id=OBA_VT0002095&show_child_trait=false&size=500&page=1""]",SDK1
pigmentation,41452402,GCST007739,30895295,"[""OBA_VT0002095""]","[""strict""]",https://www.ebi.ac.uk/gwas/rest/api/v2/associations/41452402,"[""https://www.ebi.ac.uk/gwas/rest/api/v2/associations?efo_id=OBA_VT0002095&show_child_trait=false&size=500&page=1""]",MIR3142HG
pigmentation,41452406,GCST007739,30895295,"[""OBA_VT0002095""]","[""strict""]",https://www.ebi.ac.uk/gwas/rest/api/v2/associations/41452406,"[""https://www.ebi.ac.uk/gwas/rest/api/v2/associations?efo_id=OBA_VT0002095&show_child_trait=false&size=500&page=1""]",DISC1FP1
pigmentation,41452410,GCST007739,30895295,"[""OBA_VT0002095""]","[""strict""]",https://www.ebi.ac.uk/gwas/rest/api/v2/associations/41452410,"[""https://www.ebi.ac.uk/gwas/rest/api/v2/associations?efo_id=OBA_VT0002095&show_child_trait=false&size=500&page=1""]",RAB9BP1
pigmentation,41452410,GCST007739,30895295,"[""OBA_VT0002095""]","[""strict""]",https://www.ebi.ac.uk/gwas/rest/api/v2/associations/41452410,"[""https://www.ebi.ac.uk/gwas/rest/api/v2/associations?efo_id=OBA_VT0002095&show_child_trait=false&size=500&page=1""]",RNA5SP189
pigmentation,41452414,GCST007739,30895295,"[""OBA_VT0002095""]","[""strict""]",https://www.ebi.ac.uk/gwas/rest/api/v2/associations/41452414,"[""https://www.ebi.ac.uk/gwas/rest/api/v2/associations?efo_id=OBA_VT0002095&show_child_trait=false&size=500&page=1""]",ACOXL
pigmentation,41452414,GCST007739,30895295,"[""OBA_VT0002095""]","[""strict""]",https://www.ebi.ac.uk/gwas/rest/api/v2/associations/41452414,"[""https://www.ebi.ac.uk/gwas/rest/api/v2/associations?efo_id=OBA_VT0002095&show_child_trait=false&size=500&page=1""]",RPL5P9
pigmentation,41452418,GCST007739,30895295,"[""OBA_VT0002095""]","[""strict""]",https://www.ebi.ac.uk/gwas/rest/api/v2/associations/41452418,"[""https://www.ebi.ac.uk/gwas/rest/api/v2/associations?efo_id=OBA_VT0002095&show_child_trait=false&size=500&page=1""]",HNRNPKP5
pigmentation,41452422,GCST007739,30895295,"[""OBA_VT0002095""]","[""strict""]",https://www.ebi.ac.uk/gwas/rest/api/v2/associations/41452422,"[""https://www.ebi.ac.uk/gwas/rest/api/v2/associations?efo_id=OBA_VT0002095&show_child_trait=false&size=500&page=1""]",CDH20
pigmentation,41452422,GCST007739,30895295,"[""OBA_VT0002095""]","[""strict""]",https://www.ebi.ac.uk/gwas/rest/api/v2/associations/41452422,"[""https://www.ebi.ac.uk/gwas/rest/api/v2/associations?efo_id=OBA_VT0002095&show_child_trait=false&size=500&page=1""]",HMGN1P31
pigmentation,41452436,GCST007739,30895295,"[""OBA_VT0002095""]","[""strict""]",https://www.ebi.ac.uk/gwas/rest/api/v2/associations/41452436,"[""https://www.ebi.ac.uk/gwas/rest/api/v2/associations?efo_id=OBA_VT0002095&show_child_trait=false&size=500&page=1""]",PLD5
pigmentation,41452436,GCST007739,30895295,"[""OBA_VT0002095""]","[""strict""]",https://www.ebi.ac.uk/gwas/rest/api/v2/associations/41452436,"[""https://www.ebi.ac.uk/gwas/rest/api/v2/associations?efo_id=OBA_VT0002095&show_child_trait=false&size=500&page=1""]",RSL24D1P4
pigmentation,41452440,GCST007739,30895295,"[""OBA_VT0002095""]","[""strict""]",https://www.ebi.ac.uk/gwas/rest/api/v2/associations/41452440,"[""https://www.ebi.ac.uk/gwas/rest/api/v2/associations?efo_id=OBA_VT0002095&show_child_trait=false&size=500&page=1""]",ARHGAP11A-SCG5
pigmentation,41452440,GCST007739,30895295,"[""OBA_VT0002095""]","[""strict""]",https://www.ebi.ac.uk/gwas/rest/api/v2/associations/41452440,"[""https://www.ebi.ac.uk/gwas/rest/api/v2/associations?efo_id=OBA_VT0002095&show_child_trait=false&size=500&page=1""]",SCG5
pigmentation,41452444,GCST007739,30895295,"[""OBA_VT0002095""]","[""strict""]",https://www.ebi.ac.uk/gwas/rest/api/v2/associations/41452444,"[""https://www.ebi.ac.uk/gwas/rest/api/v2/associations?efo_id=OBA_VT0002095&show_child_trait=false&size=500&page=1""]",CICP28
pigmentation,41452444,GCST007739,30895295,"[""OBA_VT0002095""]","[""strict""]",https://www.ebi.ac.uk/gwas/rest/api/v2/associations/41452444,"[""https://www.ebi.ac.uk/gwas/rest/api/v2/associations?efo_id=OBA_VT0002095&show_child_trait=false&size=500&page=1""]",TRIM60P16
pigmentation,41452448,GCST007739,30895295,"[""OBA_VT0002095""]","[""strict""]",https://www.ebi.ac.uk/gwas/rest/api/v2/associations/41452448,"[""https://www.ebi.ac.uk/gwas/rest/api/v2/associations?efo_id=OBA_VT0002095&show_child_trait=false&size=500&page=1""]",PWRN1
pigmentation,41452448,GCST007739,30895295,"[""OBA_VT0002095""]","[""strict""]",https://www.ebi.ac.uk/gwas/rest/api/v2/associations/41452448,"[""https://www.ebi.ac.uk/gwas/rest/api/v2/associations?efo_id=OBA_VT0002095&show_child_trait=false&size=500&page=1""]",PWRN4
pigmentation,41452457,GCST007739,30895295,"[""OBA_VT0002095""]","[""strict""]",https://www.ebi.ac.uk/gwas/rest/api/v2/associations/41452457,"[""https://www.ebi.ac.uk/gwas/rest/api/v2/associations?efo_id=OBA_VT0002095&show_child_trait=false&size=500&page=1""]",HSP90AB7P
pigmentation,41452457,GCST007739,30895295,"[""OBA_VT0002095""]","[""strict""]",https://www.ebi.ac.uk/gwas/rest/api/v2/associations/41452457,"[""https://www.ebi.ac.uk/gwas/rest/api/v2/associations?efo_id=OBA_VT0002095&show_child_trait=false&size=500&page=1""]",LINC00709
pigmentation,41452461,GCST007739,30895295,"[""OBA_VT0002095""]","[""strict""]",https://www.ebi.ac.uk/gwas/rest/api/v2/associations/41452461,"[""https://www.ebi.ac.uk/gwas/rest/api/v2/associations?efo_id=OBA_VT0002095&show_child_trait=false&size=500&page=1""]",SLC24A5
pigmentation,41452465,GCST007739,30895295,"[""OBA_VT0002095""]","[""strict""]",https://www.ebi.ac.uk/gwas/rest/api/v2/associations/41452465,"[""https://www.ebi.ac.uk/gwas/rest/api/v2/associations?efo_id=OBA_VT0002095&show_child_trait=false&size=500&page=1""]",LINC01755
pigmentation,41452469,GCST007739,30895295,"[""OBA_VT0002095""]","[""strict""]",https://www.ebi.ac.uk/gwas/rest/api/v2/associations/41452469,"[""https://www.ebi.ac.uk/gwas/rest/api/v2/associations?efo_id=OBA_VT0002095&show_child_trait=false&size=500&page=1""]",USH2A
pigmentation,41452473,GCST007739,30895295,"[""OBA_VT0002095""]","[""strict""]",https://www.ebi.ac.uk/gwas/rest/api/v2/associations/41452473,"[""https://www.ebi.ac.uk/gwas/rest/api/v2/associations?efo_id=OBA_VT0002095&show_child_trait=false&size=500&page=1""]",LINC01016
pigmentation,41452473,GCST007739,30895295,"[""OBA_VT0002095""]","[""strict""]",https://www.ebi.ac.uk/gwas/rest/api/v2/associations/41452473,"[""https://www.ebi.ac.uk/gwas/rest/api/v2/associations?efo_id=OBA_VT0002095&show_child_trait=false&size=500&page=1""]",MLN
pigmentation,41452477,GCST007739,30895295,"[""OBA_VT0002095""]","[""strict""]",https://www.ebi.ac.uk/gwas/rest/api/v2/associations/41452477,"[""https://www.ebi.ac.uk/gwas/rest/api/v2/associations?efo_id=OBA_VT0002095&show_child_trait=false&size=500&page=1""]",ADI1P2
pigmentation,41452477,GCST007739,30895295,"[""OBA_VT0002095""]","[""strict""]",https://www.ebi.ac.uk/gwas/rest/api/v2/associations/41452477,"[""https://www.ebi.ac.uk/gwas/rest/api/v2/associations?efo_id=OBA_VT0002095&show_child_trait=false&size=500&page=1""]",GASAL1
pigmentation,41452481,GCST007739,30895295,"[""OBA_VT0002095""]","[""strict""]",https://www.ebi.ac.uk/gwas/rest/api/v2/associations/41452481,"[""https://www.ebi.ac.uk/gwas/rest/api/v2/associations?efo_id=OBA_VT0002095&show_child_trait=false&size=500&page=1""]",RIMBP2
pigmentation,41452485,GCST007739,30895295,"[""OBA_VT0002095""]","[""strict""]",https://www.ebi.ac.uk/gwas/rest/api/v2/associations/41452485,"[""https://www.ebi.ac.uk/gwas/rest/api/v2/associations?efo_id=OBA_VT0002095&show_child_trait=false&size=500&page=1""]",C4orf50
pigmentation,41452489,GCST007739,30895295,"[""OBA_VT0002095""]","[""strict""]",https://www.ebi.ac.uk/gwas/rest/api/v2/associations/41452489,"[""https://www.ebi.ac.uk/gwas/rest/api/v2/associations?efo_id=OBA_VT0002095&show_child_trait=false&size=500&page=1""]",UNC93A
pigmentation,41452493,GCST007739,30895295,"[""OBA_VT0002095""]","[""strict""]",https://www.ebi.ac.uk/gwas/rest/api/v2/associations/41452493,"[""https://www.ebi.ac.uk/gwas/rest/api/v2/associations?efo_id=OBA_VT0002095&show_child_trait=false&size=500&page=1""]",LINC01491
pigmentation,41452493,GCST007739,30895295,"[""OBA_VT0002095""]","[""strict""]",https://www.ebi.ac.uk/gwas/rest/api/v2/associations/41452493,"[""https://www.ebi.ac.uk/gwas/rest/api/v2/associations?efo_id=OBA_VT0002095&show_child_trait=false&size=500&page=1""]",SLC24A5
pigmentation,41452502,GCST007739,30895295,"[""OBA_VT0002095""]","[""strict""]",https://www.ebi.ac.uk/gwas/rest/api/v2/associations/41452502,"[""https://www.ebi.ac.uk/gwas/rest/api/v2/associations?efo_id=OBA_VT0002095&show_child_trait=false&size=500&page=1""]",SBF1
pigmentation,41452506,GCST007739,30895295,"[""OBA_VT0002095""]","[""strict""]",https://www.ebi.ac.uk/gwas/rest/api/v2/associations/41452506,"[""https://www.ebi.ac.uk/gwas/rest/api/v2/associations?efo_id=OBA_VT0002095&show_child_trait=false&size=500&page=1""]",SLC12A1
pigmentation,41452510,GCST007739,30895295,"[""OBA_VT0002095""]","[""strict""]",https://www.ebi.ac.uk/gwas/rest/api/v2/associations/41452510,"[""https://www.ebi.ac.uk/gwas/rest/api/v2/associations?efo_id=OBA_VT0002095&show_child_trait=false&size=500&page=1""]",SEMA6D
pigmentation,41452514,GCST007739,30895295,"[""OBA_VT0002095""]","[""strict""]",https://www.ebi.ac.uk/gwas/rest/api/v2/associations/41452514,"[""https://www.ebi.ac.uk/gwas/rest/api/v2/associations?efo_id=OBA_VT0002095&show_child_trait=false&size=500&page=1""]",SMIM21
pigmentation,41452514,GCST007739,30895295,"[""OBA_VT0002095""]","[""strict""]",https://www.ebi.ac.uk/gwas/rest/api/v2/associations/41452514,"[""https://www.ebi.ac.uk/gwas/rest/api/v2/associations?efo_id=OBA_VT0002095&show_child_trait=false&size=500&page=1""]",TSHZ1
pigmentation,41452518,GCST007739,30895295,"[""OBA_VT0002095""]","[""strict""]",https://www.ebi.ac.uk/gwas/rest/api/v2/associations/41452518,"[""https://www.ebi.ac.uk/gwas/rest/api/v2/associations?efo_id=OBA_VT0002095&show_child_trait=false&size=500&page=1""]",ECM1P2
pigmentation,41452518,GCST007739,30895295,"[""OBA_VT0002095""]","[""strict""]",https://www.ebi.ac.uk/gwas/rest/api/v2/associations/41452518,"[""https://www.ebi.ac.uk/gwas/rest/api/v2/associations?efo_id=OBA_VT0002095&show_child_trait=false&size=500&page=1""]",U6
pigmentation,41452522,GCST007739,30895295,"[""OBA_VT0002095""]","[""strict""]",https://www.ebi.ac.uk/gwas/rest/api/v2/associations/41452522,"[""https://www.ebi.ac.uk/gwas/rest/api/v2/associations?efo_id=OBA_VT0002095&show_child_trait=false&size=500&page=1""]",NOC2L
pigmentation,41452531,GCST007739,30895295,"[""OBA_VT0002095""]","[""strict""]",https://www.ebi.ac.uk/gwas/rest/api/v2/associations/41452531,"[""https://www.ebi.ac.uk/gwas/rest/api/v2/associations?efo_id=OBA_VT0002095&show_child_trait=false&size=500&page=1""]",GNG4
pigmentation,41452535,GCST007739,30895295,"[""OBA_VT0002095""]","[""strict""]",https://www.ebi.ac.uk/gwas/rest/api/v2/associations/41452535,"[""https://www.ebi.ac.uk/gwas/rest/api/v2/associations?efo_id=OBA_VT0002095&show_child_trait=false&size=500&page=1""]",CYCSP30
pigmentation,41452535,GCST007739,30895295,"[""OBA_VT0002095""]","[""strict""]",https://www.ebi.ac.uk/gwas/rest/api/v2/associations/41452535,"[""https://www.ebi.ac.uk/gwas/rest/api/v2/associations?efo_id=OBA_VT0002095&show_child_trait=false&size=500&page=1""]",RPL23AP68
pigmentation,41452539,GCST007739,30895295,"[""OBA_VT0002095""]","[""strict""]",https://www.ebi.ac.uk/gwas/rest/api/v2/associations/41452539,"[""https://www.ebi.ac.uk/gwas/rest/api/v2/associations?efo_id=OBA_VT0002095&show_child_trait=false&size=500&page=1""]",FBN1
pigmentation,41452543,GCST007739,30895295,"[""OBA_VT0002095""]","[""strict""]",https://www.ebi.ac.uk/gwas/rest/api/v2/associations/41452543,"[""https://www.ebi.ac.uk/gwas/rest/api/v2/associations?efo_id=OBA_VT0002095&show_child_trait=false&size=500&page=1""]",CASC11
pigmentation,41452543,GCST007739,30895295,"[""OBA_VT0002095""]","[""strict""]",https://www.ebi.ac.uk/gwas/rest/api/v2/associations/41452543,"[""https://www.ebi.ac.uk/gwas/rest/api/v2/associations?efo_id=OBA_VT0002095&show_child_trait=false&size=500&page=1""]",CASC8
pigmentation,41452547,GCST007739,30895295,"[""OBA_VT0002095""]","[""strict""]",https://www.ebi.ac.uk/gwas/rest/api/v2/associations/41452547,"[""https://www.ebi.ac.uk/gwas/rest/api/v2/associations?efo_id=OBA_VT0002095&show_child_trait=false&size=500&page=1""]",CHCHD2P9
pigmentation,41452547,GCST007739,30895295,"[""OBA_VT0002095""]","[""strict""]",https://www.ebi.ac.uk/gwas/rest/api/v2/associations/41452547,"[""https://www.ebi.ac.uk/gwas/rest/api/v2/associations?efo_id=OBA_VT0002095&show_child_trait=false&size=500&page=1""]",KRT18P24
pigmentation,41452551,GCST007739,30895295,"[""OBA_VT0002095""]","[""strict""]",https://www.ebi.ac.uk/gwas/rest/api/v2/associations/41452551,"[""https://www.ebi.ac.uk/gwas/rest/api/v2/associations?efo_id=OBA_VT0002095&show_child_trait=false&size=500&page=1""]",EPIC1
pigmentation,41452555,GCST007739,30895295,"[""OBA_VT0002095""]","[""strict""]",https://www.ebi.ac.uk/gwas/rest/api/v2/associations/41452555,"[""https://www.ebi.ac.uk/gwas/rest/api/v2/associations?efo_id=OBA_VT0002095&show_child_trait=false&size=500&page=1""]",HLA-DRB6
pigmentation,41452559,GCST007739,30895295,"[""OBA_VT0002095""]","[""strict""]",https://www.ebi.ac.uk/gwas/rest/api/v2/associations/41452559,"[""https://www.ebi.ac.uk/gwas/rest/api/v2/associations?efo_id=OBA_VT0002095&show_child_trait=false&size=500&page=1""]",HLA-DRA
pigmentation,41452559,GCST007739,30895295,"[""OBA_VT0002095""]","[""strict""]",https://www.ebi.ac.uk/gwas/rest/api/v2/associations/41452559,"[""https://www.ebi.ac.uk/gwas/rest/api/v2/associations?efo_id=OBA_VT0002095&show_child_trait=false&size=500&page=1""]",TSBP1-AS1
pigmentation,41452563,GCST007739,30895295,"[""OBA_VT0002095""]","[""strict""]",https://www.ebi.ac.uk/gwas/rest/api/v2/associations/41452563,"[""https://www.ebi.ac.uk/gwas/rest/api/v2/associations?efo_id=OBA_VT0002095&show_child_trait=false&size=500&page=1""]",LINC01865
pigmentation,41452572,GCST007739,30895295,"[""OBA_VT0002095""]","[""strict""]",https://www.ebi.ac.uk/gwas/rest/api/v2/associations/41452572,"[""https://www.ebi.ac.uk/gwas/rest/api/v2/associations?efo_id=OBA_VT0002095&show_child_trait=false&size=500&page=1""]",DUT
pigmentation,41452572,GCST007739,30895295,"[""OBA_VT0002095""]","[""strict""]",https://www.ebi.ac.uk/gwas/rest/api/v2/associations/41452572,"[""https://www.ebi.ac.uk/gwas/rest/api/v2/associations?efo_id=OBA_VT0002095&show_child_trait=false&size=500&page=1""]",FBN1
pigmentation,41452581,GCST007739,30895295,"[""OBA_VT0002095""]","[""strict""]",https://www.ebi.ac.uk/gwas/rest/api/v2/associations/41452581,"[""https://www.ebi.ac.uk/gwas/rest/api/v2/associations?efo_id=OBA_VT0002095&show_child_trait=false&size=500&page=1""]",SYN3
pigmentation,47462259,GCST008519,31315583,"[""OBA_VT0002095""]","[""strict""]",https://www.ebi.ac.uk/gwas/rest/api/v2/associations/47462259,"[""https://www.ebi.ac.uk/gwas/rest/api/v2/associations?efo_id=OBA_VT0002095&show_child_trait=false&size=500&page=1""]",SLC45A2
pigmentation,47462263,GCST008519,31315583,"[""OBA_VT0002095""]","[""strict""]",https://www.ebi.ac.uk/gwas/rest/api/v2/associations/47462263,"[""https://www.ebi.ac.uk/gwas/rest/api/v2/associations?efo_id=OBA_VT0002095&show_child_trait=false&size=500&page=1""]",SLC45A2
pigmentation,47462271,GCST008519,31315583,"[""OBA_VT0002095""]","[""strict""]",https://www.ebi.ac.uk/gwas/rest/api/v2/associations/47462271,"[""https://www.ebi.ac.uk/gwas/rest/api/v2/associations?efo_id=OBA_VT0002095&show_child_trait=false&size=500&page=1""]",GRM5
pigmentation,47462287,GCST008519,31315583,"[""OBA_VT0002095""]","[""strict""]",https://www.ebi.ac.uk/gwas/rest/api/v2/associations/47462287,"[""https://www.ebi.ac.uk/gwas/rest/api/v2/associations?efo_id=OBA_VT0002095&show_child_trait=false&size=500&page=1""]",SLC24A5
pigmentation,47687407,GCST008516,31315583,"[""OBA_VT0002095""]","[""strict""]",https://www.ebi.ac.uk/gwas/rest/api/v2/associations/47687407,"[""https://www.ebi.ac.uk/gwas/rest/api/v2/associations?efo_id=OBA_VT0002095&show_child_trait=false&size=500&page=1""]",GRM5
pigmentation,47687412,GCST008516,31315583,"[""OBA_VT0002095""]","[""strict""]",https://www.ebi.ac.uk/gwas/rest/api/v2/associations/47687412,"[""https://www.ebi.ac.uk/gwas/rest/api/v2/associations?efo_id=OBA_VT0002095&show_child_trait=false&size=500&page=1""]",OCA2
pigmentation,47687417,GCST008516,31315583,"[""OBA_VT0002095""]","[""strict""]",https://www.ebi.ac.uk/gwas/rest/api/v2/associations/47687417,"[""https://www.ebi.ac.uk/gwas/rest/api/v2/associations?efo_id=OBA_VT0002095&show_child_trait=false&size=500&page=1""]",APBA2
pigmentation,47687417,GCST008516,31315583,"[""OBA_VT0002095""]","[""strict""]",https://www.ebi.ac.uk/gwas/rest/api/v2/associations/47687417,"[""https://www.ebi.ac.uk/gwas/rest/api/v2/associations?efo_id=OBA_VT0002095&show_child_trait=false&size=500&page=1""]",GOLGA6L7
pigmentation,47687422,GCST008516,31315583,"[""OBA_VT0002095""]","[""strict""]",https://www.ebi.ac.uk/gwas/rest/api/v2/associations/47687422,"[""https://www.ebi.ac.uk/gwas/rest/api/v2/associations?efo_id=OBA_VT0002095&show_child_trait=false&size=500&page=1""]",ENTREP2
pigmentation,47687432,GCST008516,31315583,"[""OBA_VT0002095""]","[""strict""]",https://www.ebi.ac.uk/gwas/rest/api/v2/associations/47687432,"[""https://www.ebi.ac.uk/gwas/rest/api/v2/associations?efo_id=OBA_VT0002095&show_child_trait=false&size=500&page=1""]",HERC2
pigmentation,47687437,GCST008516,31315583,"[""OBA_VT0002095""]","[""strict""]",https://www.ebi.ac.uk/gwas/rest/api/v2/associations/47687437,"[""https://www.ebi.ac.uk/gwas/rest/api/v2/associations?efo_id=OBA_VT0002095&show_child_trait=false&size=500&page=1""]",MFSD12
pigmentation,47687442,GCST008516,31315583,"[""OBA_VT0002095""]","[""strict""]",https://www.ebi.ac.uk/gwas/rest/api/v2/associations/47687442,"[""https://www.ebi.ac.uk/gwas/rest/api/v2/associations?efo_id=OBA_VT0002095&show_child_trait=false&size=500&page=1""]",GABRG3
pigmentation,47687442,GCST008516,31315583,"[""OBA_VT0002095""]","[""strict""]",https://www.ebi.ac.uk/gwas/rest/api/v2/associations/47687442,"[""https://www.ebi.ac.uk/gwas/rest/api/v2/associations?efo_id=OBA_VT0002095&show_child_trait=false&size=500&page=1""]",OCA2
pigmentation,47687662,GCST008516,31315583,"[""OBA_VT0002095""]","[""strict""]",https://www.ebi.ac.uk/gwas/rest/api/v2/associations/47687662,"[""https://www.ebi.ac.uk/gwas/rest/api/v2/associations?efo_id=OBA_VT0002095&show_child_trait=false&size=500&page=1""]",DYNLRB2-AS1
pigmentation,47687909,GCST008518,31315583,"[""OBA_VT0002095""]","[""strict""]",https://www.ebi.ac.uk/gwas/rest/api/v2/associations/47687909,"[""https://www.ebi.ac.uk/gwas/rest/api/v2/associations?efo_id=OBA_VT0002095&show_child_trait=false&size=500&page=1""]",SLC45A2
pigmentation,47687928,GCST008518,31315583,"[""OBA_VT0002095""]","[""strict""]",https://www.ebi.ac.uk/gwas/rest/api/v2/associations/47687928,"[""https://www.ebi.ac.uk/gwas/rest/api/v2/associations?efo_id=OBA_VT0002095&show_child_trait=false&size=500&page=1""]",SLC24A5
pigmentation,47688409,GCST008519,31315583,"[""OBA_VT0002095""]","[""strict""]",https://www.ebi.ac.uk/gwas/rest/api/v2/associations/47688409,"[""https://www.ebi.ac.uk/gwas/rest/api/v2/associations?efo_id=OBA_VT0002095&show_child_trait=false&size=500&page=0""]",MFSD12
pigmentation,47688461,GCST008519,31315583,"[""OBA_VT0002095""]","[""strict""]",https://www.ebi.ac.uk/gwas/rest/api/v2/associations/47688461,"[""https://www.ebi.ac.uk/gwas/rest/api/v2/associations?efo_id=OBA_VT0002095&show_child_trait=false&size=500&page=0""]",HERC2
pigmentation,47688506,GCST008519,31315583,"[""OBA_VT0002095""]","[""strict""]",https://www.ebi.ac.uk/gwas/rest/api/v2/associations/47688506,"[""https://www.ebi.ac.uk/gwas/rest/api/v2/associations?efo_id=OBA_VT0002095&show_child_trait=false&size=500&page=0""]",TYR
pigmentation,47688566,GCST008516,31315583,"[""OBA_VT0002095""]","[""strict""]",https://www.ebi.ac.uk/gwas/rest/api/v2/associations/47688566,"[""https://www.ebi.ac.uk/gwas/rest/api/v2/associations?efo_id=OBA_VT0002095&show_child_trait=false&size=500&page=0""]",OCA2
pigmentation,47688605,GCST008516,31315583,"[""OBA_VT0002095""]","[""strict""]",https://www.ebi.ac.uk/gwas/rest/api/v2/associations/47688605,"[""https://www.ebi.ac.uk/gwas/rest/api/v2/associations?efo_id=OBA_VT0002095&show_child_trait=false&size=500&page=0""]",APBA2
pigmentation,47688613,GCST008516,31315583,"[""OBA_VT0002095""]","[""strict""]",https://www.ebi.ac.uk/gwas/rest/api/v2/associations/47688613,"[""https://www.ebi.ac.uk/gwas/rest/api/v2/associations?efo_id=OBA_VT0002095&show_child_trait=false&size=500&page=0""]",MFSD12
pigmentation,5903,GCST000146,18252221,"[""EFO_0003949""]","[""strict""]",https://www.ebi.ac.uk/gwas/rest/api/v2/associations/5903,"[""https://www.ebi.ac.uk/gwas/rest/api/v2/associations?efo_id=EFO_0003949&show_child_trait=false&size=500&page=0""]",HERC2
pigmentation,5942,GCST000118,17952075,"[""EFO_0003924""]","[""strict""]",https://www.ebi.ac.uk/gwas/rest/api/v2/associations/5942,"[""https://www.ebi.ac.uk/gwas/rest/api/v2/associations?efo_id=EFO_0003924&show_child_trait=false&size=500&page=1""]",LINC02458
pigmentation,5942,GCST000118,17952075,"[""EFO_0003924""]","[""strict""]",https://www.ebi.ac.uk/gwas/rest/api/v2/associations/5942,"[""https://www.ebi.ac.uk/gwas/rest/api/v2/associations?efo_id=EFO_0003924&show_child_trait=false&size=500&page=1""]",RNU1-117P
pigmentation,5943,GCST000118,17952075,"[""EFO_0003924""]","[""strict""]",https://www.ebi.ac.uk/gwas/rest/api/v2/associations/5943,"[""https://www.ebi.ac.uk/gwas/rest/api/v2/associations?efo_id=EFO_0003924&show_child_trait=false&size=500&page=1""]",RNU6-366P
pigmentation,5943,GCST000118,17952075,"[""EFO_0003924""]","[""strict""]",https://www.ebi.ac.uk/gwas/rest/api/v2/associations/5943,"[""https://www.ebi.ac.uk/gwas/rest/api/v2/associations?efo_id=EFO_0003924&show_child_trait=false&size=500&page=1""]",SLC24A4
pigmentation,5944,GCST000117,17952075,"[""EFO_0003949""]","[""strict""]",https://www.ebi.ac.uk/gwas/rest/api/v2/associations/5944,"[""https://www.ebi.ac.uk/gwas/rest/api/v2/associations?efo_id=EFO_0003949&show_child_trait=false&size=500&page=0""]",RNU6-366P
pigmentation,5944,GCST000117,17952075,"[""EFO_0003949""]","[""strict""]",https://www.ebi.ac.uk/gwas/rest/api/v2/associations/5944,"[""https://www.ebi.ac.uk/gwas/rest/api/v2/associations?efo_id=EFO_0003949&show_child_trait=false&size=500&page=0""]",SLC24A4
pigmentation,5945,GCST000119,17952075,"[""EFO_0003963""]","[""broad""]",https://www.ebi.ac.uk/gwas/rest/api/v2/associations/5945,"[""https://www.ebi.ac.uk/gwas/rest/api/v2/associations?efo_id=EFO_0003963&show_child_trait=false&size=500&page=0""]",EXOC2
pigmentation,5945,GCST000119,17952075,"[""EFO_0003963""]","[""broad""]",https://www.ebi.ac.uk/gwas/rest/api/v2/associations/5945,"[""https://www.ebi.ac.uk/gwas/rest/api/v2/associations?efo_id=EFO_0003963&show_child_trait=false&size=500&page=0""]",IRF4
pigmentation,6174,GCST000192,18488028,"[""EFO_0003949""]","[""strict""]",https://www.ebi.ac.uk/gwas/rest/api/v2/associations/6174,"[""https://www.ebi.ac.uk/gwas/rest/api/v2/associations?efo_id=EFO_0003949&show_child_trait=false&size=500&page=0""]",LURAP1L-AS1
pigmentation,6177,GCST000190,18483556,"[""EFO_0003924""]","[""strict""]",https://www.ebi.ac.uk/gwas/rest/api/v2/associations/6177,"[""https://www.ebi.ac.uk/gwas/rest/api/v2/associations?efo_id=EFO_0003924&show_child_trait=false&size=500&page=1""]",IRF4
pigmentation,6178,GCST000190,18483556,"[""EFO_0003924""]","[""strict""]",https://www.ebi.ac.uk/gwas/rest/api/v2/associations/6178,"[""https://www.ebi.ac.uk/gwas/rest/api/v2/associations?efo_id=EFO_0003924&show_child_trait=false&size=500&page=1""]",SLC45A2
pigmentation,61986415,GCST010302,32341527,"[""EFO_0003924""]","[""strict""]",https://www.ebi.ac.uk/gwas/rest/api/v2/associations/61986415,"[""https://www.ebi.ac.uk/gwas/rest/api/v2/associations?efo_id=EFO_0003924&show_child_trait=false&size=500&page=0""]",SLC45A2
pigmentation,61986419,GCST010302,32341527,"[""EFO_0003924""]","[""strict""]",https://www.ebi.ac.uk/gwas/rest/api/v2/associations/61986419,"[""https://www.ebi.ac.uk/gwas/rest/api/v2/associations?efo_id=EFO_0003924&show_child_trait=false&size=500&page=0""]",HERC2
pigmentation,61986424,GCST010302,32341527,"[""EFO_0003924""]","[""strict""]",https://www.ebi.ac.uk/gwas/rest/api/v2/associations/61986424,"[""https://www.ebi.ac.uk/gwas/rest/api/v2/associations?efo_id=EFO_0003924&show_child_trait=false&size=500&page=0""]",SPG7
pigmentation,61986428,GCST010302,32341527,"[""EFO_0003924""]","[""strict""]",https://www.ebi.ac.uk/gwas/rest/api/v2/associations/61986428,"[""https://www.ebi.ac.uk/gwas/rest/api/v2/associations?efo_id=EFO_0003924&show_child_trait=false&size=500&page=0""]",PIGU
pigmentation,61986433,GCST010302,32341527,"[""EFO_0003924""]","[""strict""]",https://www.ebi.ac.uk/gwas/rest/api/v2/associations/61986433,"[""https://www.ebi.ac.uk/gwas/rest/api/v2/associations?efo_id=EFO_0003924&show_child_trait=false&size=500&page=0""]",SLC24A4
pigmentation,61986437,GCST010302,32341527,"[""EFO_0003924""]","[""strict""]",https://www.ebi.ac.uk/gwas/rest/api/v2/associations/61986437,"[""https://www.ebi.ac.uk/gwas/rest/api/v2/associations?efo_id=EFO_0003924&show_child_trait=false&size=500&page=0""]",TPCN2
pigmentation,61986442,GCST010302,32341527,"[""EFO_0003924""]","[""strict""]",https://www.ebi.ac.uk/gwas/rest/api/v2/associations/61986442,"[""https://www.ebi.ac.uk/gwas/rest/api/v2/associations?efo_id=EFO_0003924&show_child_trait=false&size=500&page=0""]",TYR
pigmentation,61986447,GCST010302,32341527,"[""EFO_0003924""]","[""strict""]",https://www.ebi.ac.uk/gwas/rest/api/v2/associations/61986447,"[""https://www.ebi.ac.uk/gwas/rest/api/v2/associations?efo_id=EFO_0003924&show_child_trait=false&size=500&page=0""]",LURAP1L-AS1
pigmentation,61986447,GCST010302,32341527,"[""EFO_0003924""]","[""strict""]",https://www.ebi.ac.uk/gwas/rest/api/v2/associations/61986447,"[""https://www.ebi.ac.uk/gwas/rest/api/v2/associations?efo_id=EFO_0003924&show_child_trait=false&size=500&page=0""]",TYRP1
pigmentation,61986452,GCST010302,32341527,"[""EFO_0003924""]","[""strict""]",https://www.ebi.ac.uk/gwas/rest/api/v2/associations/61986452,"[""https://www.ebi.ac.uk/gwas/rest/api/v2/associations?efo_id=EFO_0003924&show_child_trait=false&size=500&page=0""]",ADGRV1
pigmentation,61986457,GCST010302,32341527,"[""EFO_0003924""]","[""strict""]",https://www.ebi.ac.uk/gwas/rest/api/v2/associations/61986457,"[""https://www.ebi.ac.uk/gwas/rest/api/v2/associations?efo_id=EFO_0003924&show_child_trait=false&size=500&page=0""]",DSTYK
pigmentation,61986461,GCST010302,32341527,"[""EFO_0003924""]","[""strict""]",https://www.ebi.ac.uk/gwas/rest/api/v2/associations/61986461,"[""https://www.ebi.ac.uk/gwas/rest/api/v2/associations?efo_id=EFO_0003924&show_child_trait=false&size=500&page=0""]",LINC-PINT
pigmentation,61986465,GCST010302,32341527,"[""EFO_0003924""]","[""strict""]",https://www.ebi.ac.uk/gwas/rest/api/v2/associations/61986465,"[""https://www.ebi.ac.uk/gwas/rest/api/v2/associations?efo_id=EFO_0003924&show_child_trait=false&size=500&page=0""]",DOCK8-AS1
pigmentation,61986465,GCST010302,32341527,"[""EFO_0003924""]","[""strict""]",https://www.ebi.ac.uk/gwas/rest/api/v2/associations/61986465,"[""https://www.ebi.ac.uk/gwas/rest/api/v2/associations?efo_id=EFO_0003924&show_child_trait=false&size=500&page=0""]",ZNG1A
pigmentation,61986470,GCST010302,32341527,"[""EFO_0003924""]","[""strict""]",https://www.ebi.ac.uk/gwas/rest/api/v2/associations/61986470,"[""https://www.ebi.ac.uk/gwas/rest/api/v2/associations?efo_id=EFO_0003924&show_child_trait=false&size=500&page=0""]",AKAP12
pigmentation,61986474,GCST010302,32341527,"[""EFO_0003924""]","[""strict""]",https://www.ebi.ac.uk/gwas/rest/api/v2/associations/61986474,"[""https://www.ebi.ac.uk/gwas/rest/api/v2/associations?efo_id=EFO_0003924&show_child_trait=false&size=500&page=0""]",PPFIBP2
pigmentation,61986478,GCST010302,32341527,"[""EFO_0003924""]","[""strict""]",https://www.ebi.ac.uk/gwas/rest/api/v2/associations/61986478,"[""https://www.ebi.ac.uk/gwas/rest/api/v2/associations?efo_id=EFO_0003924&show_child_trait=false&size=500&page=0""]",AHNAK
pigmentation,61986484,GCST010302,32341527,"[""EFO_0003924""]","[""strict""]",https://www.ebi.ac.uk/gwas/rest/api/v2/associations/61986484,"[""https://www.ebi.ac.uk/gwas/rest/api/v2/associations?efo_id=EFO_0003924&show_child_trait=false&size=500&page=0""]",SAMMSON
pigmentation,61986489,GCST010302,32341527,"[""EFO_0003924""]","[""strict""]",https://www.ebi.ac.uk/gwas/rest/api/v2/associations/61986489,"[""https://www.ebi.ac.uk/gwas/rest/api/v2/associations?efo_id=EFO_0003924&show_child_trait=false&size=500&page=0""]",SYNE2
pigmentation,61986493,GCST010302,32341527,"[""EFO_0003924""]","[""strict""]",https://www.ebi.ac.uk/gwas/rest/api/v2/associations/61986493,"[""https://www.ebi.ac.uk/gwas/rest/api/v2/associations?efo_id=EFO_0003924&show_child_trait=false&size=500&page=0""]",LINC01505
pigmentation,61986498,GCST010302,32341527,"[""EFO_0003924""]","[""strict""]",https://www.ebi.ac.uk/gwas/rest/api/v2/associations/61986498,"[""https://www.ebi.ac.uk/gwas/rest/api/v2/associations?efo_id=EFO_0003924&show_child_trait=false&size=500&page=0""]",CLPTM1L
pigmentation,61986502,GCST010302,32341527,"[""EFO_0003924""]","[""strict""]",https://www.ebi.ac.uk/gwas/rest/api/v2/associations/61986502,"[""https://www.ebi.ac.uk/gwas/rest/api/v2/associations?efo_id=EFO_0003924&show_child_trait=false&size=500&page=0""]",C5orf67
pigmentation,61986502,GCST010302,32341527,"[""EFO_0003924""]","[""strict""]",https://www.ebi.ac.uk/gwas/rest/api/v2/associations/61986502,"[""https://www.ebi.ac.uk/gwas/rest/api/v2/associations?efo_id=EFO_0003924&show_child_trait=false&size=500&page=0""]",MAP3K1
pigmentation,61986506,GCST010302,32341527,"[""EFO_0003924""]","[""strict""]",https://www.ebi.ac.uk/gwas/rest/api/v2/associations/61986506,"[""https://www.ebi.ac.uk/gwas/rest/api/v2/associations?efo_id=EFO_0003924&show_child_trait=false&size=500&page=0""]",PLXNB2
pigmentation,61986510,GCST010302,32341527,"[""EFO_0003924""]","[""strict""]",https://www.ebi.ac.uk/gwas/rest/api/v2/associations/61986510,"[""https://www.ebi.ac.uk/gwas/rest/api/v2/associations?efo_id=EFO_0003924&show_child_trait=false&size=500&page=0""]",RNU6-921P
pigmentation,61986510,GCST010302,32341527,"[""EFO_0003924""]","[""strict""]",https://www.ebi.ac.uk/gwas/rest/api/v2/associations/61986510,"[""https://www.ebi.ac.uk/gwas/rest/api/v2/associations?efo_id=EFO_0003924&show_child_trait=false&size=500&page=0""]",ZFP36L1
pigmentation,61986514,GCST010302,32341527,"[""EFO_0003924""]","[""strict""]",https://www.ebi.ac.uk/gwas/rest/api/v2/associations/61986514,"[""https://www.ebi.ac.uk/gwas/rest/api/v2/associations?efo_id=EFO_0003924&show_child_trait=false&size=500&page=0""]",CDKN2B-AS1
pigmentation,61986520,GCST010302,32341527,"[""EFO_0003924""]","[""strict""]",https://www.ebi.ac.uk/gwas/rest/api/v2/associations/61986520,"[""https://www.ebi.ac.uk/gwas/rest/api/v2/associations?efo_id=EFO_0003924&show_child_trait=false&size=500&page=0""]",MED13L
pigmentation,61986526,GCST010302,32341527,"[""EFO_0003924""]","[""strict""]",https://www.ebi.ac.uk/gwas/rest/api/v2/associations/61986526,"[""https://www.ebi.ac.uk/gwas/rest/api/v2/associations?efo_id=EFO_0003924&show_child_trait=false&size=500&page=0""]",MARK3
pigmentation,61986531,GCST010302,32341527,"[""EFO_0003924""]","[""strict""]",https://www.ebi.ac.uk/gwas/rest/api/v2/associations/61986531,"[""https://www.ebi.ac.uk/gwas/rest/api/v2/associations?efo_id=EFO_0003924&show_child_trait=false&size=500&page=0""]",PTPN14
pigmentation,61986536,GCST010302,32341527,"[""EFO_0003924""]","[""strict""]",https://www.ebi.ac.uk/gwas/rest/api/v2/associations/61986536,"[""https://www.ebi.ac.uk/gwas/rest/api/v2/associations?efo_id=EFO_0003924&show_child_trait=false&size=500&page=0""]",TMEM163
pigmentation,61986540,GCST010302,32341527,"[""EFO_0003924""]","[""strict""]",https://www.ebi.ac.uk/gwas/rest/api/v2/associations/61986540,"[""https://www.ebi.ac.uk/gwas/rest/api/v2/associations?efo_id=EFO_0003924&show_child_trait=false&size=500&page=0""]",DNAJB4
pigmentation,61986540,GCST010302,32341527,"[""EFO_0003924""]","[""strict""]",https://www.ebi.ac.uk/gwas/rest/api/v2/associations/61986540,"[""https://www.ebi.ac.uk/gwas/rest/api/v2/associations?efo_id=EFO_0003924&show_child_trait=false&size=500&page=0""]",GIPC2
pigmentation,61986544,GCST010302,32341527,"[""EFO_0003924""]","[""strict""]",https://www.ebi.ac.uk/gwas/rest/api/v2/associations/61986544,"[""https://www.ebi.ac.uk/gwas/rest/api/v2/associations?efo_id=EFO_0003924&show_child_trait=false&size=500&page=0""]",NIPAL3
pigmentation,61986549,GCST010302,32341527,"[""EFO_0003924""]","[""strict""]",https://www.ebi.ac.uk/gwas/rest/api/v2/associations/61986549,"[""https://www.ebi.ac.uk/gwas/rest/api/v2/associations?efo_id=EFO_0003924&show_child_trait=false&size=500&page=0""]",KIAA0930
pigmentation,61986549,GCST010302,32341527,"[""EFO_0003924""]","[""strict""]",https://www.ebi.ac.uk/gwas/rest/api/v2/associations/61986549,"[""https://www.ebi.ac.uk/gwas/rest/api/v2/associations?efo_id=EFO_0003924&show_child_trait=false&size=500&page=0""]",UPK3A
pigmentation,61986554,GCST010302,32341527,"[""EFO_0003924""]","[""strict""]",https://www.ebi.ac.uk/gwas/rest/api/v2/associations/61986554,"[""https://www.ebi.ac.uk/gwas/rest/api/v2/associations?efo_id=EFO_0003924&show_child_trait=false&size=500&page=0""]",C13orf46
pigmentation,61986554,GCST010302,32341527,"[""EFO_0003924""]","[""strict""]",https://www.ebi.ac.uk/gwas/rest/api/v2/associations/61986554,"[""https://www.ebi.ac.uk/gwas/rest/api/v2/associations?efo_id=EFO_0003924&show_child_trait=false&size=500&page=0""]",RASA3
pigmentation,61986558,GCST010302,32341527,"[""EFO_0003924""]","[""strict""]",https://www.ebi.ac.uk/gwas/rest/api/v2/associations/61986558,"[""https://www.ebi.ac.uk/gwas/rest/api/v2/associations?efo_id=EFO_0003924&show_child_trait=false&size=500&page=0""]",ADD3
pigmentation,61986563,GCST010302,32341527,"[""EFO_0003924""]","[""strict""]",https://www.ebi.ac.uk/gwas/rest/api/v2/associations/61986563,"[""https://www.ebi.ac.uk/gwas/rest/api/v2/associations?efo_id=EFO_0003924&show_child_trait=false&size=500&page=0""]",LINC01953
pigmentation,61986563,GCST010302,32341527,"[""EFO_0003924""]","[""strict""]",https://www.ebi.ac.uk/gwas/rest/api/v2/associations/61986563,"[""https://www.ebi.ac.uk/gwas/rest/api/v2/associations?efo_id=EFO_0003924&show_child_trait=false&size=500&page=0""]",SPAG16-DT
pigmentation,61986568,GCST010302,32341527,"[""EFO_0003924""]","[""strict""]",https://www.ebi.ac.uk/gwas/rest/api/v2/associations/61986568,"[""https://www.ebi.ac.uk/gwas/rest/api/v2/associations?efo_id=EFO_0003924&show_child_trait=false&size=500&page=0""]",Metazoa_SRP
pigmentation,61986568,GCST010302,32341527,"[""EFO_0003924""]","[""strict""]",https://www.ebi.ac.uk/gwas/rest/api/v2/associations/61986568,"[""https://www.ebi.ac.uk/gwas/rest/api/v2/associations?efo_id=EFO_0003924&show_child_trait=false&size=500&page=0""]",TMEM170B
pigmentation,61986573,GCST010302,32341527,"[""EFO_0003924""]","[""strict""]",https://www.ebi.ac.uk/gwas/rest/api/v2/associations/61986573,"[""https://www.ebi.ac.uk/gwas/rest/api/v2/associations?efo_id=EFO_0003924&show_child_trait=false&size=500&page=0""]",LINC02756
pigmentation,61986573,GCST010302,32341527,"[""EFO_0003924""]","[""strict""]",https://www.ebi.ac.uk/gwas/rest/api/v2/associations/61986573,"[""https://www.ebi.ac.uk/gwas/rest/api/v2/associations?efo_id=EFO_0003924&show_child_trait=false&size=500&page=0""]",TUBB4BP4
pigmentation,61986578,GCST010302,32341527,"[""EFO_0003924""]","[""strict""]",https://www.ebi.ac.uk/gwas/rest/api/v2/associations/61986578,"[""https://www.ebi.ac.uk/gwas/rest/api/v2/associations?efo_id=EFO_0003924&show_child_trait=false&size=500&page=0""]",RREB1
pigmentation,61986583,GCST010302,32341527,"[""EFO_0003924""]","[""strict""]",https://www.ebi.ac.uk/gwas/rest/api/v2/associations/61986583,"[""https://www.ebi.ac.uk/gwas/rest/api/v2/associations?efo_id=EFO_0003924&show_child_trait=false&size=500&page=0""]",LINC01491
pigmentation,61986583,GCST010302,32341527,"[""EFO_0003924""]","[""strict""]",https://www.ebi.ac.uk/gwas/rest/api/v2/associations/61986583,"[""https://www.ebi.ac.uk/gwas/rest/api/v2/associations?efo_id=EFO_0003924&show_child_trait=false&size=500&page=0""]",SLC24A5
pigmentation,61986588,GCST010302,32341527,"[""EFO_0003924""]","[""strict""]",https://www.ebi.ac.uk/gwas/rest/api/v2/associations/61986588,"[""https://www.ebi.ac.uk/gwas/rest/api/v2/associations?efo_id=EFO_0003924&show_child_trait=false&size=500&page=0""]",LMO7
pigmentation,61986592,GCST010302,32341527,"[""EFO_0003924""]","[""strict""]",https://www.ebi.ac.uk/gwas/rest/api/v2/associations/61986592,"[""https://www.ebi.ac.uk/gwas/rest/api/v2/associations?efo_id=EFO_0003924&show_child_trait=false&size=500&page=0""]",CDH3
pigmentation,61986597,GCST010302,32341527,"[""EFO_0003924""]","[""strict""]",https://www.ebi.ac.uk/gwas/rest/api/v2/associations/61986597,"[""https://www.ebi.ac.uk/gwas/rest/api/v2/associations?efo_id=EFO_0003924&show_child_trait=false&size=500&page=0""]",ARNILA
pigmentation,61986597,GCST010302,32341527,"[""EFO_0003924""]","[""strict""]",https://www.ebi.ac.uk/gwas/rest/api/v2/associations/61986597,"[""https://www.ebi.ac.uk/gwas/rest/api/v2/associations?efo_id=EFO_0003924&show_child_trait=false&size=500&page=0""]",DNMT3A
pigmentation,61986603,GCST010302,32341527,"[""EFO_0003924""]","[""strict""]",https://www.ebi.ac.uk/gwas/rest/api/v2/associations/61986603,"[""https://www.ebi.ac.uk/gwas/rest/api/v2/associations?efo_id=EFO_0003924&show_child_trait=false&size=500&page=0""]",LRRN2
pigmentation,61986609,GCST010302,32341527,"[""EFO_0003924""]","[""strict""]",https://www.ebi.ac.uk/gwas/rest/api/v2/associations/61986609,"[""https://www.ebi.ac.uk/gwas/rest/api/v2/associations?efo_id=EFO_0003924&show_child_trait=false&size=500&page=0""]",ATP10A
pigmentation,61986614,GCST010302,32341527,"[""EFO_0003924""]","[""strict""]",https://www.ebi.ac.uk/gwas/rest/api/v2/associations/61986614,"[""https://www.ebi.ac.uk/gwas/rest/api/v2/associations?efo_id=EFO_0003924&show_child_trait=false&size=500&page=0""]",FTO
pigmentation,61986619,GCST010302,32341527,"[""EFO_0003924""]","[""strict""]",https://www.ebi.ac.uk/gwas/rest/api/v2/associations/61986619,"[""https://www.ebi.ac.uk/gwas/rest/api/v2/associations?efo_id=EFO_0003924&show_child_trait=false&size=500&page=0""]",LINC03109
pigmentation,61986619,GCST010302,32341527,"[""EFO_0003924""]","[""strict""]",https://www.ebi.ac.uk/gwas/rest/api/v2/associations/61986619,"[""https://www.ebi.ac.uk/gwas/rest/api/v2/associations?efo_id=EFO_0003924&show_child_trait=false&size=500&page=0""]",RN7SL300P
pigmentation,61986623,GCST010302,32341527,"[""EFO_0003924""]","[""strict""]",https://www.ebi.ac.uk/gwas/rest/api/v2/associations/61986623,"[""https://www.ebi.ac.uk/gwas/rest/api/v2/associations?efo_id=EFO_0003924&show_child_trait=false&size=500&page=0""]",AMPD3
pigmentation,61986627,GCST010302,32341527,"[""EFO_0003924""]","[""strict""]",https://www.ebi.ac.uk/gwas/rest/api/v2/associations/61986627,"[""https://www.ebi.ac.uk/gwas/rest/api/v2/associations?efo_id=EFO_0003924&show_child_trait=false&size=500&page=0""]",MIR663AHG
pigmentation,61986632,GCST010302,32341527,"[""EFO_0003924""]","[""strict""]",https://www.ebi.ac.uk/gwas/rest/api/v2/associations/61986632,"[""https://www.ebi.ac.uk/gwas/rest/api/v2/associations?efo_id=EFO_0003924&show_child_trait=false&size=500&page=0""]",ARHGAP20
pigmentation,61986636,GCST010302,32341527,"[""EFO_0003924""]","[""strict""]",https://www.ebi.ac.uk/gwas/rest/api/v2/associations/61986636,"[""https://www.ebi.ac.uk/gwas/rest/api/v2/associations?efo_id=EFO_0003924&show_child_trait=false&size=500&page=0""]",BCR
pigmentation,6203,GCST000190,18483556,"[""EFO_0003924""]","[""strict""]",https://www.ebi.ac.uk/gwas/rest/api/v2/associations/6203,"[""https://www.ebi.ac.uk/gwas/rest/api/v2/associations?efo_id=EFO_0003924&show_child_trait=false&size=500&page=1""]",EXOC2
pigmentation,6204,GCST000191,18483556,"[""EFO_0003924""]","[""strict""]",https://www.ebi.ac.uk/gwas/rest/api/v2/associations/6204,"[""https://www.ebi.ac.uk/gwas/rest/api/v2/associations?efo_id=EFO_0003924&show_child_trait=false&size=500&page=1""]",IRF4
pigmentation,6205,GCST000191,18483556,"[""EFO_0003924""]","[""strict""]",https://www.ebi.ac.uk/gwas/rest/api/v2/associations/6205,"[""https://www.ebi.ac.uk/gwas/rest/api/v2/associations?efo_id=EFO_0003924&show_child_trait=false&size=500&page=1""]",SLC45A2
pigmentation,6206,GCST000191,18483556,"[""EFO_0003924""]","[""strict""]",https://www.ebi.ac.uk/gwas/rest/api/v2/associations/6206,"[""https://www.ebi.ac.uk/gwas/rest/api/v2/associations?efo_id=EFO_0003924&show_child_trait=false&size=500&page=1""]",EXOC2
pigmentation,6221,GCST000193,18488028,"[""EFO_0003924""]","[""strict""]",https://www.ebi.ac.uk/gwas/rest/api/v2/associations/6221,"[""https://www.ebi.ac.uk/gwas/rest/api/v2/associations?efo_id=EFO_0003924&show_child_trait=false&size=500&page=1""]",ASIP
pigmentation,6221,GCST000193,18488028,"[""EFO_0003924""]","[""strict""]",https://www.ebi.ac.uk/gwas/rest/api/v2/associations/6221,"[""https://www.ebi.ac.uk/gwas/rest/api/v2/associations?efo_id=EFO_0003924&show_child_trait=false&size=500&page=1""]",RPS2P1
pigmentation,6222,GCST000194,18488028,"[""EFO_0003924""]","[""strict""]",https://www.ebi.ac.uk/gwas/rest/api/v2/associations/6222,"[""https://www.ebi.ac.uk/gwas/rest/api/v2/associations?efo_id=EFO_0003924&show_child_trait=false&size=500&page=1""]",TPCN2
pigmentation,6223,GCST000196,18488028,"[""EFO_0003963"", ""MONDO_0005326""]","[""broad""]",https://www.ebi.ac.uk/gwas/rest/api/v2/associations/6223,"[""https://www.ebi.ac.uk/gwas/rest/api/v2/associations?efo_id=EFO_0003963&show_child_trait=false&size=500&page=0"", ""https://www.ebi.ac.uk/gwas/rest/api/v2/associations?efo_id=MONDO_0005326&show_child_trait=false&size=500&page=0""]",ASIP
pigmentation,6223,GCST000196,18488028,"[""EFO_0003963"", ""MONDO_0005326""]","[""broad""]",https://www.ebi.ac.uk/gwas/rest/api/v2/associations/6223,"[""https://www.ebi.ac.uk/gwas/rest/api/v2/associations?efo_id=EFO_0003963&show_child_trait=false&size=500&page=0"", ""https://www.ebi.ac.uk/gwas/rest/api/v2/associations?efo_id=MONDO_0005326&show_child_trait=false&size=500&page=0""]",RPS2P1
pigmentation,62410531,GCST90002283,32835660,"[""OBA_2045282""]","[""strict""]",https://www.ebi.ac.uk/gwas/rest/api/v2/associations/62410531,"[""https://www.ebi.ac.uk/gwas/rest/api/v2/associations?efo_id=OBA_2045282&show_child_trait=false&size=500&page=0""]",BNC2
pigmentation,62410536,GCST90002283,32835660,"[""OBA_2045282""]","[""strict""]",https://www.ebi.ac.uk/gwas/rest/api/v2/associations/62410536,"[""https://www.ebi.ac.uk/gwas/rest/api/v2/associations?efo_id=OBA_2045282&show_child_trait=false&size=500&page=0""]",PPARGC1B
pigmentation,62410541,GCST90002283,32835660,"[""OBA_2045282""]","[""strict""]",https://www.ebi.ac.uk/gwas/rest/api/v2/associations/62410541,"[""https://www.ebi.ac.uk/gwas/rest/api/v2/associations?efo_id=OBA_2045282&show_child_trait=false&size=500&page=0""]",LINC02674
pigmentation,62410541,GCST90002283,32835660,"[""OBA_2045282""]","[""strict""]",https://www.ebi.ac.uk/gwas/rest/api/v2/associations/62410541,"[""https://www.ebi.ac.uk/gwas/rest/api/v2/associations?efo_id=OBA_2045282&show_child_trait=false&size=500&page=0""]",RAB11FIP2
pigmentation,62410546,GCST90002283,32835660,"[""OBA_2045282""]","[""strict""]",https://www.ebi.ac.uk/gwas/rest/api/v2/associations/62410546,"[""https://www.ebi.ac.uk/gwas/rest/api/v2/associations?efo_id=OBA_2045282&show_child_trait=false&size=500&page=0""]",MC1R
pigmentation,62410552,GCST90002283,32835660,"[""OBA_2045282""]","[""strict""]",https://www.ebi.ac.uk/gwas/rest/api/v2/associations/62410552,"[""https://www.ebi.ac.uk/gwas/rest/api/v2/associations?efo_id=OBA_2045282&show_child_trait=false&size=500&page=0""]",LINC01877
pigmentation,62410559,GCST90002283,32835660,"[""OBA_2045282""]","[""strict""]",https://www.ebi.ac.uk/gwas/rest/api/v2/associations/62410559,"[""https://www.ebi.ac.uk/gwas/rest/api/v2/associations?efo_id=OBA_2045282&show_child_trait=false&size=500&page=0""]",CDKN2B-AS1
pigmentation,62410565,GCST90002283,32835660,"[""OBA_2045282""]","[""strict""]",https://www.ebi.ac.uk/gwas/rest/api/v2/associations/62410565,"[""https://www.ebi.ac.uk/gwas/rest/api/v2/associations?efo_id=OBA_2045282&show_child_trait=false&size=500&page=0""]",MFSD12
pigmentation,62410565,GCST90002283,32835660,"[""OBA_2045282""]","[""strict""]",https://www.ebi.ac.uk/gwas/rest/api/v2/associations/62410565,"[""https://www.ebi.ac.uk/gwas/rest/api/v2/associations?efo_id=OBA_2045282&show_child_trait=false&size=500&page=0""]",MFSD12-AS1
pigmentation,62410575,GCST90002284,32835660,"[""OBA_2045282""]","[""strict""]",https://www.ebi.ac.uk/gwas/rest/api/v2/associations/62410575,"[""https://www.ebi.ac.uk/gwas/rest/api/v2/associations?efo_id=OBA_2045282&show_child_trait=false&size=500&page=0""]",BNC2
pigmentation,62410580,GCST90002284,32835660,"[""OBA_2045282""]","[""strict""]",https://www.ebi.ac.uk/gwas/rest/api/v2/associations/62410580,"[""https://www.ebi.ac.uk/gwas/rest/api/v2/associations?efo_id=OBA_2045282&show_child_trait=false&size=500&page=0""]",PPARGC1B
pigmentation,62410585,GCST90002284,32835660,"[""OBA_2045282""]","[""strict""]",https://www.ebi.ac.uk/gwas/rest/api/v2/associations/62410585,"[""https://www.ebi.ac.uk/gwas/rest/api/v2/associations?efo_id=OBA_2045282&show_child_trait=false&size=500&page=0""]",LINC02674
pigmentation,62410585,GCST90002284,32835660,"[""OBA_2045282""]","[""strict""]",https://www.ebi.ac.uk/gwas/rest/api/v2/associations/62410585,"[""https://www.ebi.ac.uk/gwas/rest/api/v2/associations?efo_id=OBA_2045282&show_child_trait=false&size=500&page=0""]",RAB11FIP2
pigmentation,62410590,GCST90002284,32835660,"[""OBA_2045282""]","[""strict""]",https://www.ebi.ac.uk/gwas/rest/api/v2/associations/62410590,"[""https://www.ebi.ac.uk/gwas/rest/api/v2/associations?efo_id=OBA_2045282&show_child_trait=false&size=500&page=0""]",MC1R
pigmentation,62410595,GCST90002284,32835660,"[""OBA_2045282""]","[""strict""]",https://www.ebi.ac.uk/gwas/rest/api/v2/associations/62410595,"[""https://www.ebi.ac.uk/gwas/rest/api/v2/associations?efo_id=OBA_2045282&show_child_trait=false&size=500&page=0""]",LINC01877
pigmentation,62410601,GCST90002284,32835660,"[""OBA_2045282""]","[""strict""]",https://www.ebi.ac.uk/gwas/rest/api/v2/associations/62410601,"[""https://www.ebi.ac.uk/gwas/rest/api/v2/associations?efo_id=OBA_2045282&show_child_trait=false&size=500&page=0""]",CDKN2B-AS1
pigmentation,62410607,GCST90002284,32835660,"[""OBA_2045282""]","[""strict""]",https://www.ebi.ac.uk/gwas/rest/api/v2/associations/62410607,"[""https://www.ebi.ac.uk/gwas/rest/api/v2/associations?efo_id=OBA_2045282&show_child_trait=false&size=500&page=0""]",MFSD12
pigmentation,62410607,GCST90002284,32835660,"[""OBA_2045282""]","[""strict""]",https://www.ebi.ac.uk/gwas/rest/api/v2/associations/62410607,"[""https://www.ebi.ac.uk/gwas/rest/api/v2/associations?efo_id=OBA_2045282&show_child_trait=false&size=500&page=0""]",MFSD12-AS1
pigmentation,62419466,GCST006986,30531825,"[""EFO_0003924""]","[""strict""]",https://www.ebi.ac.uk/gwas/rest/api/v2/associations/62419466,"[""https://www.ebi.ac.uk/gwas/rest/api/v2/associations?efo_id=EFO_0003924&show_child_trait=false&size=500&page=0""]",TUBB3
pigmentation,62419471,GCST006986,30531825,"[""EFO_0003924""]","[""strict""]",https://www.ebi.ac.uk/gwas/rest/api/v2/associations/62419471,"[""https://www.ebi.ac.uk/gwas/rest/api/v2/associations?efo_id=EFO_0003924&show_child_trait=false&size=500&page=0""]",TCF25
pigmentation,62419475,GCST006986,30531825,"[""EFO_0003924""]","[""strict""]",https://www.ebi.ac.uk/gwas/rest/api/v2/associations/62419475,"[""https://www.ebi.ac.uk/gwas/rest/api/v2/associations?efo_id=EFO_0003924&show_child_trait=false&size=500&page=0""]",MC1R
pigmentation,62419480,GCST006986,30531825,"[""EFO_0003924""]","[""strict""]",https://www.ebi.ac.uk/gwas/rest/api/v2/associations/62419480,"[""https://www.ebi.ac.uk/gwas/rest/api/v2/associations?efo_id=EFO_0003924&show_child_trait=false&size=500&page=0""]",DEF8
pigmentation,62419485,GCST006986,30531825,"[""EFO_0003924""]","[""strict""]",https://www.ebi.ac.uk/gwas/rest/api/v2/associations/62419485,"[""https://www.ebi.ac.uk/gwas/rest/api/v2/associations?efo_id=EFO_0003924&show_child_trait=false&size=500&page=0""]",SPIRE2
pigmentation,62419490,GCST006986,30531825,"[""EFO_0003924""]","[""strict""]",https://www.ebi.ac.uk/gwas/rest/api/v2/associations/62419490,"[""https://www.ebi.ac.uk/gwas/rest/api/v2/associations?efo_id=EFO_0003924&show_child_trait=false&size=500&page=0""]",FANCA
pigmentation,62419494,GCST006986,30531825,"[""EFO_0003924""]","[""strict""]",https://www.ebi.ac.uk/gwas/rest/api/v2/associations/62419494,"[""https://www.ebi.ac.uk/gwas/rest/api/v2/associations?efo_id=EFO_0003924&show_child_trait=false&size=500&page=0""]",HERC2
pigmentation,62419498,GCST006986,30531825,"[""EFO_0003924""]","[""strict""]",https://www.ebi.ac.uk/gwas/rest/api/v2/associations/62419498,"[""https://www.ebi.ac.uk/gwas/rest/api/v2/associations?efo_id=EFO_0003924&show_child_trait=false&size=500&page=0""]",PKHD1
pigmentation,62419503,GCST006986,30531825,"[""EFO_0003924""]","[""strict""]",https://www.ebi.ac.uk/gwas/rest/api/v2/associations/62419503,"[""https://www.ebi.ac.uk/gwas/rest/api/v2/associations?efo_id=EFO_0003924&show_child_trait=false&size=500&page=0""]",LINC01381
pigmentation,62419503,GCST006986,30531825,"[""EFO_0003924""]","[""strict""]",https://www.ebi.ac.uk/gwas/rest/api/v2/associations/62419503,"[""https://www.ebi.ac.uk/gwas/rest/api/v2/associations?efo_id=EFO_0003924&show_child_trait=false&size=500&page=0""]",POMC
pigmentation,62419507,GCST006986,30531825,"[""EFO_0003924""]","[""strict""]",https://www.ebi.ac.uk/gwas/rest/api/v2/associations/62419507,"[""https://www.ebi.ac.uk/gwas/rest/api/v2/associations?efo_id=EFO_0003924&show_child_trait=false&size=500&page=0""]",LINC01679
pigmentation,62419507,GCST006986,30531825,"[""EFO_0003924""]","[""strict""]",https://www.ebi.ac.uk/gwas/rest/api/v2/associations/62419507,"[""https://www.ebi.ac.uk/gwas/rest/api/v2/associations?efo_id=EFO_0003924&show_child_trait=false&size=500&page=0""]",SIK1
pigmentation,62419511,GCST006986,30531825,"[""EFO_0003924""]","[""strict""]",https://www.ebi.ac.uk/gwas/rest/api/v2/associations/62419511,"[""https://www.ebi.ac.uk/gwas/rest/api/v2/associations?efo_id=EFO_0003924&show_child_trait=false&size=500&page=0""]",LINC01488
pigmentation,62419511,GCST006986,30531825,"[""EFO_0003924""]","[""strict""]",https://www.ebi.ac.uk/gwas/rest/api/v2/associations/62419511,"[""https://www.ebi.ac.uk/gwas/rest/api/v2/associations?efo_id=EFO_0003924&show_child_trait=false&size=500&page=0""]",PNCRNA-D
pigmentation,62419516,GCST006986,30531825,"[""EFO_0003924""]","[""strict""]",https://www.ebi.ac.uk/gwas/rest/api/v2/associations/62419516,"[""https://www.ebi.ac.uk/gwas/rest/api/v2/associations?efo_id=EFO_0003924&show_child_trait=false&size=500&page=0""]",NPLOC4
pigmentation,62419516,GCST006986,30531825,"[""EFO_0003924""]","[""strict""]",https://www.ebi.ac.uk/gwas/rest/api/v2/associations/62419516,"[""https://www.ebi.ac.uk/gwas/rest/api/v2/associations?efo_id=EFO_0003924&show_child_trait=false&size=500&page=0""]",TSPAN10
pigmentation,62419520,GCST006986,30531825,"[""EFO_0003924""]","[""strict""]",https://www.ebi.ac.uk/gwas/rest/api/v2/associations/62419520,"[""https://www.ebi.ac.uk/gwas/rest/api/v2/associations?efo_id=EFO_0003924&show_child_trait=false&size=500&page=0""]",LINC01411
pigmentation,62419520,GCST006986,30531825,"[""EFO_0003924""]","[""strict""]",https://www.ebi.ac.uk/gwas/rest/api/v2/associations/62419520,"[""https://www.ebi.ac.uk/gwas/rest/api/v2/associations?efo_id=EFO_0003924&show_child_trait=false&size=500&page=0""]",SUMO2P6
pigmentation,62419524,GCST006986,30531825,"[""EFO_0003924""]","[""strict""]",https://www.ebi.ac.uk/gwas/rest/api/v2/associations/62419524,"[""https://www.ebi.ac.uk/gwas/rest/api/v2/associations?efo_id=EFO_0003924&show_child_trait=false&size=500&page=0""]",FTO
pigmentation,62419529,GCST006986,30531825,"[""EFO_0003924""]","[""strict""]",https://www.ebi.ac.uk/gwas/rest/api/v2/associations/62419529,"[""https://www.ebi.ac.uk/gwas/rest/api/v2/associations?efo_id=EFO_0003924&show_child_trait=false&size=500&page=0""]",CHMP1A
pigmentation,62419533,GCST006986,30531825,"[""EFO_0003924""]","[""strict""]",https://www.ebi.ac.uk/gwas/rest/api/v2/associations/62419533,"[""https://www.ebi.ac.uk/gwas/rest/api/v2/associations?efo_id=EFO_0003924&show_child_trait=false&size=500&page=0""]",RALY
pigmentation,62419537,GCST006986,30531825,"[""EFO_0003924""]","[""strict""]",https://www.ebi.ac.uk/gwas/rest/api/v2/associations/62419537,"[""https://www.ebi.ac.uk/gwas/rest/api/v2/associations?efo_id=EFO_0003924&show_child_trait=false&size=500&page=0""]",TCF25
pigmentation,62419541,GCST006986,30531825,"[""EFO_0003924""]","[""strict""]",https://www.ebi.ac.uk/gwas/rest/api/v2/associations/62419541,"[""https://www.ebi.ac.uk/gwas/rest/api/v2/associations?efo_id=EFO_0003924&show_child_trait=false&size=500&page=0""]",TUBB3
pigmentation,62419546,GCST006986,30531825,"[""EFO_0003924""]","[""strict""]",https://www.ebi.ac.uk/gwas/rest/api/v2/associations/62419546,"[""https://www.ebi.ac.uk/gwas/rest/api/v2/associations?efo_id=EFO_0003924&show_child_trait=false&size=500&page=0""]",FANCA
pigmentation,62419551,GCST006986,30531825,"[""EFO_0003924""]","[""strict""]",https://www.ebi.ac.uk/gwas/rest/api/v2/associations/62419551,"[""https://www.ebi.ac.uk/gwas/rest/api/v2/associations?efo_id=EFO_0003924&show_child_trait=false&size=500&page=0""]",TCF25
pigmentation,62419556,GCST006986,30531825,"[""EFO_0003924""]","[""strict""]",https://www.ebi.ac.uk/gwas/rest/api/v2/associations/62419556,"[""https://www.ebi.ac.uk/gwas/rest/api/v2/associations?efo_id=EFO_0003924&show_child_trait=false&size=500&page=0""]",CBFA2T3
pigmentation,62419560,GCST006986,30531825,"[""EFO_0003924""]","[""strict""]",https://www.ebi.ac.uk/gwas/rest/api/v2/associations/62419560,"[""https://www.ebi.ac.uk/gwas/rest/api/v2/associations?efo_id=EFO_0003924&show_child_trait=false&size=500&page=0""]",MC1R
pigmentation,62419565,GCST006986,30531825,"[""EFO_0003924""]","[""strict""]",https://www.ebi.ac.uk/gwas/rest/api/v2/associations/62419565,"[""https://www.ebi.ac.uk/gwas/rest/api/v2/associations?efo_id=EFO_0003924&show_child_trait=false&size=500&page=0""]",TCF25
pigmentation,62419569,GCST006986,30531825,"[""EFO_0003924""]","[""strict""]",https://www.ebi.ac.uk/gwas/rest/api/v2/associations/62419569,"[""https://www.ebi.ac.uk/gwas/rest/api/v2/associations?efo_id=EFO_0003924&show_child_trait=false&size=500&page=0""]",DEF8
pigmentation,62419573,GCST006986,30531825,"[""EFO_0003924""]","[""strict""]",https://www.ebi.ac.uk/gwas/rest/api/v2/associations/62419573,"[""https://www.ebi.ac.uk/gwas/rest/api/v2/associations?efo_id=EFO_0003924&show_child_trait=false&size=500&page=0""]",FANCA
pigmentation,62419577,GCST006986,30531825,"[""EFO_0003924""]","[""strict""]",https://www.ebi.ac.uk/gwas/rest/api/v2/associations/62419577,"[""https://www.ebi.ac.uk/gwas/rest/api/v2/associations?efo_id=EFO_0003924&show_child_trait=false&size=500&page=0""]",MC1R
pigmentation,62419577,GCST006986,30531825,"[""EFO_0003924""]","[""strict""]",https://www.ebi.ac.uk/gwas/rest/api/v2/associations/62419577,"[""https://www.ebi.ac.uk/gwas/rest/api/v2/associations?efo_id=EFO_0003924&show_child_trait=false&size=500&page=0""]",TCF25
pigmentation,62419582,GCST006986,30531825,"[""EFO_0003924""]","[""strict""]",https://www.ebi.ac.uk/gwas/rest/api/v2/associations/62419582,"[""https://www.ebi.ac.uk/gwas/rest/api/v2/associations?efo_id=EFO_0003924&show_child_trait=false&size=500&page=0""]",SPIRE2
pigmentation,62419586,GCST006986,30531825,"[""EFO_0003924""]","[""strict""]",https://www.ebi.ac.uk/gwas/rest/api/v2/associations/62419586,"[""https://www.ebi.ac.uk/gwas/rest/api/v2/associations?efo_id=EFO_0003924&show_child_trait=false&size=500&page=0""]",MC1R
pigmentation,62419590,GCST006986,30531825,"[""EFO_0003924""]","[""strict""]",https://www.ebi.ac.uk/gwas/rest/api/v2/associations/62419590,"[""https://www.ebi.ac.uk/gwas/rest/api/v2/associations?efo_id=EFO_0003924&show_child_trait=false&size=500&page=0""]",MC1R
pigmentation,62419595,GCST006986,30531825,"[""EFO_0003924""]","[""strict""]",https://www.ebi.ac.uk/gwas/rest/api/v2/associations/62419595,"[""https://www.ebi.ac.uk/gwas/rest/api/v2/associations?efo_id=EFO_0003924&show_child_trait=false&size=500&page=0""]",CHMP1A
pigmentation,62419599,GCST006986,30531825,"[""EFO_0003924""]","[""strict""]",https://www.ebi.ac.uk/gwas/rest/api/v2/associations/62419599,"[""https://www.ebi.ac.uk/gwas/rest/api/v2/associations?efo_id=EFO_0003924&show_child_trait=false&size=500&page=0""]",MC1R
pigmentation,62419603,GCST006986,30531825,"[""EFO_0003924""]","[""strict""]",https://www.ebi.ac.uk/gwas/rest/api/v2/associations/62419603,"[""https://www.ebi.ac.uk/gwas/rest/api/v2/associations?efo_id=EFO_0003924&show_child_trait=false&size=500&page=0""]",MC1R
pigmentation,62419607,GCST006986,30531825,"[""EFO_0003924""]","[""strict""]",https://www.ebi.ac.uk/gwas/rest/api/v2/associations/62419607,"[""https://www.ebi.ac.uk/gwas/rest/api/v2/associations?efo_id=EFO_0003924&show_child_trait=false&size=500&page=0""]",MC1R
pigmentation,62419611,GCST006986,30531825,"[""EFO_0003924""]","[""strict""]",https://www.ebi.ac.uk/gwas/rest/api/v2/associations/62419611,"[""https://www.ebi.ac.uk/gwas/rest/api/v2/associations?efo_id=EFO_0003924&show_child_trait=false&size=500&page=0""]",MC1R
pigmentation,62419615,GCST006986,30531825,"[""EFO_0003924""]","[""strict""]",https://www.ebi.ac.uk/gwas/rest/api/v2/associations/62419615,"[""https://www.ebi.ac.uk/gwas/rest/api/v2/associations?efo_id=EFO_0003924&show_child_trait=false&size=500&page=0""]",AFG3L1P
pigmentation,62419619,GCST006986,30531825,"[""EFO_0003924""]","[""strict""]",https://www.ebi.ac.uk/gwas/rest/api/v2/associations/62419619,"[""https://www.ebi.ac.uk/gwas/rest/api/v2/associations?efo_id=EFO_0003924&show_child_trait=false&size=500&page=0""]",CDK10
pigmentation,62419619,GCST006986,30531825,"[""EFO_0003924""]","[""strict""]",https://www.ebi.ac.uk/gwas/rest/api/v2/associations/62419619,"[""https://www.ebi.ac.uk/gwas/rest/api/v2/associations?efo_id=EFO_0003924&show_child_trait=false&size=500&page=0""]",SPATA33
pigmentation,62419624,GCST006986,30531825,"[""EFO_0003924""]","[""strict""]",https://www.ebi.ac.uk/gwas/rest/api/v2/associations/62419624,"[""https://www.ebi.ac.uk/gwas/rest/api/v2/associations?efo_id=EFO_0003924&show_child_trait=false&size=500&page=0""]",MC1R
pigmentation,62419629,GCST006986,30531825,"[""EFO_0003924""]","[""strict""]",https://www.ebi.ac.uk/gwas/rest/api/v2/associations/62419629,"[""https://www.ebi.ac.uk/gwas/rest/api/v2/associations?efo_id=EFO_0003924&show_child_trait=false&size=500&page=0""]",DEF8
pigmentation,62419633,GCST006986,30531825,"[""EFO_0003924""]","[""strict""]",https://www.ebi.ac.uk/gwas/rest/api/v2/associations/62419633,"[""https://www.ebi.ac.uk/gwas/rest/api/v2/associations?efo_id=EFO_0003924&show_child_trait=false&size=500&page=0""]",MC1R
pigmentation,62419638,GCST006986,30531825,"[""EFO_0003924""]","[""strict""]",https://www.ebi.ac.uk/gwas/rest/api/v2/associations/62419638,"[""https://www.ebi.ac.uk/gwas/rest/api/v2/associations?efo_id=EFO_0003924&show_child_trait=false&size=500&page=0""]",MC1R
pigmentation,77845284,GCST011355,33600456,"[""OBA_VT0002095""]","[""strict""]",https://www.ebi.ac.uk/gwas/rest/api/v2/associations/77845284,"[""https://www.ebi.ac.uk/gwas/rest/api/v2/associations?efo_id=OBA_VT0002095&show_child_trait=false&size=500&page=0""]",SLC45A2
pigmentation,77845302,GCST011355,33600456,"[""OBA_VT0002095""]","[""strict""]",https://www.ebi.ac.uk/gwas/rest/api/v2/associations/77845302,"[""https://www.ebi.ac.uk/gwas/rest/api/v2/associations?efo_id=OBA_VT0002095&show_child_trait=false&size=500&page=0""]",OCA2
pigmentation,77845307,GCST011355,33600456,"[""OBA_VT0002095""]","[""strict""]",https://www.ebi.ac.uk/gwas/rest/api/v2/associations/77845307,"[""https://www.ebi.ac.uk/gwas/rest/api/v2/associations?efo_id=OBA_VT0002095&show_child_trait=false&size=500&page=0""]",LINC01491
pigmentation,77845307,GCST011355,33600456,"[""OBA_VT0002095""]","[""strict""]",https://www.ebi.ac.uk/gwas/rest/api/v2/associations/77845307,"[""https://www.ebi.ac.uk/gwas/rest/api/v2/associations?efo_id=OBA_VT0002095&show_child_trait=false&size=500&page=0""]",SLC24A5
pigmentation,93018944,GCST90020054,34648798,"[""OBA_2045282""]","[""strict""]",https://www.ebi.ac.uk/gwas/rest/api/v2/associations/93018944,"[""https://www.ebi.ac.uk/gwas/rest/api/v2/associations?efo_id=OBA_2045282&show_child_trait=false&size=500&page=0""]",OCA2
pigmentation,93018960,GCST90020054,34648798,"[""OBA_2045282""]","[""strict""]",https://www.ebi.ac.uk/gwas/rest/api/v2/associations/93018960,"[""https://www.ebi.ac.uk/gwas/rest/api/v2/associations?efo_id=OBA_2045282&show_child_trait=false&size=500&page=0""]",LINC02458
pigmentation,93018960,GCST90020054,34648798,"[""OBA_2045282""]","[""strict""]",https://www.ebi.ac.uk/gwas/rest/api/v2/associations/93018960,"[""https://www.ebi.ac.uk/gwas/rest/api/v2/associations?efo_id=OBA_2045282&show_child_trait=false&size=500&page=0""]",RNU1-117P
pigmentation,93018966,GCST90020054,34648798,"[""OBA_2045282""]","[""strict""]",https://www.ebi.ac.uk/gwas/rest/api/v2/associations/93018966,"[""https://www.ebi.ac.uk/gwas/rest/api/v2/associations?efo_id=OBA_2045282&show_child_trait=false&size=500&page=0""]",BNC2
pigmentation,93018976,GCST90020056,34648798,"[""OBA_2045282""]","[""strict""]",https://www.ebi.ac.uk/gwas/rest/api/v2/associations/93018976,"[""https://www.ebi.ac.uk/gwas/rest/api/v2/associations?efo_id=OBA_2045282&show_child_trait=false&size=500&page=0""]",OCA2
pigmentation,93018982,GCST90020056,34648798,"[""OBA_2045282""]","[""strict""]",https://www.ebi.ac.uk/gwas/rest/api/v2/associations/93018982,"[""https://www.ebi.ac.uk/gwas/rest/api/v2/associations?efo_id=OBA_2045282&show_child_trait=false&size=500&page=0""]",SCARB1
pigmentation,93018988,GCST90020056,34648798,"[""OBA_2045282""]","[""strict""]",https://www.ebi.ac.uk/gwas/rest/api/v2/associations/93018988,"[""https://www.ebi.ac.uk/gwas/rest/api/v2/associations?efo_id=OBA_2045282&show_child_trait=false&size=500&page=0""]",LINC02458
pigmentation,93018988,GCST90020056,34648798,"[""OBA_2045282""]","[""strict""]",https://www.ebi.ac.uk/gwas/rest/api/v2/associations/93018988,"[""https://www.ebi.ac.uk/gwas/rest/api/v2/associations?efo_id=OBA_2045282&show_child_trait=false&size=500&page=0""]",RNU1-117P
pigmentation,93018993,GCST90020056,34648798,"[""OBA_2045282""]","[""strict""]",https://www.ebi.ac.uk/gwas/rest/api/v2/associations/93018993,"[""https://www.ebi.ac.uk/gwas/rest/api/v2/associations?efo_id=OBA_2045282&show_child_trait=false&size=500&page=0""]",BNC2
pigmentation,93019000,GCST90020056,34648798,"[""OBA_2045282""]","[""strict""]",https://www.ebi.ac.uk/gwas/rest/api/v2/associations/93019000,"[""https://www.ebi.ac.uk/gwas/rest/api/v2/associations?efo_id=OBA_2045282&show_child_trait=false&size=500&page=0""]",LINC00486
pigmentation,93413016,GCST90041836,34737426,"[""OBA_0002313""]","[""strict""]",https://www.ebi.ac.uk/gwas/rest/api/v2/associations/93413016,"[""https://www.ebi.ac.uk/gwas/rest/api/v2/associations?efo_id=OBA_0002313&show_child_trait=false&size=500&page=0""]",PADI3
pigmentation,93413022,GCST90041836,34737426,"[""OBA_0002313""]","[""strict""]",https://www.ebi.ac.uk/gwas/rest/api/v2/associations/93413022,"[""https://www.ebi.ac.uk/gwas/rest/api/v2/associations?efo_id=OBA_0002313&show_child_trait=false&size=500&page=0""]",LEF1
pigmentation,93413027,GCST90041836,34737426,"[""OBA_0002313""]","[""strict""]",https://www.ebi.ac.uk/gwas/rest/api/v2/associations/93413027,"[""https://www.ebi.ac.uk/gwas/rest/api/v2/associations?efo_id=OBA_0002313&show_child_trait=false&size=500&page=0""]",SLC45A2
pigmentation,93413033,GCST90041836,34737426,"[""OBA_0002313""]","[""strict""]",https://www.ebi.ac.uk/gwas/rest/api/v2/associations/93413033,"[""https://www.ebi.ac.uk/gwas/rest/api/v2/associations?efo_id=OBA_0002313&show_child_trait=false&size=500&page=0""]",IRF4
pigmentation,93413039,GCST90041836,34737426,"[""OBA_0002313""]","[""strict""]",https://www.ebi.ac.uk/gwas/rest/api/v2/associations/93413039,"[""https://www.ebi.ac.uk/gwas/rest/api/v2/associations?efo_id=OBA_0002313&show_child_trait=false&size=500&page=0""]",EXOC2
pigmentation,93413039,GCST90041836,34737426,"[""OBA_0002313""]","[""strict""]",https://www.ebi.ac.uk/gwas/rest/api/v2/associations/93413039,"[""https://www.ebi.ac.uk/gwas/rest/api/v2/associations?efo_id=OBA_0002313&show_child_trait=false&size=500&page=0""]",IRF4
pigmentation,93413045,GCST90041836,34737426,"[""OBA_0002313""]","[""strict""]",https://www.ebi.ac.uk/gwas/rest/api/v2/associations/93413045,"[""https://www.ebi.ac.uk/gwas/rest/api/v2/associations?efo_id=OBA_0002313&show_child_trait=false&size=500&page=0""]",EXOC2
pigmentation,93413045,GCST90041836,34737426,"[""OBA_0002313""]","[""strict""]",https://www.ebi.ac.uk/gwas/rest/api/v2/associations/93413045,"[""https://www.ebi.ac.uk/gwas/rest/api/v2/associations?efo_id=OBA_0002313&show_child_trait=false&size=500&page=0""]",IRF4
pigmentation,93413051,GCST90041836,34737426,"[""OBA_0002313""]","[""strict""]",https://www.ebi.ac.uk/gwas/rest/api/v2/associations/93413051,"[""https://www.ebi.ac.uk/gwas/rest/api/v2/associations?efo_id=OBA_0002313&show_child_trait=false&size=500&page=0""]",EXOC2
pigmentation,93413051,GCST90041836,34737426,"[""OBA_0002313""]","[""strict""]",https://www.ebi.ac.uk/gwas/rest/api/v2/associations/93413051,"[""https://www.ebi.ac.uk/gwas/rest/api/v2/associations?efo_id=OBA_0002313&show_child_trait=false&size=500&page=0""]",IRF4
pigmentation,93413057,GCST90041836,34737426,"[""OBA_0002313""]","[""strict""]",https://www.ebi.ac.uk/gwas/rest/api/v2/associations/93413057,"[""https://www.ebi.ac.uk/gwas/rest/api/v2/associations?efo_id=OBA_0002313&show_child_trait=false&size=500&page=0""]",EXOC2
pigmentation,93413063,GCST90041836,34737426,"[""OBA_0002313""]","[""strict""]",https://www.ebi.ac.uk/gwas/rest/api/v2/associations/93413063,"[""https://www.ebi.ac.uk/gwas/rest/api/v2/associations?efo_id=OBA_0002313&show_child_trait=false&size=500&page=0""]",EXOC2
pigmentation,93413069,GCST90041836,34737426,"[""OBA_0002313""]","[""strict""]",https://www.ebi.ac.uk/gwas/rest/api/v2/associations/93413069,"[""https://www.ebi.ac.uk/gwas/rest/api/v2/associations?efo_id=OBA_0002313&show_child_trait=false&size=500&page=0""]",EXOC2
pigmentation,93413069,GCST90041836,34737426,"[""OBA_0002313""]","[""strict""]",https://www.ebi.ac.uk/gwas/rest/api/v2/associations/93413069,"[""https://www.ebi.ac.uk/gwas/rest/api/v2/associations?efo_id=OBA_0002313&show_child_trait=false&size=500&page=0""]",LINC01622
pigmentation,93413075,GCST90041836,34737426,"[""OBA_0002313""]","[""strict""]",https://www.ebi.ac.uk/gwas/rest/api/v2/associations/93413075,"[""https://www.ebi.ac.uk/gwas/rest/api/v2/associations?efo_id=OBA_0002313&show_child_trait=false&size=500&page=0""]",EXOC2
pigmentation,93413075,GCST90041836,34737426,"[""OBA_0002313""]","[""strict""]",https://www.ebi.ac.uk/gwas/rest/api/v2/associations/93413075,"[""https://www.ebi.ac.uk/gwas/rest/api/v2/associations?efo_id=OBA_0002313&show_child_trait=false&size=500&page=0""]",LINC01622
pigmentation,93413080,GCST90041836,34737426,"[""OBA_0002313""]","[""strict""]",https://www.ebi.ac.uk/gwas/rest/api/v2/associations/93413080,"[""https://www.ebi.ac.uk/gwas/rest/api/v2/associations?efo_id=OBA_0002313&show_child_trait=false&size=500&page=0""]",SLC12A9
pigmentation,93413086,GCST90041836,34737426,"[""OBA_0002313""]","[""strict""]",https://www.ebi.ac.uk/gwas/rest/api/v2/associations/93413086,"[""https://www.ebi.ac.uk/gwas/rest/api/v2/associations?efo_id=OBA_0002313&show_child_trait=false&size=500&page=0""]",BRD10
pigmentation,93413086,GCST90041836,34737426,"[""OBA_0002313""]","[""strict""]",https://www.ebi.ac.uk/gwas/rest/api/v2/associations/93413086,"[""https://www.ebi.ac.uk/gwas/rest/api/v2/associations?efo_id=OBA_0002313&show_child_trait=false&size=500&page=0""]",MLANA
pigmentation,93413091,GCST90041836,34737426,"[""OBA_0002313""]","[""strict""]",https://www.ebi.ac.uk/gwas/rest/api/v2/associations/93413091,"[""https://www.ebi.ac.uk/gwas/rest/api/v2/associations?efo_id=OBA_0002313&show_child_trait=false&size=500&page=0""]",SOX6
pigmentation,93413097,GCST90041836,34737426,"[""OBA_0002313""]","[""strict""]",https://www.ebi.ac.uk/gwas/rest/api/v2/associations/93413097,"[""https://www.ebi.ac.uk/gwas/rest/api/v2/associations?efo_id=OBA_0002313&show_child_trait=false&size=500&page=0""]",MRGPRF-AS1
pigmentation,93413097,GCST90041836,34737426,"[""OBA_0002313""]","[""strict""]",https://www.ebi.ac.uk/gwas/rest/api/v2/associations/93413097,"[""https://www.ebi.ac.uk/gwas/rest/api/v2/associations?efo_id=OBA_0002313&show_child_trait=false&size=500&page=0""]",TPCN2
pigmentation,93413103,GCST90041836,34737426,"[""OBA_0002313""]","[""strict""]",https://www.ebi.ac.uk/gwas/rest/api/v2/associations/93413103,"[""https://www.ebi.ac.uk/gwas/rest/api/v2/associations?efo_id=OBA_0002313&show_child_trait=false&size=500&page=0""]",TPCN2
pigmentation,93413108,GCST90041836,34737426,"[""OBA_0002313""]","[""strict""]",https://www.ebi.ac.uk/gwas/rest/api/v2/associations/93413108,"[""https://www.ebi.ac.uk/gwas/rest/api/v2/associations?efo_id=OBA_0002313&show_child_trait=false&size=500&page=0""]",TPCN2
pigmentation,93413114,GCST90041836,34737426,"[""OBA_0002313""]","[""strict""]",https://www.ebi.ac.uk/gwas/rest/api/v2/associations/93413114,"[""https://www.ebi.ac.uk/gwas/rest/api/v2/associations?efo_id=OBA_0002313&show_child_trait=false&size=500&page=0""]",KRAS
pigmentation,93413114,GCST90041836,34737426,"[""OBA_0002313""]","[""strict""]",https://www.ebi.ac.uk/gwas/rest/api/v2/associations/93413114,"[""https://www.ebi.ac.uk/gwas/rest/api/v2/associations?efo_id=OBA_0002313&show_child_trait=false&size=500&page=0""]",RNU4-67P
pigmentation,93413119,GCST90041836,34737426,"[""OBA_0002313""]","[""strict""]",https://www.ebi.ac.uk/gwas/rest/api/v2/associations/93413119,"[""https://www.ebi.ac.uk/gwas/rest/api/v2/associations?efo_id=OBA_0002313&show_child_trait=false&size=500&page=0""]",KRT86
pigmentation,93413119,GCST90041836,34737426,"[""OBA_0002313""]","[""strict""]",https://www.ebi.ac.uk/gwas/rest/api/v2/associations/93413119,"[""https://www.ebi.ac.uk/gwas/rest/api/v2/associations?efo_id=OBA_0002313&show_child_trait=false&size=500&page=0""]",KRT87P
pigmentation,93413125,GCST90041836,34737426,"[""OBA_0002313""]","[""strict""]",https://www.ebi.ac.uk/gwas/rest/api/v2/associations/93413125,"[""https://www.ebi.ac.uk/gwas/rest/api/v2/associations?efo_id=OBA_0002313&show_child_trait=false&size=500&page=0""]",ATP2B1-AS1
pigmentation,93413131,GCST90041836,34737426,"[""OBA_0002313""]","[""strict""]",https://www.ebi.ac.uk/gwas/rest/api/v2/associations/93413131,"[""https://www.ebi.ac.uk/gwas/rest/api/v2/associations?efo_id=OBA_0002313&show_child_trait=false&size=500&page=0""]",RNU6-366P
pigmentation,93413131,GCST90041836,34737426,"[""OBA_0002313""]","[""strict""]",https://www.ebi.ac.uk/gwas/rest/api/v2/associations/93413131,"[""https://www.ebi.ac.uk/gwas/rest/api/v2/associations?efo_id=OBA_0002313&show_child_trait=false&size=500&page=0""]",SLC24A4
pigmentation,93413137,GCST90041836,34737426,"[""OBA_0002313""]","[""strict""]",https://www.ebi.ac.uk/gwas/rest/api/v2/associations/93413137,"[""https://www.ebi.ac.uk/gwas/rest/api/v2/associations?efo_id=OBA_0002313&show_child_trait=false&size=500&page=0""]",RNU6-366P
pigmentation,93413137,GCST90041836,34737426,"[""OBA_0002313""]","[""strict""]",https://www.ebi.ac.uk/gwas/rest/api/v2/associations/93413137,"[""https://www.ebi.ac.uk/gwas/rest/api/v2/associations?efo_id=OBA_0002313&show_child_trait=false&size=500&page=0""]",SLC24A4
pigmentation,93413143,GCST90041836,34737426,"[""OBA_0002313""]","[""strict""]",https://www.ebi.ac.uk/gwas/rest/api/v2/associations/93413143,"[""https://www.ebi.ac.uk/gwas/rest/api/v2/associations?efo_id=OBA_0002313&show_child_trait=false&size=500&page=0""]",RNU6-366P
pigmentation,93413143,GCST90041836,34737426,"[""OBA_0002313""]","[""strict""]",https://www.ebi.ac.uk/gwas/rest/api/v2/associations/93413143,"[""https://www.ebi.ac.uk/gwas/rest/api/v2/associations?efo_id=OBA_0002313&show_child_trait=false&size=500&page=0""]",SLC24A4
pigmentation,93413149,GCST90041836,34737426,"[""OBA_0002313""]","[""strict""]",https://www.ebi.ac.uk/gwas/rest/api/v2/associations/93413149,"[""https://www.ebi.ac.uk/gwas/rest/api/v2/associations?efo_id=OBA_0002313&show_child_trait=false&size=500&page=0""]",SLC24A4
pigmentation,93413155,GCST90041836,34737426,"[""OBA_0002313""]","[""strict""]",https://www.ebi.ac.uk/gwas/rest/api/v2/associations/93413155,"[""https://www.ebi.ac.uk/gwas/rest/api/v2/associations?efo_id=OBA_0002313&show_child_trait=false&size=500&page=0""]",GABRG3
pigmentation,93413155,GCST90041836,34737426,"[""OBA_0002313""]","[""strict""]",https://www.ebi.ac.uk/gwas/rest/api/v2/associations/93413155,"[""https://www.ebi.ac.uk/gwas/rest/api/v2/associations?efo_id=OBA_0002313&show_child_trait=false&size=500&page=0""]",OCA2
pigmentation,93413161,GCST90041836,34737426,"[""OBA_0002313""]","[""strict""]",https://www.ebi.ac.uk/gwas/rest/api/v2/associations/93413161,"[""https://www.ebi.ac.uk/gwas/rest/api/v2/associations?efo_id=OBA_0002313&show_child_trait=false&size=500&page=0""]",GABRG3
pigmentation,93413161,GCST90041836,34737426,"[""OBA_0002313""]","[""strict""]",https://www.ebi.ac.uk/gwas/rest/api/v2/associations/93413161,"[""https://www.ebi.ac.uk/gwas/rest/api/v2/associations?efo_id=OBA_0002313&show_child_trait=false&size=500&page=0""]",OCA2
pigmentation,93413167,GCST90041836,34737426,"[""OBA_0002313""]","[""strict""]",https://www.ebi.ac.uk/gwas/rest/api/v2/associations/93413167,"[""https://www.ebi.ac.uk/gwas/rest/api/v2/associations?efo_id=OBA_0002313&show_child_trait=false&size=500&page=0""]",GABRG3
pigmentation,93413167,GCST90041836,34737426,"[""OBA_0002313""]","[""strict""]",https://www.ebi.ac.uk/gwas/rest/api/v2/associations/93413167,"[""https://www.ebi.ac.uk/gwas/rest/api/v2/associations?efo_id=OBA_0002313&show_child_trait=false&size=500&page=0""]",OCA2
pigmentation,93413173,GCST90041836,34737426,"[""OBA_0002313""]","[""strict""]",https://www.ebi.ac.uk/gwas/rest/api/v2/associations/93413173,"[""https://www.ebi.ac.uk/gwas/rest/api/v2/associations?efo_id=OBA_0002313&show_child_trait=false&size=500&page=0""]",OCA2
pigmentation,93413179,GCST90041836,34737426,"[""OBA_0002313""]","[""strict""]",https://www.ebi.ac.uk/gwas/rest/api/v2/associations/93413179,"[""https://www.ebi.ac.uk/gwas/rest/api/v2/associations?efo_id=OBA_0002313&show_child_trait=false&size=500&page=0""]",OCA2
pigmentation,93413184,GCST90041836,34737426,"[""OBA_0002313""]","[""strict""]",https://www.ebi.ac.uk/gwas/rest/api/v2/associations/93413184,"[""https://www.ebi.ac.uk/gwas/rest/api/v2/associations?efo_id=OBA_0002313&show_child_trait=false&size=500&page=0""]",OCA2
pigmentation,93413189,GCST90041836,34737426,"[""OBA_0002313""]","[""strict""]",https://www.ebi.ac.uk/gwas/rest/api/v2/associations/93413189,"[""https://www.ebi.ac.uk/gwas/rest/api/v2/associations?efo_id=OBA_0002313&show_child_trait=false&size=500&page=0""]",OCA2
pigmentation,93413195,GCST90041836,34737426,"[""OBA_0002313""]","[""strict""]",https://www.ebi.ac.uk/gwas/rest/api/v2/associations/93413195,"[""https://www.ebi.ac.uk/gwas/rest/api/v2/associations?efo_id=OBA_0002313&show_child_trait=false&size=500&page=0""]",OCA2
pigmentation,93413201,GCST90041836,34737426,"[""OBA_0002313""]","[""strict""]",https://www.ebi.ac.uk/gwas/rest/api/v2/associations/93413201,"[""https://www.ebi.ac.uk/gwas/rest/api/v2/associations?efo_id=OBA_0002313&show_child_trait=false&size=500&page=0""]",OCA2
pigmentation,93413207,GCST90041836,34737426,"[""OBA_0002313""]","[""strict""]",https://www.ebi.ac.uk/gwas/rest/api/v2/associations/93413207,"[""https://www.ebi.ac.uk/gwas/rest/api/v2/associations?efo_id=OBA_0002313&show_child_trait=false&size=500&page=0""]",OCA2
pigmentation,93413213,GCST90041836,34737426,"[""OBA_0002313""]","[""strict""]",https://www.ebi.ac.uk/gwas/rest/api/v2/associations/93413213,"[""https://www.ebi.ac.uk/gwas/rest/api/v2/associations?efo_id=OBA_0002313&show_child_trait=false&size=500&page=0""]",HERC2
pigmentation,93413219,GCST90041836,34737426,"[""OBA_0002313""]","[""strict""]",https://www.ebi.ac.uk/gwas/rest/api/v2/associations/93413219,"[""https://www.ebi.ac.uk/gwas/rest/api/v2/associations?efo_id=OBA_0002313&show_child_trait=false&size=500&page=0""]",HERC2
pigmentation,93413225,GCST90041836,34737426,"[""OBA_0002313""]","[""strict""]",https://www.ebi.ac.uk/gwas/rest/api/v2/associations/93413225,"[""https://www.ebi.ac.uk/gwas/rest/api/v2/associations?efo_id=OBA_0002313&show_child_trait=false&size=500&page=0""]",HERC2
pigmentation,93413231,GCST90041836,34737426,"[""OBA_0002313""]","[""strict""]",https://www.ebi.ac.uk/gwas/rest/api/v2/associations/93413231,"[""https://www.ebi.ac.uk/gwas/rest/api/v2/associations?efo_id=OBA_0002313&show_child_trait=false&size=500&page=0""]",HERC2
pigmentation,93413237,GCST90041836,34737426,"[""OBA_0002313""]","[""strict""]",https://www.ebi.ac.uk/gwas/rest/api/v2/associations/93413237,"[""https://www.ebi.ac.uk/gwas/rest/api/v2/associations?efo_id=OBA_0002313&show_child_trait=false&size=500&page=0""]",HERC2
pigmentation,93413243,GCST90041836,34737426,"[""OBA_0002313""]","[""strict""]",https://www.ebi.ac.uk/gwas/rest/api/v2/associations/93413243,"[""https://www.ebi.ac.uk/gwas/rest/api/v2/associations?efo_id=OBA_0002313&show_child_trait=false&size=500&page=0""]",APBA2
pigmentation,93413248,GCST90041836,34737426,"[""OBA_0002313""]","[""strict""]",https://www.ebi.ac.uk/gwas/rest/api/v2/associations/93413248,"[""https://www.ebi.ac.uk/gwas/rest/api/v2/associations?efo_id=OBA_0002313&show_child_trait=false&size=500&page=0""]",SLC24A5
pigmentation,93413254,GCST90041836,34737426,"[""OBA_0002313""]","[""strict""]",https://www.ebi.ac.uk/gwas/rest/api/v2/associations/93413254,"[""https://www.ebi.ac.uk/gwas/rest/api/v2/associations?efo_id=OBA_0002313&show_child_trait=false&size=500&page=0""]",ACSF3
pigmentation,93413254,GCST90041836,34737426,"[""OBA_0002313""]","[""strict""]",https://www.ebi.ac.uk/gwas/rest/api/v2/associations/93413254,"[""https://www.ebi.ac.uk/gwas/rest/api/v2/associations?efo_id=OBA_0002313&show_child_trait=false&size=500&page=0""]",CBFA2T3
pigmentation,93413260,GCST90041836,34737426,"[""OBA_0002313""]","[""strict""]",https://www.ebi.ac.uk/gwas/rest/api/v2/associations/93413260,"[""https://www.ebi.ac.uk/gwas/rest/api/v2/associations?efo_id=OBA_0002313&show_child_trait=false&size=500&page=0""]",TCF25
pigmentation,93413266,GCST90041836,34737426,"[""OBA_0002313""]","[""strict""]",https://www.ebi.ac.uk/gwas/rest/api/v2/associations/93413266,"[""https://www.ebi.ac.uk/gwas/rest/api/v2/associations?efo_id=OBA_0002313&show_child_trait=false&size=500&page=0""]",GAS8
pigmentation,93413266,GCST90041836,34737426,"[""OBA_0002313""]","[""strict""]",https://www.ebi.ac.uk/gwas/rest/api/v2/associations/93413266,"[""https://www.ebi.ac.uk/gwas/rest/api/v2/associations?efo_id=OBA_0002313&show_child_trait=false&size=500&page=0""]",URAHP
pigmentation,93413279,GCST90041837,34737426,"[""OBA_0002313""]","[""strict""]",https://www.ebi.ac.uk/gwas/rest/api/v2/associations/93413279,"[""https://www.ebi.ac.uk/gwas/rest/api/v2/associations?efo_id=OBA_0002313&show_child_trait=false&size=500&page=0""]",KLHDC4
pigmentation,93413279,GCST90041837,34737426,"[""OBA_0002313""]","[""strict""]",https://www.ebi.ac.uk/gwas/rest/api/v2/associations/93413279,"[""https://www.ebi.ac.uk/gwas/rest/api/v2/associations?efo_id=OBA_0002313&show_child_trait=false&size=500&page=0""]",SLC7A5-AS1
pigmentation,93413285,GCST90041837,34737426,"[""OBA_0002313""]","[""strict""]",https://www.ebi.ac.uk/gwas/rest/api/v2/associations/93413285,"[""https://www.ebi.ac.uk/gwas/rest/api/v2/associations?efo_id=OBA_0002313&show_child_trait=false&size=500&page=0""]",CA5A
pigmentation,93413291,GCST90041837,34737426,"[""OBA_0002313""]","[""strict""]",https://www.ebi.ac.uk/gwas/rest/api/v2/associations/93413291,"[""https://www.ebi.ac.uk/gwas/rest/api/v2/associations?efo_id=OBA_0002313&show_child_trait=false&size=500&page=0""]",BANP
pigmentation,93413297,GCST90041837,34737426,"[""OBA_0002313""]","[""strict""]",https://www.ebi.ac.uk/gwas/rest/api/v2/associations/93413297,"[""https://www.ebi.ac.uk/gwas/rest/api/v2/associations?efo_id=OBA_0002313&show_child_trait=false&size=500&page=0""]",BANP
pigmentation,93413303,GCST90041837,34737426,"[""OBA_0002313""]","[""strict""]",https://www.ebi.ac.uk/gwas/rest/api/v2/associations/93413303,"[""https://www.ebi.ac.uk/gwas/rest/api/v2/associations?efo_id=OBA_0002313&show_child_trait=false&size=500&page=0""]",LINC02182
pigmentation,93413309,GCST90041837,34737426,"[""OBA_0002313""]","[""strict""]",https://www.ebi.ac.uk/gwas/rest/api/v2/associations/93413309,"[""https://www.ebi.ac.uk/gwas/rest/api/v2/associations?efo_id=OBA_0002313&show_child_trait=false&size=500&page=0""]",ZNF469
pigmentation,93413321,GCST90041837,34737426,"[""OBA_0002313""]","[""strict""]",https://www.ebi.ac.uk/gwas/rest/api/v2/associations/93413321,"[""https://www.ebi.ac.uk/gwas/rest/api/v2/associations?efo_id=OBA_0002313&show_child_trait=false&size=500&page=0""]",ZFPM1
pigmentation,93413327,GCST90041837,34737426,"[""OBA_0002313""]","[""strict""]",https://www.ebi.ac.uk/gwas/rest/api/v2/associations/93413327,"[""https://www.ebi.ac.uk/gwas/rest/api/v2/associations?efo_id=OBA_0002313&show_child_trait=false&size=500&page=0""]",ZFPM1
pigmentation,93413327,GCST90041837,34737426,"[""OBA_0002313""]","[""strict""]",https://www.ebi.ac.uk/gwas/rest/api/v2/associations/93413327,"[""https://www.ebi.ac.uk/gwas/rest/api/v2/associations?efo_id=OBA_0002313&show_child_trait=false&size=500&page=0""]",ZFPM1-AS1
pigmentation,93413333,GCST90041837,34737426,"[""OBA_0002313""]","[""strict""]",https://www.ebi.ac.uk/gwas/rest/api/v2/associations/93413333,"[""https://www.ebi.ac.uk/gwas/rest/api/v2/associations?efo_id=OBA_0002313&show_child_trait=false&size=500&page=0""]",ZC3H18
pigmentation,93413333,GCST90041837,34737426,"[""OBA_0002313""]","[""strict""]",https://www.ebi.ac.uk/gwas/rest/api/v2/associations/93413333,"[""https://www.ebi.ac.uk/gwas/rest/api/v2/associations?efo_id=OBA_0002313&show_child_trait=false&size=500&page=0""]",ZFPM1
pigmentation,93413339,GCST90041837,34737426,"[""OBA_0002313""]","[""strict""]",https://www.ebi.ac.uk/gwas/rest/api/v2/associations/93413339,"[""https://www.ebi.ac.uk/gwas/rest/api/v2/associations?efo_id=OBA_0002313&show_child_trait=false&size=500&page=0""]",ZC3H18
pigmentation,93413345,GCST90041837,34737426,"[""OBA_0002313""]","[""strict""]",https://www.ebi.ac.uk/gwas/rest/api/v2/associations/93413345,"[""https://www.ebi.ac.uk/gwas/rest/api/v2/associations?efo_id=OBA_0002313&show_child_trait=false&size=500&page=0""]",SNAI3
pigmentation,93413345,GCST90041837,34737426,"[""OBA_0002313""]","[""strict""]",https://www.ebi.ac.uk/gwas/rest/api/v2/associations/93413345,"[""https://www.ebi.ac.uk/gwas/rest/api/v2/associations?efo_id=OBA_0002313&show_child_trait=false&size=500&page=0""]",SNAI3-AS1
pigmentation,93413351,GCST90041837,34737426,"[""OBA_0002313""]","[""strict""]",https://www.ebi.ac.uk/gwas/rest/api/v2/associations/93413351,"[""https://www.ebi.ac.uk/gwas/rest/api/v2/associations?efo_id=OBA_0002313&show_child_trait=false&size=500&page=0""]",PIEZO1
pigmentation,93413357,GCST90041837,34737426,"[""OBA_0002313""]","[""strict""]",https://www.ebi.ac.uk/gwas/rest/api/v2/associations/93413357,"[""https://www.ebi.ac.uk/gwas/rest/api/v2/associations?efo_id=OBA_0002313&show_child_trait=false&size=500&page=0""]",CDT1
pigmentation,93413357,GCST90041837,34737426,"[""OBA_0002313""]","[""strict""]",https://www.ebi.ac.uk/gwas/rest/api/v2/associations/93413357,"[""https://www.ebi.ac.uk/gwas/rest/api/v2/associations?efo_id=OBA_0002313&show_child_trait=false&size=500&page=0""]",PIEZO1
pigmentation,93413363,GCST90041837,34737426,"[""OBA_0002313""]","[""strict""]",https://www.ebi.ac.uk/gwas/rest/api/v2/associations/93413363,"[""https://www.ebi.ac.uk/gwas/rest/api/v2/associations?efo_id=OBA_0002313&show_child_trait=false&size=500&page=0""]",CDT1
pigmentation,93413363,GCST90041837,34737426,"[""OBA_0002313""]","[""strict""]",https://www.ebi.ac.uk/gwas/rest/api/v2/associations/93413363,"[""https://www.ebi.ac.uk/gwas/rest/api/v2/associations?efo_id=OBA_0002313&show_child_trait=false&size=500&page=0""]",PIEZO1
pigmentation,93413369,GCST90041837,34737426,"[""OBA_0002313""]","[""strict""]",https://www.ebi.ac.uk/gwas/rest/api/v2/associations/93413369,"[""https://www.ebi.ac.uk/gwas/rest/api/v2/associations?efo_id=OBA_0002313&show_child_trait=false&size=500&page=0""]",CDT1
pigmentation,93413369,GCST90041837,34737426,"[""OBA_0002313""]","[""strict""]",https://www.ebi.ac.uk/gwas/rest/api/v2/associations/93413369,"[""https://www.ebi.ac.uk/gwas/rest/api/v2/associations?efo_id=OBA_0002313&show_child_trait=false&size=500&page=0""]",PIEZO1
pigmentation,93413375,GCST90041837,34737426,"[""OBA_0002313""]","[""strict""]",https://www.ebi.ac.uk/gwas/rest/api/v2/associations/93413375,"[""https://www.ebi.ac.uk/gwas/rest/api/v2/associations?efo_id=OBA_0002313&show_child_trait=false&size=500&page=0""]",GALNS
pigmentation,93413381,GCST90041837,34737426,"[""OBA_0002313""]","[""strict""]",https://www.ebi.ac.uk/gwas/rest/api/v2/associations/93413381,"[""https://www.ebi.ac.uk/gwas/rest/api/v2/associations?efo_id=OBA_0002313&show_child_trait=false&size=500&page=0""]",GALNS
pigmentation,93413387,GCST90041837,34737426,"[""OBA_0002313""]","[""strict""]",https://www.ebi.ac.uk/gwas/rest/api/v2/associations/93413387,"[""https://www.ebi.ac.uk/gwas/rest/api/v2/associations?efo_id=OBA_0002313&show_child_trait=false&size=500&page=0""]",GALNS
pigmentation,93413387,GCST90041837,34737426,"[""OBA_0002313""]","[""strict""]",https://www.ebi.ac.uk/gwas/rest/api/v2/associations/93413387,"[""https://www.ebi.ac.uk/gwas/rest/api/v2/associations?efo_id=OBA_0002313&show_child_trait=false&size=500&page=0""]",TRAPPC2L
pigmentation,93413393,GCST90041837,34737426,"[""OBA_0002313""]","[""strict""]",https://www.ebi.ac.uk/gwas/rest/api/v2/associations/93413393,"[""https://www.ebi.ac.uk/gwas/rest/api/v2/associations?efo_id=OBA_0002313&show_child_trait=false&size=500&page=0""]",TRAPPC2L
pigmentation,93413399,GCST90041837,34737426,"[""OBA_0002313""]","[""strict""]",https://www.ebi.ac.uk/gwas/rest/api/v2/associations/93413399,"[""https://www.ebi.ac.uk/gwas/rest/api/v2/associations?efo_id=OBA_0002313&show_child_trait=false&size=500&page=0""]",CBFA2T3
pigmentation,93413399,GCST90041837,34737426,"[""OBA_0002313""]","[""strict""]",https://www.ebi.ac.uk/gwas/rest/api/v2/associations/93413399,"[""https://www.ebi.ac.uk/gwas/rest/api/v2/associations?efo_id=OBA_0002313&show_child_trait=false&size=500&page=0""]",PABPN1L
pigmentation,93413405,GCST90041837,34737426,"[""OBA_0002313""]","[""strict""]",https://www.ebi.ac.uk/gwas/rest/api/v2/associations/93413405,"[""https://www.ebi.ac.uk/gwas/rest/api/v2/associations?efo_id=OBA_0002313&show_child_trait=false&size=500&page=0""]",CBFA2T3
pigmentation,93413411,GCST90041837,34737426,"[""OBA_0002313""]","[""strict""]",https://www.ebi.ac.uk/gwas/rest/api/v2/associations/93413411,"[""https://www.ebi.ac.uk/gwas/rest/api/v2/associations?efo_id=OBA_0002313&show_child_trait=false&size=500&page=0""]",CBFA2T3
pigmentation,93413417,GCST90041837,34737426,"[""OBA_0002313""]","[""strict""]",https://www.ebi.ac.uk/gwas/rest/api/v2/associations/93413417,"[""https://www.ebi.ac.uk/gwas/rest/api/v2/associations?efo_id=OBA_0002313&show_child_trait=false&size=500&page=0""]",CBFA2T3
pigmentation,93413423,GCST90041837,34737426,"[""OBA_0002313""]","[""strict""]",https://www.ebi.ac.uk/gwas/rest/api/v2/associations/93413423,"[""https://www.ebi.ac.uk/gwas/rest/api/v2/associations?efo_id=OBA_0002313&show_child_trait=false&size=500&page=0""]",CBFA2T3
pigmentation,93413429,GCST90041837,34737426,"[""OBA_0002313""]","[""strict""]",https://www.ebi.ac.uk/gwas/rest/api/v2/associations/93413429,"[""https://www.ebi.ac.uk/gwas/rest/api/v2/associations?efo_id=OBA_0002313&show_child_trait=false&size=500&page=0""]",CBFA2T3
pigmentation,93413435,GCST90041837,34737426,"[""OBA_0002313""]","[""strict""]",https://www.ebi.ac.uk/gwas/rest/api/v2/associations/93413435,"[""https://www.ebi.ac.uk/gwas/rest/api/v2/associations?efo_id=OBA_0002313&show_child_trait=false&size=500&page=0""]",CBFA2T3
pigmentation,93413441,GCST90041837,34737426,"[""OBA_0002313""]","[""strict""]",https://www.ebi.ac.uk/gwas/rest/api/v2/associations/93413441,"[""https://www.ebi.ac.uk/gwas/rest/api/v2/associations?efo_id=OBA_0002313&show_child_trait=false&size=500&page=0""]",CBFA2T3
pigmentation,93413446,GCST90041837,34737426,"[""OBA_0002313""]","[""strict""]",https://www.ebi.ac.uk/gwas/rest/api/v2/associations/93413446,"[""https://www.ebi.ac.uk/gwas/rest/api/v2/associations?efo_id=OBA_0002313&show_child_trait=false&size=500&page=0""]",ACSF3
pigmentation,93413446,GCST90041837,34737426,"[""OBA_0002313""]","[""strict""]",https://www.ebi.ac.uk/gwas/rest/api/v2/associations/93413446,"[""https://www.ebi.ac.uk/gwas/rest/api/v2/associations?efo_id=OBA_0002313&show_child_trait=false&size=500&page=0""]",CBFA2T3
pigmentation,93413452,GCST90041837,34737426,"[""OBA_0002313""]","[""strict""]",https://www.ebi.ac.uk/gwas/rest/api/v2/associations/93413452,"[""https://www.ebi.ac.uk/gwas/rest/api/v2/associations?efo_id=OBA_0002313&show_child_trait=false&size=500&page=0""]",ACSF3
pigmentation,93413452,GCST90041837,34737426,"[""OBA_0002313""]","[""strict""]",https://www.ebi.ac.uk/gwas/rest/api/v2/associations/93413452,"[""https://www.ebi.ac.uk/gwas/rest/api/v2/associations?efo_id=OBA_0002313&show_child_trait=false&size=500&page=0""]",CBFA2T3
pigmentation,93413458,GCST90041837,34737426,"[""OBA_0002313""]","[""strict""]",https://www.ebi.ac.uk/gwas/rest/api/v2/associations/93413458,"[""https://www.ebi.ac.uk/gwas/rest/api/v2/associations?efo_id=OBA_0002313&show_child_trait=false&size=500&page=0""]",ACSF3
pigmentation,93413458,GCST90041837,34737426,"[""OBA_0002313""]","[""strict""]",https://www.ebi.ac.uk/gwas/rest/api/v2/associations/93413458,"[""https://www.ebi.ac.uk/gwas/rest/api/v2/associations?efo_id=OBA_0002313&show_child_trait=false&size=500&page=0""]",CBFA2T3
pigmentation,93413464,GCST90041837,34737426,"[""OBA_0002313""]","[""strict""]",https://www.ebi.ac.uk/gwas/rest/api/v2/associations/93413464,"[""https://www.ebi.ac.uk/gwas/rest/api/v2/associations?efo_id=OBA_0002313&show_child_trait=false&size=500&page=0""]",ACSF3
pigmentation,93413470,GCST90041837,34737426,"[""OBA_0002313""]","[""strict""]",https://www.ebi.ac.uk/gwas/rest/api/v2/associations/93413470,"[""https://www.ebi.ac.uk/gwas/rest/api/v2/associations?efo_id=OBA_0002313&show_child_trait=false&size=500&page=0""]",ACSF3
pigmentation,93413476,GCST90041837,34737426,"[""OBA_0002313""]","[""strict""]",https://www.ebi.ac.uk/gwas/rest/api/v2/associations/93413476,"[""https://www.ebi.ac.uk/gwas/rest/api/v2/associations?efo_id=OBA_0002313&show_child_trait=false&size=500&page=0""]",ACSF3
pigmentation,93413482,GCST90041837,34737426,"[""OBA_0002313""]","[""strict""]",https://www.ebi.ac.uk/gwas/rest/api/v2/associations/93413482,"[""https://www.ebi.ac.uk/gwas/rest/api/v2/associations?efo_id=OBA_0002313&show_child_trait=false&size=500&page=0""]",ACSF3
pigmentation,93413488,GCST90041837,34737426,"[""OBA_0002313""]","[""strict""]",https://www.ebi.ac.uk/gwas/rest/api/v2/associations/93413488,"[""https://www.ebi.ac.uk/gwas/rest/api/v2/associations?efo_id=OBA_0002313&show_child_trait=false&size=500&page=0""]",ACSF3
pigmentation,93413494,GCST90041837,34737426,"[""OBA_0002313""]","[""strict""]",https://www.ebi.ac.uk/gwas/rest/api/v2/associations/93413494,"[""https://www.ebi.ac.uk/gwas/rest/api/v2/associations?efo_id=OBA_0002313&show_child_trait=false&size=500&page=0""]",SLC22A31
pigmentation,93413494,GCST90041837,34737426,"[""OBA_0002313""]","[""strict""]",https://www.ebi.ac.uk/gwas/rest/api/v2/associations/93413494,"[""https://www.ebi.ac.uk/gwas/rest/api/v2/associations?efo_id=OBA_0002313&show_child_trait=false&size=500&page=0""]",ZNF778-DT
pigmentation,93413500,GCST90041837,34737426,"[""OBA_0002313""]","[""strict""]",https://www.ebi.ac.uk/gwas/rest/api/v2/associations/93413500,"[""https://www.ebi.ac.uk/gwas/rest/api/v2/associations?efo_id=OBA_0002313&show_child_trait=false&size=500&page=0""]",ZNF778
pigmentation,93413506,GCST90041837,34737426,"[""OBA_0002313""]","[""strict""]",https://www.ebi.ac.uk/gwas/rest/api/v2/associations/93413506,"[""https://www.ebi.ac.uk/gwas/rest/api/v2/associations?efo_id=OBA_0002313&show_child_trait=false&size=500&page=0""]",ANKRD11
pigmentation,93413506,GCST90041837,34737426,"[""OBA_0002313""]","[""strict""]",https://www.ebi.ac.uk/gwas/rest/api/v2/associations/93413506,"[""https://www.ebi.ac.uk/gwas/rest/api/v2/associations?efo_id=OBA_0002313&show_child_trait=false&size=500&page=0""]",ZNF778
pigmentation,93413512,GCST90041837,34737426,"[""OBA_0002313""]","[""strict""]",https://www.ebi.ac.uk/gwas/rest/api/v2/associations/93413512,"[""https://www.ebi.ac.uk/gwas/rest/api/v2/associations?efo_id=OBA_0002313&show_child_trait=false&size=500&page=0""]",ANKRD11
pigmentation,93413518,GCST90041837,34737426,"[""OBA_0002313""]","[""strict""]",https://www.ebi.ac.uk/gwas/rest/api/v2/associations/93413518,"[""https://www.ebi.ac.uk/gwas/rest/api/v2/associations?efo_id=OBA_0002313&show_child_trait=false&size=500&page=0""]",ANKRD11
pigmentation,93413524,GCST90041837,34737426,"[""OBA_0002313""]","[""strict""]",https://www.ebi.ac.uk/gwas/rest/api/v2/associations/93413524,"[""https://www.ebi.ac.uk/gwas/rest/api/v2/associations?efo_id=OBA_0002313&show_child_trait=false&size=500&page=0""]",ANKRD11
pigmentation,93413530,GCST90041837,34737426,"[""OBA_0002313""]","[""strict""]",https://www.ebi.ac.uk/gwas/rest/api/v2/associations/93413530,"[""https://www.ebi.ac.uk/gwas/rest/api/v2/associations?efo_id=OBA_0002313&show_child_trait=false&size=500&page=0""]",ANKRD11
pigmentation,93413536,GCST90041837,34737426,"[""OBA_0002313""]","[""strict""]",https://www.ebi.ac.uk/gwas/rest/api/v2/associations/93413536,"[""https://www.ebi.ac.uk/gwas/rest/api/v2/associations?efo_id=OBA_0002313&show_child_trait=false&size=500&page=0""]",ANKRD11
pigmentation,93413542,GCST90041837,34737426,"[""OBA_0002313""]","[""strict""]",https://www.ebi.ac.uk/gwas/rest/api/v2/associations/93413542,"[""https://www.ebi.ac.uk/gwas/rest/api/v2/associations?efo_id=OBA_0002313&show_child_trait=false&size=500&page=0""]",ANKRD11
pigmentation,93413548,GCST90041837,34737426,"[""OBA_0002313""]","[""strict""]",https://www.ebi.ac.uk/gwas/rest/api/v2/associations/93413548,"[""https://www.ebi.ac.uk/gwas/rest/api/v2/associations?efo_id=OBA_0002313&show_child_trait=false&size=500&page=0""]",ANKRD11
pigmentation,93413554,GCST90041837,34737426,"[""OBA_0002313""]","[""strict""]",https://www.ebi.ac.uk/gwas/rest/api/v2/associations/93413554,"[""https://www.ebi.ac.uk/gwas/rest/api/v2/associations?efo_id=OBA_0002313&show_child_trait=false&size=500&page=0""]",ANKRD11
pigmentation,93413560,GCST90041837,34737426,"[""OBA_0002313""]","[""strict""]",https://www.ebi.ac.uk/gwas/rest/api/v2/associations/93413560,"[""https://www.ebi.ac.uk/gwas/rest/api/v2/associations?efo_id=OBA_0002313&show_child_trait=false&size=500&page=0""]",ANKRD11
pigmentation,93413566,GCST90041837,34737426,"[""OBA_0002313""]","[""strict""]",https://www.ebi.ac.uk/gwas/rest/api/v2/associations/93413566,"[""https://www.ebi.ac.uk/gwas/rest/api/v2/associations?efo_id=OBA_0002313&show_child_trait=false&size=500&page=0""]",ANKRD11
pigmentation,93413572,GCST90041837,34737426,"[""OBA_0002313""]","[""strict""]",https://www.ebi.ac.uk/gwas/rest/api/v2/associations/93413572,"[""https://www.ebi.ac.uk/gwas/rest/api/v2/associations?efo_id=OBA_0002313&show_child_trait=false&size=500&page=0""]",ANKRD11
pigmentation,93413578,GCST90041837,34737426,"[""OBA_0002313""]","[""strict""]",https://www.ebi.ac.uk/gwas/rest/api/v2/associations/93413578,"[""https://www.ebi.ac.uk/gwas/rest/api/v2/associations?efo_id=OBA_0002313&show_child_trait=false&size=500&page=0""]",ANKRD11
pigmentation,93413584,GCST90041837,34737426,"[""OBA_0002313""]","[""strict""]",https://www.ebi.ac.uk/gwas/rest/api/v2/associations/93413584,"[""https://www.ebi.ac.uk/gwas/rest/api/v2/associations?efo_id=OBA_0002313&show_child_trait=false&size=500&page=0""]",ANKRD11
pigmentation,93413590,GCST90041837,34737426,"[""OBA_0002313""]","[""strict""]",https://www.ebi.ac.uk/gwas/rest/api/v2/associations/93413590,"[""https://www.ebi.ac.uk/gwas/rest/api/v2/associations?efo_id=OBA_0002313&show_child_trait=false&size=500&page=0""]",ANKRD11
pigmentation,93413596,GCST90041837,34737426,"[""OBA_0002313""]","[""strict""]",https://www.ebi.ac.uk/gwas/rest/api/v2/associations/93413596,"[""https://www.ebi.ac.uk/gwas/rest/api/v2/associations?efo_id=OBA_0002313&show_child_trait=false&size=500&page=0""]",ANKRD11
pigmentation,93413602,GCST90041837,34737426,"[""OBA_0002313""]","[""strict""]",https://www.ebi.ac.uk/gwas/rest/api/v2/associations/93413602,"[""https://www.ebi.ac.uk/gwas/rest/api/v2/associations?efo_id=OBA_0002313&show_child_trait=false&size=500&page=0""]",SPG7
pigmentation,93413608,GCST90041837,34737426,"[""OBA_0002313""]","[""strict""]",https://www.ebi.ac.uk/gwas/rest/api/v2/associations/93413608,"[""https://www.ebi.ac.uk/gwas/rest/api/v2/associations?efo_id=OBA_0002313&show_child_trait=false&size=500&page=0""]",SPG7
pigmentation,93413614,GCST90041837,34737426,"[""OBA_0002313""]","[""strict""]",https://www.ebi.ac.uk/gwas/rest/api/v2/associations/93413614,"[""https://www.ebi.ac.uk/gwas/rest/api/v2/associations?efo_id=OBA_0002313&show_child_trait=false&size=500&page=0""]",SPG7
pigmentation,93413620,GCST90041837,34737426,"[""OBA_0002313""]","[""strict""]",https://www.ebi.ac.uk/gwas/rest/api/v2/associations/93413620,"[""https://www.ebi.ac.uk/gwas/rest/api/v2/associations?efo_id=OBA_0002313&show_child_trait=false&size=500&page=0""]",SPG7
pigmentation,93413626,GCST90041837,34737426,"[""OBA_0002313""]","[""strict""]",https://www.ebi.ac.uk/gwas/rest/api/v2/associations/93413626,"[""https://www.ebi.ac.uk/gwas/rest/api/v2/associations?efo_id=OBA_0002313&show_child_trait=false&size=500&page=0""]",SPG7
pigmentation,93413632,GCST90041837,34737426,"[""OBA_0002313""]","[""strict""]",https://www.ebi.ac.uk/gwas/rest/api/v2/associations/93413632,"[""https://www.ebi.ac.uk/gwas/rest/api/v2/associations?efo_id=OBA_0002313&show_child_trait=false&size=500&page=0""]",CPNE7
pigmentation,93413638,GCST90041837,34737426,"[""OBA_0002313""]","[""strict""]",https://www.ebi.ac.uk/gwas/rest/api/v2/associations/93413638,"[""https://www.ebi.ac.uk/gwas/rest/api/v2/associations?efo_id=OBA_0002313&show_child_trait=false&size=500&page=0""]",DPEP1
pigmentation,93413644,GCST90041837,34737426,"[""OBA_0002313""]","[""strict""]",https://www.ebi.ac.uk/gwas/rest/api/v2/associations/93413644,"[""https://www.ebi.ac.uk/gwas/rest/api/v2/associations?efo_id=OBA_0002313&show_child_trait=false&size=500&page=0""]",CHMP1A
pigmentation,93413644,GCST90041837,34737426,"[""OBA_0002313""]","[""strict""]",https://www.ebi.ac.uk/gwas/rest/api/v2/associations/93413644,"[""https://www.ebi.ac.uk/gwas/rest/api/v2/associations?efo_id=OBA_0002313&show_child_trait=false&size=500&page=0""]",DPEP1
pigmentation,93413650,GCST90041837,34737426,"[""OBA_0002313""]","[""strict""]",https://www.ebi.ac.uk/gwas/rest/api/v2/associations/93413650,"[""https://www.ebi.ac.uk/gwas/rest/api/v2/associations?efo_id=OBA_0002313&show_child_trait=false&size=500&page=0""]",CHMP1A
pigmentation,93413656,GCST90041837,34737426,"[""OBA_0002313""]","[""strict""]",https://www.ebi.ac.uk/gwas/rest/api/v2/associations/93413656,"[""https://www.ebi.ac.uk/gwas/rest/api/v2/associations?efo_id=OBA_0002313&show_child_trait=false&size=500&page=0""]",CDK10
pigmentation,93413656,GCST90041837,34737426,"[""OBA_0002313""]","[""strict""]",https://www.ebi.ac.uk/gwas/rest/api/v2/associations/93413656,"[""https://www.ebi.ac.uk/gwas/rest/api/v2/associations?efo_id=OBA_0002313&show_child_trait=false&size=500&page=0""]",LINC02166
pigmentation,93413662,GCST90041837,34737426,"[""OBA_0002313""]","[""strict""]",https://www.ebi.ac.uk/gwas/rest/api/v2/associations/93413662,"[""https://www.ebi.ac.uk/gwas/rest/api/v2/associations?efo_id=OBA_0002313&show_child_trait=false&size=500&page=0""]",SPATA2L
pigmentation,93413668,GCST90041837,34737426,"[""OBA_0002313""]","[""strict""]",https://www.ebi.ac.uk/gwas/rest/api/v2/associations/93413668,"[""https://www.ebi.ac.uk/gwas/rest/api/v2/associations?efo_id=OBA_0002313&show_child_trait=false&size=500&page=0""]",FANCA
pigmentation,93413668,GCST90041837,34737426,"[""OBA_0002313""]","[""strict""]",https://www.ebi.ac.uk/gwas/rest/api/v2/associations/93413668,"[""https://www.ebi.ac.uk/gwas/rest/api/v2/associations?efo_id=OBA_0002313&show_child_trait=false&size=500&page=0""]",ZNF276
pigmentation,93413674,GCST90041837,34737426,"[""OBA_0002313""]","[""strict""]",https://www.ebi.ac.uk/gwas/rest/api/v2/associations/93413674,"[""https://www.ebi.ac.uk/gwas/rest/api/v2/associations?efo_id=OBA_0002313&show_child_trait=false&size=500&page=0""]",FANCA
pigmentation,93413680,GCST90041837,34737426,"[""OBA_0002313""]","[""strict""]",https://www.ebi.ac.uk/gwas/rest/api/v2/associations/93413680,"[""https://www.ebi.ac.uk/gwas/rest/api/v2/associations?efo_id=OBA_0002313&show_child_trait=false&size=500&page=0""]",FANCA
pigmentation,93413686,GCST90041837,34737426,"[""OBA_0002313""]","[""strict""]",https://www.ebi.ac.uk/gwas/rest/api/v2/associations/93413686,"[""https://www.ebi.ac.uk/gwas/rest/api/v2/associations?efo_id=OBA_0002313&show_child_trait=false&size=500&page=0""]",FANCA
pigmentation,93413692,GCST90041837,34737426,"[""OBA_0002313""]","[""strict""]",https://www.ebi.ac.uk/gwas/rest/api/v2/associations/93413692,"[""https://www.ebi.ac.uk/gwas/rest/api/v2/associations?efo_id=OBA_0002313&show_child_trait=false&size=500&page=0""]",FANCA
pigmentation,93413698,GCST90041837,34737426,"[""OBA_0002313""]","[""strict""]",https://www.ebi.ac.uk/gwas/rest/api/v2/associations/93413698,"[""https://www.ebi.ac.uk/gwas/rest/api/v2/associations?efo_id=OBA_0002313&show_child_trait=false&size=500&page=0""]",FANCA
pigmentation,93413704,GCST90041837,34737426,"[""OBA_0002313""]","[""strict""]",https://www.ebi.ac.uk/gwas/rest/api/v2/associations/93413704,"[""https://www.ebi.ac.uk/gwas/rest/api/v2/associations?efo_id=OBA_0002313&show_child_trait=false&size=500&page=0""]",SPIRE2
pigmentation,93413710,GCST90041837,34737426,"[""OBA_0002313""]","[""strict""]",https://www.ebi.ac.uk/gwas/rest/api/v2/associations/93413710,"[""https://www.ebi.ac.uk/gwas/rest/api/v2/associations?efo_id=OBA_0002313&show_child_trait=false&size=500&page=0""]",SPIRE2
pigmentation,93413716,GCST90041837,34737426,"[""OBA_0002313""]","[""strict""]",https://www.ebi.ac.uk/gwas/rest/api/v2/associations/93413716,"[""https://www.ebi.ac.uk/gwas/rest/api/v2/associations?efo_id=OBA_0002313&show_child_trait=false&size=500&page=0""]",SPIRE2
pigmentation,93413716,GCST90041837,34737426,"[""OBA_0002313""]","[""strict""]",https://www.ebi.ac.uk/gwas/rest/api/v2/associations/93413716,"[""https://www.ebi.ac.uk/gwas/rest/api/v2/associations?efo_id=OBA_0002313&show_child_trait=false&size=500&page=0""]",TCF25
pigmentation,93413722,GCST90041837,34737426,"[""OBA_0002313""]","[""strict""]",https://www.ebi.ac.uk/gwas/rest/api/v2/associations/93413722,"[""https://www.ebi.ac.uk/gwas/rest/api/v2/associations?efo_id=OBA_0002313&show_child_trait=false&size=500&page=0""]",MC1R
pigmentation,93413728,GCST90041837,34737426,"[""OBA_0002313""]","[""strict""]",https://www.ebi.ac.uk/gwas/rest/api/v2/associations/93413728,"[""https://www.ebi.ac.uk/gwas/rest/api/v2/associations?efo_id=OBA_0002313&show_child_trait=false&size=500&page=0""]",MC1R
pigmentation,93413733,GCST90041837,34737426,"[""OBA_0002313""]","[""strict""]",https://www.ebi.ac.uk/gwas/rest/api/v2/associations/93413733,"[""https://www.ebi.ac.uk/gwas/rest/api/v2/associations?efo_id=OBA_0002313&show_child_trait=false&size=500&page=0""]",MC1R
pigmentation,93413738,GCST90041837,34737426,"[""OBA_0002313""]","[""strict""]",https://www.ebi.ac.uk/gwas/rest/api/v2/associations/93413738,"[""https://www.ebi.ac.uk/gwas/rest/api/v2/associations?efo_id=OBA_0002313&show_child_trait=false&size=500&page=0""]",MC1R
pigmentation,93413743,GCST90041837,34737426,"[""OBA_0002313""]","[""strict""]",https://www.ebi.ac.uk/gwas/rest/api/v2/associations/93413743,"[""https://www.ebi.ac.uk/gwas/rest/api/v2/associations?efo_id=OBA_0002313&show_child_trait=false&size=500&page=0""]",MC1R
pigmentation,93413749,GCST90041837,34737426,"[""OBA_0002313""]","[""strict""]",https://www.ebi.ac.uk/gwas/rest/api/v2/associations/93413749,"[""https://www.ebi.ac.uk/gwas/rest/api/v2/associations?efo_id=OBA_0002313&show_child_trait=false&size=500&page=0""]",TUBB3
pigmentation,93413755,GCST90041837,34737426,"[""OBA_0002313""]","[""strict""]",https://www.ebi.ac.uk/gwas/rest/api/v2/associations/93413755,"[""https://www.ebi.ac.uk/gwas/rest/api/v2/associations?efo_id=OBA_0002313&show_child_trait=false&size=500&page=0""]",TUBB3
pigmentation,93413761,GCST90041837,34737426,"[""OBA_0002313""]","[""strict""]",https://www.ebi.ac.uk/gwas/rest/api/v2/associations/93413761,"[""https://www.ebi.ac.uk/gwas/rest/api/v2/associations?efo_id=OBA_0002313&show_child_trait=false&size=500&page=0""]",DEF8
pigmentation,93413767,GCST90041837,34737426,"[""OBA_0002313""]","[""strict""]",https://www.ebi.ac.uk/gwas/rest/api/v2/associations/93413767,"[""https://www.ebi.ac.uk/gwas/rest/api/v2/associations?efo_id=OBA_0002313&show_child_trait=false&size=500&page=0""]",AFG3L1P
pigmentation,93413773,GCST90041837,34737426,"[""OBA_0002313""]","[""strict""]",https://www.ebi.ac.uk/gwas/rest/api/v2/associations/93413773,"[""https://www.ebi.ac.uk/gwas/rest/api/v2/associations?efo_id=OBA_0002313&show_child_trait=false&size=500&page=0""]",AFG3L1P
pigmentation,93413779,GCST90041837,34737426,"[""OBA_0002313""]","[""strict""]",https://www.ebi.ac.uk/gwas/rest/api/v2/associations/93413779,"[""https://www.ebi.ac.uk/gwas/rest/api/v2/associations?efo_id=OBA_0002313&show_child_trait=false&size=500&page=0""]",AFG3L1P
pigmentation,93413785,GCST90041837,34737426,"[""OBA_0002313""]","[""strict""]",https://www.ebi.ac.uk/gwas/rest/api/v2/associations/93413785,"[""https://www.ebi.ac.uk/gwas/rest/api/v2/associations?efo_id=OBA_0002313&show_child_trait=false&size=500&page=0""]",DBNDD1
pigmentation,93413790,GCST90041837,34737426,"[""OBA_0002313""]","[""strict""]",https://www.ebi.ac.uk/gwas/rest/api/v2/associations/93413790,"[""https://www.ebi.ac.uk/gwas/rest/api/v2/associations?efo_id=OBA_0002313&show_child_trait=false&size=500&page=0""]",GAS8
pigmentation,93413790,GCST90041837,34737426,"[""OBA_0002313""]","[""strict""]",https://www.ebi.ac.uk/gwas/rest/api/v2/associations/93413790,"[""https://www.ebi.ac.uk/gwas/rest/api/v2/associations?efo_id=OBA_0002313&show_child_trait=false&size=500&page=0""]",URAHP
pigmentation,93413796,GCST90041837,34737426,"[""OBA_0002313""]","[""strict""]",https://www.ebi.ac.uk/gwas/rest/api/v2/associations/93413796,"[""https://www.ebi.ac.uk/gwas/rest/api/v2/associations?efo_id=OBA_0002313&show_child_trait=false&size=500&page=0""]",PRDM7
pigmentation,93413802,GCST90041837,34737426,"[""OBA_0002313""]","[""strict""]",https://www.ebi.ac.uk/gwas/rest/api/v2/associations/93413802,"[""https://www.ebi.ac.uk/gwas/rest/api/v2/associations?efo_id=OBA_0002313&show_child_trait=false&size=500&page=0""]",PRDM7
pigmentation,93413808,GCST90041837,34737426,"[""OBA_0002313""]","[""strict""]",https://www.ebi.ac.uk/gwas/rest/api/v2/associations/93413808,"[""https://www.ebi.ac.uk/gwas/rest/api/v2/associations?efo_id=OBA_0002313&show_child_trait=false&size=500&page=0""]",FAM157C
pigmentation,93413821,GCST90041838,34737426,"[""OBA_0002313""]","[""strict""]",https://www.ebi.ac.uk/gwas/rest/api/v2/associations/93413821,"[""https://www.ebi.ac.uk/gwas/rest/api/v2/associations?efo_id=OBA_0002313&show_child_trait=false&size=500&page=0""]",ADAMTS12
pigmentation,93413827,GCST90041838,34737426,"[""OBA_0002313""]","[""strict""]",https://www.ebi.ac.uk/gwas/rest/api/v2/associations/93413827,"[""https://www.ebi.ac.uk/gwas/rest/api/v2/associations?efo_id=OBA_0002313&show_child_trait=false&size=500&page=0""]",EXOC2
pigmentation,93413827,GCST90041838,34737426,"[""OBA_0002313""]","[""strict""]",https://www.ebi.ac.uk/gwas/rest/api/v2/associations/93413827,"[""https://www.ebi.ac.uk/gwas/rest/api/v2/associations?efo_id=OBA_0002313&show_child_trait=false&size=500&page=0""]",IRF4
pigmentation,93413833,GCST90041838,34737426,"[""OBA_0002313""]","[""strict""]",https://www.ebi.ac.uk/gwas/rest/api/v2/associations/93413833,"[""https://www.ebi.ac.uk/gwas/rest/api/v2/associations?efo_id=OBA_0002313&show_child_trait=false&size=500&page=0""]",EXOC2
pigmentation,93413833,GCST90041838,34737426,"[""OBA_0002313""]","[""strict""]",https://www.ebi.ac.uk/gwas/rest/api/v2/associations/93413833,"[""https://www.ebi.ac.uk/gwas/rest/api/v2/associations?efo_id=OBA_0002313&show_child_trait=false&size=500&page=0""]",IRF4
pigmentation,93413838,GCST90041838,34737426,"[""OBA_0002313""]","[""strict""]",https://www.ebi.ac.uk/gwas/rest/api/v2/associations/93413838,"[""https://www.ebi.ac.uk/gwas/rest/api/v2/associations?efo_id=OBA_0002313&show_child_trait=false&size=500&page=0""]",EXOC2
pigmentation,93413844,GCST90041838,34737426,"[""OBA_0002313""]","[""strict""]",https://www.ebi.ac.uk/gwas/rest/api/v2/associations/93413844,"[""https://www.ebi.ac.uk/gwas/rest/api/v2/associations?efo_id=OBA_0002313&show_child_trait=false&size=500&page=0""]",GABRG3
pigmentation,93413844,GCST90041838,34737426,"[""OBA_0002313""]","[""strict""]",https://www.ebi.ac.uk/gwas/rest/api/v2/associations/93413844,"[""https://www.ebi.ac.uk/gwas/rest/api/v2/associations?efo_id=OBA_0002313&show_child_trait=false&size=500&page=0""]",OCA2
pigmentation,93413850,GCST90041838,34737426,"[""OBA_0002313""]","[""strict""]",https://www.ebi.ac.uk/gwas/rest/api/v2/associations/93413850,"[""https://www.ebi.ac.uk/gwas/rest/api/v2/associations?efo_id=OBA_0002313&show_child_trait=false&size=500&page=0""]",OCA2
pigmentation,93413856,GCST90041838,34737426,"[""OBA_0002313""]","[""strict""]",https://www.ebi.ac.uk/gwas/rest/api/v2/associations/93413856,"[""https://www.ebi.ac.uk/gwas/rest/api/v2/associations?efo_id=OBA_0002313&show_child_trait=false&size=500&page=0""]",OCA2
pigmentation,93413861,GCST90041838,34737426,"[""OBA_0002313""]","[""strict""]",https://www.ebi.ac.uk/gwas/rest/api/v2/associations/93413861,"[""https://www.ebi.ac.uk/gwas/rest/api/v2/associations?efo_id=OBA_0002313&show_child_trait=false&size=500&page=0""]",OCA2
pigmentation,93413866,GCST90041838,34737426,"[""OBA_0002313""]","[""strict""]",https://www.ebi.ac.uk/gwas/rest/api/v2/associations/93413866,"[""https://www.ebi.ac.uk/gwas/rest/api/v2/associations?efo_id=OBA_0002313&show_child_trait=false&size=500&page=0""]",HERC2
pigmentation,93413872,GCST90041838,34737426,"[""OBA_0002313""]","[""strict""]",https://www.ebi.ac.uk/gwas/rest/api/v2/associations/93413872,"[""https://www.ebi.ac.uk/gwas/rest/api/v2/associations?efo_id=OBA_0002313&show_child_trait=false&size=500&page=0""]",HERC2
pigmentation,93413877,GCST90041838,34737426,"[""OBA_0002313""]","[""strict""]",https://www.ebi.ac.uk/gwas/rest/api/v2/associations/93413877,"[""https://www.ebi.ac.uk/gwas/rest/api/v2/associations?efo_id=OBA_0002313&show_child_trait=false&size=500&page=0""]",HERC2
pigmentation,93413883,GCST90041838,34737426,"[""OBA_0002313""]","[""strict""]",https://www.ebi.ac.uk/gwas/rest/api/v2/associations/93413883,"[""https://www.ebi.ac.uk/gwas/rest/api/v2/associations?efo_id=OBA_0002313&show_child_trait=false&size=500&page=0""]",HERC2
pigmentation,93413888,GCST90041838,34737426,"[""OBA_0002313""]","[""strict""]",https://www.ebi.ac.uk/gwas/rest/api/v2/associations/93413888,"[""https://www.ebi.ac.uk/gwas/rest/api/v2/associations?efo_id=OBA_0002313&show_child_trait=false&size=500&page=0""]",CDK10
pigmentation,93413888,GCST90041838,34737426,"[""OBA_0002313""]","[""strict""]",https://www.ebi.ac.uk/gwas/rest/api/v2/associations/93413888,"[""https://www.ebi.ac.uk/gwas/rest/api/v2/associations?efo_id=OBA_0002313&show_child_trait=false&size=500&page=0""]",SPATA33
pigmentation,93413900,GCST90041839,34737426,"[""OBA_0002313""]","[""strict""]",https://www.ebi.ac.uk/gwas/rest/api/v2/associations/93413900,"[""https://www.ebi.ac.uk/gwas/rest/api/v2/associations?efo_id=OBA_0002313&show_child_trait=false&size=500&page=0""]",SAMMSON
pigmentation,93413905,GCST90041839,34737426,"[""OBA_0002313""]","[""strict""]",https://www.ebi.ac.uk/gwas/rest/api/v2/associations/93413905,"[""https://www.ebi.ac.uk/gwas/rest/api/v2/associations?efo_id=OBA_0002313&show_child_trait=false&size=500&page=0""]",ADAMTS12
pigmentation,93413910,GCST90041839,34737426,"[""OBA_0002313""]","[""strict""]",https://www.ebi.ac.uk/gwas/rest/api/v2/associations/93413910,"[""https://www.ebi.ac.uk/gwas/rest/api/v2/associations?efo_id=OBA_0002313&show_child_trait=false&size=500&page=0""]",SLC45A2
pigmentation,93413915,GCST90041839,34737426,"[""OBA_0002313""]","[""strict""]",https://www.ebi.ac.uk/gwas/rest/api/v2/associations/93413915,"[""https://www.ebi.ac.uk/gwas/rest/api/v2/associations?efo_id=OBA_0002313&show_child_trait=false&size=500&page=0""]",IRF4
pigmentation,93413921,GCST90041839,34737426,"[""OBA_0002313""]","[""strict""]",https://www.ebi.ac.uk/gwas/rest/api/v2/associations/93413921,"[""https://www.ebi.ac.uk/gwas/rest/api/v2/associations?efo_id=OBA_0002313&show_child_trait=false&size=500&page=0""]",EXOC2
pigmentation,93413921,GCST90041839,34737426,"[""OBA_0002313""]","[""strict""]",https://www.ebi.ac.uk/gwas/rest/api/v2/associations/93413921,"[""https://www.ebi.ac.uk/gwas/rest/api/v2/associations?efo_id=OBA_0002313&show_child_trait=false&size=500&page=0""]",IRF4
pigmentation,93413926,GCST90041839,34737426,"[""OBA_0002313""]","[""strict""]",https://www.ebi.ac.uk/gwas/rest/api/v2/associations/93413926,"[""https://www.ebi.ac.uk/gwas/rest/api/v2/associations?efo_id=OBA_0002313&show_child_trait=false&size=500&page=0""]",EXOC2
pigmentation,93413926,GCST90041839,34737426,"[""OBA_0002313""]","[""strict""]",https://www.ebi.ac.uk/gwas/rest/api/v2/associations/93413926,"[""https://www.ebi.ac.uk/gwas/rest/api/v2/associations?efo_id=OBA_0002313&show_child_trait=false&size=500&page=0""]",IRF4
pigmentation,93413932,GCST90041839,34737426,"[""OBA_0002313""]","[""strict""]",https://www.ebi.ac.uk/gwas/rest/api/v2/associations/93413932,"[""https://www.ebi.ac.uk/gwas/rest/api/v2/associations?efo_id=OBA_0002313&show_child_trait=false&size=500&page=0""]",EXOC2
pigmentation,93413932,GCST90041839,34737426,"[""OBA_0002313""]","[""strict""]",https://www.ebi.ac.uk/gwas/rest/api/v2/associations/93413932,"[""https://www.ebi.ac.uk/gwas/rest/api/v2/associations?efo_id=OBA_0002313&show_child_trait=false&size=500&page=0""]",IRF4
pigmentation,93413937,GCST90041839,34737426,"[""OBA_0002313""]","[""strict""]",https://www.ebi.ac.uk/gwas/rest/api/v2/associations/93413937,"[""https://www.ebi.ac.uk/gwas/rest/api/v2/associations?efo_id=OBA_0002313&show_child_trait=false&size=500&page=0""]",EXOC2
pigmentation,93413943,GCST90041839,34737426,"[""OBA_0002313""]","[""strict""]",https://www.ebi.ac.uk/gwas/rest/api/v2/associations/93413943,"[""https://www.ebi.ac.uk/gwas/rest/api/v2/associations?efo_id=OBA_0002313&show_child_trait=false&size=500&page=0""]",EXOC2
pigmentation,93413949,GCST90041839,34737426,"[""OBA_0002313""]","[""strict""]",https://www.ebi.ac.uk/gwas/rest/api/v2/associations/93413949,"[""https://www.ebi.ac.uk/gwas/rest/api/v2/associations?efo_id=OBA_0002313&show_child_trait=false&size=500&page=0""]",EXOC2
pigmentation,93413954,GCST90041839,34737426,"[""OBA_0002313""]","[""strict""]",https://www.ebi.ac.uk/gwas/rest/api/v2/associations/93413954,"[""https://www.ebi.ac.uk/gwas/rest/api/v2/associations?efo_id=OBA_0002313&show_child_trait=false&size=500&page=0""]",SLC12A9
pigmentation,93413959,GCST90041839,34737426,"[""OBA_0002313""]","[""strict""]",https://www.ebi.ac.uk/gwas/rest/api/v2/associations/93413959,"[""https://www.ebi.ac.uk/gwas/rest/api/v2/associations?efo_id=OBA_0002313&show_child_trait=false&size=500&page=0""]",SOX6
pigmentation,93413965,GCST90041839,34737426,"[""OBA_0002313""]","[""strict""]",https://www.ebi.ac.uk/gwas/rest/api/v2/associations/93413965,"[""https://www.ebi.ac.uk/gwas/rest/api/v2/associations?efo_id=OBA_0002313&show_child_trait=false&size=500&page=0""]",TPCN2
pigmentation,93413970,GCST90041839,34737426,"[""OBA_0002313""]","[""strict""]",https://www.ebi.ac.uk/gwas/rest/api/v2/associations/93413970,"[""https://www.ebi.ac.uk/gwas/rest/api/v2/associations?efo_id=OBA_0002313&show_child_trait=false&size=500&page=0""]",TPCN2
pigmentation,93413976,GCST90041839,34737426,"[""OBA_0002313""]","[""strict""]",https://www.ebi.ac.uk/gwas/rest/api/v2/associations/93413976,"[""https://www.ebi.ac.uk/gwas/rest/api/v2/associations?efo_id=OBA_0002313&show_child_trait=false&size=500&page=0""]",CPSF2
pigmentation,93413976,GCST90041839,34737426,"[""OBA_0002313""]","[""strict""]",https://www.ebi.ac.uk/gwas/rest/api/v2/associations/93413976,"[""https://www.ebi.ac.uk/gwas/rest/api/v2/associations?efo_id=OBA_0002313&show_child_trait=false&size=500&page=0""]",RNU6-366P
pigmentation,93413981,GCST90041839,34737426,"[""OBA_0002313""]","[""strict""]",https://www.ebi.ac.uk/gwas/rest/api/v2/associations/93413981,"[""https://www.ebi.ac.uk/gwas/rest/api/v2/associations?efo_id=OBA_0002313&show_child_trait=false&size=500&page=0""]",RNU6-366P
pigmentation,93413981,GCST90041839,34737426,"[""OBA_0002313""]","[""strict""]",https://www.ebi.ac.uk/gwas/rest/api/v2/associations/93413981,"[""https://www.ebi.ac.uk/gwas/rest/api/v2/associations?efo_id=OBA_0002313&show_child_trait=false&size=500&page=0""]",SLC24A4
pigmentation,93413986,GCST90041839,34737426,"[""OBA_0002313""]","[""strict""]",https://www.ebi.ac.uk/gwas/rest/api/v2/associations/93413986,"[""https://www.ebi.ac.uk/gwas/rest/api/v2/associations?efo_id=OBA_0002313&show_child_trait=false&size=500&page=0""]",RNU6-366P
pigmentation,93413986,GCST90041839,34737426,"[""OBA_0002313""]","[""strict""]",https://www.ebi.ac.uk/gwas/rest/api/v2/associations/93413986,"[""https://www.ebi.ac.uk/gwas/rest/api/v2/associations?efo_id=OBA_0002313&show_child_trait=false&size=500&page=0""]",SLC24A4
pigmentation,93413992,GCST90041839,34737426,"[""OBA_0002313""]","[""strict""]",https://www.ebi.ac.uk/gwas/rest/api/v2/associations/93413992,"[""https://www.ebi.ac.uk/gwas/rest/api/v2/associations?efo_id=OBA_0002313&show_child_trait=false&size=500&page=0""]",RNU6-366P
pigmentation,93413992,GCST90041839,34737426,"[""OBA_0002313""]","[""strict""]",https://www.ebi.ac.uk/gwas/rest/api/v2/associations/93413992,"[""https://www.ebi.ac.uk/gwas/rest/api/v2/associations?efo_id=OBA_0002313&show_child_trait=false&size=500&page=0""]",SLC24A4
pigmentation,93413998,GCST90041839,34737426,"[""OBA_0002313""]","[""strict""]",https://www.ebi.ac.uk/gwas/rest/api/v2/associations/93413998,"[""https://www.ebi.ac.uk/gwas/rest/api/v2/associations?efo_id=OBA_0002313&show_child_trait=false&size=500&page=0""]",GABRG3
pigmentation,93413998,GCST90041839,34737426,"[""OBA_0002313""]","[""strict""]",https://www.ebi.ac.uk/gwas/rest/api/v2/associations/93413998,"[""https://www.ebi.ac.uk/gwas/rest/api/v2/associations?efo_id=OBA_0002313&show_child_trait=false&size=500&page=0""]",OCA2
pigmentation,93414004,GCST90041839,34737426,"[""OBA_0002313""]","[""strict""]",https://www.ebi.ac.uk/gwas/rest/api/v2/associations/93414004,"[""https://www.ebi.ac.uk/gwas/rest/api/v2/associations?efo_id=OBA_0002313&show_child_trait=false&size=500&page=0""]",GABRG3
pigmentation,93414004,GCST90041839,34737426,"[""OBA_0002313""]","[""strict""]",https://www.ebi.ac.uk/gwas/rest/api/v2/associations/93414004,"[""https://www.ebi.ac.uk/gwas/rest/api/v2/associations?efo_id=OBA_0002313&show_child_trait=false&size=500&page=0""]",OCA2
pigmentation,93414010,GCST90041839,34737426,"[""OBA_0002313""]","[""strict""]",https://www.ebi.ac.uk/gwas/rest/api/v2/associations/93414010,"[""https://www.ebi.ac.uk/gwas/rest/api/v2/associations?efo_id=OBA_0002313&show_child_trait=false&size=500&page=0""]",GABRG3
pigmentation,93414010,GCST90041839,34737426,"[""OBA_0002313""]","[""strict""]",https://www.ebi.ac.uk/gwas/rest/api/v2/associations/93414010,"[""https://www.ebi.ac.uk/gwas/rest/api/v2/associations?efo_id=OBA_0002313&show_child_trait=false&size=500&page=0""]",OCA2
pigmentation,93414015,GCST90041839,34737426,"[""OBA_0002313""]","[""strict""]",https://www.ebi.ac.uk/gwas/rest/api/v2/associations/93414015,"[""https://www.ebi.ac.uk/gwas/rest/api/v2/associations?efo_id=OBA_0002313&show_child_trait=false&size=500&page=0""]",GABRG3
pigmentation,93414015,GCST90041839,34737426,"[""OBA_0002313""]","[""strict""]",https://www.ebi.ac.uk/gwas/rest/api/v2/associations/93414015,"[""https://www.ebi.ac.uk/gwas/rest/api/v2/associations?efo_id=OBA_0002313&show_child_trait=false&size=500&page=0""]",OCA2
pigmentation,93414020,GCST90041839,34737426,"[""OBA_0002313""]","[""strict""]",https://www.ebi.ac.uk/gwas/rest/api/v2/associations/93414020,"[""https://www.ebi.ac.uk/gwas/rest/api/v2/associations?efo_id=OBA_0002313&show_child_trait=false&size=500&page=0""]",GABRG3
pigmentation,93414020,GCST90041839,34737426,"[""OBA_0002313""]","[""strict""]",https://www.ebi.ac.uk/gwas/rest/api/v2/associations/93414020,"[""https://www.ebi.ac.uk/gwas/rest/api/v2/associations?efo_id=OBA_0002313&show_child_trait=false&size=500&page=0""]",OCA2
pigmentation,93414026,GCST90041839,34737426,"[""OBA_0002313""]","[""strict""]",https://www.ebi.ac.uk/gwas/rest/api/v2/associations/93414026,"[""https://www.ebi.ac.uk/gwas/rest/api/v2/associations?efo_id=OBA_0002313&show_child_trait=false&size=500&page=0""]",GABRG3
pigmentation,93414026,GCST90041839,34737426,"[""OBA_0002313""]","[""strict""]",https://www.ebi.ac.uk/gwas/rest/api/v2/associations/93414026,"[""https://www.ebi.ac.uk/gwas/rest/api/v2/associations?efo_id=OBA_0002313&show_child_trait=false&size=500&page=0""]",OCA2
pigmentation,93414032,GCST90041839,34737426,"[""OBA_0002313""]","[""strict""]",https://www.ebi.ac.uk/gwas/rest/api/v2/associations/93414032,"[""https://www.ebi.ac.uk/gwas/rest/api/v2/associations?efo_id=OBA_0002313&show_child_trait=false&size=500&page=0""]",OCA2
pigmentation,93414038,GCST90041839,34737426,"[""OBA_0002313""]","[""strict""]",https://www.ebi.ac.uk/gwas/rest/api/v2/associations/93414038,"[""https://www.ebi.ac.uk/gwas/rest/api/v2/associations?efo_id=OBA_0002313&show_child_trait=false&size=500&page=0""]",OCA2
pigmentation,93414043,GCST90041839,34737426,"[""OBA_0002313""]","[""strict""]",https://www.ebi.ac.uk/gwas/rest/api/v2/associations/93414043,"[""https://www.ebi.ac.uk/gwas/rest/api/v2/associations?efo_id=OBA_0002313&show_child_trait=false&size=500&page=0""]",OCA2
pigmentation,93414049,GCST90041839,34737426,"[""OBA_0002313""]","[""strict""]",https://www.ebi.ac.uk/gwas/rest/api/v2/associations/93414049,"[""https://www.ebi.ac.uk/gwas/rest/api/v2/associations?efo_id=OBA_0002313&show_child_trait=false&size=500&page=0""]",OCA2
pigmentation,93414054,GCST90041839,34737426,"[""OBA_0002313""]","[""strict""]",https://www.ebi.ac.uk/gwas/rest/api/v2/associations/93414054,"[""https://www.ebi.ac.uk/gwas/rest/api/v2/associations?efo_id=OBA_0002313&show_child_trait=false&size=500&page=0""]",OCA2
pigmentation,93414060,GCST90041839,34737426,"[""OBA_0002313""]","[""strict""]",https://www.ebi.ac.uk/gwas/rest/api/v2/associations/93414060,"[""https://www.ebi.ac.uk/gwas/rest/api/v2/associations?efo_id=OBA_0002313&show_child_trait=false&size=500&page=0""]",OCA2
pigmentation,93414066,GCST90041839,34737426,"[""OBA_0002313""]","[""strict""]",https://www.ebi.ac.uk/gwas/rest/api/v2/associations/93414066,"[""https://www.ebi.ac.uk/gwas/rest/api/v2/associations?efo_id=OBA_0002313&show_child_trait=false&size=500&page=0""]",HERC2
pigmentation,93414066,GCST90041839,34737426,"[""OBA_0002313""]","[""strict""]",https://www.ebi.ac.uk/gwas/rest/api/v2/associations/93414066,"[""https://www.ebi.ac.uk/gwas/rest/api/v2/associations?efo_id=OBA_0002313&show_child_trait=false&size=500&page=0""]",OCA2
pigmentation,93414071,GCST90041839,34737426,"[""OBA_0002313""]","[""strict""]",https://www.ebi.ac.uk/gwas/rest/api/v2/associations/93414071,"[""https://www.ebi.ac.uk/gwas/rest/api/v2/associations?efo_id=OBA_0002313&show_child_trait=false&size=500&page=0""]",HERC2
pigmentation,93414077,GCST90041839,34737426,"[""OBA_0002313""]","[""strict""]",https://www.ebi.ac.uk/gwas/rest/api/v2/associations/93414077,"[""https://www.ebi.ac.uk/gwas/rest/api/v2/associations?efo_id=OBA_0002313&show_child_trait=false&size=500&page=0""]",HERC2
pigmentation,93414082,GCST90041839,34737426,"[""OBA_0002313""]","[""strict""]",https://www.ebi.ac.uk/gwas/rest/api/v2/associations/93414082,"[""https://www.ebi.ac.uk/gwas/rest/api/v2/associations?efo_id=OBA_0002313&show_child_trait=false&size=500&page=0""]",HERC2
pigmentation,93414087,GCST90041839,34737426,"[""OBA_0002313""]","[""strict""]",https://www.ebi.ac.uk/gwas/rest/api/v2/associations/93414087,"[""https://www.ebi.ac.uk/gwas/rest/api/v2/associations?efo_id=OBA_0002313&show_child_trait=false&size=500&page=0""]",HERC2
pigmentation,93414093,GCST90041839,34737426,"[""OBA_0002313""]","[""strict""]",https://www.ebi.ac.uk/gwas/rest/api/v2/associations/93414093,"[""https://www.ebi.ac.uk/gwas/rest/api/v2/associations?efo_id=OBA_0002313&show_child_trait=false&size=500&page=0""]",HERC2
pigmentation,93414099,GCST90041839,34737426,"[""OBA_0002313""]","[""strict""]",https://www.ebi.ac.uk/gwas/rest/api/v2/associations/93414099,"[""https://www.ebi.ac.uk/gwas/rest/api/v2/associations?efo_id=OBA_0002313&show_child_trait=false&size=500&page=0""]",HERC2
pigmentation,93414105,GCST90041839,34737426,"[""OBA_0002313""]","[""strict""]",https://www.ebi.ac.uk/gwas/rest/api/v2/associations/93414105,"[""https://www.ebi.ac.uk/gwas/rest/api/v2/associations?efo_id=OBA_0002313&show_child_trait=false&size=500&page=0""]",APBA2
pigmentation,93414110,GCST90041839,34737426,"[""OBA_0002313""]","[""strict""]",https://www.ebi.ac.uk/gwas/rest/api/v2/associations/93414110,"[""https://www.ebi.ac.uk/gwas/rest/api/v2/associations?efo_id=OBA_0002313&show_child_trait=false&size=500&page=0""]",SLC24A5
pigmentation,93414116,GCST90041839,34737426,"[""OBA_0002313""]","[""strict""]",https://www.ebi.ac.uk/gwas/rest/api/v2/associations/93414116,"[""https://www.ebi.ac.uk/gwas/rest/api/v2/associations?efo_id=OBA_0002313&show_child_trait=false&size=500&page=0""]",LINC02182
pigmentation,93414122,GCST90041839,34737426,"[""OBA_0002313""]","[""strict""]",https://www.ebi.ac.uk/gwas/rest/api/v2/associations/93414122,"[""https://www.ebi.ac.uk/gwas/rest/api/v2/associations?efo_id=OBA_0002313&show_child_trait=false&size=500&page=0""]",SNAI3
pigmentation,93414122,GCST90041839,34737426,"[""OBA_0002313""]","[""strict""]",https://www.ebi.ac.uk/gwas/rest/api/v2/associations/93414122,"[""https://www.ebi.ac.uk/gwas/rest/api/v2/associations?efo_id=OBA_0002313&show_child_trait=false&size=500&page=0""]",SNAI3-AS1
pigmentation,93414128,GCST90041839,34737426,"[""OBA_0002313""]","[""strict""]",https://www.ebi.ac.uk/gwas/rest/api/v2/associations/93414128,"[""https://www.ebi.ac.uk/gwas/rest/api/v2/associations?efo_id=OBA_0002313&show_child_trait=false&size=500&page=0""]",CBFA2T3
pigmentation,93414134,GCST90041839,34737426,"[""OBA_0002313""]","[""strict""]",https://www.ebi.ac.uk/gwas/rest/api/v2/associations/93414134,"[""https://www.ebi.ac.uk/gwas/rest/api/v2/associations?efo_id=OBA_0002313&show_child_trait=false&size=500&page=0""]",CBFA2T3
pigmentation,93414140,GCST90041839,34737426,"[""OBA_0002313""]","[""strict""]",https://www.ebi.ac.uk/gwas/rest/api/v2/associations/93414140,"[""https://www.ebi.ac.uk/gwas/rest/api/v2/associations?efo_id=OBA_0002313&show_child_trait=false&size=500&page=0""]",CBFA2T3
pigmentation,93414145,GCST90041839,34737426,"[""OBA_0002313""]","[""strict""]",https://www.ebi.ac.uk/gwas/rest/api/v2/associations/93414145,"[""https://www.ebi.ac.uk/gwas/rest/api/v2/associations?efo_id=OBA_0002313&show_child_trait=false&size=500&page=0""]",ACSF3
pigmentation,93414145,GCST90041839,34737426,"[""OBA_0002313""]","[""strict""]",https://www.ebi.ac.uk/gwas/rest/api/v2/associations/93414145,"[""https://www.ebi.ac.uk/gwas/rest/api/v2/associations?efo_id=OBA_0002313&show_child_trait=false&size=500&page=0""]",CBFA2T3
pigmentation,93414151,GCST90041839,34737426,"[""OBA_0002313""]","[""strict""]",https://www.ebi.ac.uk/gwas/rest/api/v2/associations/93414151,"[""https://www.ebi.ac.uk/gwas/rest/api/v2/associations?efo_id=OBA_0002313&show_child_trait=false&size=500&page=0""]",CDH15
pigmentation,93414156,GCST90041839,34737426,"[""OBA_0002313""]","[""strict""]",https://www.ebi.ac.uk/gwas/rest/api/v2/associations/93414156,"[""https://www.ebi.ac.uk/gwas/rest/api/v2/associations?efo_id=OBA_0002313&show_child_trait=false&size=500&page=0""]",SLC22A31
pigmentation,93414156,GCST90041839,34737426,"[""OBA_0002313""]","[""strict""]",https://www.ebi.ac.uk/gwas/rest/api/v2/associations/93414156,"[""https://www.ebi.ac.uk/gwas/rest/api/v2/associations?efo_id=OBA_0002313&show_child_trait=false&size=500&page=0""]",ZNF778-DT
pigmentation,93414162,GCST90041839,34737426,"[""OBA_0002313""]","[""strict""]",https://www.ebi.ac.uk/gwas/rest/api/v2/associations/93414162,"[""https://www.ebi.ac.uk/gwas/rest/api/v2/associations?efo_id=OBA_0002313&show_child_trait=false&size=500&page=0""]",ZNF778
pigmentation,93414167,GCST90041839,34737426,"[""OBA_0002313""]","[""strict""]",https://www.ebi.ac.uk/gwas/rest/api/v2/associations/93414167,"[""https://www.ebi.ac.uk/gwas/rest/api/v2/associations?efo_id=OBA_0002313&show_child_trait=false&size=500&page=0""]",SPG7
pigmentation,93414173,GCST90041839,34737426,"[""OBA_0002313""]","[""strict""]",https://www.ebi.ac.uk/gwas/rest/api/v2/associations/93414173,"[""https://www.ebi.ac.uk/gwas/rest/api/v2/associations?efo_id=OBA_0002313&show_child_trait=false&size=500&page=0""]",CHMP1A
pigmentation,93414179,GCST90041839,34737426,"[""OBA_0002313""]","[""strict""]",https://www.ebi.ac.uk/gwas/rest/api/v2/associations/93414179,"[""https://www.ebi.ac.uk/gwas/rest/api/v2/associations?efo_id=OBA_0002313&show_child_trait=false&size=500&page=0""]",CDK10
pigmentation,93414179,GCST90041839,34737426,"[""OBA_0002313""]","[""strict""]",https://www.ebi.ac.uk/gwas/rest/api/v2/associations/93414179,"[""https://www.ebi.ac.uk/gwas/rest/api/v2/associations?efo_id=OBA_0002313&show_child_trait=false&size=500&page=0""]",SPATA33
pigmentation,93414184,GCST90041839,34737426,"[""OBA_0002313""]","[""strict""]",https://www.ebi.ac.uk/gwas/rest/api/v2/associations/93414184,"[""https://www.ebi.ac.uk/gwas/rest/api/v2/associations?efo_id=OBA_0002313&show_child_trait=false&size=500&page=0""]",CDK10
pigmentation,93414184,GCST90041839,34737426,"[""OBA_0002313""]","[""strict""]",https://www.ebi.ac.uk/gwas/rest/api/v2/associations/93414184,"[""https://www.ebi.ac.uk/gwas/rest/api/v2/associations?efo_id=OBA_0002313&show_child_trait=false&size=500&page=0""]",SPATA33
pigmentation,93414190,GCST90041839,34737426,"[""OBA_0002313""]","[""strict""]",https://www.ebi.ac.uk/gwas/rest/api/v2/associations/93414190,"[""https://www.ebi.ac.uk/gwas/rest/api/v2/associations?efo_id=OBA_0002313&show_child_trait=false&size=500&page=0""]",CDK10
pigmentation,93414196,GCST90041839,34737426,"[""OBA_0002313""]","[""strict""]",https://www.ebi.ac.uk/gwas/rest/api/v2/associations/93414196,"[""https://www.ebi.ac.uk/gwas/rest/api/v2/associations?efo_id=OBA_0002313&show_child_trait=false&size=500&page=0""]",CDK10
pigmentation,93414202,GCST90041839,34737426,"[""OBA_0002313""]","[""strict""]",https://www.ebi.ac.uk/gwas/rest/api/v2/associations/93414202,"[""https://www.ebi.ac.uk/gwas/rest/api/v2/associations?efo_id=OBA_0002313&show_child_trait=false&size=500&page=0""]",VPS9D1
pigmentation,93414202,GCST90041839,34737426,"[""OBA_0002313""]","[""strict""]",https://www.ebi.ac.uk/gwas/rest/api/v2/associations/93414202,"[""https://www.ebi.ac.uk/gwas/rest/api/v2/associations?efo_id=OBA_0002313&show_child_trait=false&size=500&page=0""]",VPS9D1-AS1
pigmentation,93414208,GCST90041839,34737426,"[""OBA_0002313""]","[""strict""]",https://www.ebi.ac.uk/gwas/rest/api/v2/associations/93414208,"[""https://www.ebi.ac.uk/gwas/rest/api/v2/associations?efo_id=OBA_0002313&show_child_trait=false&size=500&page=0""]",FANCA
pigmentation,93414214,GCST90041839,34737426,"[""OBA_0002313""]","[""strict""]",https://www.ebi.ac.uk/gwas/rest/api/v2/associations/93414214,"[""https://www.ebi.ac.uk/gwas/rest/api/v2/associations?efo_id=OBA_0002313&show_child_trait=false&size=500&page=0""]",FANCA
pigmentation,93414219,GCST90041839,34737426,"[""OBA_0002313""]","[""strict""]",https://www.ebi.ac.uk/gwas/rest/api/v2/associations/93414219,"[""https://www.ebi.ac.uk/gwas/rest/api/v2/associations?efo_id=OBA_0002313&show_child_trait=false&size=500&page=0""]",TCF25
pigmentation,93414225,GCST90041839,34737426,"[""OBA_0002313""]","[""strict""]",https://www.ebi.ac.uk/gwas/rest/api/v2/associations/93414225,"[""https://www.ebi.ac.uk/gwas/rest/api/v2/associations?efo_id=OBA_0002313&show_child_trait=false&size=500&page=0""]",TCF25
pigmentation,93414230,GCST90041839,34737426,"[""OBA_0002313""]","[""strict""]",https://www.ebi.ac.uk/gwas/rest/api/v2/associations/93414230,"[""https://www.ebi.ac.uk/gwas/rest/api/v2/associations?efo_id=OBA_0002313&show_child_trait=false&size=500&page=0""]",MC1R
pigmentation,93414236,GCST90041839,34737426,"[""OBA_0002313""]","[""strict""]",https://www.ebi.ac.uk/gwas/rest/api/v2/associations/93414236,"[""https://www.ebi.ac.uk/gwas/rest/api/v2/associations?efo_id=OBA_0002313&show_child_trait=false&size=500&page=0""]",TUBB3
pigmentation,93414241,GCST90041839,34737426,"[""OBA_0002313""]","[""strict""]",https://www.ebi.ac.uk/gwas/rest/api/v2/associations/93414241,"[""https://www.ebi.ac.uk/gwas/rest/api/v2/associations?efo_id=OBA_0002313&show_child_trait=false&size=500&page=0""]",TUBB3
pigmentation,93414246,GCST90041839,34737426,"[""OBA_0002313""]","[""strict""]",https://www.ebi.ac.uk/gwas/rest/api/v2/associations/93414246,"[""https://www.ebi.ac.uk/gwas/rest/api/v2/associations?efo_id=OBA_0002313&show_child_trait=false&size=500&page=0""]",AFG3L1P
pigmentation,93414252,GCST90041839,34737426,"[""OBA_0002313""]","[""strict""]",https://www.ebi.ac.uk/gwas/rest/api/v2/associations/93414252,"[""https://www.ebi.ac.uk/gwas/rest/api/v2/associations?efo_id=OBA_0002313&show_child_trait=false&size=500&page=0""]",PRDM7
pigmentation,93414265,GCST90041840,34737426,"[""OBA_0002313""]","[""strict""]",https://www.ebi.ac.uk/gwas/rest/api/v2/associations/93414265,"[""https://www.ebi.ac.uk/gwas/rest/api/v2/associations?efo_id=OBA_0002313&show_child_trait=false&size=500&page=0""]",ADAMTS12
pigmentation,93414271,GCST90041840,34737426,"[""OBA_0002313""]","[""strict""]",https://www.ebi.ac.uk/gwas/rest/api/v2/associations/93414271,"[""https://www.ebi.ac.uk/gwas/rest/api/v2/associations?efo_id=OBA_0002313&show_child_trait=false&size=500&page=0""]",SLC45A2
pigmentation,93414276,GCST90041840,34737426,"[""OBA_0002313""]","[""strict""]",https://www.ebi.ac.uk/gwas/rest/api/v2/associations/93414276,"[""https://www.ebi.ac.uk/gwas/rest/api/v2/associations?efo_id=OBA_0002313&show_child_trait=false&size=500&page=0""]",EXOC2
pigmentation,93414276,GCST90041840,34737426,"[""OBA_0002313""]","[""strict""]",https://www.ebi.ac.uk/gwas/rest/api/v2/associations/93414276,"[""https://www.ebi.ac.uk/gwas/rest/api/v2/associations?efo_id=OBA_0002313&show_child_trait=false&size=500&page=0""]",IRF4
pigmentation,93414281,GCST90041840,34737426,"[""OBA_0002313""]","[""strict""]",https://www.ebi.ac.uk/gwas/rest/api/v2/associations/93414281,"[""https://www.ebi.ac.uk/gwas/rest/api/v2/associations?efo_id=OBA_0002313&show_child_trait=false&size=500&page=0""]",EXOC2
pigmentation,93414281,GCST90041840,34737426,"[""OBA_0002313""]","[""strict""]",https://www.ebi.ac.uk/gwas/rest/api/v2/associations/93414281,"[""https://www.ebi.ac.uk/gwas/rest/api/v2/associations?efo_id=OBA_0002313&show_child_trait=false&size=500&page=0""]",IRF4
pigmentation,93414286,GCST90041840,34737426,"[""OBA_0002313""]","[""strict""]",https://www.ebi.ac.uk/gwas/rest/api/v2/associations/93414286,"[""https://www.ebi.ac.uk/gwas/rest/api/v2/associations?efo_id=OBA_0002313&show_child_trait=false&size=500&page=0""]",EXOC2
pigmentation,93414286,GCST90041840,34737426,"[""OBA_0002313""]","[""strict""]",https://www.ebi.ac.uk/gwas/rest/api/v2/associations/93414286,"[""https://www.ebi.ac.uk/gwas/rest/api/v2/associations?efo_id=OBA_0002313&show_child_trait=false&size=500&page=0""]",IRF4
pigmentation,93414291,GCST90041840,34737426,"[""OBA_0002313""]","[""strict""]",https://www.ebi.ac.uk/gwas/rest/api/v2/associations/93414291,"[""https://www.ebi.ac.uk/gwas/rest/api/v2/associations?efo_id=OBA_0002313&show_child_trait=false&size=500&page=0""]",EXOC2
pigmentation,93414291,GCST90041840,34737426,"[""OBA_0002313""]","[""strict""]",https://www.ebi.ac.uk/gwas/rest/api/v2/associations/93414291,"[""https://www.ebi.ac.uk/gwas/rest/api/v2/associations?efo_id=OBA_0002313&show_child_trait=false&size=500&page=0""]",IRF4
pigmentation,93414296,GCST90041840,34737426,"[""OBA_0002313""]","[""strict""]",https://www.ebi.ac.uk/gwas/rest/api/v2/associations/93414296,"[""https://www.ebi.ac.uk/gwas/rest/api/v2/associations?efo_id=OBA_0002313&show_child_trait=false&size=500&page=0""]",EXOC2
pigmentation,93414302,GCST90041840,34737426,"[""OBA_0002313""]","[""strict""]",https://www.ebi.ac.uk/gwas/rest/api/v2/associations/93414302,"[""https://www.ebi.ac.uk/gwas/rest/api/v2/associations?efo_id=OBA_0002313&show_child_trait=false&size=500&page=0""]",EXOC2
pigmentation,93414308,GCST90041840,34737426,"[""OBA_0002313""]","[""strict""]",https://www.ebi.ac.uk/gwas/rest/api/v2/associations/93414308,"[""https://www.ebi.ac.uk/gwas/rest/api/v2/associations?efo_id=OBA_0002313&show_child_trait=false&size=500&page=0""]",EXOC2
pigmentation,93414308,GCST90041840,34737426,"[""OBA_0002313""]","[""strict""]",https://www.ebi.ac.uk/gwas/rest/api/v2/associations/93414308,"[""https://www.ebi.ac.uk/gwas/rest/api/v2/associations?efo_id=OBA_0002313&show_child_trait=false&size=500&page=0""]",LINC01622
pigmentation,93414314,GCST90041840,34737426,"[""OBA_0002313""]","[""strict""]",https://www.ebi.ac.uk/gwas/rest/api/v2/associations/93414314,"[""https://www.ebi.ac.uk/gwas/rest/api/v2/associations?efo_id=OBA_0002313&show_child_trait=false&size=500&page=0""]",EXOC2
pigmentation,93414314,GCST90041840,34737426,"[""OBA_0002313""]","[""strict""]",https://www.ebi.ac.uk/gwas/rest/api/v2/associations/93414314,"[""https://www.ebi.ac.uk/gwas/rest/api/v2/associations?efo_id=OBA_0002313&show_child_trait=false&size=500&page=0""]",LINC01622
pigmentation,93414319,GCST90041840,34737426,"[""OBA_0002313""]","[""strict""]",https://www.ebi.ac.uk/gwas/rest/api/v2/associations/93414319,"[""https://www.ebi.ac.uk/gwas/rest/api/v2/associations?efo_id=OBA_0002313&show_child_trait=false&size=500&page=0""]",HERC2
pigmentation,93414324,GCST90041840,34737426,"[""OBA_0002313""]","[""strict""]",https://www.ebi.ac.uk/gwas/rest/api/v2/associations/93414324,"[""https://www.ebi.ac.uk/gwas/rest/api/v2/associations?efo_id=OBA_0002313&show_child_trait=false&size=500&page=0""]",HERC2
pigmentation,93414330,GCST90041840,34737426,"[""OBA_0002313""]","[""strict""]",https://www.ebi.ac.uk/gwas/rest/api/v2/associations/93414330,"[""https://www.ebi.ac.uk/gwas/rest/api/v2/associations?efo_id=OBA_0002313&show_child_trait=false&size=500&page=0""]",HERC2
pigmentation,93414335,GCST90041840,34737426,"[""OBA_0002313""]","[""strict""]",https://www.ebi.ac.uk/gwas/rest/api/v2/associations/93414335,"[""https://www.ebi.ac.uk/gwas/rest/api/v2/associations?efo_id=OBA_0002313&show_child_trait=false&size=500&page=0""]",HERC2
pigmentation,93414340,GCST90041840,34737426,"[""OBA_0002313""]","[""strict""]",https://www.ebi.ac.uk/gwas/rest/api/v2/associations/93414340,"[""https://www.ebi.ac.uk/gwas/rest/api/v2/associations?efo_id=OBA_0002313&show_child_trait=false&size=500&page=0""]",SLC24A5
pigmentation,93414345,GCST90041840,34737426,"[""OBA_0002313""]","[""strict""]",https://www.ebi.ac.uk/gwas/rest/api/v2/associations/93414345,"[""https://www.ebi.ac.uk/gwas/rest/api/v2/associations?efo_id=OBA_0002313&show_child_trait=false&size=500&page=0""]",CDK10
pigmentation,93414345,GCST90041840,34737426,"[""OBA_0002313""]","[""strict""]",https://www.ebi.ac.uk/gwas/rest/api/v2/associations/93414345,"[""https://www.ebi.ac.uk/gwas/rest/api/v2/associations?efo_id=OBA_0002313&show_child_trait=false&size=500&page=0""]",SPATA33
pigmentation,93453754,GCST90026489,34265127,"[""EFO_0003949""]","[""strict""]",https://www.ebi.ac.uk/gwas/rest/api/v2/associations/93453754,"[""https://www.ebi.ac.uk/gwas/rest/api/v2/associations?efo_id=EFO_0003949&show_child_trait=false&size=500&page=0""]",OCA2
pigmentation,93453766,GCST90026490,34265127,"[""MONDO_0005326""]","[""broad""]",https://www.ebi.ac.uk/gwas/rest/api/v2/associations/93453766,"[""https://www.ebi.ac.uk/gwas/rest/api/v2/associations?efo_id=MONDO_0005326&show_child_trait=false&size=500&page=0""]",OCA2
pigmentation,93453771,GCST90026490,34265127,"[""MONDO_0005326""]","[""broad""]",https://www.ebi.ac.uk/gwas/rest/api/v2/associations/93453771,"[""https://www.ebi.ac.uk/gwas/rest/api/v2/associations?efo_id=MONDO_0005326&show_child_trait=false&size=500&page=0""]",HERC2
pigmentation,93453783,GCST90026491,34265127,"[""OBA_VT0002095""]","[""strict""]",https://www.ebi.ac.uk/gwas/rest/api/v2/associations/93453783,"[""https://www.ebi.ac.uk/gwas/rest/api/v2/associations?efo_id=OBA_VT0002095&show_child_trait=false&size=500&page=0""]",LINC02752
pigmentation,95175250,GCST90095476,34737440,"[""EFO_0003924""]","[""strict""]",https://www.ebi.ac.uk/gwas/rest/api/v2/associations/95175250,"[""https://www.ebi.ac.uk/gwas/rest/api/v2/associations?efo_id=EFO_0003924&show_child_trait=false&size=500&page=0""]",SLC45A2
pigmentation,95175254,GCST90095476,34737440,"[""EFO_0003924""]","[""strict""]",https://www.ebi.ac.uk/gwas/rest/api/v2/associations/95175254,"[""https://www.ebi.ac.uk/gwas/rest/api/v2/associations?efo_id=EFO_0003924&show_child_trait=false&size=500&page=0""]",IRF4
pigmentation,95175258,GCST90095476,34737440,"[""EFO_0003924""]","[""strict""]",https://www.ebi.ac.uk/gwas/rest/api/v2/associations/95175258,"[""https://www.ebi.ac.uk/gwas/rest/api/v2/associations?efo_id=EFO_0003924&show_child_trait=false&size=500&page=0""]",EXOC2
pigmentation,95175262,GCST90095476,34737440,"[""EFO_0003924""]","[""strict""]",https://www.ebi.ac.uk/gwas/rest/api/v2/associations/95175262,"[""https://www.ebi.ac.uk/gwas/rest/api/v2/associations?efo_id=EFO_0003924&show_child_trait=false&size=500&page=0""]",SMIM38
pigmentation,95175262,GCST90095476,34737440,"[""EFO_0003924""]","[""strict""]",https://www.ebi.ac.uk/gwas/rest/api/v2/associations/95175262,"[""https://www.ebi.ac.uk/gwas/rest/api/v2/associations?efo_id=EFO_0003924&show_child_trait=false&size=500&page=0""]",TPCN2
pigmentation,95175266,GCST90095476,34737440,"[""EFO_0003924""]","[""strict""]",https://www.ebi.ac.uk/gwas/rest/api/v2/associations/95175266,"[""https://www.ebi.ac.uk/gwas/rest/api/v2/associations?efo_id=EFO_0003924&show_child_trait=false&size=500&page=0""]",LINC02458
pigmentation,95175266,GCST90095476,34737440,"[""EFO_0003924""]","[""strict""]",https://www.ebi.ac.uk/gwas/rest/api/v2/associations/95175266,"[""https://www.ebi.ac.uk/gwas/rest/api/v2/associations?efo_id=EFO_0003924&show_child_trait=false&size=500&page=0""]",RNU1-117P
pigmentation,95175271,GCST90095476,34737440,"[""EFO_0003924""]","[""strict""]",https://www.ebi.ac.uk/gwas/rest/api/v2/associations/95175271,"[""https://www.ebi.ac.uk/gwas/rest/api/v2/associations?efo_id=EFO_0003924&show_child_trait=false&size=500&page=0""]",EDNRB
pigmentation,95175271,GCST90095476,34737440,"[""EFO_0003924""]","[""strict""]",https://www.ebi.ac.uk/gwas/rest/api/v2/associations/95175271,"[""https://www.ebi.ac.uk/gwas/rest/api/v2/associations?efo_id=EFO_0003924&show_child_trait=false&size=500&page=0""]",OBI1-AS1
pigmentation,95175276,GCST90095476,34737440,"[""EFO_0003924""]","[""strict""]",https://www.ebi.ac.uk/gwas/rest/api/v2/associations/95175276,"[""https://www.ebi.ac.uk/gwas/rest/api/v2/associations?efo_id=EFO_0003924&show_child_trait=false&size=500&page=0""]",RNU6-366P
pigmentation,95175276,GCST90095476,34737440,"[""EFO_0003924""]","[""strict""]",https://www.ebi.ac.uk/gwas/rest/api/v2/associations/95175276,"[""https://www.ebi.ac.uk/gwas/rest/api/v2/associations?efo_id=EFO_0003924&show_child_trait=false&size=500&page=0""]",SLC24A4
pigmentation,95175281,GCST90095476,34737440,"[""EFO_0003924""]","[""strict""]",https://www.ebi.ac.uk/gwas/rest/api/v2/associations/95175281,"[""https://www.ebi.ac.uk/gwas/rest/api/v2/associations?efo_id=EFO_0003924&show_child_trait=false&size=500&page=0""]",OCA2
pigmentation,95175286,GCST90095476,34737440,"[""EFO_0003924""]","[""strict""]",https://www.ebi.ac.uk/gwas/rest/api/v2/associations/95175286,"[""https://www.ebi.ac.uk/gwas/rest/api/v2/associations?efo_id=EFO_0003924&show_child_trait=false&size=500&page=0""]",OCA2
pigmentation,95175291,GCST90095476,34737440,"[""EFO_0003924""]","[""strict""]",https://www.ebi.ac.uk/gwas/rest/api/v2/associations/95175291,"[""https://www.ebi.ac.uk/gwas/rest/api/v2/associations?efo_id=EFO_0003924&show_child_trait=false&size=500&page=0""]",OCA2
pigmentation,95175295,GCST90095476,34737440,"[""EFO_0003924""]","[""strict""]",https://www.ebi.ac.uk/gwas/rest/api/v2/associations/95175295,"[""https://www.ebi.ac.uk/gwas/rest/api/v2/associations?efo_id=EFO_0003924&show_child_trait=false&size=500&page=0""]",HERC2
pigmentation,95175299,GCST90095476,34737440,"[""EFO_0003924""]","[""strict""]",https://www.ebi.ac.uk/gwas/rest/api/v2/associations/95175299,"[""https://www.ebi.ac.uk/gwas/rest/api/v2/associations?efo_id=EFO_0003924&show_child_trait=false&size=500&page=0""]",HERC2
pigmentation,95175303,GCST90095476,34737440,"[""EFO_0003924""]","[""strict""]",https://www.ebi.ac.uk/gwas/rest/api/v2/associations/95175303,"[""https://www.ebi.ac.uk/gwas/rest/api/v2/associations?efo_id=EFO_0003924&show_child_trait=false&size=500&page=0""]",HERC2
pigmentation,95175307,GCST90095476,34737440,"[""EFO_0003924""]","[""strict""]",https://www.ebi.ac.uk/gwas/rest/api/v2/associations/95175307,"[""https://www.ebi.ac.uk/gwas/rest/api/v2/associations?efo_id=EFO_0003924&show_child_trait=false&size=500&page=0""]",ANKRD11
pigmentation,95175311,GCST90095476,34737440,"[""EFO_0003924""]","[""strict""]",https://www.ebi.ac.uk/gwas/rest/api/v2/associations/95175311,"[""https://www.ebi.ac.uk/gwas/rest/api/v2/associations?efo_id=EFO_0003924&show_child_trait=false&size=500&page=0""]",SPATA33
pigmentation,95175315,GCST90095476,34737440,"[""EFO_0003924""]","[""strict""]",https://www.ebi.ac.uk/gwas/rest/api/v2/associations/95175315,"[""https://www.ebi.ac.uk/gwas/rest/api/v2/associations?efo_id=EFO_0003924&show_child_trait=false&size=500&page=0""]",FANCA
pigmentation,95175319,GCST90095476,34737440,"[""EFO_0003924""]","[""strict""]",https://www.ebi.ac.uk/gwas/rest/api/v2/associations/95175319,"[""https://www.ebi.ac.uk/gwas/rest/api/v2/associations?efo_id=EFO_0003924&show_child_trait=false&size=500&page=0""]",MC1R
pigmentation,95175323,GCST90095476,34737440,"[""EFO_0003924""]","[""strict""]",https://www.ebi.ac.uk/gwas/rest/api/v2/associations/95175323,"[""https://www.ebi.ac.uk/gwas/rest/api/v2/associations?efo_id=EFO_0003924&show_child_trait=false&size=500&page=0""]",DEF8
pigmentation,95175335,GCST90095477,34737440,"[""EFO_0003924""]","[""strict""]",https://www.ebi.ac.uk/gwas/rest/api/v2/associations/95175335,"[""https://www.ebi.ac.uk/gwas/rest/api/v2/associations?efo_id=EFO_0003924&show_child_trait=false&size=500&page=0""]",LINC01983
pigmentation,95175339,GCST90095477,34737440,"[""EFO_0003924""]","[""strict""]",https://www.ebi.ac.uk/gwas/rest/api/v2/associations/95175339,"[""https://www.ebi.ac.uk/gwas/rest/api/v2/associations?efo_id=EFO_0003924&show_child_trait=false&size=500&page=0""]",SLC45A2
pigmentation,95175343,GCST90095477,34737440,"[""EFO_0003924""]","[""strict""]",https://www.ebi.ac.uk/gwas/rest/api/v2/associations/95175343,"[""https://www.ebi.ac.uk/gwas/rest/api/v2/associations?efo_id=EFO_0003924&show_child_trait=false&size=500&page=0""]",IRF4
pigmentation,95175348,GCST90095477,34737440,"[""EFO_0003924""]","[""strict""]",https://www.ebi.ac.uk/gwas/rest/api/v2/associations/95175348,"[""https://www.ebi.ac.uk/gwas/rest/api/v2/associations?efo_id=EFO_0003924&show_child_trait=false&size=500&page=0""]",CRISPLD1
pigmentation,95175352,GCST90095477,34737440,"[""EFO_0003924""]","[""strict""]",https://www.ebi.ac.uk/gwas/rest/api/v2/associations/95175352,"[""https://www.ebi.ac.uk/gwas/rest/api/v2/associations?efo_id=EFO_0003924&show_child_trait=false&size=500&page=0""]",HERC2
pigmentation,95175357,GCST90095477,34737440,"[""EFO_0003924""]","[""strict""]",https://www.ebi.ac.uk/gwas/rest/api/v2/associations/95175357,"[""https://www.ebi.ac.uk/gwas/rest/api/v2/associations?efo_id=EFO_0003924&show_child_trait=false&size=500&page=0""]",HERC2
pigmentation,95175361,GCST90095477,34737440,"[""EFO_0003924""]","[""strict""]",https://www.ebi.ac.uk/gwas/rest/api/v2/associations/95175361,"[""https://www.ebi.ac.uk/gwas/rest/api/v2/associations?efo_id=EFO_0003924&show_child_trait=false&size=500&page=0""]",HERC2
pigmentation,95175372,GCST90095478,34737440,"[""EFO_0003924""]","[""strict""]",https://www.ebi.ac.uk/gwas/rest/api/v2/associations/95175372,"[""https://www.ebi.ac.uk/gwas/rest/api/v2/associations?efo_id=EFO_0003924&show_child_trait=false&size=500&page=0""]",RNF166
pigmentation,95175377,GCST90095478,34737440,"[""EFO_0003924""]","[""strict""]",https://www.ebi.ac.uk/gwas/rest/api/v2/associations/95175377,"[""https://www.ebi.ac.uk/gwas/rest/api/v2/associations?efo_id=EFO_0003924&show_child_trait=false&size=500&page=0""]",PABPN1L
pigmentation,95175382,GCST90095478,34737440,"[""EFO_0003924""]","[""strict""]",https://www.ebi.ac.uk/gwas/rest/api/v2/associations/95175382,"[""https://www.ebi.ac.uk/gwas/rest/api/v2/associations?efo_id=EFO_0003924&show_child_trait=false&size=500&page=0""]",CBFA2T3
pigmentation,95175387,GCST90095478,34737440,"[""EFO_0003924""]","[""strict""]",https://www.ebi.ac.uk/gwas/rest/api/v2/associations/95175387,"[""https://www.ebi.ac.uk/gwas/rest/api/v2/associations?efo_id=EFO_0003924&show_child_trait=false&size=500&page=0""]",ACSF3
pigmentation,95175387,GCST90095478,34737440,"[""EFO_0003924""]","[""strict""]",https://www.ebi.ac.uk/gwas/rest/api/v2/associations/95175387,"[""https://www.ebi.ac.uk/gwas/rest/api/v2/associations?efo_id=EFO_0003924&show_child_trait=false&size=500&page=0""]",CBFA2T3
pigmentation,95175391,GCST90095478,34737440,"[""EFO_0003924""]","[""strict""]",https://www.ebi.ac.uk/gwas/rest/api/v2/associations/95175391,"[""https://www.ebi.ac.uk/gwas/rest/api/v2/associations?efo_id=EFO_0003924&show_child_trait=false&size=500&page=0""]",LINC02138
pigmentation,95175396,GCST90095478,34737440,"[""EFO_0003924""]","[""strict""]",https://www.ebi.ac.uk/gwas/rest/api/v2/associations/95175396,"[""https://www.ebi.ac.uk/gwas/rest/api/v2/associations?efo_id=EFO_0003924&show_child_trait=false&size=500&page=0""]",ANKRD11
pigmentation,95175400,GCST90095478,34737440,"[""EFO_0003924""]","[""strict""]",https://www.ebi.ac.uk/gwas/rest/api/v2/associations/95175400,"[""https://www.ebi.ac.uk/gwas/rest/api/v2/associations?efo_id=EFO_0003924&show_child_trait=false&size=500&page=0""]",ANKRD11
pigmentation,95175404,GCST90095478,34737440,"[""EFO_0003924""]","[""strict""]",https://www.ebi.ac.uk/gwas/rest/api/v2/associations/95175404,"[""https://www.ebi.ac.uk/gwas/rest/api/v2/associations?efo_id=EFO_0003924&show_child_trait=false&size=500&page=0""]",RPL13
pigmentation,95175404,GCST90095478,34737440,"[""EFO_0003924""]","[""strict""]",https://www.ebi.ac.uk/gwas/rest/api/v2/associations/95175404,"[""https://www.ebi.ac.uk/gwas/rest/api/v2/associations?efo_id=EFO_0003924&show_child_trait=false&size=500&page=0""]",SPG7
pigmentation,95175408,GCST90095478,34737440,"[""EFO_0003924""]","[""strict""]",https://www.ebi.ac.uk/gwas/rest/api/v2/associations/95175408,"[""https://www.ebi.ac.uk/gwas/rest/api/v2/associations?efo_id=EFO_0003924&show_child_trait=false&size=500&page=0""]",CHMP1A
pigmentation,95175412,GCST90095478,34737440,"[""EFO_0003924""]","[""strict""]",https://www.ebi.ac.uk/gwas/rest/api/v2/associations/95175412,"[""https://www.ebi.ac.uk/gwas/rest/api/v2/associations?efo_id=EFO_0003924&show_child_trait=false&size=500&page=0""]",FANCA
pigmentation,95175416,GCST90095478,34737440,"[""EFO_0003924""]","[""strict""]",https://www.ebi.ac.uk/gwas/rest/api/v2/associations/95175416,"[""https://www.ebi.ac.uk/gwas/rest/api/v2/associations?efo_id=EFO_0003924&show_child_trait=false&size=500&page=0""]",FANCA
pigmentation,95175420,GCST90095478,34737440,"[""EFO_0003924""]","[""strict""]",https://www.ebi.ac.uk/gwas/rest/api/v2/associations/95175420,"[""https://www.ebi.ac.uk/gwas/rest/api/v2/associations?efo_id=EFO_0003924&show_child_trait=false&size=500&page=0""]",MC1R
pigmentation,95175424,GCST90095478,34737440,"[""EFO_0003924""]","[""strict""]",https://www.ebi.ac.uk/gwas/rest/api/v2/associations/95175424,"[""https://www.ebi.ac.uk/gwas/rest/api/v2/associations?efo_id=EFO_0003924&show_child_trait=false&size=500&page=0""]",DBNDD1
pigmentation,95175428,GCST90095478,34737440,"[""EFO_0003924""]","[""strict""]",https://www.ebi.ac.uk/gwas/rest/api/v2/associations/95175428,"[""https://www.ebi.ac.uk/gwas/rest/api/v2/associations?efo_id=EFO_0003924&show_child_trait=false&size=500&page=0""]",PRDM7
pigmentation,95284457,GCST012219,33692100,"[""EFO_0003949""]","[""strict""]",https://www.ebi.ac.uk/gwas/rest/api/v2/associations/95284457,"[""https://www.ebi.ac.uk/gwas/rest/api/v2/associations?efo_id=EFO_0003949&show_child_trait=false&size=500&page=0""]",HIVEP3
pigmentation,95284461,GCST012219,33692100,"[""EFO_0003949""]","[""strict""]",https://www.ebi.ac.uk/gwas/rest/api/v2/associations/95284461,"[""https://www.ebi.ac.uk/gwas/rest/api/v2/associations?efo_id=EFO_0003949&show_child_trait=false&size=500&page=0""]",PDCD6
pigmentation,95284461,GCST012219,33692100,"[""EFO_0003949""]","[""strict""]",https://www.ebi.ac.uk/gwas/rest/api/v2/associations/95284461,"[""https://www.ebi.ac.uk/gwas/rest/api/v2/associations?efo_id=EFO_0003949&show_child_trait=false&size=500&page=0""]",PDCD6-AHRR
pigmentation,95284465,GCST012219,33692100,"[""EFO_0003949""]","[""strict""]",https://www.ebi.ac.uk/gwas/rest/api/v2/associations/95284465,"[""https://www.ebi.ac.uk/gwas/rest/api/v2/associations?efo_id=EFO_0003949&show_child_trait=false&size=500&page=0""]",SLC45A2
pigmentation,95284469,GCST012219,33692100,"[""EFO_0003949""]","[""strict""]",https://www.ebi.ac.uk/gwas/rest/api/v2/associations/95284469,"[""https://www.ebi.ac.uk/gwas/rest/api/v2/associations?efo_id=EFO_0003949&show_child_trait=false&size=500&page=0""]",IRF4
pigmentation,95284473,GCST012219,33692100,"[""EFO_0003949""]","[""strict""]",https://www.ebi.ac.uk/gwas/rest/api/v2/associations/95284473,"[""https://www.ebi.ac.uk/gwas/rest/api/v2/associations?efo_id=EFO_0003949&show_child_trait=false&size=500&page=0""]",TULP4
pigmentation,95284477,GCST012219,33692100,"[""EFO_0003949""]","[""strict""]",https://www.ebi.ac.uk/gwas/rest/api/v2/associations/95284477,"[""https://www.ebi.ac.uk/gwas/rest/api/v2/associations?efo_id=EFO_0003949&show_child_trait=false&size=500&page=0""]",LURAP1L-AS1
pigmentation,95284481,GCST012219,33692100,"[""EFO_0003949""]","[""strict""]",https://www.ebi.ac.uk/gwas/rest/api/v2/associations/95284481,"[""https://www.ebi.ac.uk/gwas/rest/api/v2/associations?efo_id=EFO_0003949&show_child_trait=false&size=500&page=0""]",TYR
pigmentation,95284485,GCST012219,33692100,"[""EFO_0003949""]","[""strict""]",https://www.ebi.ac.uk/gwas/rest/api/v2/associations/95284485,"[""https://www.ebi.ac.uk/gwas/rest/api/v2/associations?efo_id=EFO_0003949&show_child_trait=false&size=500&page=0""]",SOX5
pigmentation,95284489,GCST012219,33692100,"[""EFO_0003949""]","[""strict""]",https://www.ebi.ac.uk/gwas/rest/api/v2/associations/95284489,"[""https://www.ebi.ac.uk/gwas/rest/api/v2/associations?efo_id=EFO_0003949&show_child_trait=false&size=500&page=0""]",RNU6-366P
pigmentation,95284489,GCST012219,33692100,"[""EFO_0003949""]","[""strict""]",https://www.ebi.ac.uk/gwas/rest/api/v2/associations/95284489,"[""https://www.ebi.ac.uk/gwas/rest/api/v2/associations?efo_id=EFO_0003949&show_child_trait=false&size=500&page=0""]",SLC24A4
pigmentation,95284493,GCST012219,33692100,"[""EFO_0003949""]","[""strict""]",https://www.ebi.ac.uk/gwas/rest/api/v2/associations/95284493,"[""https://www.ebi.ac.uk/gwas/rest/api/v2/associations?efo_id=EFO_0003949&show_child_trait=false&size=500&page=0""]",OCA2
pigmentation,95284497,GCST012219,33692100,"[""EFO_0003949""]","[""strict""]",https://www.ebi.ac.uk/gwas/rest/api/v2/associations/95284497,"[""https://www.ebi.ac.uk/gwas/rest/api/v2/associations?efo_id=EFO_0003949&show_child_trait=false&size=500&page=0""]",HERC2
pigmentation,95284501,GCST012219,33692100,"[""EFO_0003949""]","[""strict""]",https://www.ebi.ac.uk/gwas/rest/api/v2/associations/95284501,"[""https://www.ebi.ac.uk/gwas/rest/api/v2/associations?efo_id=EFO_0003949&show_child_trait=false&size=500&page=0""]",MAP2K6
pigmentation,95284505,GCST012219,33692100,"[""EFO_0003949""]","[""strict""]",https://www.ebi.ac.uk/gwas/rest/api/v2/associations/95284505,"[""https://www.ebi.ac.uk/gwas/rest/api/v2/associations?efo_id=EFO_0003949&show_child_trait=false&size=500&page=0""]",NPLOC4
pigmentation,95284505,GCST012219,33692100,"[""EFO_0003949""]","[""strict""]",https://www.ebi.ac.uk/gwas/rest/api/v2/associations/95284505,"[""https://www.ebi.ac.uk/gwas/rest/api/v2/associations?efo_id=EFO_0003949&show_child_trait=false&size=500&page=0""]",TSPAN10
pigmentation,95284509,GCST012219,33692100,"[""EFO_0003949""]","[""strict""]",https://www.ebi.ac.uk/gwas/rest/api/v2/associations/95284509,"[""https://www.ebi.ac.uk/gwas/rest/api/v2/associations?efo_id=EFO_0003949&show_child_trait=false&size=500&page=0""]",LINC01679
pigmentation,95284513,GCST012219,33692100,"[""EFO_0003949""]","[""strict""]",https://www.ebi.ac.uk/gwas/rest/api/v2/associations/95284513,"[""https://www.ebi.ac.uk/gwas/rest/api/v2/associations?efo_id=EFO_0003949&show_child_trait=false&size=500&page=0""]",EFCAB7
pigmentation,95284513,GCST012219,33692100,"[""EFO_0003949""]","[""strict""]",https://www.ebi.ac.uk/gwas/rest/api/v2/associations/95284513,"[""https://www.ebi.ac.uk/gwas/rest/api/v2/associations?efo_id=EFO_0003949&show_child_trait=false&size=500&page=0""]",ITGB3BP
pigmentation,95284517,GCST012219,33692100,"[""EFO_0003949""]","[""strict""]",https://www.ebi.ac.uk/gwas/rest/api/v2/associations/95284517,"[""https://www.ebi.ac.uk/gwas/rest/api/v2/associations?efo_id=EFO_0003949&show_child_trait=false&size=500&page=0""]",EIF4E2P2
pigmentation,95284517,GCST012219,33692100,"[""EFO_0003949""]","[""strict""]",https://www.ebi.ac.uk/gwas/rest/api/v2/associations/95284517,"[""https://www.ebi.ac.uk/gwas/rest/api/v2/associations?efo_id=EFO_0003949&show_child_trait=false&size=500&page=0""]",ZBTB20
pigmentation,95284521,GCST012219,33692100,"[""EFO_0003949""]","[""strict""]",https://www.ebi.ac.uk/gwas/rest/api/v2/associations/95284521,"[""https://www.ebi.ac.uk/gwas/rest/api/v2/associations?efo_id=EFO_0003949&show_child_trait=false&size=500&page=0""]",PDE4D
pigmentation,95284525,GCST012219,33692100,"[""EFO_0003949""]","[""strict""]",https://www.ebi.ac.uk/gwas/rest/api/v2/associations/95284525,"[""https://www.ebi.ac.uk/gwas/rest/api/v2/associations?efo_id=EFO_0003949&show_child_trait=false&size=500&page=0""]",JAZF1
pigmentation,95284529,GCST012219,33692100,"[""EFO_0003949""]","[""strict""]",https://www.ebi.ac.uk/gwas/rest/api/v2/associations/95284529,"[""https://www.ebi.ac.uk/gwas/rest/api/v2/associations?efo_id=EFO_0003949&show_child_trait=false&size=500&page=0""]",POU6F2
pigmentation,95284533,GCST012219,33692100,"[""EFO_0003949""]","[""strict""]",https://www.ebi.ac.uk/gwas/rest/api/v2/associations/95284533,"[""https://www.ebi.ac.uk/gwas/rest/api/v2/associations?efo_id=EFO_0003949&show_child_trait=false&size=500&page=0""]",SLC12A9
pigmentation,95284537,GCST012219,33692100,"[""EFO_0003949""]","[""strict""]",https://www.ebi.ac.uk/gwas/rest/api/v2/associations/95284537,"[""https://www.ebi.ac.uk/gwas/rest/api/v2/associations?efo_id=EFO_0003949&show_child_trait=false&size=500&page=0""]",LINC02751
pigmentation,95284541,GCST012219,33692100,"[""EFO_0003949""]","[""strict""]",https://www.ebi.ac.uk/gwas/rest/api/v2/associations/95284541,"[""https://www.ebi.ac.uk/gwas/rest/api/v2/associations?efo_id=EFO_0003949&show_child_trait=false&size=500&page=0""]",ETV6
pigmentation,95284545,GCST012219,33692100,"[""EFO_0003949""]","[""strict""]",https://www.ebi.ac.uk/gwas/rest/api/v2/associations/95284545,"[""https://www.ebi.ac.uk/gwas/rest/api/v2/associations?efo_id=EFO_0003949&show_child_trait=false&size=500&page=0""]",LINC02210
pigmentation,95284545,GCST012219,33692100,"[""EFO_0003949""]","[""strict""]",https://www.ebi.ac.uk/gwas/rest/api/v2/associations/95284545,"[""https://www.ebi.ac.uk/gwas/rest/api/v2/associations?efo_id=EFO_0003949&show_child_trait=false&size=500&page=0""]",RPS26P8
pigmentation,95284549,GCST012219,33692100,"[""EFO_0003949""]","[""strict""]",https://www.ebi.ac.uk/gwas/rest/api/v2/associations/95284549,"[""https://www.ebi.ac.uk/gwas/rest/api/v2/associations?efo_id=EFO_0003949&show_child_trait=false&size=500&page=0""]",SLC24A5
pigmentation,95284553,GCST012219,33692100,"[""EFO_0003949""]","[""strict""]",https://www.ebi.ac.uk/gwas/rest/api/v2/associations/95284553,"[""https://www.ebi.ac.uk/gwas/rest/api/v2/associations?efo_id=EFO_0003949&show_child_trait=false&size=500&page=0""]",GPR157
pigmentation,95284557,GCST012219,33692100,"[""EFO_0003949""]","[""strict""]",https://www.ebi.ac.uk/gwas/rest/api/v2/associations/95284557,"[""https://www.ebi.ac.uk/gwas/rest/api/v2/associations?efo_id=EFO_0003949&show_child_trait=false&size=500&page=0""]",LINC01679
pigmentation,95284557,GCST012219,33692100,"[""EFO_0003949""]","[""strict""]",https://www.ebi.ac.uk/gwas/rest/api/v2/associations/95284557,"[""https://www.ebi.ac.uk/gwas/rest/api/v2/associations?efo_id=EFO_0003949&show_child_trait=false&size=500&page=0""]",SIK1
pigmentation,95937922,GCST90100219,34570997,"[""OBA_VT0002095""]","[""strict""]",https://www.ebi.ac.uk/gwas/rest/api/v2/associations/95937922,"[""https://www.ebi.ac.uk/gwas/rest/api/v2/associations?efo_id=OBA_VT0002095&show_child_trait=false&size=500&page=0""]",MLLT3
pigmentation,95937922,GCST90100219,34570997,"[""OBA_VT0002095""]","[""strict""]",https://www.ebi.ac.uk/gwas/rest/api/v2/associations/95937922,"[""https://www.ebi.ac.uk/gwas/rest/api/v2/associations?efo_id=OBA_VT0002095&show_child_trait=false&size=500&page=0""]",SLC24A2
pigmentation,95937928,GCST90100219,34570997,"[""OBA_VT0002095""]","[""strict""]",https://www.ebi.ac.uk/gwas/rest/api/v2/associations/95937928,"[""https://www.ebi.ac.uk/gwas/rest/api/v2/associations?efo_id=OBA_VT0002095&show_child_trait=false&size=500&page=0""]",OCA2
pigmentation,95937934,GCST90100219,34570997,"[""OBA_VT0002095""]","[""strict""]",https://www.ebi.ac.uk/gwas/rest/api/v2/associations/95937934,"[""https://www.ebi.ac.uk/gwas/rest/api/v2/associations?efo_id=OBA_VT0002095&show_child_trait=false&size=500&page=0""]",SLC24A5
pigmentation,97365638,GCST90104590,35313536,"[""OBA_2045282""]","[""strict""]",https://www.ebi.ac.uk/gwas/rest/api/v2/associations/97365638,"[""https://www.ebi.ac.uk/gwas/rest/api/v2/associations?efo_id=OBA_2045282&show_child_trait=false&size=500&page=0""]",ADRA2A
pigmentation,97365638,GCST90104590,35313536,"[""OBA_2045282""]","[""strict""]",https://www.ebi.ac.uk/gwas/rest/api/v2/associations/97365638,"[""https://www.ebi.ac.uk/gwas/rest/api/v2/associations?efo_id=OBA_2045282&show_child_trait=false&size=500&page=0""]",BTBD7P2
pigmentation,97365644,GCST90104590,35313536,"[""OBA_2045282""]","[""strict""]",https://www.ebi.ac.uk/gwas/rest/api/v2/associations/97365644,"[""https://www.ebi.ac.uk/gwas/rest/api/v2/associations?efo_id=OBA_2045282&show_child_trait=false&size=500&page=0""]",BARX2
pigmentation,97365650,GCST90104590,35313536,"[""OBA_2045282""]","[""strict""]",https://www.ebi.ac.uk/gwas/rest/api/v2/associations/97365650,"[""https://www.ebi.ac.uk/gwas/rest/api/v2/associations?efo_id=OBA_2045282&show_child_trait=false&size=500&page=0""]",IRAG2
pigmentation,97365656,GCST90104590,35313536,"[""OBA_2045282""]","[""strict""]",https://www.ebi.ac.uk/gwas/rest/api/v2/associations/97365656,"[""https://www.ebi.ac.uk/gwas/rest/api/v2/associations?efo_id=OBA_2045282&show_child_trait=false&size=500&page=0""]",CCDC59
pigmentation,97365656,GCST90104590,35313536,"[""OBA_2045282""]","[""strict""]",https://www.ebi.ac.uk/gwas/rest/api/v2/associations/97365656,"[""https://www.ebi.ac.uk/gwas/rest/api/v2/associations?efo_id=OBA_2045282&show_child_trait=false&size=500&page=0""]",LINC02426
pigmentation,97365662,GCST90104590,35313536,"[""OBA_2045282""]","[""strict""]",https://www.ebi.ac.uk/gwas/rest/api/v2/associations/97365662,"[""https://www.ebi.ac.uk/gwas/rest/api/v2/associations?efo_id=OBA_2045282&show_child_trait=false&size=500&page=0""]",COQ8B
pigmentation,97365668,GCST90104590,35313536,"[""OBA_2045282""]","[""strict""]",https://www.ebi.ac.uk/gwas/rest/api/v2/associations/97365668,"[""https://www.ebi.ac.uk/gwas/rest/api/v2/associations?efo_id=OBA_2045282&show_child_trait=false&size=500&page=0""]",ELSPBP1
pigmentation,97365674,GCST90104590,35313536,"[""OBA_2045282""]","[""strict""]",https://www.ebi.ac.uk/gwas/rest/api/v2/associations/97365674,"[""https://www.ebi.ac.uk/gwas/rest/api/v2/associations?efo_id=OBA_2045282&show_child_trait=false&size=500&page=0""]",ID2-AS1
pigmentation,97365674,GCST90104590,35313536,"[""OBA_2045282""]","[""strict""]",https://www.ebi.ac.uk/gwas/rest/api/v2/associations/97365674,"[""https://www.ebi.ac.uk/gwas/rest/api/v2/associations?efo_id=OBA_2045282&show_child_trait=false&size=500&page=0""]",SNRPEP5
pigmentation,97365680,GCST90104590,35313536,"[""OBA_2045282""]","[""strict""]",https://www.ebi.ac.uk/gwas/rest/api/v2/associations/97365680,"[""https://www.ebi.ac.uk/gwas/rest/api/v2/associations?efo_id=OBA_2045282&show_child_trait=false&size=500&page=0""]",SORBS2
pigmentation,97365686,GCST90104590,35313536,"[""OBA_2045282""]","[""strict""]",https://www.ebi.ac.uk/gwas/rest/api/v2/associations/97365686,"[""https://www.ebi.ac.uk/gwas/rest/api/v2/associations?efo_id=OBA_2045282&show_child_trait=false&size=500&page=0""]",RNU4-64P
pigmentation,97365686,GCST90104590,35313536,"[""OBA_2045282""]","[""strict""]",https://www.ebi.ac.uk/gwas/rest/api/v2/associations/97365686,"[""https://www.ebi.ac.uk/gwas/rest/api/v2/associations?efo_id=OBA_2045282&show_child_trait=false&size=500&page=0""]",SORBS2
pigmentation,97365692,GCST90104590,35313536,"[""OBA_2045282""]","[""strict""]",https://www.ebi.ac.uk/gwas/rest/api/v2/associations/97365692,"[""https://www.ebi.ac.uk/gwas/rest/api/v2/associations?efo_id=OBA_2045282&show_child_trait=false&size=500&page=0""]",LINC02220
pigmentation,97365698,GCST90104590,35313536,"[""OBA_2045282""]","[""strict""]",https://www.ebi.ac.uk/gwas/rest/api/v2/associations/97365698,"[""https://www.ebi.ac.uk/gwas/rest/api/v2/associations?efo_id=OBA_2045282&show_child_trait=false&size=500&page=0""]",CEP120
pigmentation,97365698,GCST90104590,35313536,"[""OBA_2045282""]","[""strict""]",https://www.ebi.ac.uk/gwas/rest/api/v2/associations/97365698,"[""https://www.ebi.ac.uk/gwas/rest/api/v2/associations?efo_id=OBA_2045282&show_child_trait=false&size=500&page=0""]",PRDM6
pigmentation,97365704,GCST90104590,35313536,"[""OBA_2045282""]","[""strict""]",https://www.ebi.ac.uk/gwas/rest/api/v2/associations/97365704,"[""https://www.ebi.ac.uk/gwas/rest/api/v2/associations?efo_id=OBA_2045282&show_child_trait=false&size=500&page=0""]",PHACTR2
pigmentation,97365710,GCST90104590,35313536,"[""OBA_2045282""]","[""strict""]",https://www.ebi.ac.uk/gwas/rest/api/v2/associations/97365710,"[""https://www.ebi.ac.uk/gwas/rest/api/v2/associations?efo_id=OBA_2045282&show_child_trait=false&size=500&page=0""]",AGTPBP1
pigmentation,97365723,GCST90104591,35313536,"[""OBA_2045282""]","[""strict""]",https://www.ebi.ac.uk/gwas/rest/api/v2/associations/97365723,"[""https://www.ebi.ac.uk/gwas/rest/api/v2/associations?efo_id=OBA_2045282&show_child_trait=false&size=500&page=0""]",LIPA
pigmentation,97365729,GCST90104591,35313536,"[""OBA_2045282""]","[""strict""]",https://www.ebi.ac.uk/gwas/rest/api/v2/associations/97365729,"[""https://www.ebi.ac.uk/gwas/rest/api/v2/associations?efo_id=OBA_2045282&show_child_trait=false&size=500&page=0""]",NAP1L1P1
pigmentation,97365729,GCST90104591,35313536,"[""OBA_2045282""]","[""strict""]",https://www.ebi.ac.uk/gwas/rest/api/v2/associations/97365729,"[""https://www.ebi.ac.uk/gwas/rest/api/v2/associations?efo_id=OBA_2045282&show_child_trait=false&size=500&page=0""]",RPUSD4
pigmentation,97365735,GCST90104591,35313536,"[""OBA_2045282""]","[""strict""]",https://www.ebi.ac.uk/gwas/rest/api/v2/associations/97365735,"[""https://www.ebi.ac.uk/gwas/rest/api/v2/associations?efo_id=OBA_2045282&show_child_trait=false&size=500&page=0""]",EMP1
pigmentation,97365735,GCST90104591,35313536,"[""OBA_2045282""]","[""strict""]",https://www.ebi.ac.uk/gwas/rest/api/v2/associations/97365735,"[""https://www.ebi.ac.uk/gwas/rest/api/v2/associations?efo_id=OBA_2045282&show_child_trait=false&size=500&page=0""]",LINC01559
pigmentation,97365741,GCST90104591,35313536,"[""OBA_2045282""]","[""strict""]",https://www.ebi.ac.uk/gwas/rest/api/v2/associations/97365741,"[""https://www.ebi.ac.uk/gwas/rest/api/v2/associations?efo_id=OBA_2045282&show_child_trait=false&size=500&page=0""]",SLC7A1
pigmentation,97365747,GCST90104591,35313536,"[""OBA_2045282""]","[""strict""]",https://www.ebi.ac.uk/gwas/rest/api/v2/associations/97365747,"[""https://www.ebi.ac.uk/gwas/rest/api/v2/associations?efo_id=OBA_2045282&show_child_trait=false&size=500&page=0""]",FMN1
pigmentation,97365747,GCST90104591,35313536,"[""OBA_2045282""]","[""strict""]",https://www.ebi.ac.uk/gwas/rest/api/v2/associations/97365747,"[""https://www.ebi.ac.uk/gwas/rest/api/v2/associations?efo_id=OBA_2045282&show_child_trait=false&size=500&page=0""]",GREM1
pigmentation,97365753,GCST90104591,35313536,"[""OBA_2045282""]","[""strict""]",https://www.ebi.ac.uk/gwas/rest/api/v2/associations/97365753,"[""https://www.ebi.ac.uk/gwas/rest/api/v2/associations?efo_id=OBA_2045282&show_child_trait=false&size=500&page=0""]",PPP1R1C
pigmentation,97365759,GCST90104591,35313536,"[""OBA_2045282""]","[""strict""]",https://www.ebi.ac.uk/gwas/rest/api/v2/associations/97365759,"[""https://www.ebi.ac.uk/gwas/rest/api/v2/associations?efo_id=OBA_2045282&show_child_trait=false&size=500&page=0""]",LINC01953
pigmentation,97365759,GCST90104591,35313536,"[""OBA_2045282""]","[""strict""]",https://www.ebi.ac.uk/gwas/rest/api/v2/associations/97365759,"[""https://www.ebi.ac.uk/gwas/rest/api/v2/associations?efo_id=OBA_2045282&show_child_trait=false&size=500&page=0""]",SPAG16-DT
pigmentation,97365765,GCST90104591,35313536,"[""OBA_2045282""]","[""strict""]",https://www.ebi.ac.uk/gwas/rest/api/v2/associations/97365765,"[""https://www.ebi.ac.uk/gwas/rest/api/v2/associations?efo_id=OBA_2045282&show_child_trait=false&size=500&page=0""]",HJURP
pigmentation,97365765,GCST90104591,35313536,"[""OBA_2045282""]","[""strict""]",https://www.ebi.ac.uk/gwas/rest/api/v2/associations/97365765,"[""https://www.ebi.ac.uk/gwas/rest/api/v2/associations?efo_id=OBA_2045282&show_child_trait=false&size=500&page=0""]",MSL3B
pigmentation,97365771,GCST90104591,35313536,"[""OBA_2045282""]","[""strict""]",https://www.ebi.ac.uk/gwas/rest/api/v2/associations/97365771,"[""https://www.ebi.ac.uk/gwas/rest/api/v2/associations?efo_id=OBA_2045282&show_child_trait=false&size=500&page=0""]",CNTN4
pigmentation,97365771,GCST90104591,35313536,"[""OBA_2045282""]","[""strict""]",https://www.ebi.ac.uk/gwas/rest/api/v2/associations/97365771,"[""https://www.ebi.ac.uk/gwas/rest/api/v2/associations?efo_id=OBA_2045282&show_child_trait=false&size=500&page=0""]",CNTN4-AS2
pigmentation,97365777,GCST90104591,35313536,"[""OBA_2045282""]","[""strict""]",https://www.ebi.ac.uk/gwas/rest/api/v2/associations/97365777,"[""https://www.ebi.ac.uk/gwas/rest/api/v2/associations?efo_id=OBA_2045282&show_child_trait=false&size=500&page=0""]",FGF12
pigmentation,97365783,GCST90104591,35313536,"[""OBA_2045282""]","[""strict""]",https://www.ebi.ac.uk/gwas/rest/api/v2/associations/97365783,"[""https://www.ebi.ac.uk/gwas/rest/api/v2/associations?efo_id=OBA_2045282&show_child_trait=false&size=500&page=0""]",TAAR5
pigmentation,97365783,GCST90104591,35313536,"[""OBA_2045282""]","[""strict""]",https://www.ebi.ac.uk/gwas/rest/api/v2/associations/97365783,"[""https://www.ebi.ac.uk/gwas/rest/api/v2/associations?efo_id=OBA_2045282&show_child_trait=false&size=500&page=0""]",TAAR6
pigmentation,97365789,GCST90104591,35313536,"[""OBA_2045282""]","[""strict""]",https://www.ebi.ac.uk/gwas/rest/api/v2/associations/97365789,"[""https://www.ebi.ac.uk/gwas/rest/api/v2/associations?efo_id=OBA_2045282&show_child_trait=false&size=500&page=0""]",EEF1B2P6
pigmentation,97365789,GCST90104591,35313536,"[""OBA_2045282""]","[""strict""]",https://www.ebi.ac.uk/gwas/rest/api/v2/associations/97365789,"[""https://www.ebi.ac.uk/gwas/rest/api/v2/associations?efo_id=OBA_2045282&show_child_trait=false&size=500&page=0""]",NDUFB9P2
pigmentation,97365795,GCST90104591,35313536,"[""OBA_2045282""]","[""strict""]",https://www.ebi.ac.uk/gwas/rest/api/v2/associations/97365795,"[""https://www.ebi.ac.uk/gwas/rest/api/v2/associations?efo_id=OBA_2045282&show_child_trait=false&size=500&page=0""]",PVT1
