"panel","trait_group","gene_symbol","euler_region","omim_cited_ids","omim_resolved_ids","omim_gene_mim_ids","omim_condition_names","omim_source_traits","omim_source_papers","gwas_paper_count","gwas_pubmed_ids","gwas_study_count","gwas_study_ids","gwas_association_count","gwas_ontology_ids","gwas_ontology_labels","gwas_reported_traits","gwas_analysis_scopes","omim_entry_urls","gwas_paper_urls","gwas_study_urls"
"B","pigmentation","ABCB6","OMIM only","615402","615402","605452","DYSCHROMATOSIS UNIVERSALIS HEREDITARIA 3; DUH3","Mixed hypo- & hyperpigmentation disorder","D’Arcy and Kiel (2023)","","","","","","","","","","https://omim.org/entry/615402","",""
"B","pigmentation","ABCC9","OMIM only","239850","239850","601439","CANTU SYNDROME","Hyperpigmentation disorder","D’Arcy and Kiel (2023)","","","","","","","","","","https://omim.org/entry/239850","",""
"B","pigmentation","ACD","OMIM only","616553","616553","609377","DYSKERATOSIS CONGENITA, AUTOSOMAL DOMINANT 6; DKCA6","Hyperpigmentation disorder","D’Arcy and Kiel (2023)","","","","","","","","","","https://omim.org/entry/616553","",""
"B","pigmentation","ACSF3","GWAS only","","","","","","","3","30595370; 34737426; 34737440","6","GCST007082; GCST007086; GCST90041836; GCST90041837; GCST90041839; GCST90095478","15","EFO_0003924; MONDO_0005326; OBA_0002313","hair color; strand of hair color; sunburn","Hair color; Hair colour (natural, before greying): Blonde (UKB data field 1747_1); Hair colour (natural, before greying): Dark brown (UKB data field 1747_4); Hair colour (natural, before greying): Red (UKB data field 1747_2); Red vs. brown/black hair color; Sunburns","broad; strict","","https://pubmed.ncbi.nlm.nih.gov/30595370/; https://pubmed.ncbi.nlm.nih.gov/34737426/; https://pubmed.ncbi.nlm.nih.gov/34737440/","https://www.ebi.ac.uk/gwas/studies/GCST007082; https://www.ebi.ac.uk/gwas/studies/GCST007086; https://www.ebi.ac.uk/gwas/studies/GCST90041836; https://www.ebi.ac.uk/gwas/studies/GCST90041837; https://www.ebi.ac.uk/gwas/studies/GCST90041839; https://www.ebi.ac.uk/gwas/studies/GCST90095478"
"B","pigmentation","ADAM10","OMIM only","615537","615537","602192","RETICULATE ACROPIGMENTATION OF KITAMURA; RAK","Hyperpigmentation disorder","D’Arcy and Kiel (2023)","","","","","","","","","","https://omim.org/entry/615537","",""
"B","pigmentation","ADAMTS12","GWAS only","","","","","","","3","30595370; 34737426; 36672889","10","GCST007082; GCST90041838; GCST90041839; GCST90041840; GCST90255683; GCST90255686; GCST90255687; GCST90255688; GCST90255689; GCST90255690","76","EFO_0003924; MONDO_0005434; OBA_0002313; OBA_VT0002095","hair color; skin pigmentation; skin sensitivity to sun; strand of hair color","Brown vs. black hair color; Ease of skin tanning; Ease of sunburn; Hair color; Hair colour (natural, before greying): Black (UKB data field 1747_5); Hair colour (natural, before greying): Dark brown (UKB data field 1747_4); Hair colour (natural, before greying): Light brown (UKB data field 1747_3); Skin color; Skin color (Fitzpatrick scale); Skin phototype score","broad; strict","","https://pubmed.ncbi.nlm.nih.gov/30595370/; https://pubmed.ncbi.nlm.nih.gov/34737426/; https://pubmed.ncbi.nlm.nih.gov/36672889/","https://www.ebi.ac.uk/gwas/studies/GCST007082; https://www.ebi.ac.uk/gwas/studies/GCST90041838; https://www.ebi.ac.uk/gwas/studies/GCST90041839; https://www.ebi.ac.uk/gwas/studies/GCST90041840; https://www.ebi.ac.uk/gwas/studies/GCST90255683; https://www.ebi.ac.uk/gwas/studies/GCST90255686; https://www.ebi.ac.uk/gwas/studies/GCST90255687; https://www.ebi.ac.uk/gwas/studies/GCST90255688; https://www.ebi.ac.uk/gwas/studies/GCST90255689; https://www.ebi.ac.uk/gwas/studies/GCST90255690"
"B","pigmentation","ADAR","OMIM only","127400; 615010","127400; 615010","146920","AICARDI-GOUTIERES SYNDROME 6; AGS6; DYSCHROMATOSIS SYMMETRICA HEREDITARIA; DSH","Hyperpigmentation disorder; Mixed hypo- & hyperpigmentation disorder","D’Arcy and Kiel (2023)","","","","","","","","","","https://omim.org/entry/127400; https://omim.org/entry/615010","",""
"B","pigmentation","ADD3","GWAS only","","","","","","","2","30595370; 32341527","2","GCST007082; GCST010302","2","EFO_0003924; OBA_0002313","hair color; strand of hair color","Cutaneous melanoma or hair colour; Hair color","strict","","https://pubmed.ncbi.nlm.nih.gov/30595370/; https://pubmed.ncbi.nlm.nih.gov/32341527/","https://www.ebi.ac.uk/gwas/studies/GCST007082; https://www.ebi.ac.uk/gwas/studies/GCST010302"
"B","pigmentation","ADGRV1","GWAS only","","","","","","","3","30531825; 30595370; 32341527","3","GCST006988; GCST007082; GCST010302","3","EFO_0003924; OBA_0002313","hair color; strand of hair color","Blond vs. brown/black hair color; Cutaneous melanoma or hair colour; Hair color","strict","","https://pubmed.ncbi.nlm.nih.gov/30531825/; https://pubmed.ncbi.nlm.nih.gov/30595370/; https://pubmed.ncbi.nlm.nih.gov/32341527/","https://www.ebi.ac.uk/gwas/studies/GCST006988; https://www.ebi.ac.uk/gwas/studies/GCST007082; https://www.ebi.ac.uk/gwas/studies/GCST010302"
"B","pigmentation","AFG3L1P","GWAS only","","","","","","","4","26184321; 29739929; 30531825; 34737426","8","GCST003020; GCST003021; GCST003022; GCST005897; GCST006986; GCST006988; GCST90041837; GCST90041839","11","EFO_0003924; EFO_0004279; OBA_0002313","hair color; strand of hair color; suntan","Blond vs. brown/black hair color; Brown vs. non-brown hair color; Hair colour (natural, before greying): Dark brown (UKB data field 1747_4); Hair colour (natural, before greying): Red (UKB data field 1747_2); Light vs. dark hair color; Low tan response; Red vs non-red hair color; Red vs. brown/black hair color","broad; strict","","https://pubmed.ncbi.nlm.nih.gov/26184321/; https://pubmed.ncbi.nlm.nih.gov/29739929/; https://pubmed.ncbi.nlm.nih.gov/30531825/; https://pubmed.ncbi.nlm.nih.gov/34737426/","https://www.ebi.ac.uk/gwas/studies/GCST003020; https://www.ebi.ac.uk/gwas/studies/GCST003021; https://www.ebi.ac.uk/gwas/studies/GCST003022; https://www.ebi.ac.uk/gwas/studies/GCST005897; https://www.ebi.ac.uk/gwas/studies/GCST006986; https://www.ebi.ac.uk/gwas/studies/GCST006988; https://www.ebi.ac.uk/gwas/studies/GCST90041837; https://www.ebi.ac.uk/gwas/studies/GCST90041839"
"B","pigmentation","AHNAK","GWAS only","","","","","","","3","30531825; 30595370; 32341527","3","GCST006988; GCST007082; GCST010302","3","EFO_0003924; OBA_0002313","hair color; strand of hair color","Blond vs. brown/black hair color; Cutaneous melanoma or hair colour; Hair color","strict","","https://pubmed.ncbi.nlm.nih.gov/30531825/; https://pubmed.ncbi.nlm.nih.gov/30595370/; https://pubmed.ncbi.nlm.nih.gov/32341527/","https://www.ebi.ac.uk/gwas/studies/GCST006988; https://www.ebi.ac.uk/gwas/studies/GCST007082; https://www.ebi.ac.uk/gwas/studies/GCST010302"
"B","pigmentation","AKAP1","GWAS only","","","","","","","3","29895819; 30531825; 30595370","3","GCST006091; GCST006988; GCST007082","3","EFO_0003924; EFO_0003963; OBA_0002313","freckles; hair color; strand of hair color","Blond vs. brown/black hair color; Freckles; Hair color","broad; strict","","https://pubmed.ncbi.nlm.nih.gov/29895819/; https://pubmed.ncbi.nlm.nih.gov/30531825/; https://pubmed.ncbi.nlm.nih.gov/30595370/","https://www.ebi.ac.uk/gwas/studies/GCST006091; https://www.ebi.ac.uk/gwas/studies/GCST006988; https://www.ebi.ac.uk/gwas/studies/GCST007082"
"B","pigmentation","AKAP12","GWAS only","","","","","","","3","30531825; 30595370; 32341527","4","GCST006988; GCST006989; GCST007082; GCST010302","4","EFO_0003924; OBA_0002313","hair color; strand of hair color","Blond vs. brown/black hair color; Brown vs. black hair color; Cutaneous melanoma or hair colour; Hair color","strict","","https://pubmed.ncbi.nlm.nih.gov/30531825/; https://pubmed.ncbi.nlm.nih.gov/30595370/; https://pubmed.ncbi.nlm.nih.gov/32341527/","https://www.ebi.ac.uk/gwas/studies/GCST006988; https://www.ebi.ac.uk/gwas/studies/GCST006989; https://www.ebi.ac.uk/gwas/studies/GCST007082; https://www.ebi.ac.uk/gwas/studies/GCST010302"
"B","pigmentation","ALX4","GWAS only","","","","","","","2","30531825; 30595370","2","GCST006988; GCST007082","3","EFO_0003924; OBA_0002313","hair color; strand of hair color","Blond vs. brown/black hair color; Hair color","strict","","https://pubmed.ncbi.nlm.nih.gov/30531825/; https://pubmed.ncbi.nlm.nih.gov/30595370/","https://www.ebi.ac.uk/gwas/studies/GCST006988; https://www.ebi.ac.uk/gwas/studies/GCST007082"
"B","pigmentation","AMACR","GWAS only","","","","","","","2","30531825; 36672889","3","GCST006988; GCST90255688; GCST90255690","4","EFO_0003924; OBA_VT0002095","hair color; skin pigmentation","Blond vs. brown/black hair color; Skin color; Skin phototype score","strict","","https://pubmed.ncbi.nlm.nih.gov/30531825/; https://pubmed.ncbi.nlm.nih.gov/36672889/","https://www.ebi.ac.uk/gwas/studies/GCST006988; https://www.ebi.ac.uk/gwas/studies/GCST90255688; https://www.ebi.ac.uk/gwas/studies/GCST90255690"
"B","pigmentation","ANKRD11","GWAS only","","","","","","","6","29739929; 30595370; 34737426; 34737440; 36536295; 36672889","12","GCST005897; GCST007082; GCST007086; GCST90041837; GCST90095476; GCST90095478; GCST90246327; GCST90255681; GCST90255686; GCST90255687; GCST90255688; GCST90255689","35","EFO_0003924; EFO_0004279; MONDO_0005326; MONDO_0005434; OBA_0002313; OBA_VT0002095","hair color; skin pigmentation; skin sensitivity to sun; strand of hair color; sunburn; suntan","Blond vs. brown/black hair color; Ease of skin tanning; Ease of sunburn; Hair color; Hair colour (natural, before greying): Red (UKB data field 1747_2); Low tan response; Red vs non-red hair color; Red vs. brown/black hair color; Skin color (Fitzpatrick scale); Skin phototype score; Skin reflectance; Sunburns","broad; strict","","https://pubmed.ncbi.nlm.nih.gov/29739929/; https://pubmed.ncbi.nlm.nih.gov/30595370/; https://pubmed.ncbi.nlm.nih.gov/34737426/; https://pubmed.ncbi.nlm.nih.gov/34737440/; https://pubmed.ncbi.nlm.nih.gov/36536295/; https://pubmed.ncbi.nlm.nih.gov/36672889/","https://www.ebi.ac.uk/gwas/studies/GCST005897; https://www.ebi.ac.uk/gwas/studies/GCST007082; https://www.ebi.ac.uk/gwas/studies/GCST007086; https://www.ebi.ac.uk/gwas/studies/GCST90041837; https://www.ebi.ac.uk/gwas/studies/GCST90095476; https://www.ebi.ac.uk/gwas/studies/GCST90095478; https://www.ebi.ac.uk/gwas/studies/GCST90246327; https://www.ebi.ac.uk/gwas/studies/GCST90255681; https://www.ebi.ac.uk/gwas/studies/GCST90255686; https://www.ebi.ac.uk/gwas/studies/GCST90255687; https://www.ebi.ac.uk/gwas/studies/GCST90255688; https://www.ebi.ac.uk/gwas/studies/GCST90255689"
"B","pigmentation","AP3B1","OMIM only","608233","608233","603401","HERMANSKY-PUDLAK SYNDROME 2; HPS2","Hypopigmentation disorder","D’Arcy and Kiel (2023)","","","","","","","","","","https://omim.org/entry/608233","",""
"B","pigmentation","AP3D1","OMIM only","617050","617050","607246","HERMANSKY-PUDLAK SYNDROME 10; HPS10","Hypopigmentation disorder","D’Arcy and Kiel (2023)","","","","","","","","","","https://omim.org/entry/617050","",""
"B","pigmentation","APBA2","GWAS only","","","","","","","4","30595370; 31315583; 34737426; 36672889","5","GCST007082; GCST008516; GCST90041836; GCST90041839; GCST90255684","10","EFO_0003949; OBA_0002313; OBA_VT0002095","eye color; skin pigmentation; strand of hair color","Eye color; Hair color; Hair colour (natural, before greying): Blonde (UKB data field 1747_1); Hair colour (natural, before greying): Dark brown (UKB data field 1747_4); Skin pigmentation (conditioned on rs1426654 and rs35397)","strict","","https://pubmed.ncbi.nlm.nih.gov/30595370/; https://pubmed.ncbi.nlm.nih.gov/31315583/; https://pubmed.ncbi.nlm.nih.gov/34737426/; https://pubmed.ncbi.nlm.nih.gov/36672889/","https://www.ebi.ac.uk/gwas/studies/GCST007082; https://www.ebi.ac.uk/gwas/studies/GCST008516; https://www.ebi.ac.uk/gwas/studies/GCST90041836; https://www.ebi.ac.uk/gwas/studies/GCST90041839; https://www.ebi.ac.uk/gwas/studies/GCST90255684"
"B","pigmentation","APC2","OMIM only","617169","617169","612034","INTELLECTUAL DEVELOPMENTAL DISORDER, AUTOSOMAL RECESSIVE 74; MRT74","Hyperpigmentation disorder","D’Arcy and Kiel (2023)","","","","","","","","","","https://omim.org/entry/617169","",""
"B","pigmentation","AREG","GWAS only","","","","","","","2","30531825; 30595370","2","GCST006988; GCST007082","2","EFO_0003924; OBA_0002313","hair color; strand of hair color","Blond vs. brown/black hair color; Hair color","strict","","https://pubmed.ncbi.nlm.nih.gov/30531825/; https://pubmed.ncbi.nlm.nih.gov/30595370/","https://www.ebi.ac.uk/gwas/studies/GCST006988; https://www.ebi.ac.uk/gwas/studies/GCST007082"
"B","pigmentation","ARHGAP24","GWAS only","","","","","","","2","30531825; 30595370","2","GCST006988; GCST007082","3","EFO_0003924; OBA_0002313","hair color; strand of hair color","Blond vs. brown/black hair color; Hair color","strict","","https://pubmed.ncbi.nlm.nih.gov/30531825/; https://pubmed.ncbi.nlm.nih.gov/30595370/","https://www.ebi.ac.uk/gwas/studies/GCST006988; https://www.ebi.ac.uk/gwas/studies/GCST007082"
"B","pigmentation","ARID1B","GWAS only","","","","","","","2","30595370; 30895295","2","GCST007086; GCST007741","2","EFO_0009764; MONDO_0005326","eye colour measurement; sunburn","Iris color (b* coordinate); Sunburns","broad; strict","","https://pubmed.ncbi.nlm.nih.gov/30595370/; https://pubmed.ncbi.nlm.nih.gov/30895295/","https://www.ebi.ac.uk/gwas/studies/GCST007086; https://www.ebi.ac.uk/gwas/studies/GCST007741"
"B","pigmentation","ASIP","GWAS only","","","","","","","3","18488028; 23548203; 30595370","6","GCST000193; GCST000195; GCST000196; GCST000197; GCST001939; GCST007082","6","EFO_0003924; EFO_0003963; EFO_0004279; MONDO_0005326; MONDO_0005434; OBA_0002313","freckles; hair color; skin sensitivity to sun; strand of hair color; sunburn; suntan","Burning and freckling; Freckles; Hair color; Red vs. non-red hair color; Skin sensitivity to sun; Tanning","broad; strict","","https://pubmed.ncbi.nlm.nih.gov/18488028/; https://pubmed.ncbi.nlm.nih.gov/23548203/; https://pubmed.ncbi.nlm.nih.gov/30595370/","https://www.ebi.ac.uk/gwas/studies/GCST000193; https://www.ebi.ac.uk/gwas/studies/GCST000195; https://www.ebi.ac.uk/gwas/studies/GCST000196; https://www.ebi.ac.uk/gwas/studies/GCST000197; https://www.ebi.ac.uk/gwas/studies/GCST001939; https://www.ebi.ac.uk/gwas/studies/GCST007082"
"B","pigmentation","ATM","OMIM only","208900","208900","607585","ATAXIA-TELANGIECTASIA; AT","Mixed hypo- & hyperpigmentation disorder","D’Arcy and Kiel (2023)","","","","","","","","","","https://omim.org/entry/208900","",""
"B","pigmentation","ATP10A","GWAS only","","","","","","","2","30595370; 32341527","2","GCST007082; GCST010302","2","EFO_0003924; OBA_0002313","hair color; strand of hair color","Cutaneous melanoma or hair colour; Hair color","strict","","https://pubmed.ncbi.nlm.nih.gov/30595370/; https://pubmed.ncbi.nlm.nih.gov/32341527/","https://www.ebi.ac.uk/gwas/studies/GCST007082; https://www.ebi.ac.uk/gwas/studies/GCST010302"
"B","pigmentation","ATP11A","GWAS only","","","","","","","3","29739929; 30595370; 36536295","3","GCST005897; GCST007086; GCST90246327","3","EFO_0004279; MONDO_0005326; OBA_VT0002095","skin pigmentation; sunburn; suntan","Low tan response; Skin reflectance; Sunburns","broad; strict","","https://pubmed.ncbi.nlm.nih.gov/29739929/; https://pubmed.ncbi.nlm.nih.gov/30595370/; https://pubmed.ncbi.nlm.nih.gov/36536295/","https://www.ebi.ac.uk/gwas/studies/GCST005897; https://www.ebi.ac.uk/gwas/studies/GCST007086; https://www.ebi.ac.uk/gwas/studies/GCST90246327"
"B","pigmentation","ATP1B3","GWAS only","","","","","","","2","30531825; 30595370","2","GCST006988; GCST007082","2","EFO_0003924; OBA_0002313","hair color; strand of hair color","Blond vs. brown/black hair color; Hair color","strict","","https://pubmed.ncbi.nlm.nih.gov/30531825/; https://pubmed.ncbi.nlm.nih.gov/30595370/","https://www.ebi.ac.uk/gwas/studies/GCST006988; https://www.ebi.ac.uk/gwas/studies/GCST007082"
"B","pigmentation","ATP2B1-AS1","GWAS only","","","","","","","2","30595370; 34737426","2","GCST007082; GCST90041836","2","OBA_0002313","strand of hair color","Hair color; Hair colour (natural, before greying): Blonde (UKB data field 1747_1)","strict","","https://pubmed.ncbi.nlm.nih.gov/30595370/; https://pubmed.ncbi.nlm.nih.gov/34737426/","https://www.ebi.ac.uk/gwas/studies/GCST007082; https://www.ebi.ac.uk/gwas/studies/GCST90041836"
"B","pigmentation","ATP5MGP4","GWAS only","","","","","","","2","30531825; 30595370","2","GCST006988; GCST007082","2","EFO_0003924; OBA_0002313","hair color; strand of hair color","Blond vs. brown/black hair color; Hair color","strict","","https://pubmed.ncbi.nlm.nih.gov/30531825/; https://pubmed.ncbi.nlm.nih.gov/30595370/","https://www.ebi.ac.uk/gwas/studies/GCST006988; https://www.ebi.ac.uk/gwas/studies/GCST007082"
"B","pigmentation","ATP7A","OMIM only","309400","309400","300011","MENKES DISEASE; MNK","Hypopigmentation disorder","D’Arcy and Kiel (2023)","","","","","","","","","","https://omim.org/entry/309400","",""
"B","pigmentation","ATP7B","OMIM only","277900","277900","606882","WILSON DISEASE; WND","Hyperpigmentation disorder","D’Arcy and Kiel (2023)","","","","","","","","","","https://omim.org/entry/277900","",""
"B","pigmentation","ATXN7L1","GWAS only","","","","","","","2","30531825; 30595370","2","GCST006988; GCST007082","2","EFO_0003924; OBA_0002313","hair color; strand of hair color","Blond vs. brown/black hair color; Hair color","strict","","https://pubmed.ncbi.nlm.nih.gov/30531825/; https://pubmed.ncbi.nlm.nih.gov/30595370/","https://www.ebi.ac.uk/gwas/studies/GCST006988; https://www.ebi.ac.uk/gwas/studies/GCST007082"
"B","pigmentation","AURKBP1","GWAS only","","","","","","","2","30531825; 30595370","2","GCST006988; GCST007082","2","EFO_0003924; OBA_0002313","hair color; strand of hair color","Blond vs. brown/black hair color; Hair color","strict","","https://pubmed.ncbi.nlm.nih.gov/30531825/; https://pubmed.ncbi.nlm.nih.gov/30595370/","https://www.ebi.ac.uk/gwas/studies/GCST006988; https://www.ebi.ac.uk/gwas/studies/GCST007082"
"B","pigmentation","AXIN2","GWAS only","","","","","","","2","30531825; 30595370","2","GCST006988; GCST007082","2","EFO_0003924; OBA_0002313","hair color; strand of hair color","Blond vs. brown/black hair color; Hair color","strict","","https://pubmed.ncbi.nlm.nih.gov/30531825/; https://pubmed.ncbi.nlm.nih.gov/30595370/","https://www.ebi.ac.uk/gwas/studies/GCST006988; https://www.ebi.ac.uk/gwas/studies/GCST007082"
"B","pigmentation","BANP","GWAS only","","","","","","","2","34737426; 36672889","2","GCST90041837; GCST90255681","3","EFO_0003924; OBA_0002313","hair color; strand of hair color","Hair colour (natural, before greying): Red (UKB data field 1747_2); Red vs non-red hair color","strict","","https://pubmed.ncbi.nlm.nih.gov/34737426/; https://pubmed.ncbi.nlm.nih.gov/36672889/","https://www.ebi.ac.uk/gwas/studies/GCST90041837; https://www.ebi.ac.uk/gwas/studies/GCST90255681"
"B","pigmentation","BCAS1","GWAS only","","","","","","","3","29662168; 30531825; 30595370","3","GCST006075; GCST006988; GCST007082","3","EFO_0003924; OBA_0002313","hair color; strand of hair color","Blond vs. brown/black hair color; Hair color","strict","","https://pubmed.ncbi.nlm.nih.gov/29662168/; https://pubmed.ncbi.nlm.nih.gov/30531825/; https://pubmed.ncbi.nlm.nih.gov/30595370/","https://www.ebi.ac.uk/gwas/studies/GCST006075; https://www.ebi.ac.uk/gwas/studies/GCST006988; https://www.ebi.ac.uk/gwas/studies/GCST007082"
"B","pigmentation","BLM","OMIM only","210900","210900","604610","BLOOM SYNDROME; BLM","Mixed hypo- & hyperpigmentation disorder","D’Arcy and Kiel (2023)","","","","","","","","","","https://omim.org/entry/210900","",""
"B","pigmentation","BLOC1S3","OMIM only","614077","614077","609762","HERMANSKY-PUDLAK SYNDROME 8; HPS8","Hypopigmentation disorder","D’Arcy and Kiel (2023)","","","","","","","","","","https://omim.org/entry/614077","",""
"B","pigmentation","BLOC1S5","OMIM only","619172","619172","607289","HERMANSKY-PUDLAK SYNDROME 11; HPS11","Hypopigmentation disorder","D’Arcy and Kiel (2023)","","","","","","","","","","https://omim.org/entry/619172","",""
"B","pigmentation","BLOC1S6","OMIM only","614171","614171","604310","HERMANSKY-PUDLAK SYNDROME 9; HPS9","Hypopigmentation disorder","D’Arcy and Kiel (2023)","","","","","","","","","","https://omim.org/entry/614171","",""
"B","pigmentation","BMP7","GWAS only","","","","","","","3","29109912; 30531825; 30595370","3","GCST005094; GCST006988; GCST007082","3","EFO_0003924; EFO_0003949; OBA_0002313","eye color; hair color; strand of hair color","Blond vs. brown/black hair color; Hair color; Iris color (L* coordinate)","strict","","https://pubmed.ncbi.nlm.nih.gov/29109912/; https://pubmed.ncbi.nlm.nih.gov/30531825/; https://pubmed.ncbi.nlm.nih.gov/30595370/","https://www.ebi.ac.uk/gwas/studies/GCST005094; https://www.ebi.ac.uk/gwas/studies/GCST006988; https://www.ebi.ac.uk/gwas/studies/GCST007082"
"B","pigmentation","BNC1","GWAS only","","","","","","","2","30531825; 30595370","2","GCST006988; GCST007082","2","EFO_0003924; OBA_0002313","hair color; strand of hair color","Blond vs. brown/black hair color; Hair color","strict","","https://pubmed.ncbi.nlm.nih.gov/30531825/; https://pubmed.ncbi.nlm.nih.gov/30595370/","https://www.ebi.ac.uk/gwas/studies/GCST006988; https://www.ebi.ac.uk/gwas/studies/GCST007082"
"B","pigmentation","BNC2","GWAS only","","","","","","","11","20585627; 25705849; 29662168; 29739929; 29895819; 30531825; 30595370; 32835660; 34648798; 36536295; 36672889","15","GCST000708; GCST002785; GCST005897; GCST006075; GCST006091; GCST006988; GCST006989; GCST007082; GCST007086; GCST90002283; GCST90002284; GCST90020054; GCST90020056; GCST90246327; GCST90255690","19","EFO_0003924; EFO_0003963; EFO_0004279; MONDO_0005326; OBA_0002313; OBA_2045282; OBA_VT0002095","facial pigmentation; freckles; hair color; skin pigmentation; strand of hair color; sunburn; suntan","Blond vs. brown/black hair color; Brown vs. black hair color; Facial pigmentation; Facial pigmentation measurement (UV light); Facial pigmentation measurement (polar light); Facial skin colour (CIELAB index L* value); Facial skin colour (CIELAB index b* value); Freckles; Freckling; Hair color; Low tan response; Skin color; Skin reflectance; Sunburns","broad; strict","","https://pubmed.ncbi.nlm.nih.gov/20585627/; https://pubmed.ncbi.nlm.nih.gov/25705849/; https://pubmed.ncbi.nlm.nih.gov/29662168/; https://pubmed.ncbi.nlm.nih.gov/29739929/; https://pubmed.ncbi.nlm.nih.gov/29895819/; https://pubmed.ncbi.nlm.nih.gov/30531825/; https://pubmed.ncbi.nlm.nih.gov/30595370/; https://pubmed.ncbi.nlm.nih.gov/32835660/; https://pubmed.ncbi.nlm.nih.gov/34648798/; https://pubmed.ncbi.nlm.nih.gov/36536295/; https://pubmed.ncbi.nlm.nih.gov/36672889/","https://www.ebi.ac.uk/gwas/studies/GCST000708; https://www.ebi.ac.uk/gwas/studies/GCST002785; https://www.ebi.ac.uk/gwas/studies/GCST005897; https://www.ebi.ac.uk/gwas/studies/GCST006075; https://www.ebi.ac.uk/gwas/studies/GCST006091; https://www.ebi.ac.uk/gwas/studies/GCST006988; https://www.ebi.ac.uk/gwas/studies/GCST006989; https://www.ebi.ac.uk/gwas/studies/GCST007082; https://www.ebi.ac.uk/gwas/studies/GCST007086; https://www.ebi.ac.uk/gwas/studies/GCST90002283; https://www.ebi.ac.uk/gwas/studies/GCST90002284; https://www.ebi.ac.uk/gwas/studies/GCST90020054; https://www.ebi.ac.uk/gwas/studies/GCST90020056; https://www.ebi.ac.uk/gwas/studies/GCST90246327; https://www.ebi.ac.uk/gwas/studies/GCST90255690"
"B","pigmentation","BPIFA2","GWAS only","","","","","","","2","29739929; 30595370","2","GCST005897; GCST007082","2","EFO_0004279; OBA_0002313","strand of hair color; suntan","Hair color; Low tan response","broad; strict","","https://pubmed.ncbi.nlm.nih.gov/29739929/; https://pubmed.ncbi.nlm.nih.gov/30595370/","https://www.ebi.ac.uk/gwas/studies/GCST005897; https://www.ebi.ac.uk/gwas/studies/GCST007082"
"B","pigmentation","BRAF","OMIM only","613707","613707","164757","LEOPARD SYNDROME 3; LPRD3","Hyperpigmentation disorder","D’Arcy and Kiel (2023)","","","","","","","","","","https://omim.org/entry/613707","",""
"B","pigmentation","BRCA2","OMIM only","605724","605724","600185","FANCONI ANEMIA, COMPLEMENTATION GROUP D1; FANCD1","Mixed hypo- & hyperpigmentation disorder","D’Arcy and Kiel (2023)","","","","","","","","","","https://omim.org/entry/605724","",""
"B","pigmentation","BRD10","GWAS only","","","","","","","3","30531825; 30595370; 34737426","3","GCST006988; GCST007082; GCST90041836","3","EFO_0003924; OBA_0002313","hair color; strand of hair color","Blond vs. brown/black hair color; Hair color; Hair colour (natural, before greying): Blonde (UKB data field 1747_1)","strict","","https://pubmed.ncbi.nlm.nih.gov/30531825/; https://pubmed.ncbi.nlm.nih.gov/30595370/; https://pubmed.ncbi.nlm.nih.gov/34737426/","https://www.ebi.ac.uk/gwas/studies/GCST006988; https://www.ebi.ac.uk/gwas/studies/GCST007082; https://www.ebi.ac.uk/gwas/studies/GCST90041836"
"B","pigmentation","BRIP1","OMIM only","609054","609054","605882","FANCONI ANEMIA, COMPLEMENTATION GROUP J; FANCJ","Mixed hypo- & hyperpigmentation disorder","D’Arcy and Kiel (2023)","","","","","","","","","","https://omim.org/entry/609054","",""
"B","pigmentation","BTC","GWAS only","","","","","","","2","30531825; 30595370","2","GCST006988; GCST007082","2","EFO_0003924; OBA_0002313","hair color; strand of hair color","Blond vs. brown/black hair color; Hair color","strict","","https://pubmed.ncbi.nlm.nih.gov/30531825/; https://pubmed.ncbi.nlm.nih.gov/30595370/","https://www.ebi.ac.uk/gwas/studies/GCST006988; https://www.ebi.ac.uk/gwas/studies/GCST007082"
"B","pigmentation","C5orf67","GWAS only","","","","","","","3","30531825; 30595370; 32341527","4","GCST006988; GCST006989; GCST007082; GCST010302","5","EFO_0003924; OBA_0002313","hair color; strand of hair color","Blond vs. brown/black hair color; Brown vs. black hair color; Cutaneous melanoma or hair colour; Hair color","strict","","https://pubmed.ncbi.nlm.nih.gov/30531825/; https://pubmed.ncbi.nlm.nih.gov/30595370/; https://pubmed.ncbi.nlm.nih.gov/32341527/","https://www.ebi.ac.uk/gwas/studies/GCST006988; https://www.ebi.ac.uk/gwas/studies/GCST006989; https://www.ebi.ac.uk/gwas/studies/GCST007082; https://www.ebi.ac.uk/gwas/studies/GCST010302"
"B","pigmentation","CA5A","GWAS only","","","","","","","2","30595370; 34737426","2","GCST007082; GCST90041837","2","OBA_0002313","strand of hair color","Hair color; Hair colour (natural, before greying): Red (UKB data field 1747_2)","strict","","https://pubmed.ncbi.nlm.nih.gov/30595370/; https://pubmed.ncbi.nlm.nih.gov/34737426/","https://www.ebi.ac.uk/gwas/studies/GCST007082; https://www.ebi.ac.uk/gwas/studies/GCST90041837"
"B","pigmentation","CBFA2T3","GWAS only","","","","","","","4","30531825; 30595370; 34737426; 34737440","7","GCST006986; GCST007082; GCST007086; GCST90041836; GCST90041837; GCST90041839; GCST90095478","22","EFO_0003924; MONDO_0005326; OBA_0002313","hair color; strand of hair color; sunburn","Hair color; Hair colour (natural, before greying): Blonde (UKB data field 1747_1); Hair colour (natural, before greying): Dark brown (UKB data field 1747_4); Hair colour (natural, before greying): Red (UKB data field 1747_2); Red vs. brown/black hair color; Sunburns","broad; strict","","https://pubmed.ncbi.nlm.nih.gov/30531825/; https://pubmed.ncbi.nlm.nih.gov/30595370/; https://pubmed.ncbi.nlm.nih.gov/34737426/; https://pubmed.ncbi.nlm.nih.gov/34737440/","https://www.ebi.ac.uk/gwas/studies/GCST006986; https://www.ebi.ac.uk/gwas/studies/GCST007082; https://www.ebi.ac.uk/gwas/studies/GCST007086; https://www.ebi.ac.uk/gwas/studies/GCST90041836; https://www.ebi.ac.uk/gwas/studies/GCST90041837; https://www.ebi.ac.uk/gwas/studies/GCST90041839; https://www.ebi.ac.uk/gwas/studies/GCST90095478"
"B","pigmentation","CBS","OMIM only","236200","236200","613381","HOMOCYSTINURIA DUE TO CYSTATHIONINE BETA-SYNTHASE DEFICIENCY","Hypopigmentation disorder","D’Arcy and Kiel (2023)","","","","","","","","","","https://omim.org/entry/236200","",""
"B","pigmentation","CCND2-AS1","GWAS only","","","","","","","2","30531825; 30595370","3","GCST006988; GCST006989; GCST007082","3","EFO_0003924; OBA_0002313","hair color; strand of hair color","Blond vs. brown/black hair color; Brown vs. black hair color; Hair color","strict","","https://pubmed.ncbi.nlm.nih.gov/30531825/; https://pubmed.ncbi.nlm.nih.gov/30595370/","https://www.ebi.ac.uk/gwas/studies/GCST006988; https://www.ebi.ac.uk/gwas/studies/GCST006989; https://www.ebi.ac.uk/gwas/studies/GCST007082"
"B","pigmentation","CDC42BPA","GWAS only","","","","","","","2","30531825; 30595370","2","GCST006988; GCST007082","2","EFO_0003924; OBA_0002313","hair color; strand of hair color","Blond vs. brown/black hair color; Hair color","strict","","https://pubmed.ncbi.nlm.nih.gov/30531825/; https://pubmed.ncbi.nlm.nih.gov/30595370/","https://www.ebi.ac.uk/gwas/studies/GCST006988; https://www.ebi.ac.uk/gwas/studies/GCST007082"
"B","pigmentation","CDH3","OMIM only","601553","601553","114021","HYPOTRICHOSIS, CONGENITAL, WITH JUVENILE MACULAR DYSTROPHY; HJMD","Mixed hypo- & hyperpigmentation disorder","D’Arcy and Kiel (2023)","","","","","","","","","","https://omim.org/entry/601553","",""
"B","pigmentation","CDK10","GWAS only","","","","","","","4","18483556; 30531825; 34737426; 36672889","9","GCST000191; GCST006986; GCST006988; GCST006989; GCST90041837; GCST90041838; GCST90041839; GCST90041840; GCST90255681","12","EFO_0003924; OBA_0002313","hair color; strand of hair color","Black vs. red hair color; Blond vs. brown/black hair color; Brown vs. black hair color; Hair colour (natural, before greying): Black (UKB data field 1747_5); Hair colour (natural, before greying): Dark brown (UKB data field 1747_4); Hair colour (natural, before greying): Light brown (UKB data field 1747_3); Hair colour (natural, before greying): Red (UKB data field 1747_2); Red vs non-red hair color; Red vs. brown/black hair color","strict","","https://pubmed.ncbi.nlm.nih.gov/18483556/; https://pubmed.ncbi.nlm.nih.gov/30531825/; https://pubmed.ncbi.nlm.nih.gov/34737426/; https://pubmed.ncbi.nlm.nih.gov/36672889/","https://www.ebi.ac.uk/gwas/studies/GCST000191; https://www.ebi.ac.uk/gwas/studies/GCST006986; https://www.ebi.ac.uk/gwas/studies/GCST006988; https://www.ebi.ac.uk/gwas/studies/GCST006989; https://www.ebi.ac.uk/gwas/studies/GCST90041837; https://www.ebi.ac.uk/gwas/studies/GCST90041838; https://www.ebi.ac.uk/gwas/studies/GCST90041839; https://www.ebi.ac.uk/gwas/studies/GCST90041840; https://www.ebi.ac.uk/gwas/studies/GCST90255681"
"B","pigmentation","CDK14","GWAS only","","","","","","","2","30531825; 30595370","2","GCST006988; GCST007082","2","EFO_0003924; OBA_0002313","hair color; strand of hair color","Blond vs. brown/black hair color; Hair color","strict","","https://pubmed.ncbi.nlm.nih.gov/30531825/; https://pubmed.ncbi.nlm.nih.gov/30595370/","https://www.ebi.ac.uk/gwas/studies/GCST006988; https://www.ebi.ac.uk/gwas/studies/GCST007082"
"B","pigmentation","CDKAL1","GWAS only","","","","","","","2","30531825; 30595370","2","GCST006988; GCST007082","2","EFO_0003924; OBA_0002313","hair color; strand of hair color","Blond vs. brown/black hair color; Hair color","strict","","https://pubmed.ncbi.nlm.nih.gov/30531825/; https://pubmed.ncbi.nlm.nih.gov/30595370/","https://www.ebi.ac.uk/gwas/studies/GCST006988; https://www.ebi.ac.uk/gwas/studies/GCST007082"
"B","pigmentation","CDKN2A","OMIM only","155601; 155755; 606719","155601; 155755; 606719","600160","MELANOMA, CUTANEOUS MALIGNANT, SUSCEPTIBILITY TO, 2; CMM2; MELANOMA-ASTROCYTOMA SYNDROME; MELANOMA-PANCREATIC CANCER SYNDROME","Hyperpigmentation disorder","D’Arcy and Kiel (2023)","","","","","","","","","","https://omim.org/entry/155601; https://omim.org/entry/155755; https://omim.org/entry/606719","",""
"B","pigmentation","CDKN2B-AS1","GWAS only","","","","","","","3","30595370; 32341527; 32835660","4","GCST007082; GCST010302; GCST90002283; GCST90002284","4","EFO_0003924; OBA_0002313; OBA_2045282","facial pigmentation; hair color; strand of hair color","Cutaneous melanoma or hair colour; Facial pigmentation measurement (UV light); Facial pigmentation measurement (polar light); Hair color","strict","","https://pubmed.ncbi.nlm.nih.gov/30595370/; https://pubmed.ncbi.nlm.nih.gov/32341527/; https://pubmed.ncbi.nlm.nih.gov/32835660/","https://www.ebi.ac.uk/gwas/studies/GCST007082; https://www.ebi.ac.uk/gwas/studies/GCST010302; https://www.ebi.ac.uk/gwas/studies/GCST90002283; https://www.ebi.ac.uk/gwas/studies/GCST90002284"
"B","pigmentation","CFAP299","GWAS only","","","","","","","2","30531825; 30595370","2","GCST006988; GCST007082","2","EFO_0003924; OBA_0002313","hair color; strand of hair color","Blond vs. brown/black hair color; Hair color","strict","","https://pubmed.ncbi.nlm.nih.gov/30531825/; https://pubmed.ncbi.nlm.nih.gov/30595370/","https://www.ebi.ac.uk/gwas/studies/GCST006988; https://www.ebi.ac.uk/gwas/studies/GCST007082"
"B","pigmentation","CHL1","GWAS only","","","","","","","2","30531825; 30595370","2","GCST006988; GCST007082","2","EFO_0003924; OBA_0002313","hair color; strand of hair color","Blond vs. brown/black hair color; Hair color","strict","","https://pubmed.ncbi.nlm.nih.gov/30531825/; https://pubmed.ncbi.nlm.nih.gov/30595370/","https://www.ebi.ac.uk/gwas/studies/GCST006988; https://www.ebi.ac.uk/gwas/studies/GCST007082"
"B","pigmentation","CHMP1A","GWAS only","","","","","","","6","29739929; 30531825; 30595370; 34737426; 34737440; 36672889","9","GCST005897; GCST006986; GCST007086; GCST90041837; GCST90041839; GCST90095478; GCST90255681; GCST90255687; GCST90255688","12","EFO_0003924; EFO_0004279; MONDO_0005326; MONDO_0005434; OBA_0002313; OBA_VT0002095","hair color; skin pigmentation; skin sensitivity to sun; strand of hair color; sunburn; suntan","Ease of skin tanning; Hair colour (natural, before greying): Dark brown (UKB data field 1747_4); Hair colour (natural, before greying): Red (UKB data field 1747_2); Low tan response; Red vs non-red hair color; Red vs. brown/black hair color; Skin phototype score; Sunburns","broad; strict","","https://pubmed.ncbi.nlm.nih.gov/29739929/; https://pubmed.ncbi.nlm.nih.gov/30531825/; https://pubmed.ncbi.nlm.nih.gov/30595370/; https://pubmed.ncbi.nlm.nih.gov/34737426/; https://pubmed.ncbi.nlm.nih.gov/34737440/; https://pubmed.ncbi.nlm.nih.gov/36672889/","https://www.ebi.ac.uk/gwas/studies/GCST005897; https://www.ebi.ac.uk/gwas/studies/GCST006986; https://www.ebi.ac.uk/gwas/studies/GCST007086; https://www.ebi.ac.uk/gwas/studies/GCST90041837; https://www.ebi.ac.uk/gwas/studies/GCST90041839; https://www.ebi.ac.uk/gwas/studies/GCST90095478; https://www.ebi.ac.uk/gwas/studies/GCST90255681; https://www.ebi.ac.uk/gwas/studies/GCST90255687; https://www.ebi.ac.uk/gwas/studies/GCST90255688"
"B","pigmentation","CIROZ","GWAS only","","","","","","","2","30531825; 30595370","2","GCST006988; GCST007082","2","EFO_0003924; OBA_0002313","hair color; strand of hair color","Blond vs. brown/black hair color; Hair color","strict","","https://pubmed.ncbi.nlm.nih.gov/30531825/; https://pubmed.ncbi.nlm.nih.gov/30595370/","https://www.ebi.ac.uk/gwas/studies/GCST006988; https://www.ebi.ac.uk/gwas/studies/GCST007082"
"B","pigmentation","CLIC5","GWAS only","","","","","","","2","30531825; 30595370","2","GCST006988; GCST007082","2","EFO_0003924; OBA_0002313","hair color; strand of hair color","Blond vs. brown/black hair color; Hair color","strict","","https://pubmed.ncbi.nlm.nih.gov/30531825/; https://pubmed.ncbi.nlm.nih.gov/30595370/","https://www.ebi.ac.uk/gwas/studies/GCST006988; https://www.ebi.ac.uk/gwas/studies/GCST007082"
"B","pigmentation","CNTN4","GWAS only","","","","","","","2","35313536; 36672889","2","GCST90104591; GCST90255681","2","EFO_0003924; OBA_2045282","facial pigmentation; hair color","Facial skin gloss; Red vs non-red hair color","strict","","https://pubmed.ncbi.nlm.nih.gov/35313536/; https://pubmed.ncbi.nlm.nih.gov/36672889/","https://www.ebi.ac.uk/gwas/studies/GCST90104591; https://www.ebi.ac.uk/gwas/studies/GCST90255681"
"B","pigmentation","CPNE7","GWAS only","","","","","","","4","19340012; 29739929; 34737426; 36672889","4","GCST000371; GCST005897; GCST90041837; GCST90255681","5","EFO_0003924; EFO_0004279; OBA_0002313","hair color; strand of hair color; suntan","Hair colour (natural, before greying): Red (UKB data field 1747_2); Low tan response; Red vs non-red hair color; Tanning","broad; strict","","https://pubmed.ncbi.nlm.nih.gov/19340012/; https://pubmed.ncbi.nlm.nih.gov/29739929/; https://pubmed.ncbi.nlm.nih.gov/34737426/; https://pubmed.ncbi.nlm.nih.gov/36672889/","https://www.ebi.ac.uk/gwas/studies/GCST000371; https://www.ebi.ac.uk/gwas/studies/GCST005897; https://www.ebi.ac.uk/gwas/studies/GCST90041837; https://www.ebi.ac.uk/gwas/studies/GCST90255681"
"B","pigmentation","CPSF2","GWAS only","","","","","","","3","30531825; 30595370; 34737426","3","GCST006988; GCST007082; GCST90041839","3","EFO_0003924; OBA_0002313","hair color; strand of hair color","Blond vs. brown/black hair color; Hair color; Hair colour (natural, before greying): Dark brown (UKB data field 1747_4)","strict","","https://pubmed.ncbi.nlm.nih.gov/30531825/; https://pubmed.ncbi.nlm.nih.gov/30595370/; https://pubmed.ncbi.nlm.nih.gov/34737426/","https://www.ebi.ac.uk/gwas/studies/GCST006988; https://www.ebi.ac.uk/gwas/studies/GCST007082; https://www.ebi.ac.uk/gwas/studies/GCST90041839"
"B","pigmentation","CREB5","GWAS only","","","","","","","2","30531825; 30595370","2","GCST006988; GCST007082","2","EFO_0003924; OBA_0002313","hair color; strand of hair color","Blond vs. brown/black hair color; Hair color","strict","","https://pubmed.ncbi.nlm.nih.gov/30531825/; https://pubmed.ncbi.nlm.nih.gov/30595370/","https://www.ebi.ac.uk/gwas/studies/GCST006988; https://www.ebi.ac.uk/gwas/studies/GCST007082"
"B","pigmentation","CTNS","OMIM only","219800","219800","606272","CYSTINOSIS, NEPHROPATHIC; CTNS","Hypopigmentation disorder","D’Arcy and Kiel (2023)","","","","","","","","","","https://omim.org/entry/219800","",""
"B","pigmentation","CYCSP30","GWAS only","","","","","","","2","30595370; 30895295","2","GCST007082; GCST007739","2","OBA_0002313; OBA_VT0002095","skin pigmentation; strand of hair color","Hair color; Skin reflectance (Melanin index)","strict","","https://pubmed.ncbi.nlm.nih.gov/30595370/; https://pubmed.ncbi.nlm.nih.gov/30895295/","https://www.ebi.ac.uk/gwas/studies/GCST007082; https://www.ebi.ac.uk/gwas/studies/GCST007739"
"B","pigmentation","CYP11A1","OMIM only","613743","613743","118485","ADRENAL INSUFFICIENCY, CONGENITAL, WITH 46,XY SEX REVERSAL, PARTIAL OR COMPLETE","Hyperpigmentation disorder","D’Arcy and Kiel (2023)","","","","","","","","","","https://omim.org/entry/613743","",""
"B","pigmentation","CYP1B1","GWAS only","","","","","","","2","29739929; 30595370","2","GCST005897; GCST007086","2","EFO_0004279; MONDO_0005326","sunburn; suntan","Low tan response; Sunburns","broad","","https://pubmed.ncbi.nlm.nih.gov/29739929/; https://pubmed.ncbi.nlm.nih.gov/30595370/","https://www.ebi.ac.uk/gwas/studies/GCST005897; https://www.ebi.ac.uk/gwas/studies/GCST007086"
"B","pigmentation","DBNDD1","GWAS only","","","","","","","5","19340012; 29739929; 30531825; 34737426; 34737440","5","GCST000371; GCST005897; GCST006988; GCST90041837; GCST90095478","5","EFO_0003924; EFO_0004279; OBA_0002313","hair color; strand of hair color; suntan","Blond vs. brown/black hair color; Hair colour (natural, before greying): Red (UKB data field 1747_2); Low tan response; Red vs. brown/black hair color; Tanning","broad; strict","","https://pubmed.ncbi.nlm.nih.gov/19340012/; https://pubmed.ncbi.nlm.nih.gov/29739929/; https://pubmed.ncbi.nlm.nih.gov/30531825/; https://pubmed.ncbi.nlm.nih.gov/34737426/; https://pubmed.ncbi.nlm.nih.gov/34737440/","https://www.ebi.ac.uk/gwas/studies/GCST000371; https://www.ebi.ac.uk/gwas/studies/GCST005897; https://www.ebi.ac.uk/gwas/studies/GCST006988; https://www.ebi.ac.uk/gwas/studies/GCST90041837; https://www.ebi.ac.uk/gwas/studies/GCST90095478"
"B","pigmentation","DCT","GWAS only","","","","","","","4","29662168; 29739929; 30531825; 30595370","4","GCST005897; GCST006075; GCST006988; GCST007082","4","EFO_0003924; EFO_0004279; OBA_0002313","hair color; strand of hair color; suntan","Blond vs. brown/black hair color; Hair color; Low tan response","broad; strict","","https://pubmed.ncbi.nlm.nih.gov/29662168/; https://pubmed.ncbi.nlm.nih.gov/29739929/; https://pubmed.ncbi.nlm.nih.gov/30531825/; https://pubmed.ncbi.nlm.nih.gov/30595370/","https://www.ebi.ac.uk/gwas/studies/GCST005897; https://www.ebi.ac.uk/gwas/studies/GCST006075; https://www.ebi.ac.uk/gwas/studies/GCST006988; https://www.ebi.ac.uk/gwas/studies/GCST007082"
"B","pigmentation","DDB2","OMIM only","278740","278740","600811","XERODERMA PIGMENTOSUM, COMPLEMENTATION GROUP E; XPE","Mixed hypo- & hyperpigmentation disorder","D’Arcy and Kiel (2023)","","","","","","","","","","https://omim.org/entry/278740","",""
"B","pigmentation","DDHD1-DT","GWAS only","","","","","","","2","30531825; 30595370","2","GCST006988; GCST007082","2","EFO_0003924; OBA_0002313","hair color; strand of hair color","Blond vs. brown/black hair color; Hair color","strict","","https://pubmed.ncbi.nlm.nih.gov/30531825/; https://pubmed.ncbi.nlm.nih.gov/30595370/","https://www.ebi.ac.uk/gwas/studies/GCST006988; https://www.ebi.ac.uk/gwas/studies/GCST007082"
"B","pigmentation","DDIT4-AS1","GWAS only","","","","","","","2","30531825; 30595370","2","GCST006988; GCST007082","2","EFO_0003924; OBA_0002313","hair color; strand of hair color","Blond vs. brown/black hair color; Hair color","strict","","https://pubmed.ncbi.nlm.nih.gov/30531825/; https://pubmed.ncbi.nlm.nih.gov/30595370/","https://www.ebi.ac.uk/gwas/studies/GCST006988; https://www.ebi.ac.uk/gwas/studies/GCST007082"
"B","pigmentation","DDX3X","OMIM only","300958","300958","300160","INTELLECTUAL DEVELOPMENTAL DISORDER, X-LINKED, SYNDROMIC, SNIJDERS BLOK TYPE; MRXSSB","Hypopigmentation disorder","D’Arcy and Kiel (2023)","","","","","","","","","","https://omim.org/entry/300958","",""
"B","pigmentation","DEF8","GWAS only","","","","","","","8","26184321; 29739929; 30531825; 30595370; 34737426; 34737440; 36536295; 36672889","11","GCST003020; GCST003021; GCST003022; GCST005897; GCST006986; GCST006989; GCST007082; GCST90041837; GCST90095476; GCST90246327; GCST90255681","15","EFO_0003924; EFO_0004279; OBA_0002313; OBA_VT0002095","hair color; skin pigmentation; strand of hair color; suntan","Blond vs. brown/black hair color; Brown vs. black hair color; Brown vs. non-brown hair color; Hair color; Hair colour (natural, before greying): Red (UKB data field 1747_2); Light vs. dark hair color; Low tan response; Red vs non-red hair color; Red vs. brown/black hair color; Skin reflectance","broad; strict","","https://pubmed.ncbi.nlm.nih.gov/26184321/; https://pubmed.ncbi.nlm.nih.gov/29739929/; https://pubmed.ncbi.nlm.nih.gov/30531825/; https://pubmed.ncbi.nlm.nih.gov/30595370/; https://pubmed.ncbi.nlm.nih.gov/34737426/; https://pubmed.ncbi.nlm.nih.gov/34737440/; https://pubmed.ncbi.nlm.nih.gov/36536295/; https://pubmed.ncbi.nlm.nih.gov/36672889/","https://www.ebi.ac.uk/gwas/studies/GCST003020; https://www.ebi.ac.uk/gwas/studies/GCST003021; https://www.ebi.ac.uk/gwas/studies/GCST003022; https://www.ebi.ac.uk/gwas/studies/GCST005897; https://www.ebi.ac.uk/gwas/studies/GCST006986; https://www.ebi.ac.uk/gwas/studies/GCST006989; https://www.ebi.ac.uk/gwas/studies/GCST007082; https://www.ebi.ac.uk/gwas/studies/GCST90041837; https://www.ebi.ac.uk/gwas/studies/GCST90095476; https://www.ebi.ac.uk/gwas/studies/GCST90246327; https://www.ebi.ac.uk/gwas/studies/GCST90255681"
"B","pigmentation","DISC1FP1","GWAS only","","","","","","","3","29739929; 30595370; 30895295","3","GCST005897; GCST007082; GCST007739","4","EFO_0004279; OBA_0002313; OBA_VT0002095","skin pigmentation; strand of hair color; suntan","Hair color; Low tan response; Skin reflectance (Melanin index)","broad; strict","","https://pubmed.ncbi.nlm.nih.gov/29739929/; https://pubmed.ncbi.nlm.nih.gov/30595370/; https://pubmed.ncbi.nlm.nih.gov/30895295/","https://www.ebi.ac.uk/gwas/studies/GCST005897; https://www.ebi.ac.uk/gwas/studies/GCST007082; https://www.ebi.ac.uk/gwas/studies/GCST007739"
"B","pigmentation","DKC1","OMIM only","305000","305000","300126","DYSKERATOSIS CONGENITA, X-LINKED; DKCX","Hyperpigmentation disorder","D’Arcy and Kiel (2023)","","","","","","","","","","https://omim.org/entry/305000","",""
"B","pigmentation","DLGAP4","GWAS only","","","","","","","2","29739929; 30595370","2","GCST005897; GCST007082","2","EFO_0004279; OBA_0002313","strand of hair color; suntan","Hair color; Low tan response","broad; strict","","https://pubmed.ncbi.nlm.nih.gov/29739929/; https://pubmed.ncbi.nlm.nih.gov/30595370/","https://www.ebi.ac.uk/gwas/studies/GCST005897; https://www.ebi.ac.uk/gwas/studies/GCST007082"
"B","pigmentation","DNAI3","GWAS only","","","","","","","2","30531825; 30595370","2","GCST006988; GCST007082","2","EFO_0003924; OBA_0002313","hair color; strand of hair color","Blond vs. brown/black hair color; Hair color","strict","","https://pubmed.ncbi.nlm.nih.gov/30531825/; https://pubmed.ncbi.nlm.nih.gov/30595370/","https://www.ebi.ac.uk/gwas/studies/GCST006988; https://www.ebi.ac.uk/gwas/studies/GCST007082"
"B","pigmentation","DNAJB4","GWAS only","","","","","","","2","30595370; 32341527","2","GCST007082; GCST010302","2","EFO_0003924; OBA_0002313","hair color; strand of hair color","Cutaneous melanoma or hair colour; Hair color","strict","","https://pubmed.ncbi.nlm.nih.gov/30595370/; https://pubmed.ncbi.nlm.nih.gov/32341527/","https://www.ebi.ac.uk/gwas/studies/GCST007082; https://www.ebi.ac.uk/gwas/studies/GCST010302"
"B","pigmentation","DOCK8-AS1","GWAS only","","","","","","","3","30531825; 30595370; 32341527","4","GCST006988; GCST006989; GCST007082; GCST010302","4","EFO_0003924; OBA_0002313","hair color; strand of hair color","Blond vs. brown/black hair color; Brown vs. black hair color; Cutaneous melanoma or hair colour; Hair color","strict","","https://pubmed.ncbi.nlm.nih.gov/30531825/; https://pubmed.ncbi.nlm.nih.gov/30595370/; https://pubmed.ncbi.nlm.nih.gov/32341527/","https://www.ebi.ac.uk/gwas/studies/GCST006988; https://www.ebi.ac.uk/gwas/studies/GCST006989; https://www.ebi.ac.uk/gwas/studies/GCST007082; https://www.ebi.ac.uk/gwas/studies/GCST010302"
"B","pigmentation","DPEP1","GWAS only","","","","","","","4","19340012; 30595370; 34737426; 36672889","7","GCST000371; GCST007082; GCST90041837; GCST90255681; GCST90255687; GCST90255688; GCST90255689","13","EFO_0003924; EFO_0004279; MONDO_0005434; OBA_0002313; OBA_VT0002095","hair color; skin pigmentation; skin sensitivity to sun; strand of hair color; suntan","Ease of skin tanning; Hair color; Hair colour (natural, before greying): Red (UKB data field 1747_2); Red vs non-red hair color; Skin color (Fitzpatrick scale); Skin phototype score; Tanning","broad; strict","","https://pubmed.ncbi.nlm.nih.gov/19340012/; https://pubmed.ncbi.nlm.nih.gov/30595370/; https://pubmed.ncbi.nlm.nih.gov/34737426/; https://pubmed.ncbi.nlm.nih.gov/36672889/","https://www.ebi.ac.uk/gwas/studies/GCST000371; https://www.ebi.ac.uk/gwas/studies/GCST007082; https://www.ebi.ac.uk/gwas/studies/GCST90041837; https://www.ebi.ac.uk/gwas/studies/GCST90255681; https://www.ebi.ac.uk/gwas/studies/GCST90255687; https://www.ebi.ac.uk/gwas/studies/GCST90255688; https://www.ebi.ac.uk/gwas/studies/GCST90255689"
"B","pigmentation","DSTYK","Shared","270750","270750","612666","SPASTIC PARAPLEGIA 23, AUTOSOMAL RECESSIVE; SPG23","Mixed hypo- & hyperpigmentation disorder","D’Arcy and Kiel (2023)","5","29662168; 30531825; 30595370; 30664655; 32341527","6","GCST006075; GCST006988; GCST007082; GCST007455; GCST007457; GCST010302","6","EFO_0003924; EFO_0009764; OBA_0002313","eye colour measurement; hair color; strand of hair color","Blond vs. brown/black hair color; Cutaneous melanoma or hair colour; Eye color (brightness); Eye color (saturation); Hair color","strict","https://omim.org/entry/270750","https://pubmed.ncbi.nlm.nih.gov/29662168/; https://pubmed.ncbi.nlm.nih.gov/30531825/; https://pubmed.ncbi.nlm.nih.gov/30595370/; https://pubmed.ncbi.nlm.nih.gov/30664655/; https://pubmed.ncbi.nlm.nih.gov/32341527/","https://www.ebi.ac.uk/gwas/studies/GCST006075; https://www.ebi.ac.uk/gwas/studies/GCST006988; https://www.ebi.ac.uk/gwas/studies/GCST007082; https://www.ebi.ac.uk/gwas/studies/GCST007455; https://www.ebi.ac.uk/gwas/studies/GCST007457; https://www.ebi.ac.uk/gwas/studies/GCST010302"
"B","pigmentation","DTNBP1","OMIM only","614076","614076","607145","HERMANSKY-PUDLAK SYNDROME 7; HPS7","Hypopigmentation disorder","D’Arcy and Kiel (2023)","","","","","","","","","","https://omim.org/entry/614076","",""
"B","pigmentation","DUSP22","GWAS only","","","","","","","4","29739929; 30531825; 30595370; 36672889","6","GCST005897; GCST006988; GCST006989; GCST007082; GCST007086; GCST90255687","9","EFO_0003924; EFO_0004279; MONDO_0005326; MONDO_0005434; OBA_0002313","hair color; skin sensitivity to sun; strand of hair color; sunburn; suntan","Blond vs. brown/black hair color; Brown vs. black hair color; Ease of skin tanning; Hair color; Low tan response; Sunburns","broad; strict","","https://pubmed.ncbi.nlm.nih.gov/29739929/; https://pubmed.ncbi.nlm.nih.gov/30531825/; https://pubmed.ncbi.nlm.nih.gov/30595370/; https://pubmed.ncbi.nlm.nih.gov/36672889/","https://www.ebi.ac.uk/gwas/studies/GCST005897; https://www.ebi.ac.uk/gwas/studies/GCST006988; https://www.ebi.ac.uk/gwas/studies/GCST006989; https://www.ebi.ac.uk/gwas/studies/GCST007082; https://www.ebi.ac.uk/gwas/studies/GCST007086; https://www.ebi.ac.uk/gwas/studies/GCST90255687"
"B","pigmentation","DUT","GWAS only","","","","","","","2","30895295; 42586059","4","GCST007739; GCST90854270; GCST90854271; GCST90854272","8","OBA_VT0002095","skin pigmentation","Skin color in blue band; Skin color in green band; Skin color in red band; Skin reflectance (Melanin index)","strict","","https://pubmed.ncbi.nlm.nih.gov/30895295/; https://pubmed.ncbi.nlm.nih.gov/42586059/","https://www.ebi.ac.uk/gwas/studies/GCST007739; https://www.ebi.ac.uk/gwas/studies/GCST90854270; https://www.ebi.ac.uk/gwas/studies/GCST90854271; https://www.ebi.ac.uk/gwas/studies/GCST90854272"
"B","pigmentation","EDN3","Shared","613265","613265","131242","WAARDENBURG SYNDROME, TYPE 4B; WS4B","Hypopigmentation disorder","D’Arcy and Kiel (2023)","2","30531825; 30595370","2","GCST006988; GCST007082","2","EFO_0003924; OBA_0002313","hair color; strand of hair color","Blond vs. brown/black hair color; Hair color","strict","https://omim.org/entry/613265","https://pubmed.ncbi.nlm.nih.gov/30531825/; https://pubmed.ncbi.nlm.nih.gov/30595370/","https://www.ebi.ac.uk/gwas/studies/GCST006988; https://www.ebi.ac.uk/gwas/studies/GCST007082"
"B","pigmentation","EDNRB","OMIM only","277580; 600155; 600501","277580; 600155; 600501","131244","ABCD SYNDROME; ABCDS; HIRSCHSPRUNG DISEASE, SUSCEPTIBILITY TO, 2; HSCR2; WAARDENBURG SYNDROME, TYPE 4A; WS4A","Hair color; Hair color; Hypopigmentation disorder","D’Arcy and Kiel (2023); Needle et al. (2025); Needle et al. (2025)","","","","","","","","","","https://omim.org/entry/277580; https://omim.org/entry/600155; https://omim.org/entry/600501","",""
"B","pigmentation","EDNRB-AS1","GWAS only","","","","","","","4","23548203; 29662168; 30531825; 30595370","5","GCST001932; GCST006075; GCST006988; GCST006989; GCST007082","5","EFO_0003924; OBA_0002313","hair color; strand of hair color","Blond vs. brown/black hair color; Brown vs. black hair color; Hair color","strict","","https://pubmed.ncbi.nlm.nih.gov/23548203/; https://pubmed.ncbi.nlm.nih.gov/29662168/; https://pubmed.ncbi.nlm.nih.gov/30531825/; https://pubmed.ncbi.nlm.nih.gov/30595370/","https://www.ebi.ac.uk/gwas/studies/GCST001932; https://www.ebi.ac.uk/gwas/studies/GCST006075; https://www.ebi.ac.uk/gwas/studies/GCST006988; https://www.ebi.ac.uk/gwas/studies/GCST006989; https://www.ebi.ac.uk/gwas/studies/GCST007082"
"B","pigmentation","EGR3-AS1","GWAS only","","","","","","","2","30531825; 30595370","2","GCST006988; GCST007082","2","EFO_0003924; OBA_0002313","hair color; strand of hair color","Blond vs. brown/black hair color; Hair color","strict","","https://pubmed.ncbi.nlm.nih.gov/30531825/; https://pubmed.ncbi.nlm.nih.gov/30595370/","https://www.ebi.ac.uk/gwas/studies/GCST006988; https://www.ebi.ac.uk/gwas/studies/GCST007082"
"B","pigmentation","EIF6","GWAS only","","","","","","","2","20585627; 30595370","2","GCST000708; GCST007086","2","EFO_0003963; MONDO_0005326","freckles; sunburn","Freckling; Sunburns","broad","","https://pubmed.ncbi.nlm.nih.gov/20585627/; https://pubmed.ncbi.nlm.nih.gov/30595370/","https://www.ebi.ac.uk/gwas/studies/GCST000708; https://www.ebi.ac.uk/gwas/studies/GCST007086"
"B","pigmentation","ENPP1","OMIM only","615522","615522","173335","COLE DISEASE; COLED","Hypopigmentation disorder","D’Arcy and Kiel (2023)","","","","","","","","","","https://omim.org/entry/615522","",""
"B","pigmentation","ENTREP2","GWAS only","","","","","","","2","30595370; 31315583","2","GCST007082; GCST008516","2","OBA_0002313; OBA_VT0002095","skin pigmentation; strand of hair color","Hair color; Skin pigmentation (conditioned on rs1426654 and rs35397)","strict","","https://pubmed.ncbi.nlm.nih.gov/30595370/; https://pubmed.ncbi.nlm.nih.gov/31315583/","https://www.ebi.ac.uk/gwas/studies/GCST007082; https://www.ebi.ac.uk/gwas/studies/GCST008516"
"B","pigmentation","EPG5","OMIM only","242840","242840","615068","VICI SYNDROME; VICIS","Hypopigmentation disorder","D’Arcy and Kiel (2023)","","","","","","","","","","https://omim.org/entry/242840","",""
"B","pigmentation","EPHA4","GWAS only","","","","","","","3","29662168; 30531825; 30595370","4","GCST006075; GCST006988; GCST006989; GCST007082","12","EFO_0003924; OBA_0002313","hair color; strand of hair color","Blond vs. brown/black hair color; Brown vs. black hair color; Hair color","strict","","https://pubmed.ncbi.nlm.nih.gov/29662168/; https://pubmed.ncbi.nlm.nih.gov/30531825/; https://pubmed.ncbi.nlm.nih.gov/30595370/","https://www.ebi.ac.uk/gwas/studies/GCST006075; https://www.ebi.ac.uk/gwas/studies/GCST006988; https://www.ebi.ac.uk/gwas/studies/GCST006989; https://www.ebi.ac.uk/gwas/studies/GCST007082"
"B","pigmentation","ERCC2","OMIM only","278730","278730","126340","XERODERMA PIGMENTOSUM, COMPLEMENTATION GROUP D; XPD","Mixed hypo- & hyperpigmentation disorder","D’Arcy and Kiel (2023)","","","","","","","","","","https://omim.org/entry/278730","",""
"B","pigmentation","ERCC3","OMIM only","610651","610651","133510","XERODERMA PIGMENTOSUM, COMPLEMENTATION GROUP B; XPB","Mixed hypo- & hyperpigmentation disorder","D’Arcy and Kiel (2023)","","","","","","","","","","https://omim.org/entry/610651","",""
"B","pigmentation","ERCC4","OMIM only","278760","278760","133520","XERODERMA PIGMENTOSUM, COMPLEMENTATION GROUP F; XPF","Hyperpigmentation disorder","D’Arcy and Kiel (2023)","","","","","","","","","","https://omim.org/entry/278760","",""
"B","pigmentation","ERCC5","OMIM only","278780","278780","133530","XERODERMA PIGMENTOSUM, COMPLEMENTATION GROUP G; XPG","Mixed hypo- & hyperpigmentation disorder","D’Arcy and Kiel (2023)","","","","","","","","","","https://omim.org/entry/278780","",""
"B","pigmentation","ERCC6","OMIM only","600630","600630","609413","UV-SENSITIVE SYNDROME 1; UVSS1","Mixed hypo- & hyperpigmentation disorder","D’Arcy and Kiel (2023)","","","","","","","","","","https://omim.org/entry/600630","",""
"B","pigmentation","ERRFI1-DT","GWAS only","","","","","","","3","29662168; 30531825; 30595370","4","GCST006075; GCST006988; GCST006989; GCST007082","4","EFO_0003924; OBA_0002313","hair color; strand of hair color","Blond vs. brown/black hair color; Brown vs. black hair color; Hair color","strict","","https://pubmed.ncbi.nlm.nih.gov/29662168/; https://pubmed.ncbi.nlm.nih.gov/30531825/; https://pubmed.ncbi.nlm.nih.gov/30595370/","https://www.ebi.ac.uk/gwas/studies/GCST006075; https://www.ebi.ac.uk/gwas/studies/GCST006988; https://www.ebi.ac.uk/gwas/studies/GCST006989; https://www.ebi.ac.uk/gwas/studies/GCST007082"
"B","pigmentation","ESCO2","OMIM only","268300","268300","609353","ROBERTS-SC PHOCOMELIA SYNDROME; RBS","Hypopigmentation disorder","D’Arcy and Kiel (2023)","","","","","","","","","","https://omim.org/entry/268300","",""
"B","pigmentation","ETV1","GWAS only","","","","","","","2","30531825; 30595370","2","GCST006988; GCST007082","2","EFO_0003924; OBA_0002313","hair color; strand of hair color","Blond vs. brown/black hair color; Hair color","strict","","https://pubmed.ncbi.nlm.nih.gov/30531825/; https://pubmed.ncbi.nlm.nih.gov/30595370/","https://www.ebi.ac.uk/gwas/studies/GCST006988; https://www.ebi.ac.uk/gwas/studies/GCST007082"
"B","pigmentation","EXOC2","GWAS only","","","","","","","10","17952075; 18483556; 19340012; 26184321; 29739929; 30531825; 30595370; 34737426; 34737440; 36672889","19","GCST000119; GCST000190; GCST000191; GCST000371; GCST003021; GCST003022; GCST003023; GCST005897; GCST006988; GCST006989; GCST007082; GCST007086; GCST90041836; GCST90041838; GCST90041839; GCST90041840; GCST90095476; GCST90255683; GCST90255685","57","EFO_0003924; EFO_0003963; EFO_0004279; MONDO_0005326; OBA_0002313","freckles; hair color; strand of hair color; sunburn; suntan","Black vs. blond hair color; Black vs. red hair color; Blond vs non-blond hair color; Blond vs. brown/black hair color; Brown vs. black hair color; Brown vs. non-brown hair color; Freckles; Hair color; Hair colour (natural, before greying): Black (UKB data field 1747_5); Hair colour (natural, before greying): Blonde (UKB data field 1747_1); Hair colour (natural, before greying): Dark brown (UKB data field 1747_4); Hair colour (natural, before greying): Light brown (UKB data field 1747_3); Light vs. dark hair color; Low tan response; Sunburns; Tanning","broad; strict","","https://pubmed.ncbi.nlm.nih.gov/17952075/; https://pubmed.ncbi.nlm.nih.gov/18483556/; https://pubmed.ncbi.nlm.nih.gov/19340012/; https://pubmed.ncbi.nlm.nih.gov/26184321/; https://pubmed.ncbi.nlm.nih.gov/29739929/; https://pubmed.ncbi.nlm.nih.gov/30531825/; https://pubmed.ncbi.nlm.nih.gov/30595370/; https://pubmed.ncbi.nlm.nih.gov/34737426/; https://pubmed.ncbi.nlm.nih.gov/34737440/; https://pubmed.ncbi.nlm.nih.gov/36672889/","https://www.ebi.ac.uk/gwas/studies/GCST000119; https://www.ebi.ac.uk/gwas/studies/GCST000190; https://www.ebi.ac.uk/gwas/studies/GCST000191; https://www.ebi.ac.uk/gwas/studies/GCST000371; https://www.ebi.ac.uk/gwas/studies/GCST003021; https://www.ebi.ac.uk/gwas/studies/GCST003022; https://www.ebi.ac.uk/gwas/studies/GCST003023; https://www.ebi.ac.uk/gwas/studies/GCST005897; https://www.ebi.ac.uk/gwas/studies/GCST006988; https://www.ebi.ac.uk/gwas/studies/GCST006989; https://www.ebi.ac.uk/gwas/studies/GCST007082; https://www.ebi.ac.uk/gwas/studies/GCST007086; https://www.ebi.ac.uk/gwas/studies/GCST90041836; https://www.ebi.ac.uk/gwas/studies/GCST90041838; https://www.ebi.ac.uk/gwas/studies/GCST90041839; https://www.ebi.ac.uk/gwas/studies/GCST90041840; https://www.ebi.ac.uk/gwas/studies/GCST90095476; https://www.ebi.ac.uk/gwas/studies/GCST90255683; https://www.ebi.ac.uk/gwas/studies/GCST90255685"
"B","pigmentation","EXOC7P1","GWAS only","","","","","","","2","30531825; 30595370","2","GCST006988; GCST007082","2","EFO_0003924; OBA_0002313","hair color; strand of hair color","Blond vs. brown/black hair color; Hair color","strict","","https://pubmed.ncbi.nlm.nih.gov/30531825/; https://pubmed.ncbi.nlm.nih.gov/30595370/","https://www.ebi.ac.uk/gwas/studies/GCST006988; https://www.ebi.ac.uk/gwas/studies/GCST007082"
"B","pigmentation","EYS","GWAS only","","","","","","","2","29109912; 38728357","2","GCST005093; GCST90939791","2","EFO_0003949; EFO_0009764","eye color; eye colour measurement","Iris color (a* coordinate); Retina colour","strict","","https://pubmed.ncbi.nlm.nih.gov/29109912/; https://pubmed.ncbi.nlm.nih.gov/38728357/","https://www.ebi.ac.uk/gwas/studies/GCST005093; https://www.ebi.ac.uk/gwas/studies/GCST90939791"
"B","pigmentation","EZR","GWAS only","","","","","","","3","29662168; 30531825; 30595370","3","GCST006075; GCST006988; GCST007082","3","EFO_0003924; OBA_0002313","hair color; strand of hair color","Blond vs. brown/black hair color; Hair color","strict","","https://pubmed.ncbi.nlm.nih.gov/29662168/; https://pubmed.ncbi.nlm.nih.gov/30531825/; https://pubmed.ncbi.nlm.nih.gov/30595370/","https://www.ebi.ac.uk/gwas/studies/GCST006075; https://www.ebi.ac.uk/gwas/studies/GCST006988; https://www.ebi.ac.uk/gwas/studies/GCST007082"
"B","pigmentation","FAM13A","GWAS only","","","","","","","2","26926045; 30595370","2","GCST003478; GCST007086","2","MONDO_0005326; OBA_0002313","strand of hair color; sunburn","Hair greying; Sunburns","broad; strict","","https://pubmed.ncbi.nlm.nih.gov/26926045/; https://pubmed.ncbi.nlm.nih.gov/30595370/","https://www.ebi.ac.uk/gwas/studies/GCST003478; https://www.ebi.ac.uk/gwas/studies/GCST007086"
"B","pigmentation","FANCA","Shared","227650","227650","607139","FANCONI ANEMIA, COMPLEMENTATION GROUP A; FANCA","Mixed hypo- & hyperpigmentation disorder","D’Arcy and Kiel (2023)","9","20585627; 25963972; 29739929; 30166351; 30531825; 30595370; 34737426; 34737440; 36672889","16","GCST000707; GCST000708; GCST002908; GCST005897; GCST006986; GCST007082; GCST007086; GCST007486; GCST90041837; GCST90041839; GCST90095476; GCST90095478; GCST90255681; GCST90255688; GCST90255689; GCST90255690","35","EFO_0003924; EFO_0003963; EFO_0004279; MONDO_0005326; MONDO_0005434; OBA_0002313; OBA_VT0002095","freckles; hair color; skin pigmentation; skin sensitivity to sun; strand of hair color; sunburn; suntan","Blond vs. brown/black hair color; Freckling; Hair color; Hair colour (natural, before greying): Dark brown (UKB data field 1747_4); Hair colour (natural, before greying): Red (UKB data field 1747_2); Hair morphology traits; Low tan response; Red vs non-red hair color; Red vs. brown/black hair color; Skin color; Skin color (Fitzpatrick scale); Skin phototype score; Skin sensitivity to sun; Sunburns","broad; strict","https://omim.org/entry/227650","https://pubmed.ncbi.nlm.nih.gov/20585627/; https://pubmed.ncbi.nlm.nih.gov/25963972/; https://pubmed.ncbi.nlm.nih.gov/29739929/; https://pubmed.ncbi.nlm.nih.gov/30166351/; https://pubmed.ncbi.nlm.nih.gov/30531825/; https://pubmed.ncbi.nlm.nih.gov/30595370/; https://pubmed.ncbi.nlm.nih.gov/34737426/; https://pubmed.ncbi.nlm.nih.gov/34737440/; https://pubmed.ncbi.nlm.nih.gov/36672889/","https://www.ebi.ac.uk/gwas/studies/GCST000707; https://www.ebi.ac.uk/gwas/studies/GCST000708; https://www.ebi.ac.uk/gwas/studies/GCST002908; https://www.ebi.ac.uk/gwas/studies/GCST005897; https://www.ebi.ac.uk/gwas/studies/GCST006986; https://www.ebi.ac.uk/gwas/studies/GCST007082; https://www.ebi.ac.uk/gwas/studies/GCST007086; https://www.ebi.ac.uk/gwas/studies/GCST007486; https://www.ebi.ac.uk/gwas/studies/GCST90041837; https://www.ebi.ac.uk/gwas/studies/GCST90041839; https://www.ebi.ac.uk/gwas/studies/GCST90095476; https://www.ebi.ac.uk/gwas/studies/GCST90095478; https://www.ebi.ac.uk/gwas/studies/GCST90255681; https://www.ebi.ac.uk/gwas/studies/GCST90255688; https://www.ebi.ac.uk/gwas/studies/GCST90255689; https://www.ebi.ac.uk/gwas/studies/GCST90255690"
"B","pigmentation","FANCC","OMIM only","227645","227645","613899","FANCONI ANEMIA, COMPLEMENTATION GROUP C; FANCC","Mixed hypo- & hyperpigmentation disorder","D’Arcy and Kiel (2023)","","","","","","","","","","https://omim.org/entry/227645","",""
"B","pigmentation","FANCD2","OMIM only","227646","227646","613984","FANCONI ANEMIA, COMPLEMENTATION GROUP D2; FANCD2","Mixed hypo- & hyperpigmentation disorder","D’Arcy and Kiel (2023)","","","","","","","","","","https://omim.org/entry/227646","",""
"B","pigmentation","FANCE","OMIM only","600901","600901","613976","FANCONI ANEMIA, COMPLEMENTATION GROUP E; FANCE","Mixed hypo- & hyperpigmentation disorder","D’Arcy and Kiel (2023)","","","","","","","","","","https://omim.org/entry/600901","",""
"B","pigmentation","FANCI","OMIM only","609053","609053","611360","FANCONI ANEMIA, COMPLEMENTATION GROUP I; FANCI","Mixed hypo- & hyperpigmentation disorder","D’Arcy and Kiel (2023)","","","","","","","","","","https://omim.org/entry/609053","",""
"B","pigmentation","FBN1","GWAS only","","","","","","","2","30895295; 42586059","4","GCST007739; GCST90854270; GCST90854271; GCST90854272","9","OBA_VT0002095","skin pigmentation","Skin color in blue band; Skin color in green band; Skin color in red band; Skin reflectance (Melanin index)","strict","","https://pubmed.ncbi.nlm.nih.gov/30895295/; https://pubmed.ncbi.nlm.nih.gov/42586059/","https://www.ebi.ac.uk/gwas/studies/GCST007739; https://www.ebi.ac.uk/gwas/studies/GCST90854270; https://www.ebi.ac.uk/gwas/studies/GCST90854271; https://www.ebi.ac.uk/gwas/studies/GCST90854272"
"B","pigmentation","FGF5","GWAS only","","","","","","","2","30531825; 30595370","2","GCST006988; GCST007082","2","EFO_0003924; OBA_0002313","hair color; strand of hair color","Blond vs. brown/black hair color; Hair color","strict","","https://pubmed.ncbi.nlm.nih.gov/30531825/; https://pubmed.ncbi.nlm.nih.gov/30595370/","https://www.ebi.ac.uk/gwas/studies/GCST006988; https://www.ebi.ac.uk/gwas/studies/GCST007082"
"B","pigmentation","FGFR3","OMIM only","612247","612247","134934","CROUZON SYNDROME WITH ACANTHOSIS NIGRICANS; CAN","Mixed hypo- & hyperpigmentation disorder","D’Arcy and Kiel (2023)","","","","","","","","","","https://omim.org/entry/612247","",""
"B","pigmentation","FIG4","OMIM only","611228","611228","609390","CHARCOT-MARIE-TOOTH DISEASE, DEMYELINATING, TYPE 4J; CMT4J","Hypopigmentation disorder","D’Arcy and Kiel (2023)","","","","","","","","","","https://omim.org/entry/611228","",""
"B","pigmentation","FLNA","OMIM only","300244","300244","300017","TERMINAL OSSEOUS DYSPLASIA; TOD","Hyperpigmentation disorder","D’Arcy and Kiel (2023)","","","","","","","","","","https://omim.org/entry/300244","",""
"B","pigmentation","FMN2","GWAS only","","","","","","","2","30531825; 30595370","2","GCST006988; GCST007082","2","EFO_0003924; OBA_0002313","hair color; strand of hair color","Blond vs. brown/black hair color; Hair color","strict","","https://pubmed.ncbi.nlm.nih.gov/30531825/; https://pubmed.ncbi.nlm.nih.gov/30595370/","https://www.ebi.ac.uk/gwas/studies/GCST006988; https://www.ebi.ac.uk/gwas/studies/GCST007082"
"B","pigmentation","FMR1","OMIM only","300624","300624","309550","FRAGILE X SYNDROME; FXS","Hyperpigmentation disorder","D’Arcy and Kiel (2023)","","","","","","","","","","https://omim.org/entry/300624","",""
"B","pigmentation","FOSL2-AS1","GWAS only","","","","","","","2","30531825; 30595370","2","GCST006988; GCST007082","3","EFO_0003924; OBA_0002313","hair color; strand of hair color","Blond vs. brown/black hair color; Hair color","strict","","https://pubmed.ncbi.nlm.nih.gov/30531825/; https://pubmed.ncbi.nlm.nih.gov/30595370/","https://www.ebi.ac.uk/gwas/studies/GCST006988; https://www.ebi.ac.uk/gwas/studies/GCST007082"
"B","pigmentation","FRAS1","Shared","219000","219000","607830","FRASER SYNDROME 1; FRASRS1","Hair color; Hypopigmentation disorder","D’Arcy and Kiel (2023); Needle et al. (2025)","2","30531825; 30595370","2","GCST006988; GCST007082","2","EFO_0003924; OBA_0002313","hair color; strand of hair color","Blond vs. brown/black hair color; Hair color","strict","https://omim.org/entry/219000","https://pubmed.ncbi.nlm.nih.gov/30531825/; https://pubmed.ncbi.nlm.nih.gov/30595370/","https://www.ebi.ac.uk/gwas/studies/GCST006988; https://www.ebi.ac.uk/gwas/studies/GCST007082"
"B","pigmentation","FREM2","Shared","617666","617666","608945","FRASER SYNDROME 2; FRASRS2","Hypopigmentation disorder","D’Arcy and Kiel (2023)","2","30531825; 30595370","2","GCST006988; GCST007082","2","EFO_0003924; OBA_0002313","hair color; strand of hair color","Blond vs. brown/black hair color; Hair color","strict","https://omim.org/entry/617666","https://pubmed.ncbi.nlm.nih.gov/30531825/; https://pubmed.ncbi.nlm.nih.gov/30595370/","https://www.ebi.ac.uk/gwas/studies/GCST006988; https://www.ebi.ac.uk/gwas/studies/GCST007082"
"B","pigmentation","FTO","GWAS only","","","","","","","3","30531825; 30595370; 32341527","3","GCST006986; GCST007082; GCST010302","3","EFO_0003924; OBA_0002313","hair color; strand of hair color","Cutaneous melanoma or hair colour; Hair color; Red vs. brown/black hair color","strict","","https://pubmed.ncbi.nlm.nih.gov/30531825/; https://pubmed.ncbi.nlm.nih.gov/30595370/; https://pubmed.ncbi.nlm.nih.gov/32341527/","https://www.ebi.ac.uk/gwas/studies/GCST006986; https://www.ebi.ac.uk/gwas/studies/GCST007082; https://www.ebi.ac.uk/gwas/studies/GCST010302"
"B","pigmentation","FZD1","GWAS only","","","","","","","2","30531825; 30595370","2","GCST006988; GCST007082","3","EFO_0003924; OBA_0002313","hair color; strand of hair color","Blond vs. brown/black hair color; Hair color","strict","","https://pubmed.ncbi.nlm.nih.gov/30531825/; https://pubmed.ncbi.nlm.nih.gov/30595370/","https://www.ebi.ac.uk/gwas/studies/GCST006988; https://www.ebi.ac.uk/gwas/studies/GCST007082"
"B","pigmentation","FZD7","GWAS only","","","","","","","2","30531825; 30595370","2","GCST006988; GCST007082","2","EFO_0003924; OBA_0002313","hair color; strand of hair color","Blond vs. brown/black hair color; Hair color","strict","","https://pubmed.ncbi.nlm.nih.gov/30531825/; https://pubmed.ncbi.nlm.nih.gov/30595370/","https://www.ebi.ac.uk/gwas/studies/GCST006988; https://www.ebi.ac.uk/gwas/studies/GCST007082"
"B","pigmentation","GAB2","GWAS only","","","","","","","3","29662168; 30531825; 30595370","4","GCST006075; GCST006988; GCST006989; GCST007082","4","EFO_0003924; OBA_0002313","hair color; strand of hair color","Blond vs. brown/black hair color; Brown vs. black hair color; Hair color","strict","","https://pubmed.ncbi.nlm.nih.gov/29662168/; https://pubmed.ncbi.nlm.nih.gov/30531825/; https://pubmed.ncbi.nlm.nih.gov/30595370/","https://www.ebi.ac.uk/gwas/studies/GCST006075; https://www.ebi.ac.uk/gwas/studies/GCST006988; https://www.ebi.ac.uk/gwas/studies/GCST006989; https://www.ebi.ac.uk/gwas/studies/GCST007082"
"B","pigmentation","GABRG3","GWAS only","","","","","","","4","30531825; 30595370; 31315583; 34737426","6","GCST006988; GCST007082; GCST008516; GCST90041836; GCST90041838; GCST90041839","16","EFO_0003924; OBA_0002313; OBA_VT0002095","hair color; skin pigmentation; strand of hair color","Blond vs. brown/black hair color; Hair color; Hair colour (natural, before greying): Blonde (UKB data field 1747_1); Hair colour (natural, before greying): Dark brown (UKB data field 1747_4); Hair colour (natural, before greying): Light brown (UKB data field 1747_3); Skin pigmentation (conditioned on rs1426654 and rs35397)","strict","","https://pubmed.ncbi.nlm.nih.gov/30531825/; https://pubmed.ncbi.nlm.nih.gov/30595370/; https://pubmed.ncbi.nlm.nih.gov/31315583/; https://pubmed.ncbi.nlm.nih.gov/34737426/","https://www.ebi.ac.uk/gwas/studies/GCST006988; https://www.ebi.ac.uk/gwas/studies/GCST007082; https://www.ebi.ac.uk/gwas/studies/GCST008516; https://www.ebi.ac.uk/gwas/studies/GCST90041836; https://www.ebi.ac.uk/gwas/studies/GCST90041838; https://www.ebi.ac.uk/gwas/studies/GCST90041839"
"B","pigmentation","GALNS","GWAS only","","","","","","","2","30595370; 34737426","3","GCST007082; GCST007086; GCST90041837","5","MONDO_0005326; OBA_0002313","strand of hair color; sunburn","Hair color; Hair colour (natural, before greying): Red (UKB data field 1747_2); Sunburns","broad; strict","","https://pubmed.ncbi.nlm.nih.gov/30595370/; https://pubmed.ncbi.nlm.nih.gov/34737426/","https://www.ebi.ac.uk/gwas/studies/GCST007082; https://www.ebi.ac.uk/gwas/studies/GCST007086; https://www.ebi.ac.uk/gwas/studies/GCST90041837"
"B","pigmentation","GAPDHP70","GWAS only","","","","","","","2","29739929; 30595370","2","GCST005897; GCST007086","3","EFO_0004279; MONDO_0005326","sunburn; suntan","Low tan response; Sunburns","broad","","https://pubmed.ncbi.nlm.nih.gov/29739929/; https://pubmed.ncbi.nlm.nih.gov/30595370/","https://www.ebi.ac.uk/gwas/studies/GCST005897; https://www.ebi.ac.uk/gwas/studies/GCST007086"
"B","pigmentation","GIPC2","GWAS only","","","","","","","3","30595370; 32341527; 36672889","3","GCST007082; GCST010302; GCST90255681","3","EFO_0003924; OBA_0002313","hair color; strand of hair color","Cutaneous melanoma or hair colour; Hair color; Red vs non-red hair color","strict","","https://pubmed.ncbi.nlm.nih.gov/30595370/; https://pubmed.ncbi.nlm.nih.gov/32341527/; https://pubmed.ncbi.nlm.nih.gov/36672889/","https://www.ebi.ac.uk/gwas/studies/GCST007082; https://www.ebi.ac.uk/gwas/studies/GCST010302; https://www.ebi.ac.uk/gwas/studies/GCST90255681"
"B","pigmentation","GMDS","GWAS only","","","","","","","2","30595370; 30895295","2","GCST007082; GCST007742","2","EFO_0009764; OBA_0002313","eye colour measurement; strand of hair color","Hair color; Iris heterochromicity","strict","","https://pubmed.ncbi.nlm.nih.gov/30595370/; https://pubmed.ncbi.nlm.nih.gov/30895295/","https://www.ebi.ac.uk/gwas/studies/GCST007082; https://www.ebi.ac.uk/gwas/studies/GCST007742"
"B","pigmentation","GNAS","OMIM only","174800","174800","139320","MCCUNE-ALBRIGHT SYNDROME; MAS","Hyperpigmentation disorder","D’Arcy and Kiel (2023)","","","","","","","","","","https://omim.org/entry/174800","",""
"B","pigmentation","GOLGA6L7","GWAS only","","","","","","","2","31315583; 36672889","2","GCST008516; GCST90255684","3","EFO_0003949; OBA_VT0002095","eye color; skin pigmentation","Eye color; Skin pigmentation (conditioned on rs1426654 and rs35397)","strict","","https://pubmed.ncbi.nlm.nih.gov/31315583/; https://pubmed.ncbi.nlm.nih.gov/36672889/","https://www.ebi.ac.uk/gwas/studies/GCST008516; https://www.ebi.ac.uk/gwas/studies/GCST90255684"
"B","pigmentation","GPNMB","OMIM only","617920","617920","604368","AMYLOIDOSIS, PRIMARY LOCALIZED CUTANEOUS, 3; PLCA3","Mixed hypo- & hyperpigmentation disorder","D’Arcy and Kiel (2023)","","","","","","","","","","https://omim.org/entry/617920","",""
"B","pigmentation","GPR143","OMIM only","300500","300500","300808","ALBINISM, OCULAR, TYPE I; OA1","Hypopigmentation disorder","D’Arcy and Kiel (2023)","","","","","","","","","","https://omim.org/entry/300500","",""
"B","pigmentation","GRIP1","OMIM only","617667","617667","604597","FRASER SYNDROME 3; FRASRS3","Hypopigmentation disorder","D’Arcy and Kiel (2023)","","","","","","","","","","https://omim.org/entry/617667","",""
"B","pigmentation","GRM5","GWAS only","","","","","","","8","19340012; 26926045; 29739929; 30531825; 30595370; 30664655; 31315583; 36672889","14","GCST000371; GCST003479; GCST005897; GCST006988; GCST007082; GCST007086; GCST007451; GCST007452; GCST007454; GCST008516; GCST008519; GCST90255688; GCST90255689; GCST90255690","22","EFO_0003924; EFO_0004279; EFO_0009764; MONDO_0005326; OBA_0002313; OBA_VT0002095","eye colour measurement; hair color; skin pigmentation; strand of hair color; sunburn; suntan","Blond vs. brown/black hair color; Hair color; Low tan response; Skin color; Skin color (Fitzpatrick scale); Skin phototype score; Skin pigmentation; Skin pigmentation (conditioned on rs1426654 and rs35397); Skin, hair and eye pigmentation (multivariate analysis); Sunburns; Tanning","broad; strict","","https://pubmed.ncbi.nlm.nih.gov/19340012/; https://pubmed.ncbi.nlm.nih.gov/26926045/; https://pubmed.ncbi.nlm.nih.gov/29739929/; https://pubmed.ncbi.nlm.nih.gov/30531825/; https://pubmed.ncbi.nlm.nih.gov/30595370/; https://pubmed.ncbi.nlm.nih.gov/30664655/; https://pubmed.ncbi.nlm.nih.gov/31315583/; https://pubmed.ncbi.nlm.nih.gov/36672889/","https://www.ebi.ac.uk/gwas/studies/GCST000371; https://www.ebi.ac.uk/gwas/studies/GCST003479; https://www.ebi.ac.uk/gwas/studies/GCST005897; https://www.ebi.ac.uk/gwas/studies/GCST006988; https://www.ebi.ac.uk/gwas/studies/GCST007082; https://www.ebi.ac.uk/gwas/studies/GCST007086; https://www.ebi.ac.uk/gwas/studies/GCST007451; https://www.ebi.ac.uk/gwas/studies/GCST007452; https://www.ebi.ac.uk/gwas/studies/GCST007454; https://www.ebi.ac.uk/gwas/studies/GCST008516; https://www.ebi.ac.uk/gwas/studies/GCST008519; https://www.ebi.ac.uk/gwas/studies/GCST90255688; https://www.ebi.ac.uk/gwas/studies/GCST90255689; https://www.ebi.ac.uk/gwas/studies/GCST90255690"
"B","pigmentation","GRM5-AS1","GWAS only","","","","","","","2","29739929; 30595370","2","GCST005897; GCST007086","2","EFO_0004279; MONDO_0005326","sunburn; suntan","Low tan response; Sunburns","broad","","https://pubmed.ncbi.nlm.nih.gov/29739929/; https://pubmed.ncbi.nlm.nih.gov/30595370/","https://www.ebi.ac.uk/gwas/studies/GCST005897; https://www.ebi.ac.uk/gwas/studies/GCST007086"
"B","pigmentation","HDAC4","GWAS only","","","","","","","2","30531825; 30595370","2","GCST006988; GCST007082","2","EFO_0003924; OBA_0002313","hair color; strand of hair color","Blond vs. brown/black hair color; Hair color","strict","","https://pubmed.ncbi.nlm.nih.gov/30531825/; https://pubmed.ncbi.nlm.nih.gov/30595370/","https://www.ebi.ac.uk/gwas/studies/GCST006988; https://www.ebi.ac.uk/gwas/studies/GCST007082"
"B","pigmentation","HDAC9","GWAS only","","","","","","","2","30595370; 30895295","2","GCST007082; GCST007741","2","EFO_0009764; OBA_0002313","eye colour measurement; strand of hair color","Hair color; Iris color (b* coordinate)","strict","","https://pubmed.ncbi.nlm.nih.gov/30595370/; https://pubmed.ncbi.nlm.nih.gov/30895295/","https://www.ebi.ac.uk/gwas/studies/GCST007082; https://www.ebi.ac.uk/gwas/studies/GCST007741"
"B","pigmentation","HERC2","Shared","227220; 615516","227220; 615516","605837","INTELLECTUAL DEVELOPMENTAL DISORDER, AUTOSOMAL RECESSIVE 38; MRT38; SKIN/HAIR/EYE PIGMENTATION, VARIATION IN, 1; SHEP1","Hair color","Needle et al. (2025)","25","17952075; 18252221; 18483556; 20463881; 20585627; 23118974; 23548203; 25963972; 26184321; 26926045; 29662168; 29739929; 30166351; 30531825; 30595370; 30664655; 30895295; 31315583; 32341527; 33692100; 34265127; 34737426; 34737440; 36672889; 38728357","58","GCST000117; GCST000118; GCST000120; GCST000146; GCST000190; GCST000191; GCST000685; GCST000707; GCST000710; GCST001723; GCST001929; GCST001932; GCST001939; GCST002908; GCST003021; GCST003022; GCST003023; GCST003479; GCST005897; GCST006075; GCST006986; GCST006988; GCST006989; GCST007082; GCST007086; GCST007451; GCST007452; GCST007453; GCST007454; GCST007455; GCST007456; GCST007457; GCST007486; GCST007488; GCST007489; GCST007741; GCST007742; GCST007743; GCST008516; GCST008519; GCST010302; GCST012219; GCST90026490; GCST90041836; GCST90041838; GCST90041839; GCST90041840; GCST90095476; GCST90095477; GCST90255682; GCST90255683; GCST90255684; GCST90255686; GCST90255687; GCST90255688; GCST90255689; GCST90255690; GCST90939791","208","EFO_0003924; EFO_0003949; EFO_0004279; EFO_0009764; MONDO_0005326; MONDO_0005434; OBA_0002313; OBA_VT0002095","eye color; eye colour measurement; hair color; skin pigmentation; skin sensitivity to sun; strand of hair color; sunburn; suntan","Black vs. blond hair color; Black vs. red hair color; Blond vs non-blond hair color; Blond vs. brown hair color; Blond vs. brown/black hair color; Blue vs. brown eyes; Blue vs. green eyes; Brown vs. black hair color; Brown vs. non-brown hair color; Cutaneous melanoma or hair colour; Ease of skin tanning; Ease of sunburn; Eye color; Eye color (brightness); Eye color (hue); Eye color (saturation); Eye color traits; Hair color; Hair colour (natural, before greying): Black (UKB data field 1747_5); Hair colour (natural, before greying): Blonde (UKB data field 1747_1); Hair colour (natural, before greying): Dark brown (UKB data field 1747_4); Hair colour (natural, before greying): Light brown (UKB data field 1747_3); Hair morphology traits; Iris color; Iris color (L* coordinate); Iris color (b* coordinate); Iris heterochromicity; Light vs. dark hair color; Low tan response; Red vs. brown/black hair color; Retina colour; Skin color; Skin color (Fitzpatrick scale); Skin phototype score; Skin pigmentation; Skin pigmentation (conditioned on rs1426654 and rs35397); Skin pigmentation traits; Skin sensitivity to sun; Skin, hair and eye pigmentation (multivariate analysis); Sunburn type; Sunburns; Tanning","broad; strict","https://omim.org/entry/227220; https://omim.org/entry/615516","https://pubmed.ncbi.nlm.nih.gov/17952075/; https://pubmed.ncbi.nlm.nih.gov/18252221/; https://pubmed.ncbi.nlm.nih.gov/18483556/; https://pubmed.ncbi.nlm.nih.gov/20463881/; https://pubmed.ncbi.nlm.nih.gov/20585627/; https://pubmed.ncbi.nlm.nih.gov/23118974/; https://pubmed.ncbi.nlm.nih.gov/23548203/; https://pubmed.ncbi.nlm.nih.gov/25963972/; https://pubmed.ncbi.nlm.nih.gov/26184321/; https://pubmed.ncbi.nlm.nih.gov/26926045/; https://pubmed.ncbi.nlm.nih.gov/29662168/; https://pubmed.ncbi.nlm.nih.gov/29739929/; https://pubmed.ncbi.nlm.nih.gov/30166351/; https://pubmed.ncbi.nlm.nih.gov/30531825/; https://pubmed.ncbi.nlm.nih.gov/30595370/; https://pubmed.ncbi.nlm.nih.gov/30664655/; https://pubmed.ncbi.nlm.nih.gov/30895295/; https://pubmed.ncbi.nlm.nih.gov/31315583/; https://pubmed.ncbi.nlm.nih.gov/32341527/; https://pubmed.ncbi.nlm.nih.gov/33692100/; https://pubmed.ncbi.nlm.nih.gov/34265127/; https://pubmed.ncbi.nlm.nih.gov/34737426/; https://pubmed.ncbi.nlm.nih.gov/34737440/; https://pubmed.ncbi.nlm.nih.gov/36672889/; https://pubmed.ncbi.nlm.nih.gov/38728357/","https://www.ebi.ac.uk/gwas/studies/GCST000117; https://www.ebi.ac.uk/gwas/studies/GCST000118; https://www.ebi.ac.uk/gwas/studies/GCST000120; https://www.ebi.ac.uk/gwas/studies/GCST000146; https://www.ebi.ac.uk/gwas/studies/GCST000190; https://www.ebi.ac.uk/gwas/studies/GCST000191; https://www.ebi.ac.uk/gwas/studies/GCST000685; https://www.ebi.ac.uk/gwas/studies/GCST000707; https://www.ebi.ac.uk/gwas/studies/GCST000710; https://www.ebi.ac.uk/gwas/studies/GCST001723; https://www.ebi.ac.uk/gwas/studies/GCST001929; https://www.ebi.ac.uk/gwas/studies/GCST001932; https://www.ebi.ac.uk/gwas/studies/GCST001939; https://www.ebi.ac.uk/gwas/studies/GCST002908; https://www.ebi.ac.uk/gwas/studies/GCST003021; https://www.ebi.ac.uk/gwas/studies/GCST003022; https://www.ebi.ac.uk/gwas/studies/GCST003023; https://www.ebi.ac.uk/gwas/studies/GCST003479; https://www.ebi.ac.uk/gwas/studies/GCST005897; https://www.ebi.ac.uk/gwas/studies/GCST006075; https://www.ebi.ac.uk/gwas/studies/GCST006986; https://www.ebi.ac.uk/gwas/studies/GCST006988; https://www.ebi.ac.uk/gwas/studies/GCST006989; https://www.ebi.ac.uk/gwas/studies/GCST007082; https://www.ebi.ac.uk/gwas/studies/GCST007086; https://www.ebi.ac.uk/gwas/studies/GCST007451; https://www.ebi.ac.uk/gwas/studies/GCST007452; https://www.ebi.ac.uk/gwas/studies/GCST007453; https://www.ebi.ac.uk/gwas/studies/GCST007454; https://www.ebi.ac.uk/gwas/studies/GCST007455; https://www.ebi.ac.uk/gwas/studies/GCST007456; https://www.ebi.ac.uk/gwas/studies/GCST007457; https://www.ebi.ac.uk/gwas/studies/GCST007486; https://www.ebi.ac.uk/gwas/studies/GCST007488; https://www.ebi.ac.uk/gwas/studies/GCST007489; https://www.ebi.ac.uk/gwas/studies/GCST007741; https://www.ebi.ac.uk/gwas/studies/GCST007742; https://www.ebi.ac.uk/gwas/studies/GCST007743; https://www.ebi.ac.uk/gwas/studies/GCST008516; https://www.ebi.ac.uk/gwas/studies/GCST008519; https://www.ebi.ac.uk/gwas/studies/GCST010302; https://www.ebi.ac.uk/gwas/studies/GCST012219; https://www.ebi.ac.uk/gwas/studies/GCST90026490; https://www.ebi.ac.uk/gwas/studies/GCST90041836; https://www.ebi.ac.uk/gwas/studies/GCST90041838; https://www.ebi.ac.uk/gwas/studies/GCST90041839; https://www.ebi.ac.uk/gwas/studies/GCST90041840; https://www.ebi.ac.uk/gwas/studies/GCST90095476; https://www.ebi.ac.uk/gwas/studies/GCST90095477; https://www.ebi.ac.uk/gwas/studies/GCST90255682; https://www.ebi.ac.uk/gwas/studies/GCST90255683; https://www.ebi.ac.uk/gwas/studies/GCST90255684; https://www.ebi.ac.uk/gwas/studies/GCST90255686; https://www.ebi.ac.uk/gwas/studies/GCST90255687; https://www.ebi.ac.uk/gwas/studies/GCST90255688; https://www.ebi.ac.uk/gwas/studies/GCST90255689; https://www.ebi.ac.uk/gwas/studies/GCST90255690; https://www.ebi.ac.uk/gwas/studies/GCST90939791"
"B","pigmentation","HGD","OMIM only","203500","203500","607474","ALKAPTONURIA; AKU","Hyperpigmentation disorder","D’Arcy and Kiel (2023)","","","","","","","","","","https://omim.org/entry/203500","",""
"B","pigmentation","HOXC13","OMIM only","614931","614931","142976","ECTODERMAL DYSPLASIA 9, HAIR/NAIL TYPE; ECTD9","Hair color","Needle et al. (2025)","","","","","","","","","","https://omim.org/entry/614931","",""
"B","pigmentation","HPS1","OMIM only","203300","203300","604982","HERMANSKY-PUDLAK SYNDROME 1; HPS1","Hypopigmentation disorder","D’Arcy and Kiel (2023)","","","","","","","","","","https://omim.org/entry/203300","",""
"B","pigmentation","HPS3","OMIM only","614072","614072","606118","HERMANSKY-PUDLAK SYNDROME 3; HPS3","Hypopigmentation disorder","D’Arcy and Kiel (2023)","","","","","","","","","","https://omim.org/entry/614072","",""
"B","pigmentation","HPS4","OMIM only","614073","614073","606682","HERMANSKY-PUDLAK SYNDROME 4; HPS4","Hypopigmentation disorder","D’Arcy and Kiel (2023)","","","","","","","","","","https://omim.org/entry/614073","",""
"B","pigmentation","HPS5","OMIM only","614074","614074","607521","HERMANSKY-PUDLAK SYNDROME 5; HPS5","Hypopigmentation disorder","D’Arcy and Kiel (2023)","","","","","","","","","","https://omim.org/entry/614074","",""
"B","pigmentation","HPS6","OMIM only","614075","614075","607522","HERMANSKY-PUDLAK SYNDROME 6; HPS6","Hypopigmentation disorder","D’Arcy and Kiel (2023)","","","","","","","","","","https://omim.org/entry/614075","",""
"B","pigmentation","HRAS","OMIM only","137550; 218040","137550; 218040","190020","COSTELLO SYNDROME; CSTLO; MELANOCYTIC NEVUS SYNDROME, CONGENITAL; CMNS","Hyperpigmentation disorder","D’Arcy and Kiel (2023)","","","","","","","","","","https://omim.org/entry/137550; https://omim.org/entry/218040","",""
"B","pigmentation","HSPA8P5","GWAS only","","","","","","","2","30531825; 30595370","3","GCST006988; GCST006989; GCST007082","3","EFO_0003924; OBA_0002313","hair color; strand of hair color","Blond vs. brown/black hair color; Brown vs. black hair color; Hair color","strict","","https://pubmed.ncbi.nlm.nih.gov/30531825/; https://pubmed.ncbi.nlm.nih.gov/30595370/","https://www.ebi.ac.uk/gwas/studies/GCST006988; https://www.ebi.ac.uk/gwas/studies/GCST006989; https://www.ebi.ac.uk/gwas/studies/GCST007082"
"B","pigmentation","IDS","OMIM only","309900","309900","300823","MUCOPOLYSACCHARIDOSIS, TYPE II; MPS2","Mixed hypo- & hyperpigmentation disorder","D’Arcy and Kiel (2023)","","","","","","","","","","https://omim.org/entry/309900","",""
"B","pigmentation","IDUA","OMIM only","607014","607014","252800","HURLER SYNDROME","Mixed hypo- & hyperpigmentation disorder","D’Arcy and Kiel (2023)","","","","","","","","","","https://omim.org/entry/607014","",""
"B","pigmentation","IFNG","OMIM only","613254","613254","147570","TUBEROUS SCLEROSIS 2; TSC2","Hypopigmentation disorder","D’Arcy and Kiel (2023)","","","","","","","","","","https://omim.org/entry/613254","",""
"B","pigmentation","IKBKG","OMIM only","308300","308300","300248","INCONTINENTIA PIGMENTI; IP","Hyperpigmentation disorder","D’Arcy and Kiel (2023)","","","","","","","","","","https://omim.org/entry/308300","",""
"B","pigmentation","IL16","GWAS only","","","","","","","2","30531825; 30595370","3","GCST006988; GCST006989; GCST007082","3","EFO_0003924; OBA_0002313","hair color; strand of hair color","Blond vs. brown/black hair color; Brown vs. black hair color; Hair color","strict","","https://pubmed.ncbi.nlm.nih.gov/30531825/; https://pubmed.ncbi.nlm.nih.gov/30595370/","https://www.ebi.ac.uk/gwas/studies/GCST006988; https://www.ebi.ac.uk/gwas/studies/GCST006989; https://www.ebi.ac.uk/gwas/studies/GCST007082"
"B","pigmentation","INHBA","GWAS only","","","","","","","2","30595370; 30895295","2","GCST007082; GCST007740","2","EFO_0009764; OBA_0002313","eye colour measurement; strand of hair color","Hair color; Iris color (a* coordinate)","strict","","https://pubmed.ncbi.nlm.nih.gov/30595370/; https://pubmed.ncbi.nlm.nih.gov/30895295/","https://www.ebi.ac.uk/gwas/studies/GCST007082; https://www.ebi.ac.uk/gwas/studies/GCST007740"
"B","pigmentation","IRF4","Shared","611724; 621097","611724; 621097","601900","IMMUNODEFICIENCY 131; IMD131; SKIN/HAIR/EYE PIGMENTATION, VARIATION IN, 8; SHEP8","Hair color; Hair graying; Pigmentation phenotype","D’Arcy and Kiel (2023); Needle et al. (2025)","19","17952075; 18483556; 19340012; 20585627; 23548203; 25705849; 26184321; 26926045; 29662168; 29739929; 30166351; 30531825; 30595370; 30664655; 33692100; 34737426; 34737440; 36536295; 36672889","44","GCST000119; GCST000190; GCST000191; GCST000371; GCST000707; GCST000708; GCST000710; GCST001932; GCST001933; GCST001939; GCST002785; GCST003021; GCST003022; GCST003023; GCST003478; GCST003479; GCST005897; GCST006075; GCST006988; GCST006989; GCST007082; GCST007086; GCST007451; GCST007452; GCST007453; GCST007454; GCST007455; GCST007486; GCST007488; GCST007489; GCST012219; GCST90041836; GCST90041838; GCST90041839; GCST90041840; GCST90095476; GCST90095477; GCST90246327; GCST90255683; GCST90255684; GCST90255685; GCST90255686; GCST90255687; GCST90255690","83","EFO_0003924; EFO_0003949; EFO_0003963; EFO_0004279; EFO_0009764; MONDO_0005326; MONDO_0005434; OBA_0002313; OBA_2045282; OBA_VT0002095","eye color; eye colour measurement; facial pigmentation; freckles; hair color; skin pigmentation; skin sensitivity to sun; strand of hair color; sunburn; suntan","Black vs. blond hair color; Black vs. red hair color; Blond vs non-blond hair color; Blond vs. brown/black hair color; Brown vs. black hair color; Brown vs. non-brown hair color; Ease of skin tanning; Ease of sunburn; Eye color; Eye color (brightness); Eye color traits; Facial pigmentation; Freckles; Freckling; Hair color; Hair colour (natural, before greying): Black (UKB data field 1747_5); Hair colour (natural, before greying): Blonde (UKB data field 1747_1); Hair colour (natural, before greying): Dark brown (UKB data field 1747_4); Hair colour (natural, before greying): Light brown (UKB data field 1747_3); Hair greying; Hair morphology traits; Light vs. dark hair color; Low tan response; Skin color; Skin pigmentation; Skin pigmentation traits; Skin reflectance; Skin, hair and eye pigmentation (multivariate analysis); Sunburns; Tanning","broad; strict","https://omim.org/entry/611724; https://omim.org/entry/621097","https://pubmed.ncbi.nlm.nih.gov/17952075/; https://pubmed.ncbi.nlm.nih.gov/18483556/; https://pubmed.ncbi.nlm.nih.gov/19340012/; https://pubmed.ncbi.nlm.nih.gov/20585627/; https://pubmed.ncbi.nlm.nih.gov/23548203/; https://pubmed.ncbi.nlm.nih.gov/25705849/; https://pubmed.ncbi.nlm.nih.gov/26184321/; https://pubmed.ncbi.nlm.nih.gov/26926045/; https://pubmed.ncbi.nlm.nih.gov/29662168/; https://pubmed.ncbi.nlm.nih.gov/29739929/; https://pubmed.ncbi.nlm.nih.gov/30166351/; https://pubmed.ncbi.nlm.nih.gov/30531825/; https://pubmed.ncbi.nlm.nih.gov/30595370/; https://pubmed.ncbi.nlm.nih.gov/30664655/; https://pubmed.ncbi.nlm.nih.gov/33692100/; https://pubmed.ncbi.nlm.nih.gov/34737426/; https://pubmed.ncbi.nlm.nih.gov/34737440/; https://pubmed.ncbi.nlm.nih.gov/36536295/; https://pubmed.ncbi.nlm.nih.gov/36672889/","https://www.ebi.ac.uk/gwas/studies/GCST000119; https://www.ebi.ac.uk/gwas/studies/GCST000190; https://www.ebi.ac.uk/gwas/studies/GCST000191; https://www.ebi.ac.uk/gwas/studies/GCST000371; https://www.ebi.ac.uk/gwas/studies/GCST000707; https://www.ebi.ac.uk/gwas/studies/GCST000708; https://www.ebi.ac.uk/gwas/studies/GCST000710; https://www.ebi.ac.uk/gwas/studies/GCST001932; https://www.ebi.ac.uk/gwas/studies/GCST001933; https://www.ebi.ac.uk/gwas/studies/GCST001939; https://www.ebi.ac.uk/gwas/studies/GCST002785; https://www.ebi.ac.uk/gwas/studies/GCST003021; https://www.ebi.ac.uk/gwas/studies/GCST003022; https://www.ebi.ac.uk/gwas/studies/GCST003023; https://www.ebi.ac.uk/gwas/studies/GCST003478; https://www.ebi.ac.uk/gwas/studies/GCST003479; https://www.ebi.ac.uk/gwas/studies/GCST005897; https://www.ebi.ac.uk/gwas/studies/GCST006075; https://www.ebi.ac.uk/gwas/studies/GCST006988; https://www.ebi.ac.uk/gwas/studies/GCST006989; https://www.ebi.ac.uk/gwas/studies/GCST007082; https://www.ebi.ac.uk/gwas/studies/GCST007086; https://www.ebi.ac.uk/gwas/studies/GCST007451; https://www.ebi.ac.uk/gwas/studies/GCST007452; https://www.ebi.ac.uk/gwas/studies/GCST007453; https://www.ebi.ac.uk/gwas/studies/GCST007454; https://www.ebi.ac.uk/gwas/studies/GCST007455; https://www.ebi.ac.uk/gwas/studies/GCST007486; https://www.ebi.ac.uk/gwas/studies/GCST007488; https://www.ebi.ac.uk/gwas/studies/GCST007489; https://www.ebi.ac.uk/gwas/studies/GCST012219; https://www.ebi.ac.uk/gwas/studies/GCST90041836; https://www.ebi.ac.uk/gwas/studies/GCST90041838; https://www.ebi.ac.uk/gwas/studies/GCST90041839; https://www.ebi.ac.uk/gwas/studies/GCST90041840; https://www.ebi.ac.uk/gwas/studies/GCST90095476; https://www.ebi.ac.uk/gwas/studies/GCST90095477; https://www.ebi.ac.uk/gwas/studies/GCST90246327; https://www.ebi.ac.uk/gwas/studies/GCST90255683; https://www.ebi.ac.uk/gwas/studies/GCST90255684; https://www.ebi.ac.uk/gwas/studies/GCST90255685; https://www.ebi.ac.uk/gwas/studies/GCST90255686; https://www.ebi.ac.uk/gwas/studies/GCST90255687; https://www.ebi.ac.uk/gwas/studies/GCST90255690"
"B","pigmentation","JAZF1","GWAS only","","","","","","","3","30531825; 30595370; 33692100","4","GCST006988; GCST007082; GCST007086; GCST012219","4","EFO_0003924; EFO_0003949; MONDO_0005326; OBA_0002313","eye color; hair color; strand of hair color; sunburn","Blond vs. brown/black hair color; Eye color; Hair color; Sunburns","broad; strict","","https://pubmed.ncbi.nlm.nih.gov/30531825/; https://pubmed.ncbi.nlm.nih.gov/30595370/; https://pubmed.ncbi.nlm.nih.gov/33692100/","https://www.ebi.ac.uk/gwas/studies/GCST006988; https://www.ebi.ac.uk/gwas/studies/GCST007082; https://www.ebi.ac.uk/gwas/studies/GCST007086; https://www.ebi.ac.uk/gwas/studies/GCST012219"
"B","pigmentation","KCNH1","GWAS only","","","","","","","2","30531825; 30595370","2","GCST006988; GCST007082","2","EFO_0003924; OBA_0002313","hair color; strand of hair color","Blond vs. brown/black hair color; Hair color","strict","","https://pubmed.ncbi.nlm.nih.gov/30531825/; https://pubmed.ncbi.nlm.nih.gov/30595370/","https://www.ebi.ac.uk/gwas/studies/GCST006988; https://www.ebi.ac.uk/gwas/studies/GCST007082"
"B","pigmentation","KIAA0930","GWAS only","","","","","","","4","29739929; 30531825; 30595370; 32341527","5","GCST005897; GCST006988; GCST007082; GCST007086; GCST010302","5","EFO_0003924; EFO_0004279; MONDO_0005326; OBA_0002313","hair color; strand of hair color; sunburn; suntan","Blond vs. brown/black hair color; Cutaneous melanoma or hair colour; Hair color; Low tan response; Sunburns","broad; strict","","https://pubmed.ncbi.nlm.nih.gov/29739929/; https://pubmed.ncbi.nlm.nih.gov/30531825/; https://pubmed.ncbi.nlm.nih.gov/30595370/; https://pubmed.ncbi.nlm.nih.gov/32341527/","https://www.ebi.ac.uk/gwas/studies/GCST005897; https://www.ebi.ac.uk/gwas/studies/GCST006988; https://www.ebi.ac.uk/gwas/studies/GCST007082; https://www.ebi.ac.uk/gwas/studies/GCST007086; https://www.ebi.ac.uk/gwas/studies/GCST010302"
"B","pigmentation","KIT","OMIM only","154800; 172800","154800; 172800","164920","MASTOCYTOSIS, CUTANEOUS; MASTC; PIEBALD TRAIT; PBT","Hyperpigmentation disorder; Hypopigmentation disorder","D’Arcy and Kiel (2023)","","","","","","","","","","https://omim.org/entry/154800; https://omim.org/entry/172800","",""
"B","pigmentation","KITLG","Shared","145250; 611664; 616697; 619947","145250; 611664; 616697; 619947","184745","DEAFNESS, AUTOSOMAL DOMINANT 69; DFNA69; HYPERPIGMENTATION WITH OR WITHOUT HYPOPIGMENTATION, FAMILIAL PROGRESSIVE; FPHH; SKIN/HAIR/EYE PIGMENTATION, VARIATION IN, 7; SHEP7; WAARDENBURG SYNDROME, TYPE 2F; WS2F","Hair color; Hair color; Mixed hypo- & hyperpigmentation disorder; Pigmentation phenotype","D’Arcy and Kiel (2023); D’Arcy and Kiel (2023); Needle et al. (2025); Needle et al. (2025)","2","30531825; 30595370","2","GCST006988; GCST007082","3","EFO_0003924; OBA_0002313","hair color; strand of hair color","Blond vs. brown/black hair color; Hair color","strict","https://omim.org/entry/145250; https://omim.org/entry/611664; https://omim.org/entry/616697; https://omim.org/entry/619947","https://pubmed.ncbi.nlm.nih.gov/30531825/; https://pubmed.ncbi.nlm.nih.gov/30595370/","https://www.ebi.ac.uk/gwas/studies/GCST006988; https://www.ebi.ac.uk/gwas/studies/GCST007082"
"B","pigmentation","KRT14","OMIM only","125595; 161000","125595; 161000","148066","DERMATOPATHIA PIGMENTOSA RETICULARIS; DPR; NAEGELI-FRANCESCHETTI-JADASSOHN SYNDROME; NFJS","Hyperpigmentation disorder","D’Arcy and Kiel (2023)","","","","","","","","","","https://omim.org/entry/125595; https://omim.org/entry/161000","",""
"B","pigmentation","KRT31","GWAS only","","","","","","","2","30531825; 30595370","2","GCST006989; GCST007082","2","EFO_0003924; OBA_0002313","hair color; strand of hair color","Brown vs. black hair color; Hair color","strict","","https://pubmed.ncbi.nlm.nih.gov/30531825/; https://pubmed.ncbi.nlm.nih.gov/30595370/","https://www.ebi.ac.uk/gwas/studies/GCST006989; https://www.ebi.ac.uk/gwas/studies/GCST007082"
"B","pigmentation","KRT5","OMIM only","131960; 179850","131960; 179850","148040","DOWLING-DEGOS DISEASE 1; DDD1; EPIDERMOLYSIS BULLOSA SIMPLEX 2F, WITH MOTTLED PIGMENTATION; EBS2F","Mixed hypo- & hyperpigmentation disorder","D’Arcy and Kiel (2023)","","","","","","","","","","https://omim.org/entry/131960; https://omim.org/entry/179850","",""
"B","pigmentation","KRT86","GWAS only","","","","","","","2","30531825; 34737426","2","GCST006988; GCST90041836","2","EFO_0003924; OBA_0002313","hair color; strand of hair color","Blond vs. brown/black hair color; Hair colour (natural, before greying): Blonde (UKB data field 1747_1)","strict","","https://pubmed.ncbi.nlm.nih.gov/30531825/; https://pubmed.ncbi.nlm.nih.gov/34737426/","https://www.ebi.ac.uk/gwas/studies/GCST006988; https://www.ebi.ac.uk/gwas/studies/GCST90041836"
"B","pigmentation","KRT87P","GWAS only","","","","","","","2","30531825; 34737426","2","GCST006988; GCST90041836","2","EFO_0003924; OBA_0002313","hair color; strand of hair color","Blond vs. brown/black hair color; Hair colour (natural, before greying): Blonde (UKB data field 1747_1)","strict","","https://pubmed.ncbi.nlm.nih.gov/30531825/; https://pubmed.ncbi.nlm.nih.gov/34737426/","https://www.ebi.ac.uk/gwas/studies/GCST006988; https://www.ebi.ac.uk/gwas/studies/GCST90041836"
"B","pigmentation","LEF1","GWAS only","","","","","","","3","30531825; 30595370; 34737426","3","GCST006988; GCST007082; GCST90041836","4","EFO_0003924; OBA_0002313","hair color; strand of hair color","Blond vs. brown/black hair color; Hair color; Hair colour (natural, before greying): Blonde (UKB data field 1747_1)","strict","","https://pubmed.ncbi.nlm.nih.gov/30531825/; https://pubmed.ncbi.nlm.nih.gov/30595370/; https://pubmed.ncbi.nlm.nih.gov/34737426/","https://www.ebi.ac.uk/gwas/studies/GCST006988; https://www.ebi.ac.uk/gwas/studies/GCST007082; https://www.ebi.ac.uk/gwas/studies/GCST90041836"
"B","pigmentation","LGR4","GWAS only","","","","","","","2","30531825; 30595370","2","GCST006988; GCST007082","2","EFO_0003924; OBA_0002313","hair color; strand of hair color","Blond vs. brown/black hair color; Hair color","strict","","https://pubmed.ncbi.nlm.nih.gov/30531825/; https://pubmed.ncbi.nlm.nih.gov/30595370/","https://www.ebi.ac.uk/gwas/studies/GCST006988; https://www.ebi.ac.uk/gwas/studies/GCST007082"
"B","pigmentation","LHX2","GWAS only","","","","","","","3","29662168; 30531825; 30595370","3","GCST006075; GCST006988; GCST007082","8","EFO_0003924; OBA_0002313","hair color; strand of hair color","Blond vs. brown/black hair color; Hair color","strict","","https://pubmed.ncbi.nlm.nih.gov/29662168/; https://pubmed.ncbi.nlm.nih.gov/30531825/; https://pubmed.ncbi.nlm.nih.gov/30595370/","https://www.ebi.ac.uk/gwas/studies/GCST006075; https://www.ebi.ac.uk/gwas/studies/GCST006988; https://www.ebi.ac.uk/gwas/studies/GCST007082"
"B","pigmentation","LINC-PINT","GWAS only","","","","","","","3","30531825; 30595370; 32341527","4","GCST006988; GCST006989; GCST007082; GCST010302","4","EFO_0003924; OBA_0002313","hair color; strand of hair color","Blond vs. brown/black hair color; Brown vs. black hair color; Cutaneous melanoma or hair colour; Hair color","strict","","https://pubmed.ncbi.nlm.nih.gov/30531825/; https://pubmed.ncbi.nlm.nih.gov/30595370/; https://pubmed.ncbi.nlm.nih.gov/32341527/","https://www.ebi.ac.uk/gwas/studies/GCST006988; https://www.ebi.ac.uk/gwas/studies/GCST006989; https://www.ebi.ac.uk/gwas/studies/GCST007082; https://www.ebi.ac.uk/gwas/studies/GCST010302"
"B","pigmentation","LINC00158","GWAS only","","","","","","","2","30531825; 30595370","2","GCST006988; GCST007082","2","EFO_0003924; OBA_0002313","hair color; strand of hair color","Blond vs. brown/black hair color; Hair color","strict","","https://pubmed.ncbi.nlm.nih.gov/30531825/; https://pubmed.ncbi.nlm.nih.gov/30595370/","https://www.ebi.ac.uk/gwas/studies/GCST006988; https://www.ebi.ac.uk/gwas/studies/GCST007082"
"B","pigmentation","LINC01117","GWAS only","","","","","","","2","30531825; 30595370","2","GCST006988; GCST007082","2","EFO_0003924; OBA_0002313","hair color; strand of hair color","Blond vs. brown/black hair color; Hair color","strict","","https://pubmed.ncbi.nlm.nih.gov/30531825/; https://pubmed.ncbi.nlm.nih.gov/30595370/","https://www.ebi.ac.uk/gwas/studies/GCST006988; https://www.ebi.ac.uk/gwas/studies/GCST007082"
"B","pigmentation","LINC01381","GWAS only","","","","","","","2","30531825; 30595370","2","GCST006986; GCST007082","2","EFO_0003924; OBA_0002313","hair color; strand of hair color","Hair color; Red vs. brown/black hair color","strict","","https://pubmed.ncbi.nlm.nih.gov/30531825/; https://pubmed.ncbi.nlm.nih.gov/30595370/","https://www.ebi.ac.uk/gwas/studies/GCST006986; https://www.ebi.ac.uk/gwas/studies/GCST007082"
"B","pigmentation","LINC01411","GWAS only","","","","","","","2","30531825; 30595370","3","GCST006986; GCST006988; GCST007082","3","EFO_0003924; OBA_0002313","hair color; strand of hair color","Blond vs. brown/black hair color; Hair color; Red vs. brown/black hair color","strict","","https://pubmed.ncbi.nlm.nih.gov/30531825/; https://pubmed.ncbi.nlm.nih.gov/30595370/","https://www.ebi.ac.uk/gwas/studies/GCST006986; https://www.ebi.ac.uk/gwas/studies/GCST006988; https://www.ebi.ac.uk/gwas/studies/GCST007082"
"B","pigmentation","LINC01449","GWAS only","","","","","","","2","30595370; 30895295","2","GCST007082; GCST007740","2","EFO_0009764; OBA_0002313","eye colour measurement; strand of hair color","Hair color; Iris color (a* coordinate)","strict","","https://pubmed.ncbi.nlm.nih.gov/30595370/; https://pubmed.ncbi.nlm.nih.gov/30895295/","https://www.ebi.ac.uk/gwas/studies/GCST007082; https://www.ebi.ac.uk/gwas/studies/GCST007740"
"B","pigmentation","LINC01491","GWAS only","","","","","","","4","30895295; 32341527; 33600456; 42586059","6","GCST007739; GCST010302; GCST011355; GCST90854270; GCST90854271; GCST90854272","26","EFO_0003924; OBA_VT0002095","hair color; skin pigmentation","Cutaneous melanoma or hair colour; Skin color in blue band; Skin color in green band; Skin color in red band; Skin reflectance (Melanin index)","strict","","https://pubmed.ncbi.nlm.nih.gov/30895295/; https://pubmed.ncbi.nlm.nih.gov/32341527/; https://pubmed.ncbi.nlm.nih.gov/33600456/; https://pubmed.ncbi.nlm.nih.gov/42586059/","https://www.ebi.ac.uk/gwas/studies/GCST007739; https://www.ebi.ac.uk/gwas/studies/GCST010302; https://www.ebi.ac.uk/gwas/studies/GCST011355; https://www.ebi.ac.uk/gwas/studies/GCST90854270; https://www.ebi.ac.uk/gwas/studies/GCST90854271; https://www.ebi.ac.uk/gwas/studies/GCST90854272"
"B","pigmentation","LINC01505","GWAS only","","","","","","","3","30531825; 30595370; 32341527","3","GCST006988; GCST007082; GCST010302","3","EFO_0003924; OBA_0002313","hair color; strand of hair color","Blond vs. brown/black hair color; Cutaneous melanoma or hair colour; Hair color","strict","","https://pubmed.ncbi.nlm.nih.gov/30531825/; https://pubmed.ncbi.nlm.nih.gov/30595370/; https://pubmed.ncbi.nlm.nih.gov/32341527/","https://www.ebi.ac.uk/gwas/studies/GCST006988; https://www.ebi.ac.uk/gwas/studies/GCST007082; https://www.ebi.ac.uk/gwas/studies/GCST010302"
"B","pigmentation","LINC01622","GWAS only","","","","","","","2","30595370; 34737426","4","GCST007082; GCST007086; GCST90041836; GCST90041840","10","MONDO_0005326; OBA_0002313","strand of hair color; sunburn","Hair color; Hair colour (natural, before greying): Black (UKB data field 1747_5); Hair colour (natural, before greying): Blonde (UKB data field 1747_1); Sunburns","broad; strict","","https://pubmed.ncbi.nlm.nih.gov/30595370/; https://pubmed.ncbi.nlm.nih.gov/34737426/","https://www.ebi.ac.uk/gwas/studies/GCST007082; https://www.ebi.ac.uk/gwas/studies/GCST007086; https://www.ebi.ac.uk/gwas/studies/GCST90041836; https://www.ebi.ac.uk/gwas/studies/GCST90041840"
"B","pigmentation","LINC01679","GWAS only","","","","","","","3","30531825; 30595370; 33692100","4","GCST006986; GCST006988; GCST007082; GCST012219","6","EFO_0003924; EFO_0003949; OBA_0002313","eye color; hair color; strand of hair color","Blond vs. brown/black hair color; Eye color; Hair color; Red vs. brown/black hair color","strict","","https://pubmed.ncbi.nlm.nih.gov/30531825/; https://pubmed.ncbi.nlm.nih.gov/30595370/; https://pubmed.ncbi.nlm.nih.gov/33692100/","https://www.ebi.ac.uk/gwas/studies/GCST006986; https://www.ebi.ac.uk/gwas/studies/GCST006988; https://www.ebi.ac.uk/gwas/studies/GCST007082; https://www.ebi.ac.uk/gwas/studies/GCST012219"
"B","pigmentation","LINC01877","GWAS only","","","","","","","2","32835660; 42586059","4","GCST90002283; GCST90002284; GCST90854271; GCST90854272","4","OBA_2045282; OBA_VT0002095","facial pigmentation; skin pigmentation","Facial pigmentation measurement (UV light); Facial pigmentation measurement (polar light); Skin color in blue band; Skin color in green band","strict","","https://pubmed.ncbi.nlm.nih.gov/32835660/; https://pubmed.ncbi.nlm.nih.gov/42586059/","https://www.ebi.ac.uk/gwas/studies/GCST90002283; https://www.ebi.ac.uk/gwas/studies/GCST90002284; https://www.ebi.ac.uk/gwas/studies/GCST90854271; https://www.ebi.ac.uk/gwas/studies/GCST90854272"
"B","pigmentation","LINC01937","GWAS only","","","","","","","2","30531825; 30595370","2","GCST006988; GCST007082","2","EFO_0003924; OBA_0002313","hair color; strand of hair color","Blond vs. brown/black hair color; Hair color","strict","","https://pubmed.ncbi.nlm.nih.gov/30531825/; https://pubmed.ncbi.nlm.nih.gov/30595370/","https://www.ebi.ac.uk/gwas/studies/GCST006988; https://www.ebi.ac.uk/gwas/studies/GCST007082"
"B","pigmentation","LINC01940","GWAS only","","","","","","","2","30531825; 30595370","2","GCST006988; GCST007082","2","EFO_0003924; OBA_0002313","hair color; strand of hair color","Blond vs. brown/black hair color; Hair color","strict","","https://pubmed.ncbi.nlm.nih.gov/30531825/; https://pubmed.ncbi.nlm.nih.gov/30595370/","https://www.ebi.ac.uk/gwas/studies/GCST006988; https://www.ebi.ac.uk/gwas/studies/GCST007082"
"B","pigmentation","LINC01953","GWAS only","","","","","","","3","30595370; 32341527; 35313536","3","GCST007082; GCST010302; GCST90104591","3","EFO_0003924; OBA_0002313; OBA_2045282","facial pigmentation; hair color; strand of hair color","Cutaneous melanoma or hair colour; Facial skin gloss; Hair color","strict","","https://pubmed.ncbi.nlm.nih.gov/30595370/; https://pubmed.ncbi.nlm.nih.gov/32341527/; https://pubmed.ncbi.nlm.nih.gov/35313536/","https://www.ebi.ac.uk/gwas/studies/GCST007082; https://www.ebi.ac.uk/gwas/studies/GCST010302; https://www.ebi.ac.uk/gwas/studies/GCST90104591"
"B","pigmentation","LINC01956","GWAS only","","","","","","","2","30531825; 30595370","2","GCST006988; GCST007082","2","EFO_0003924; OBA_0002313","hair color; strand of hair color","Blond vs. brown/black hair color; Hair color","strict","","https://pubmed.ncbi.nlm.nih.gov/30531825/; https://pubmed.ncbi.nlm.nih.gov/30595370/","https://www.ebi.ac.uk/gwas/studies/GCST006988; https://www.ebi.ac.uk/gwas/studies/GCST007082"
"B","pigmentation","LINC02101","GWAS only","","","","","","","2","30531825; 30595370","2","GCST006988; GCST007082","2","EFO_0003924; OBA_0002313","hair color; strand of hair color","Blond vs. brown/black hair color; Hair color","strict","","https://pubmed.ncbi.nlm.nih.gov/30531825/; https://pubmed.ncbi.nlm.nih.gov/30595370/","https://www.ebi.ac.uk/gwas/studies/GCST006988; https://www.ebi.ac.uk/gwas/studies/GCST007082"
"B","pigmentation","LINC02105","GWAS only","","","","","","","2","30531825; 30595370","3","GCST006988; GCST006989; GCST007082","5","EFO_0003924; OBA_0002313","hair color; strand of hair color","Blond vs. brown/black hair color; Brown vs. black hair color; Hair color","strict","","https://pubmed.ncbi.nlm.nih.gov/30531825/; https://pubmed.ncbi.nlm.nih.gov/30595370/","https://www.ebi.ac.uk/gwas/studies/GCST006988; https://www.ebi.ac.uk/gwas/studies/GCST006989; https://www.ebi.ac.uk/gwas/studies/GCST007082"
"B","pigmentation","LINC02120","GWAS only","","","","","","","2","36672889; 42586059","3","GCST90255681; GCST90854271; GCST90854272","3","EFO_0003924; OBA_VT0002095","hair color; skin pigmentation","Red vs non-red hair color; Skin color in blue band; Skin color in green band","strict","","https://pubmed.ncbi.nlm.nih.gov/36672889/; https://pubmed.ncbi.nlm.nih.gov/42586059/","https://www.ebi.ac.uk/gwas/studies/GCST90255681; https://www.ebi.ac.uk/gwas/studies/GCST90854271; https://www.ebi.ac.uk/gwas/studies/GCST90854272"
"B","pigmentation","LINC02138","GWAS only","","","","","","","2","29739929; 34737440","2","GCST005897; GCST90095478","2","EFO_0003924; EFO_0004279","hair color; suntan","Low tan response; Red vs. brown/black hair color","broad; strict","","https://pubmed.ncbi.nlm.nih.gov/29739929/; https://pubmed.ncbi.nlm.nih.gov/34737440/","https://www.ebi.ac.uk/gwas/studies/GCST005897; https://www.ebi.ac.uk/gwas/studies/GCST90095478"
"B","pigmentation","LINC02182","GWAS only","","","","","","","3","30595370; 30895295; 34737426","4","GCST007082; GCST007740; GCST90041837; GCST90041839","5","EFO_0009764; OBA_0002313","eye colour measurement; strand of hair color","Hair color; Hair colour (natural, before greying): Dark brown (UKB data field 1747_4); Hair colour (natural, before greying): Red (UKB data field 1747_2); Iris color (a* coordinate)","strict","","https://pubmed.ncbi.nlm.nih.gov/30595370/; https://pubmed.ncbi.nlm.nih.gov/30895295/; https://pubmed.ncbi.nlm.nih.gov/34737426/","https://www.ebi.ac.uk/gwas/studies/GCST007082; https://www.ebi.ac.uk/gwas/studies/GCST007740; https://www.ebi.ac.uk/gwas/studies/GCST90041837; https://www.ebi.ac.uk/gwas/studies/GCST90041839"
"B","pigmentation","LINC02225","GWAS only","","","","","","","2","30595370; 42586059","4","GCST007082; GCST90854270; GCST90854271; GCST90854272","5","OBA_0002313; OBA_VT0002095","skin pigmentation; strand of hair color","Hair color; Skin color in blue band; Skin color in green band; Skin color in red band","strict","","https://pubmed.ncbi.nlm.nih.gov/30595370/; https://pubmed.ncbi.nlm.nih.gov/42586059/","https://www.ebi.ac.uk/gwas/studies/GCST007082; https://www.ebi.ac.uk/gwas/studies/GCST90854270; https://www.ebi.ac.uk/gwas/studies/GCST90854271; https://www.ebi.ac.uk/gwas/studies/GCST90854272"
"B","pigmentation","LINC02235","GWAS only","","","","","","","2","30531825; 30595370","2","GCST006989; GCST007082","2","EFO_0003924; OBA_0002313","hair color; strand of hair color","Brown vs. black hair color; Hair color","strict","","https://pubmed.ncbi.nlm.nih.gov/30531825/; https://pubmed.ncbi.nlm.nih.gov/30595370/","https://www.ebi.ac.uk/gwas/studies/GCST006989; https://www.ebi.ac.uk/gwas/studies/GCST007082"
"B","pigmentation","LINC02458","GWAS only","","","","","","","9","17952075; 23548203; 26184321; 29662168; 29739929; 30531825; 30595370; 34648798; 34737440","13","GCST000118; GCST001932; GCST003021; GCST003022; GCST003023; GCST005897; GCST006075; GCST006988; GCST006989; GCST007082; GCST90020054; GCST90020056; GCST90095476","17","EFO_0003924; EFO_0004279; OBA_0002313; OBA_2045282","facial pigmentation; hair color; strand of hair color; suntan","Blond vs non-blond hair color; Blond vs. brown hair color; Blond vs. brown/black hair color; Brown vs. black hair color; Brown vs. non-brown hair color; Facial skin colour (CIELAB index L* value); Facial skin colour (CIELAB index b* value); Hair color; Light vs. dark hair color; Low tan response","broad; strict","","https://pubmed.ncbi.nlm.nih.gov/17952075/; https://pubmed.ncbi.nlm.nih.gov/23548203/; https://pubmed.ncbi.nlm.nih.gov/26184321/; https://pubmed.ncbi.nlm.nih.gov/29662168/; https://pubmed.ncbi.nlm.nih.gov/29739929/; https://pubmed.ncbi.nlm.nih.gov/30531825/; https://pubmed.ncbi.nlm.nih.gov/30595370/; https://pubmed.ncbi.nlm.nih.gov/34648798/; https://pubmed.ncbi.nlm.nih.gov/34737440/","https://www.ebi.ac.uk/gwas/studies/GCST000118; https://www.ebi.ac.uk/gwas/studies/GCST001932; https://www.ebi.ac.uk/gwas/studies/GCST003021; https://www.ebi.ac.uk/gwas/studies/GCST003022; https://www.ebi.ac.uk/gwas/studies/GCST003023; https://www.ebi.ac.uk/gwas/studies/GCST005897; https://www.ebi.ac.uk/gwas/studies/GCST006075; https://www.ebi.ac.uk/gwas/studies/GCST006988; https://www.ebi.ac.uk/gwas/studies/GCST006989; https://www.ebi.ac.uk/gwas/studies/GCST007082; https://www.ebi.ac.uk/gwas/studies/GCST90020054; https://www.ebi.ac.uk/gwas/studies/GCST90020056; https://www.ebi.ac.uk/gwas/studies/GCST90095476"
"B","pigmentation","LINC02674","GWAS only","","","","","","","6","29739929; 29895819; 30595370; 30664655; 32835660; 36536295","8","GCST005897; GCST006091; GCST007086; GCST007451; GCST007452; GCST90002283; GCST90002284; GCST90246327","10","EFO_0003963; EFO_0004279; EFO_0009764; MONDO_0005326; OBA_0002313; OBA_2045282; OBA_VT0002095","eye colour measurement; facial pigmentation; freckles; skin pigmentation; strand of hair color; sunburn; suntan","Facial pigmentation measurement (UV light); Facial pigmentation measurement (polar light); Freckles; Low tan response; Skin pigmentation; Skin reflectance; Skin, hair and eye pigmentation (multivariate analysis); Sunburns","broad; strict","","https://pubmed.ncbi.nlm.nih.gov/29739929/; https://pubmed.ncbi.nlm.nih.gov/29895819/; https://pubmed.ncbi.nlm.nih.gov/30595370/; https://pubmed.ncbi.nlm.nih.gov/30664655/; https://pubmed.ncbi.nlm.nih.gov/32835660/; https://pubmed.ncbi.nlm.nih.gov/36536295/","https://www.ebi.ac.uk/gwas/studies/GCST005897; https://www.ebi.ac.uk/gwas/studies/GCST006091; https://www.ebi.ac.uk/gwas/studies/GCST007086; https://www.ebi.ac.uk/gwas/studies/GCST007451; https://www.ebi.ac.uk/gwas/studies/GCST007452; https://www.ebi.ac.uk/gwas/studies/GCST90002283; https://www.ebi.ac.uk/gwas/studies/GCST90002284; https://www.ebi.ac.uk/gwas/studies/GCST90246327"
"B","pigmentation","LINC02728","GWAS only","","","","","","","2","29662168; 30595370","2","GCST006075; GCST007082","2","OBA_0002313","strand of hair color","Hair color","strict","","https://pubmed.ncbi.nlm.nih.gov/29662168/; https://pubmed.ncbi.nlm.nih.gov/30595370/","https://www.ebi.ac.uk/gwas/studies/GCST006075; https://www.ebi.ac.uk/gwas/studies/GCST007082"
"B","pigmentation","LINC02751","GWAS only","","","","","","","3","30531825; 30595370; 33692100","3","GCST006988; GCST007082; GCST012219","4","EFO_0003924; EFO_0003949; OBA_0002313","eye color; hair color; strand of hair color","Blond vs. brown/black hair color; Eye color; Hair color","strict","","https://pubmed.ncbi.nlm.nih.gov/30531825/; https://pubmed.ncbi.nlm.nih.gov/30595370/; https://pubmed.ncbi.nlm.nih.gov/33692100/","https://www.ebi.ac.uk/gwas/studies/GCST006988; https://www.ebi.ac.uk/gwas/studies/GCST007082; https://www.ebi.ac.uk/gwas/studies/GCST012219"
"B","pigmentation","LINC02756","GWAS only","","","","","","","2","30595370; 32341527","2","GCST007082; GCST010302","2","EFO_0003924; OBA_0002313","hair color; strand of hair color","Cutaneous melanoma or hair colour; Hair color","strict","","https://pubmed.ncbi.nlm.nih.gov/30595370/; https://pubmed.ncbi.nlm.nih.gov/32341527/","https://www.ebi.ac.uk/gwas/studies/GCST007082; https://www.ebi.ac.uk/gwas/studies/GCST010302"
"B","pigmentation","LINC02917","GWAS only","","","","","","","2","30531825; 30595370","2","GCST006988; GCST007082","2","EFO_0003924; OBA_0002313","hair color; strand of hair color","Blond vs. brown/black hair color; Hair color","strict","","https://pubmed.ncbi.nlm.nih.gov/30531825/; https://pubmed.ncbi.nlm.nih.gov/30595370/","https://www.ebi.ac.uk/gwas/studies/GCST006988; https://www.ebi.ac.uk/gwas/studies/GCST007082"
"B","pigmentation","LINC02932","GWAS only","","","","","","","2","30531825; 30595370","2","GCST006988; GCST007082","3","EFO_0003924; OBA_0002313","hair color; strand of hair color","Blond vs. brown/black hair color; Hair color","strict","","https://pubmed.ncbi.nlm.nih.gov/30531825/; https://pubmed.ncbi.nlm.nih.gov/30595370/","https://www.ebi.ac.uk/gwas/studies/GCST006988; https://www.ebi.ac.uk/gwas/studies/GCST007082"
"B","pigmentation","LINC03066","GWAS only","","","","","","","2","29739929; 30595370","3","GCST005897; GCST007082; GCST007086","3","EFO_0004279; MONDO_0005326; OBA_0002313","strand of hair color; sunburn; suntan","Hair color; Low tan response; Sunburns","broad; strict","","https://pubmed.ncbi.nlm.nih.gov/29739929/; https://pubmed.ncbi.nlm.nih.gov/30595370/","https://www.ebi.ac.uk/gwas/studies/GCST005897; https://www.ebi.ac.uk/gwas/studies/GCST007082; https://www.ebi.ac.uk/gwas/studies/GCST007086"
"B","pigmentation","LNCBRM","GWAS only","","","","","","","2","30595370; 42586059","4","GCST007082; GCST90854270; GCST90854271; GCST90854272","4","OBA_0002313; OBA_VT0002095","skin pigmentation; strand of hair color","Hair color; Skin color in blue band; Skin color in green band; Skin color in red band","strict","","https://pubmed.ncbi.nlm.nih.gov/30595370/; https://pubmed.ncbi.nlm.nih.gov/42586059/","https://www.ebi.ac.uk/gwas/studies/GCST007082; https://www.ebi.ac.uk/gwas/studies/GCST90854270; https://www.ebi.ac.uk/gwas/studies/GCST90854271; https://www.ebi.ac.uk/gwas/studies/GCST90854272"
"B","pigmentation","LRMDA","OMIM only","615179","615179","614537","ALBINISM, OCULOCUTANEOUS, TYPE VII; OCA7","Hair color; Hypopigmentation disorder","D’Arcy and Kiel (2023); Needle et al. (2025)","","","","","","","","","","https://omim.org/entry/615179","",""
"B","pigmentation","LURAP1L-AS1","GWAS only","","","","","","","12","18488028; 22556244; 23548203; 29662168; 29739929; 30166351; 30531825; 30595370; 30664655; 32341527; 33692100; 36672889","17","GCST000192; GCST001507; GCST001929; GCST005897; GCST006075; GCST006988; GCST007082; GCST007086; GCST007453; GCST007455; GCST007457; GCST007489; GCST010302; GCST012219; GCST90255684; GCST90255688; GCST90255689","22","EFO_0003924; EFO_0003949; EFO_0004279; EFO_0009764; MONDO_0005326; OBA_0002313; OBA_VT0002095","eye color; eye colour measurement; hair color; skin pigmentation; strand of hair color; sunburn; suntan","Blond vs. brown/black hair color; Blue vs. green eyes; Cutaneous melanoma or hair colour; Eye color; Eye color (brightness); Eye color (saturation); Eye color traits; Hair color; Low tan response; Skin color (Fitzpatrick scale); Skin phototype score; Sunburns","broad; strict","","https://pubmed.ncbi.nlm.nih.gov/18488028/; https://pubmed.ncbi.nlm.nih.gov/22556244/; https://pubmed.ncbi.nlm.nih.gov/23548203/; https://pubmed.ncbi.nlm.nih.gov/29662168/; https://pubmed.ncbi.nlm.nih.gov/29739929/; https://pubmed.ncbi.nlm.nih.gov/30166351/; https://pubmed.ncbi.nlm.nih.gov/30531825/; https://pubmed.ncbi.nlm.nih.gov/30595370/; https://pubmed.ncbi.nlm.nih.gov/30664655/; https://pubmed.ncbi.nlm.nih.gov/32341527/; https://pubmed.ncbi.nlm.nih.gov/33692100/; https://pubmed.ncbi.nlm.nih.gov/36672889/","https://www.ebi.ac.uk/gwas/studies/GCST000192; https://www.ebi.ac.uk/gwas/studies/GCST001507; https://www.ebi.ac.uk/gwas/studies/GCST001929; https://www.ebi.ac.uk/gwas/studies/GCST005897; https://www.ebi.ac.uk/gwas/studies/GCST006075; https://www.ebi.ac.uk/gwas/studies/GCST006988; https://www.ebi.ac.uk/gwas/studies/GCST007082; https://www.ebi.ac.uk/gwas/studies/GCST007086; https://www.ebi.ac.uk/gwas/studies/GCST007453; https://www.ebi.ac.uk/gwas/studies/GCST007455; https://www.ebi.ac.uk/gwas/studies/GCST007457; https://www.ebi.ac.uk/gwas/studies/GCST007489; https://www.ebi.ac.uk/gwas/studies/GCST010302; https://www.ebi.ac.uk/gwas/studies/GCST012219; https://www.ebi.ac.uk/gwas/studies/GCST90255684; https://www.ebi.ac.uk/gwas/studies/GCST90255688; https://www.ebi.ac.uk/gwas/studies/GCST90255689"
"B","pigmentation","LYST","OMIM only","214500","214500","606897","CHEDIAK-HIGASHI SYNDROME; CHS","Hypopigmentation disorder","D’Arcy and Kiel (2023)","","","","","","","","","","https://omim.org/entry/214500","",""
"B","pigmentation","LYZL1","GWAS only","","","","","","","2","30595370; 30895295","3","GCST007082; GCST007740; GCST007741","3","EFO_0009764; OBA_0002313","eye colour measurement; strand of hair color","Hair color; Iris color (a* coordinate); Iris color (b* coordinate)","strict","","https://pubmed.ncbi.nlm.nih.gov/30595370/; https://pubmed.ncbi.nlm.nih.gov/30895295/","https://www.ebi.ac.uk/gwas/studies/GCST007082; https://www.ebi.ac.uk/gwas/studies/GCST007740; https://www.ebi.ac.uk/gwas/studies/GCST007741"
"B","pigmentation","MAP2K1","OMIM only","615279","615279","176872","CARDIOFACIOCUTANEOUS SYNDROME 3; CFC3","Hyperpigmentation disorder","D’Arcy and Kiel (2023)","","","","","","","","","","https://omim.org/entry/615279","",""
"B","pigmentation","MAP3K1","GWAS only","","","","","","","3","30531825; 30595370; 32341527","4","GCST006988; GCST006989; GCST007082; GCST010302","4","EFO_0003924; OBA_0002313","hair color; strand of hair color","Blond vs. brown/black hair color; Brown vs. black hair color; Cutaneous melanoma or hair colour; Hair color","strict","","https://pubmed.ncbi.nlm.nih.gov/30531825/; https://pubmed.ncbi.nlm.nih.gov/30595370/; https://pubmed.ncbi.nlm.nih.gov/32341527/","https://www.ebi.ac.uk/gwas/studies/GCST006988; https://www.ebi.ac.uk/gwas/studies/GCST006989; https://www.ebi.ac.uk/gwas/studies/GCST007082; https://www.ebi.ac.uk/gwas/studies/GCST010302"
"B","pigmentation","MARK3","GWAS only","","","","","","","3","30531825; 30595370; 32341527","3","GCST006988; GCST007082; GCST010302","3","EFO_0003924; OBA_0002313","hair color; strand of hair color","Blond vs. brown/black hair color; Cutaneous melanoma or hair colour; Hair color","strict","","https://pubmed.ncbi.nlm.nih.gov/30531825/; https://pubmed.ncbi.nlm.nih.gov/30595370/; https://pubmed.ncbi.nlm.nih.gov/32341527/","https://www.ebi.ac.uk/gwas/studies/GCST006988; https://www.ebi.ac.uk/gwas/studies/GCST007082; https://www.ebi.ac.uk/gwas/studies/GCST010302"
"B","pigmentation","MC1R","Shared","203200; 266300","203200; 266300","155555","ALBINISM, OCULOCUTANEOUS, TYPE II; OCA2; SKIN/HAIR/EYE PIGMENTATION, VARIATION IN, 2; SHEP2","Hair color; Hair color; Hypopigmentation disorder","D’Arcy and Kiel (2023); Needle et al. (2025); Needle et al. (2025)","12","17952075; 23548203; 29662168; 30166351; 30531825; 30595370; 30664655; 32835660; 34737426; 34737440; 36536295; 36672889","28","GCST000115; GCST000116; GCST000118; GCST000119; GCST001932; GCST001933; GCST001939; GCST006075; GCST006986; GCST006988; GCST006989; GCST007086; GCST007452; GCST007486; GCST007488; GCST90002283; GCST90002284; GCST90041837; GCST90041839; GCST90095476; GCST90095478; GCST90246327; GCST90255681; GCST90255685; GCST90255687; GCST90255688; GCST90255689; GCST90255690","69","EFO_0003924; EFO_0003963; EFO_0004279; MONDO_0005326; MONDO_0005434; OBA_0002313; OBA_2045282; OBA_VT0002095","facial pigmentation; freckles; hair color; skin pigmentation; skin sensitivity to sun; strand of hair color; sunburn; suntan","Blond vs. brown hair color; Blond vs. brown/black hair color; Brown vs. black hair color; Ease of skin tanning; Facial pigmentation measurement (UV light); Facial pigmentation measurement (polar light); Freckles; Hair color; Hair colour (natural, before greying): Dark brown (UKB data field 1747_4); Hair colour (natural, before greying): Red (UKB data field 1747_2); Hair morphology traits; Red vs non-red hair color; Red vs. brown/black hair color; Skin color; Skin color (Fitzpatrick scale); Skin phototype score; Skin pigmentation; Skin pigmentation traits; Skin reflectance; Skin sensitivity to sun; Sunburns; Tanning","broad; strict","https://omim.org/entry/203200; https://omim.org/entry/266300","https://pubmed.ncbi.nlm.nih.gov/17952075/; https://pubmed.ncbi.nlm.nih.gov/23548203/; https://pubmed.ncbi.nlm.nih.gov/29662168/; https://pubmed.ncbi.nlm.nih.gov/30166351/; https://pubmed.ncbi.nlm.nih.gov/30531825/; https://pubmed.ncbi.nlm.nih.gov/30595370/; https://pubmed.ncbi.nlm.nih.gov/30664655/; https://pubmed.ncbi.nlm.nih.gov/32835660/; https://pubmed.ncbi.nlm.nih.gov/34737426/; https://pubmed.ncbi.nlm.nih.gov/34737440/; https://pubmed.ncbi.nlm.nih.gov/36536295/; https://pubmed.ncbi.nlm.nih.gov/36672889/","https://www.ebi.ac.uk/gwas/studies/GCST000115; https://www.ebi.ac.uk/gwas/studies/GCST000116; https://www.ebi.ac.uk/gwas/studies/GCST000118; https://www.ebi.ac.uk/gwas/studies/GCST000119; https://www.ebi.ac.uk/gwas/studies/GCST001932; https://www.ebi.ac.uk/gwas/studies/GCST001933; https://www.ebi.ac.uk/gwas/studies/GCST001939; https://www.ebi.ac.uk/gwas/studies/GCST006075; https://www.ebi.ac.uk/gwas/studies/GCST006986; https://www.ebi.ac.uk/gwas/studies/GCST006988; https://www.ebi.ac.uk/gwas/studies/GCST006989; https://www.ebi.ac.uk/gwas/studies/GCST007086; https://www.ebi.ac.uk/gwas/studies/GCST007452; https://www.ebi.ac.uk/gwas/studies/GCST007486; https://www.ebi.ac.uk/gwas/studies/GCST007488; https://www.ebi.ac.uk/gwas/studies/GCST90002283; https://www.ebi.ac.uk/gwas/studies/GCST90002284; https://www.ebi.ac.uk/gwas/studies/GCST90041837; https://www.ebi.ac.uk/gwas/studies/GCST90041839; https://www.ebi.ac.uk/gwas/studies/GCST90095476; https://www.ebi.ac.uk/gwas/studies/GCST90095478; https://www.ebi.ac.uk/gwas/studies/GCST90246327; https://www.ebi.ac.uk/gwas/studies/GCST90255681; https://www.ebi.ac.uk/gwas/studies/GCST90255685; https://www.ebi.ac.uk/gwas/studies/GCST90255687; https://www.ebi.ac.uk/gwas/studies/GCST90255688; https://www.ebi.ac.uk/gwas/studies/GCST90255689; https://www.ebi.ac.uk/gwas/studies/GCST90255690"
"B","pigmentation","MC2R","OMIM only","202200","202200","607397","GLUCOCORTICOID DEFICIENCY 1; GCCD1","Hyperpigmentation disorder","D’Arcy and Kiel (2023)","","","","","","","","","","https://omim.org/entry/202200","",""
"B","pigmentation","MCM4","OMIM only","609981","609981","602638","IMMUNODEFICIENCY 54; IMD54","Hyperpigmentation disorder","D’Arcy and Kiel (2023)","","","","","","","","","","https://omim.org/entry/609981","",""
"B","pigmentation","MED13L","GWAS only","","","","","","","2","30531825; 32341527","2","GCST006988; GCST010302","2","EFO_0003924","hair color","Blond vs. brown/black hair color; Cutaneous melanoma or hair colour","strict","","https://pubmed.ncbi.nlm.nih.gov/30531825/; https://pubmed.ncbi.nlm.nih.gov/32341527/","https://www.ebi.ac.uk/gwas/studies/GCST006988; https://www.ebi.ac.uk/gwas/studies/GCST010302"
"B","pigmentation","MEN1","OMIM only","131100","131100","613733","MULTIPLE ENDOCRINE NEOPLASIA, TYPE I; MEN1","Mixed hypo- & hyperpigmentation disorder","D’Arcy and Kiel (2023)","","","","","","","","","","https://omim.org/entry/131100","",""
"B","pigmentation","MFSD12","GWAS only","","","","","","","4","30664655; 31315583; 32835660; 42586059","6","GCST007452; GCST008516; GCST008519; GCST90002283; GCST90002284; GCST90854270","7","OBA_2045282; OBA_VT0002095","facial pigmentation; skin pigmentation","Facial pigmentation measurement (UV light); Facial pigmentation measurement (polar light); Skin color in red band; Skin pigmentation; Skin pigmentation (conditioned on rs1426654 and rs35397)","strict","","https://pubmed.ncbi.nlm.nih.gov/30664655/; https://pubmed.ncbi.nlm.nih.gov/31315583/; https://pubmed.ncbi.nlm.nih.gov/32835660/; https://pubmed.ncbi.nlm.nih.gov/42586059/","https://www.ebi.ac.uk/gwas/studies/GCST007452; https://www.ebi.ac.uk/gwas/studies/GCST008516; https://www.ebi.ac.uk/gwas/studies/GCST008519; https://www.ebi.ac.uk/gwas/studies/GCST90002283; https://www.ebi.ac.uk/gwas/studies/GCST90002284; https://www.ebi.ac.uk/gwas/studies/GCST90854270"
"B","pigmentation","MFSD12-AS1","GWAS only","","","","","","","3","30664655; 32835660; 42586059","4","GCST007452; GCST90002283; GCST90002284; GCST90854270","4","OBA_2045282; OBA_VT0002095","facial pigmentation; skin pigmentation","Facial pigmentation measurement (UV light); Facial pigmentation measurement (polar light); Skin color in red band; Skin pigmentation","strict","","https://pubmed.ncbi.nlm.nih.gov/30664655/; https://pubmed.ncbi.nlm.nih.gov/32835660/; https://pubmed.ncbi.nlm.nih.gov/42586059/","https://www.ebi.ac.uk/gwas/studies/GCST007452; https://www.ebi.ac.uk/gwas/studies/GCST90002283; https://www.ebi.ac.uk/gwas/studies/GCST90002284; https://www.ebi.ac.uk/gwas/studies/GCST90854270"
"B","pigmentation","MIR155HG","GWAS only","","","","","","","2","30531825; 30595370","2","GCST006988; GCST007082","2","EFO_0003924; OBA_0002313","hair color; strand of hair color","Blond vs. brown/black hair color; Hair color","strict","","https://pubmed.ncbi.nlm.nih.gov/30531825/; https://pubmed.ncbi.nlm.nih.gov/30595370/","https://www.ebi.ac.uk/gwas/studies/GCST006988; https://www.ebi.ac.uk/gwas/studies/GCST007082"
"B","pigmentation","MIR4268","GWAS only","","","","","","","3","29662168; 30531825; 30595370","4","GCST006075; GCST006988; GCST006989; GCST007082","11","EFO_0003924; OBA_0002313","hair color; strand of hair color","Blond vs. brown/black hair color; Brown vs. black hair color; Hair color","strict","","https://pubmed.ncbi.nlm.nih.gov/29662168/; https://pubmed.ncbi.nlm.nih.gov/30531825/; https://pubmed.ncbi.nlm.nih.gov/30595370/","https://www.ebi.ac.uk/gwas/studies/GCST006075; https://www.ebi.ac.uk/gwas/studies/GCST006988; https://www.ebi.ac.uk/gwas/studies/GCST006989; https://www.ebi.ac.uk/gwas/studies/GCST007082"
"B","pigmentation","MIR663AHG","GWAS only","","","","","","","2","30595370; 32341527","2","GCST007086; GCST010302","2","EFO_0003924; MONDO_0005326","hair color; sunburn","Cutaneous melanoma or hair colour; Sunburns","broad; strict","","https://pubmed.ncbi.nlm.nih.gov/30595370/; https://pubmed.ncbi.nlm.nih.gov/32341527/","https://www.ebi.ac.uk/gwas/studies/GCST007086; https://www.ebi.ac.uk/gwas/studies/GCST010302"
"B","pigmentation","MITF","Shared","103500; 193510; 608890","103500; 193510","156845","TIETZ ALBINISM-DEAFNESS SYNDROME; TADS; WAARDENBURG SYNDROME, TYPE 2A; WS2A","Hypopigmentation disorder","D’Arcy and Kiel (2023)","2","30531825; 30595370","2","GCST006988; GCST007082","2","EFO_0003924; OBA_0002313","hair color; strand of hair color","Blond vs. brown/black hair color; Hair color","strict","https://omim.org/entry/103500; https://omim.org/entry/193510","https://pubmed.ncbi.nlm.nih.gov/30531825/; https://pubmed.ncbi.nlm.nih.gov/30595370/","https://www.ebi.ac.uk/gwas/studies/GCST006988; https://www.ebi.ac.uk/gwas/studies/GCST007082"
"B","pigmentation","MLANA","GWAS only","","","","","","","2","30595370; 34737426","2","GCST007082; GCST90041836","2","OBA_0002313","strand of hair color","Hair color; Hair colour (natural, before greying): Blonde (UKB data field 1747_1)","strict","","https://pubmed.ncbi.nlm.nih.gov/30595370/; https://pubmed.ncbi.nlm.nih.gov/34737426/","https://www.ebi.ac.uk/gwas/studies/GCST007082; https://www.ebi.ac.uk/gwas/studies/GCST90041836"
"B","pigmentation","MLH1","OMIM only","276300","276300","120436","MISMATCH REPAIR CANCER SYNDROME 1; MMRCS1","Mixed hypo- & hyperpigmentation disorder","D’Arcy and Kiel (2023)","","","","","","","","","","https://omim.org/entry/276300","",""
"B","pigmentation","MLPH","OMIM only","609227","609227","606526","GRISCELLI SYNDROME, TYPE 3; GS3","Hypopigmentation disorder","D’Arcy and Kiel (2023)","","","","","","","","","","https://omim.org/entry/609227","",""
"B","pigmentation","MRAP","OMIM only","607398","607398","609196","GLUCOCORTICOID DEFICIENCY 2; GCCD2","Hyperpigmentation disorder","D’Arcy and Kiel (2023)","","","","","","","","","","https://omim.org/entry/607398","",""
"B","pigmentation","MRAS","GWAS only","","","","","","","2","30531825; 30595370","2","GCST006988; GCST007082","2","EFO_0003924; OBA_0002313","hair color; strand of hair color","Blond vs. brown/black hair color; Hair color","strict","","https://pubmed.ncbi.nlm.nih.gov/30531825/; https://pubmed.ncbi.nlm.nih.gov/30595370/","https://www.ebi.ac.uk/gwas/studies/GCST006988; https://www.ebi.ac.uk/gwas/studies/GCST007082"
"B","pigmentation","MRPL45P1","GWAS only","","","","","","","2","30531825; 30595370","2","GCST006988; GCST007082","2","EFO_0003924; OBA_0002313","hair color; strand of hair color","Blond vs. brown/black hair color; Hair color","strict","","https://pubmed.ncbi.nlm.nih.gov/30531825/; https://pubmed.ncbi.nlm.nih.gov/30595370/","https://www.ebi.ac.uk/gwas/studies/GCST006988; https://www.ebi.ac.uk/gwas/studies/GCST007082"
"B","pigmentation","MSH2","OMIM only","619096","619096","609309","MISMATCH REPAIR CANCER SYNDROME 2; MMRCS2","Hyperpigmentation disorder","D’Arcy and Kiel (2023)","","","","","","","","","","https://omim.org/entry/619096","",""
"B","pigmentation","MSH6","OMIM only","619097","619097","600678","MISMATCH REPAIR CANCER SYNDROME 3; MMRCS3","Hyperpigmentation disorder","D’Arcy and Kiel (2023)","","","","","","","","","","https://omim.org/entry/619097","",""
"B","pigmentation","MSI2","GWAS only","","","","","","","3","29895819; 30531825; 30595370","3","GCST006091; GCST006988; GCST007082","3","EFO_0003924; EFO_0003963; OBA_0002313","freckles; hair color; strand of hair color","Blond vs. brown/black hair color; Freckles; Hair color","broad; strict","","https://pubmed.ncbi.nlm.nih.gov/29895819/; https://pubmed.ncbi.nlm.nih.gov/30531825/; https://pubmed.ncbi.nlm.nih.gov/30595370/","https://www.ebi.ac.uk/gwas/studies/GCST006091; https://www.ebi.ac.uk/gwas/studies/GCST006988; https://www.ebi.ac.uk/gwas/studies/GCST007082"
"B","pigmentation","MSX2","GWAS only","","","","","","","2","30531825; 30595370","2","GCST006988; GCST007082","2","EFO_0003924; OBA_0002313","hair color; strand of hair color","Blond vs. brown/black hair color; Hair color","strict","","https://pubmed.ncbi.nlm.nih.gov/30531825/; https://pubmed.ncbi.nlm.nih.gov/30595370/","https://www.ebi.ac.uk/gwas/studies/GCST006988; https://www.ebi.ac.uk/gwas/studies/GCST007082"
"B","pigmentation","MTCO1P57","GWAS only","","","","","","","2","29109912; 30895295","3","GCST005093; GCST007741; GCST007742","3","EFO_0003949; EFO_0009764","eye color; eye colour measurement","Iris color (a* coordinate); Iris color (b* coordinate); Iris heterochromicity","strict","","https://pubmed.ncbi.nlm.nih.gov/29109912/; https://pubmed.ncbi.nlm.nih.gov/30895295/","https://www.ebi.ac.uk/gwas/studies/GCST005093; https://www.ebi.ac.uk/gwas/studies/GCST007741; https://www.ebi.ac.uk/gwas/studies/GCST007742"
"B","pigmentation","MTCO3P41","GWAS only","","","","","","","2","29109912; 30895295","3","GCST005093; GCST007741; GCST007742","3","EFO_0003949; EFO_0009764","eye color; eye colour measurement","Iris color (a* coordinate); Iris color (b* coordinate); Iris heterochromicity","strict","","https://pubmed.ncbi.nlm.nih.gov/29109912/; https://pubmed.ncbi.nlm.nih.gov/30895295/","https://www.ebi.ac.uk/gwas/studies/GCST005093; https://www.ebi.ac.uk/gwas/studies/GCST007741; https://www.ebi.ac.uk/gwas/studies/GCST007742"
"B","pigmentation","MTERF1","GWAS only","","","","","","","2","30531825; 30595370","2","GCST006988; GCST007082","2","EFO_0003924; OBA_0002313","hair color; strand of hair color","Blond vs. brown/black hair color; Hair color","strict","","https://pubmed.ncbi.nlm.nih.gov/30531825/; https://pubmed.ncbi.nlm.nih.gov/30595370/","https://www.ebi.ac.uk/gwas/studies/GCST006988; https://www.ebi.ac.uk/gwas/studies/GCST007082"
"B","pigmentation","MYADML2","GWAS only","","","","","","","2","30531825; 30595370","2","GCST006988; GCST007082","2","EFO_0003924; OBA_0002313","hair color; strand of hair color","Blond vs. brown/black hair color; Hair color","strict","","https://pubmed.ncbi.nlm.nih.gov/30531825/; https://pubmed.ncbi.nlm.nih.gov/30595370/","https://www.ebi.ac.uk/gwas/studies/GCST006988; https://www.ebi.ac.uk/gwas/studies/GCST007082"
"B","pigmentation","MYEF2","GWAS only","","","","","","","2","29195075; 30595370","2","GCST005188; GCST007082","2","OBA_0002313; OBA_VT0002095","skin pigmentation; strand of hair color","Hair color; Skin pigmentation","strict","","https://pubmed.ncbi.nlm.nih.gov/29195075/; https://pubmed.ncbi.nlm.nih.gov/30595370/","https://www.ebi.ac.uk/gwas/studies/GCST005188; https://www.ebi.ac.uk/gwas/studies/GCST007082"
"B","pigmentation","MYH7B","GWAS only","","","","","","","2","29739929; 30595370","2","GCST005897; GCST007082","2","EFO_0004279; OBA_0002313","strand of hair color; suntan","Hair color; Low tan response","broad; strict","","https://pubmed.ncbi.nlm.nih.gov/29739929/; https://pubmed.ncbi.nlm.nih.gov/30595370/","https://www.ebi.ac.uk/gwas/studies/GCST005897; https://www.ebi.ac.uk/gwas/studies/GCST007082"
"B","pigmentation","MYH8","OMIM only","608837","608837","160741","CARNEY COMPLEX VARIANT","Hyperpigmentation disorder","D’Arcy and Kiel (2023)","","","","","","","","","","https://omim.org/entry/608837","",""
"B","pigmentation","MYO1B-AS1","GWAS only","","","","","","","2","30531825; 30595370","2","GCST006988; GCST007082","2","EFO_0003924; OBA_0002313","hair color; strand of hair color","Blond vs. brown/black hair color; Hair color","strict","","https://pubmed.ncbi.nlm.nih.gov/30531825/; https://pubmed.ncbi.nlm.nih.gov/30595370/","https://www.ebi.ac.uk/gwas/studies/GCST006988; https://www.ebi.ac.uk/gwas/studies/GCST007082"
"B","pigmentation","MYO5A","OMIM only","214450","214450","160777","GRISCELLI SYNDROME, TYPE 1; GS1","Hypopigmentation disorder","D’Arcy and Kiel (2023)","","","","","","","","","","https://omim.org/entry/214450","",""
"B","pigmentation","Metazoa_SRP","GWAS only","","","","","","","3","30595370; 30895295; 32341527","3","GCST007082; GCST007741; GCST010302","4","EFO_0003924; EFO_0009764; OBA_0002313","eye colour measurement; hair color; strand of hair color","Cutaneous melanoma or hair colour; Hair color; Iris color (b* coordinate)","strict","","https://pubmed.ncbi.nlm.nih.gov/30595370/; https://pubmed.ncbi.nlm.nih.gov/30895295/; https://pubmed.ncbi.nlm.nih.gov/32341527/","https://www.ebi.ac.uk/gwas/studies/GCST007082; https://www.ebi.ac.uk/gwas/studies/GCST007741; https://www.ebi.ac.uk/gwas/studies/GCST010302"
"B","pigmentation","NBN","OMIM only","251260","251260","602667","NIJMEGEN BREAKAGE SYNDROME; NBS","Mixed hypo- & hyperpigmentation disorder","D’Arcy and Kiel (2023)","","","","","","","","","","https://omim.org/entry/251260","",""
"B","pigmentation","NCOA6","GWAS only","","","","","","","2","29739929; 36672889","2","GCST005897; GCST90255688","2","EFO_0004279; OBA_VT0002095","skin pigmentation; suntan","Low tan response; Skin phototype score","broad; strict","","https://pubmed.ncbi.nlm.nih.gov/29739929/; https://pubmed.ncbi.nlm.nih.gov/36672889/","https://www.ebi.ac.uk/gwas/studies/GCST005897; https://www.ebi.ac.uk/gwas/studies/GCST90255688"
"B","pigmentation","NEK6","GWAS only","","","","","","","3","29662168; 30531825; 30595370","3","GCST006075; GCST006988; GCST007082","7","EFO_0003924; OBA_0002313","hair color; strand of hair color","Blond vs. brown/black hair color; Hair color","strict","","https://pubmed.ncbi.nlm.nih.gov/29662168/; https://pubmed.ncbi.nlm.nih.gov/30531825/; https://pubmed.ncbi.nlm.nih.gov/30595370/","https://www.ebi.ac.uk/gwas/studies/GCST006075; https://www.ebi.ac.uk/gwas/studies/GCST006988; https://www.ebi.ac.uk/gwas/studies/GCST007082"
"B","pigmentation","NF1","OMIM only","162200; 193520","162200; 193520","613113","NEUROFIBROMATOSIS, TYPE I; NF1; WATSON SYNDROME; WTSN","Hyperpigmentation disorder","D’Arcy and Kiel (2023)","","","","","","","","","","https://omim.org/entry/162200; https://omim.org/entry/193520","",""
"B","pigmentation","NFIA","GWAS only","","","","","","","2","30531825; 30595370","2","GCST006988; GCST007082","2","EFO_0003924; OBA_0002313","hair color; strand of hair color","Blond vs. brown/black hair color; Hair color","strict","","https://pubmed.ncbi.nlm.nih.gov/30531825/; https://pubmed.ncbi.nlm.nih.gov/30595370/","https://www.ebi.ac.uk/gwas/studies/GCST006988; https://www.ebi.ac.uk/gwas/studies/GCST007082"
"B","pigmentation","NFIX","OMIM only","602535; 614753","602535; 614753","164005","MALAN SYNDROME; MALNS; MARSHALL-SMITH SYNDROME; MRSHSS","Hyperpigmentation disorder","D’Arcy and Kiel (2023)","","","","","","","","","","https://omim.org/entry/602535; https://omim.org/entry/614753","",""
"B","pigmentation","NHP2","OMIM only","613987","613987","606470","DYSKERATOSIS CONGENITA, AUTOSOMAL RECESSIVE 2; DKCB2","Hyperpigmentation disorder","D’Arcy and Kiel (2023)","","","","","","","","","","https://omim.org/entry/613987","",""
"B","pigmentation","NIPAL3","GWAS only","","","","","","","2","30595370; 32341527","2","GCST007082; GCST010302","2","EFO_0003924; OBA_0002313","hair color; strand of hair color","Cutaneous melanoma or hair colour; Hair color","strict","","https://pubmed.ncbi.nlm.nih.gov/30595370/; https://pubmed.ncbi.nlm.nih.gov/32341527/","https://www.ebi.ac.uk/gwas/studies/GCST007082; https://www.ebi.ac.uk/gwas/studies/GCST010302"
"B","pigmentation","NNT","OMIM only","614736","614736","607878","GLUCOCORTICOID DEFICIENCY 4 WITH OR WITHOUT MINERALOCORTICOID DEFICIENCY; GCCD4","Hyperpigmentation disorder","D’Arcy and Kiel (2023)","","","","","","","","","","https://omim.org/entry/614736","",""
"B","pigmentation","NOP10","OMIM only","224230","224230","606471","DYSKERATOSIS CONGENITA, AUTOSOMAL RECESSIVE 1; DKCB1","Hyperpigmentation disorder","D’Arcy and Kiel (2023)","","","","","","","","","","https://omim.org/entry/224230","",""
"B","pigmentation","NOX4","GWAS only","","","","","","","3","29739929; 30595370; 36672889","6","GCST005897; GCST007082; GCST007086; GCST90255688; GCST90255689; GCST90255690","6","EFO_0004279; MONDO_0005326; OBA_0002313; OBA_VT0002095","skin pigmentation; strand of hair color; sunburn; suntan","Hair color; Low tan response; Skin color; Skin color (Fitzpatrick scale); Skin phototype score; Sunburns","broad; strict","","https://pubmed.ncbi.nlm.nih.gov/29739929/; https://pubmed.ncbi.nlm.nih.gov/30595370/; https://pubmed.ncbi.nlm.nih.gov/36672889/","https://www.ebi.ac.uk/gwas/studies/GCST005897; https://www.ebi.ac.uk/gwas/studies/GCST007082; https://www.ebi.ac.uk/gwas/studies/GCST007086; https://www.ebi.ac.uk/gwas/studies/GCST90255688; https://www.ebi.ac.uk/gwas/studies/GCST90255689; https://www.ebi.ac.uk/gwas/studies/GCST90255690"
"B","pigmentation","NPLOC4","GWAS only","","","","","","","6","20463881; 30166351; 30531825; 30595370; 33692100; 38728357","7","GCST000685; GCST006986; GCST006989; GCST007082; GCST007486; GCST012219; GCST90939791","8","EFO_0003924; EFO_0003949; EFO_0009764; OBA_0002313","eye color; eye colour measurement; hair color; strand of hair color","Brown vs. black hair color; Eye color; Eye color traits; Hair color; Hair morphology traits; Red vs. brown/black hair color; Retina colour","strict","","https://pubmed.ncbi.nlm.nih.gov/20463881/; https://pubmed.ncbi.nlm.nih.gov/30166351/; https://pubmed.ncbi.nlm.nih.gov/30531825/; https://pubmed.ncbi.nlm.nih.gov/30595370/; https://pubmed.ncbi.nlm.nih.gov/33692100/; https://pubmed.ncbi.nlm.nih.gov/38728357/","https://www.ebi.ac.uk/gwas/studies/GCST000685; https://www.ebi.ac.uk/gwas/studies/GCST006986; https://www.ebi.ac.uk/gwas/studies/GCST006989; https://www.ebi.ac.uk/gwas/studies/GCST007082; https://www.ebi.ac.uk/gwas/studies/GCST007486; https://www.ebi.ac.uk/gwas/studies/GCST012219; https://www.ebi.ac.uk/gwas/studies/GCST90939791"
"B","pigmentation","NR0B1","OMIM only","300200","300200","300473","ADRENAL HYPOPLASIA, CONGENITAL; AHC","Hyperpigmentation disorder","D’Arcy and Kiel (2023)","","","","","","","","","","https://omim.org/entry/300200","",""
"B","pigmentation","NRAS","OMIM only","137550","137550","164790","MELANOCYTIC NEVUS SYNDROME, CONGENITAL; CMNS","Hyperpigmentation disorder","D’Arcy and Kiel (2023)","","","","","","","","","","https://omim.org/entry/137550","",""
"B","pigmentation","NSD1","OMIM only","117550","117550","606681","SOTOS SYNDROME; SOTOS","Hyperpigmentation disorder","D’Arcy and Kiel (2023)","","","","","","","","","","https://omim.org/entry/117550","",""
"B","pigmentation","NYAP2","GWAS only","","","","","","","2","30595370; 30895295","2","GCST007082; GCST007743","2","EFO_0009764; OBA_0002313","eye colour measurement; strand of hair color","Hair color; Iris color (L* coordinate)","strict","","https://pubmed.ncbi.nlm.nih.gov/30595370/; https://pubmed.ncbi.nlm.nih.gov/30895295/","https://www.ebi.ac.uk/gwas/studies/GCST007082; https://www.ebi.ac.uk/gwas/studies/GCST007743"
"B","pigmentation","OBI1-AS1","GWAS only","","","","","","","2","30595370; 34737440","2","GCST007082; GCST90095476","4","EFO_0003924; OBA_0002313","hair color; strand of hair color","Blond vs. brown/black hair color; Hair color","strict","","https://pubmed.ncbi.nlm.nih.gov/30595370/; https://pubmed.ncbi.nlm.nih.gov/34737440/","https://www.ebi.ac.uk/gwas/studies/GCST007082; https://www.ebi.ac.uk/gwas/studies/GCST90095476"
"B","pigmentation","OCA2","Shared","203200; 227220","203200; 227220","611409","ALBINISM, OCULOCUTANEOUS, TYPE II; OCA2; SKIN/HAIR/EYE PIGMENTATION, VARIATION IN, 1; SHEP1","Hair color; Hair color; Hypopigmentation disorder","D’Arcy and Kiel (2023); Needle et al. (2025); Needle et al. (2025)","21","18483556; 23548203; 26184321; 29109912; 29739929; 30166351; 30531825; 30595370; 30664655; 31315583; 33600456; 33692100; 34265127; 34570997; 34648798; 34737426; 34737440; 36536295; 36672889; 40010489; 42586059","49","GCST000190; GCST000191; GCST001929; GCST003020; GCST003021; GCST003022; GCST003023; GCST005093; GCST005094; GCST005096; GCST005897; GCST006988; GCST006989; GCST007082; GCST007086; GCST007451; GCST007452; GCST007453; GCST007455; GCST007456; GCST007457; GCST007488; GCST007489; GCST008516; GCST011355; GCST012219; GCST90020054; GCST90020056; GCST90026489; GCST90026490; GCST90041836; GCST90041838; GCST90041839; GCST90095476; GCST90100219; GCST90246327; GCST90255682; GCST90255683; GCST90255684; GCST90255686; GCST90255688; GCST90255689; GCST90255690; GCST90502780; GCST90502781; GCST90502784; GCST90502785; GCST90854270; GCST90854271","189","EFO_0003924; EFO_0003949; EFO_0004279; EFO_0009764; MONDO_0005326; MONDO_0005434; OBA_0002313; OBA_2045282; OBA_VT0002095","eye color; eye colour measurement; facial pigmentation; hair color; skin pigmentation; skin sensitivity to sun; strand of hair color; sunburn; suntan","Black vs. blond hair color; Black vs. red hair color; Blond vs non-blond hair color; Blond vs. brown/black hair color; Brown vs. black hair color; Brown vs. non-brown hair color; Ease of sunburn; Eye color; Eye color (brightness); Eye color (hue); Eye color (saturation); Eye color traits; Facial skin colour (CIELAB index L* value); Facial skin colour (CIELAB index b* value); Hair color; Hair colour (natural, before greying): Blonde (UKB data field 1747_1); Hair colour (natural, before greying): Dark brown (UKB data field 1747_4); Hair colour (natural, before greying): Light brown (UKB data field 1747_3); Iris color; Iris color (L* coordinate); Iris color (a* coordinate); Iris color (b* coordinate); Light vs. dark hair color; Low tan response; Red vs non-red hair color; Skin color; Skin color (Fitzpatrick scale); Skin color (cheek, ITA value); Skin color (cheek, L value); Skin color (forehead, ITA value); Skin color (forehead, L value); Skin color in green band; Skin color in red band; Skin phototype score; Skin pigmentation; Skin pigmentation (conditioned on rs1426654 and rs35397); Skin pigmentation traits; Skin reflectance; Skin reflectance (Melanin index); Skin, hair and eye pigmentation (multivariate analysis); Sunburn type; Sunburns","broad; strict","https://omim.org/entry/203200; https://omim.org/entry/227220","https://pubmed.ncbi.nlm.nih.gov/18483556/; https://pubmed.ncbi.nlm.nih.gov/23548203/; https://pubmed.ncbi.nlm.nih.gov/26184321/; https://pubmed.ncbi.nlm.nih.gov/29109912/; https://pubmed.ncbi.nlm.nih.gov/29739929/; https://pubmed.ncbi.nlm.nih.gov/30166351/; https://pubmed.ncbi.nlm.nih.gov/30531825/; https://pubmed.ncbi.nlm.nih.gov/30595370/; https://pubmed.ncbi.nlm.nih.gov/30664655/; https://pubmed.ncbi.nlm.nih.gov/31315583/; https://pubmed.ncbi.nlm.nih.gov/33600456/; https://pubmed.ncbi.nlm.nih.gov/33692100/; https://pubmed.ncbi.nlm.nih.gov/34265127/; https://pubmed.ncbi.nlm.nih.gov/34570997/; https://pubmed.ncbi.nlm.nih.gov/34648798/; https://pubmed.ncbi.nlm.nih.gov/34737426/; https://pubmed.ncbi.nlm.nih.gov/34737440/; https://pubmed.ncbi.nlm.nih.gov/36536295/; https://pubmed.ncbi.nlm.nih.gov/36672889/; https://pubmed.ncbi.nlm.nih.gov/40010489/; https://pubmed.ncbi.nlm.nih.gov/42586059/","https://www.ebi.ac.uk/gwas/studies/GCST000190; https://www.ebi.ac.uk/gwas/studies/GCST000191; https://www.ebi.ac.uk/gwas/studies/GCST001929; https://www.ebi.ac.uk/gwas/studies/GCST003020; https://www.ebi.ac.uk/gwas/studies/GCST003021; https://www.ebi.ac.uk/gwas/studies/GCST003022; https://www.ebi.ac.uk/gwas/studies/GCST003023; https://www.ebi.ac.uk/gwas/studies/GCST005093; https://www.ebi.ac.uk/gwas/studies/GCST005094; https://www.ebi.ac.uk/gwas/studies/GCST005096; https://www.ebi.ac.uk/gwas/studies/GCST005897; https://www.ebi.ac.uk/gwas/studies/GCST006988; https://www.ebi.ac.uk/gwas/studies/GCST006989; https://www.ebi.ac.uk/gwas/studies/GCST007082; https://www.ebi.ac.uk/gwas/studies/GCST007086; https://www.ebi.ac.uk/gwas/studies/GCST007451; https://www.ebi.ac.uk/gwas/studies/GCST007452; https://www.ebi.ac.uk/gwas/studies/GCST007453; https://www.ebi.ac.uk/gwas/studies/GCST007455; https://www.ebi.ac.uk/gwas/studies/GCST007456; https://www.ebi.ac.uk/gwas/studies/GCST007457; https://www.ebi.ac.uk/gwas/studies/GCST007488; https://www.ebi.ac.uk/gwas/studies/GCST007489; https://www.ebi.ac.uk/gwas/studies/GCST008516; https://www.ebi.ac.uk/gwas/studies/GCST011355; https://www.ebi.ac.uk/gwas/studies/GCST012219; https://www.ebi.ac.uk/gwas/studies/GCST90020054; https://www.ebi.ac.uk/gwas/studies/GCST90020056; https://www.ebi.ac.uk/gwas/studies/GCST90026489; https://www.ebi.ac.uk/gwas/studies/GCST90026490; https://www.ebi.ac.uk/gwas/studies/GCST90041836; https://www.ebi.ac.uk/gwas/studies/GCST90041838; https://www.ebi.ac.uk/gwas/studies/GCST90041839; https://www.ebi.ac.uk/gwas/studies/GCST90095476; https://www.ebi.ac.uk/gwas/studies/GCST90100219; https://www.ebi.ac.uk/gwas/studies/GCST90246327; https://www.ebi.ac.uk/gwas/studies/GCST90255682; https://www.ebi.ac.uk/gwas/studies/GCST90255683; https://www.ebi.ac.uk/gwas/studies/GCST90255684; https://www.ebi.ac.uk/gwas/studies/GCST90255686; https://www.ebi.ac.uk/gwas/studies/GCST90255688; https://www.ebi.ac.uk/gwas/studies/GCST90255689; https://www.ebi.ac.uk/gwas/studies/GCST90255690; https://www.ebi.ac.uk/gwas/studies/GCST90502780; https://www.ebi.ac.uk/gwas/studies/GCST90502781; https://www.ebi.ac.uk/gwas/studies/GCST90502784; https://www.ebi.ac.uk/gwas/studies/GCST90502785; https://www.ebi.ac.uk/gwas/studies/GCST90854270; https://www.ebi.ac.uk/gwas/studies/GCST90854271"
"B","pigmentation","OVOL1","GWAS only","","","","","","","2","30531825; 30595370","2","GCST006988; GCST007082","2","EFO_0003924; OBA_0002313","hair color; strand of hair color","Blond vs. brown/black hair color; Hair color","strict","","https://pubmed.ncbi.nlm.nih.gov/30531825/; https://pubmed.ncbi.nlm.nih.gov/30595370/","https://www.ebi.ac.uk/gwas/studies/GCST006988; https://www.ebi.ac.uk/gwas/studies/GCST007082"
"B","pigmentation","PABPN1L","GWAS only","","","","","","","2","34737426; 34737440","2","GCST90041837; GCST90095478","2","EFO_0003924; OBA_0002313","hair color; strand of hair color","Hair colour (natural, before greying): Red (UKB data field 1747_2); Red vs. brown/black hair color","strict","","https://pubmed.ncbi.nlm.nih.gov/34737426/; https://pubmed.ncbi.nlm.nih.gov/34737440/","https://www.ebi.ac.uk/gwas/studies/GCST90041837; https://www.ebi.ac.uk/gwas/studies/GCST90095478"
"B","pigmentation","PADI3","Shared","191480","191480","606755","UNCOMBABLE HAIR SYNDROME 1; UHS1","Hair color","Needle et al. (2025)","3","30531825; 30595370; 34737426","3","GCST006988; GCST007082; GCST90041836","4","EFO_0003924; OBA_0002313","hair color; strand of hair color","Blond vs. brown/black hair color; Hair color; Hair colour (natural, before greying): Blonde (UKB data field 1747_1)","strict","https://omim.org/entry/191480","https://pubmed.ncbi.nlm.nih.gov/30531825/; https://pubmed.ncbi.nlm.nih.gov/30595370/; https://pubmed.ncbi.nlm.nih.gov/34737426/","https://www.ebi.ac.uk/gwas/studies/GCST006988; https://www.ebi.ac.uk/gwas/studies/GCST007082; https://www.ebi.ac.uk/gwas/studies/GCST90041836"
"B","pigmentation","PAH","OMIM only","261600","261600","612349","PHENYLKETONURIA; PKU","Hypopigmentation disorder","D’Arcy and Kiel (2023)","","","","","","","","","","https://omim.org/entry/261600","",""
"B","pigmentation","PALB2","OMIM only","610832","610832","610355","FANCONI ANEMIA, COMPLEMENTATION GROUP N; FANCN","Mixed hypo- & hyperpigmentation disorder","D’Arcy and Kiel (2023)","","","","","","","","","","https://omim.org/entry/610832","",""
"B","pigmentation","PARN","OMIM only","616353","616353","604212","DYSKERATOSIS CONGENITA, AUTOSOMAL RECESSIVE 6; DKCB6","Hyperpigmentation disorder","D’Arcy and Kiel (2023)","","","","","","","","","","https://omim.org/entry/616353","",""
"B","pigmentation","PAX3","Shared","148820; 193500","148820; 193500","606597","WAARDENBURG SYNDROME, TYPE 1; WS1; WAARDENBURG SYNDROME, TYPE 3; WS3","Hypopigmentation disorder","D’Arcy and Kiel (2023)","2","30531825; 30595370","2","GCST006988; GCST007082","5","EFO_0003924; OBA_0002313","hair color; strand of hair color","Blond vs. brown/black hair color; Hair color","strict","https://omim.org/entry/148820; https://omim.org/entry/193500","https://pubmed.ncbi.nlm.nih.gov/30531825/; https://pubmed.ncbi.nlm.nih.gov/30595370/","https://www.ebi.ac.uk/gwas/studies/GCST006988; https://www.ebi.ac.uk/gwas/studies/GCST007082"
"B","pigmentation","PCNT","OMIM only","210720","210720","605925","MICROCEPHALIC OSTEODYSPLASTIC PRIMORDIAL DWARFISM, TYPE II; MOPD2","Mixed hypo- & hyperpigmentation disorder","D’Arcy and Kiel (2023)","","","","","","","","","","https://omim.org/entry/210720","",""
"B","pigmentation","PCNX1","GWAS only","","","","","","","2","26926045; 30595370","2","GCST003478; GCST007082","2","OBA_0002313","strand of hair color","Hair color; Hair greying","strict","","https://pubmed.ncbi.nlm.nih.gov/26926045/; https://pubmed.ncbi.nlm.nih.gov/30595370/","https://www.ebi.ac.uk/gwas/studies/GCST003478; https://www.ebi.ac.uk/gwas/studies/GCST007082"
"B","pigmentation","PDCD6IPP2","GWAS only","","","","","","","2","18483556; 30595370","3","GCST000190; GCST000191; GCST007082","3","EFO_0003924; OBA_0002313","hair color; strand of hair color","Black vs. blond hair color; Black vs. red hair color; Hair color","strict","","https://pubmed.ncbi.nlm.nih.gov/18483556/; https://pubmed.ncbi.nlm.nih.gov/30595370/","https://www.ebi.ac.uk/gwas/studies/GCST000190; https://www.ebi.ac.uk/gwas/studies/GCST000191; https://www.ebi.ac.uk/gwas/studies/GCST007082"
"B","pigmentation","PDE4B","GWAS only","","","","","","","2","29739929; 30595370","2","GCST005897; GCST007086","2","EFO_0004279; MONDO_0005326","sunburn; suntan","Low tan response; Sunburns","broad","","https://pubmed.ncbi.nlm.nih.gov/29739929/; https://pubmed.ncbi.nlm.nih.gov/30595370/","https://www.ebi.ac.uk/gwas/studies/GCST005897; https://www.ebi.ac.uk/gwas/studies/GCST007086"
"B","pigmentation","PDE4D","GWAS only","","","","","","","2","30595370; 33692100","3","GCST007082; GCST007086; GCST012219","3","EFO_0003949; MONDO_0005326; OBA_0002313","eye color; strand of hair color; sunburn","Eye color; Hair color; Sunburns","broad; strict","","https://pubmed.ncbi.nlm.nih.gov/30595370/; https://pubmed.ncbi.nlm.nih.gov/33692100/","https://www.ebi.ac.uk/gwas/studies/GCST007082; https://www.ebi.ac.uk/gwas/studies/GCST007086; https://www.ebi.ac.uk/gwas/studies/GCST012219"
"B","pigmentation","PEBP4","GWAS only","","","","","","","2","30531825; 30595370","2","GCST006988; GCST007082","2","EFO_0003924; OBA_0002313","hair color; strand of hair color","Blond vs. brown/black hair color; Hair color","strict","","https://pubmed.ncbi.nlm.nih.gov/30531825/; https://pubmed.ncbi.nlm.nih.gov/30595370/","https://www.ebi.ac.uk/gwas/studies/GCST006988; https://www.ebi.ac.uk/gwas/studies/GCST007082"
"B","pigmentation","PEX14","GWAS only","","","","","","","2","30531825; 30595370","2","GCST006988; GCST007082","2","EFO_0003924; OBA_0002313","hair color; strand of hair color","Blond vs. brown/black hair color; Hair color","strict","","https://pubmed.ncbi.nlm.nih.gov/30531825/; https://pubmed.ncbi.nlm.nih.gov/30595370/","https://www.ebi.ac.uk/gwas/studies/GCST006988; https://www.ebi.ac.uk/gwas/studies/GCST007082"
"B","pigmentation","PIEZO1","GWAS only","","","","","","","2","30595370; 34737426","2","GCST007082; GCST90041837","5","OBA_0002313","strand of hair color","Hair color; Hair colour (natural, before greying): Red (UKB data field 1747_2)","strict","","https://pubmed.ncbi.nlm.nih.gov/30595370/; https://pubmed.ncbi.nlm.nih.gov/34737426/","https://www.ebi.ac.uk/gwas/studies/GCST007082; https://www.ebi.ac.uk/gwas/studies/GCST90041837"
"B","pigmentation","PIGPP3","GWAS only","","","","","","","2","30595370; 38728357","2","GCST007086; GCST90939791","2","EFO_0009764; MONDO_0005326","eye colour measurement; sunburn","Retina colour; Sunburns","broad; strict","","https://pubmed.ncbi.nlm.nih.gov/30595370/; https://pubmed.ncbi.nlm.nih.gov/38728357/","https://www.ebi.ac.uk/gwas/studies/GCST007086; https://www.ebi.ac.uk/gwas/studies/GCST90939791"
"B","pigmentation","PIGU","GWAS only","","","","","","","3","29739929; 30531825; 32341527","3","GCST005897; GCST006989; GCST010302","3","EFO_0003924; EFO_0004279","hair color; suntan","Brown vs. black hair color; Cutaneous melanoma or hair colour; Low tan response","broad; strict","","https://pubmed.ncbi.nlm.nih.gov/29739929/; https://pubmed.ncbi.nlm.nih.gov/30531825/; https://pubmed.ncbi.nlm.nih.gov/32341527/","https://www.ebi.ac.uk/gwas/studies/GCST005897; https://www.ebi.ac.uk/gwas/studies/GCST006989; https://www.ebi.ac.uk/gwas/studies/GCST010302"
"B","pigmentation","PKHD1","GWAS only","","","","","","","2","30531825; 30595370","2","GCST006986; GCST007082","2","EFO_0003924; OBA_0002313","hair color; strand of hair color","Hair color; Red vs. brown/black hair color","strict","","https://pubmed.ncbi.nlm.nih.gov/30531825/; https://pubmed.ncbi.nlm.nih.gov/30595370/","https://www.ebi.ac.uk/gwas/studies/GCST006986; https://www.ebi.ac.uk/gwas/studies/GCST007082"
"B","pigmentation","PLXNB2","GWAS only","","","","","","","3","30531825; 30595370; 32341527","3","GCST006988; GCST007082; GCST010302","3","EFO_0003924; OBA_0002313","hair color; strand of hair color","Blond vs. brown/black hair color; Cutaneous melanoma or hair colour; Hair color","strict","","https://pubmed.ncbi.nlm.nih.gov/30531825/; https://pubmed.ncbi.nlm.nih.gov/30595370/; https://pubmed.ncbi.nlm.nih.gov/32341527/","https://www.ebi.ac.uk/gwas/studies/GCST006988; https://www.ebi.ac.uk/gwas/studies/GCST007082; https://www.ebi.ac.uk/gwas/studies/GCST010302"
"B","pigmentation","PMS2","OMIM only","619101","619101","600259","MISMATCH REPAIR CANCER SYNDROME 4; MMRCS4","Hyperpigmentation disorder","D’Arcy and Kiel (2023)","","","","","","","","","","https://omim.org/entry/619101","",""
"B","pigmentation","POFUT1","OMIM only","615327","615327","607491","DOWLING-DEGOS DISEASE 2; DDD2","Mixed hypo- & hyperpigmentation disorder","D’Arcy and Kiel (2023)","","","","","","","","","","https://omim.org/entry/615327","",""
"B","pigmentation","POGLUT1","OMIM only","615696","615696","615618","DOWLING-DEGOS DISEASE 4; DDD4","Hyperpigmentation disorder","D’Arcy and Kiel (2023)","","","","","","","","","","https://omim.org/entry/615696","",""
"B","pigmentation","POLA1","OMIM only","301220","301220","312040","PIGMENTARY DISORDER, RETICULATE, WITH SYSTEMIC MANIFESTATIONS, X-LINKED; PDR","Hyperpigmentation disorder","D’Arcy and Kiel (2023)","","","","","","","","","","https://omim.org/entry/301220","",""
"B","pigmentation","POLH","OMIM only","278750","278750","603968","XERODERMA PIGMENTOSUM, VARIANT TYPE; XPV","Mixed hypo- & hyperpigmentation disorder","D’Arcy and Kiel (2023)","","","","","","","","","","https://omim.org/entry/278750","",""
"B","pigmentation","POMC","Shared","609734","609734","176830","OBESITY, EARLY-ONSET, WITH ADRENAL INSUFFICIENCY AND RED HAIR; OBAIRH","Hypopigmentation disorder","D’Arcy and Kiel (2023)","2","30531825; 30595370","2","GCST006986; GCST007082","2","EFO_0003924; OBA_0002313","hair color; strand of hair color","Hair color; Red vs. brown/black hair color","strict","https://omim.org/entry/609734","https://pubmed.ncbi.nlm.nih.gov/30531825/; https://pubmed.ncbi.nlm.nih.gov/30595370/","https://www.ebi.ac.uk/gwas/studies/GCST006986; https://www.ebi.ac.uk/gwas/studies/GCST007082"
"B","pigmentation","PPARGC1B","GWAS only","","","","","","","7","19340012; 29739929; 29895819; 30595370; 32835660; 36035146; 36536295","8","GCST000371; GCST005897; GCST006091; GCST007086; GCST90002283; GCST90002284; GCST90146360; GCST90246327","8","EFO_0003963; EFO_0004279; MONDO_0005326; OBA_2045282; OBA_VT0002095","facial pigmentation; freckles; skin pigmentation; sunburn; suntan","Facial pigmentation measurement (UV light); Facial pigmentation measurement (polar light); Freckles; Low tan response; Skin reflectance; Sunburns; Tanning","broad; strict","","https://pubmed.ncbi.nlm.nih.gov/19340012/; https://pubmed.ncbi.nlm.nih.gov/29739929/; https://pubmed.ncbi.nlm.nih.gov/29895819/; https://pubmed.ncbi.nlm.nih.gov/30595370/; https://pubmed.ncbi.nlm.nih.gov/32835660/; https://pubmed.ncbi.nlm.nih.gov/36035146/; https://pubmed.ncbi.nlm.nih.gov/36536295/","https://www.ebi.ac.uk/gwas/studies/GCST000371; https://www.ebi.ac.uk/gwas/studies/GCST005897; https://www.ebi.ac.uk/gwas/studies/GCST006091; https://www.ebi.ac.uk/gwas/studies/GCST007086; https://www.ebi.ac.uk/gwas/studies/GCST90002283; https://www.ebi.ac.uk/gwas/studies/GCST90002284; https://www.ebi.ac.uk/gwas/studies/GCST90146360; https://www.ebi.ac.uk/gwas/studies/GCST90246327"
"B","pigmentation","PPFIBP2","GWAS only","","","","","","","4","29662168; 30531825; 30595370; 32341527","5","GCST006075; GCST006988; GCST006989; GCST007082; GCST010302","5","EFO_0003924; OBA_0002313","hair color; strand of hair color","Blond vs. brown/black hair color; Brown vs. black hair color; Cutaneous melanoma or hair colour; Hair color","strict","","https://pubmed.ncbi.nlm.nih.gov/29662168/; https://pubmed.ncbi.nlm.nih.gov/30531825/; https://pubmed.ncbi.nlm.nih.gov/30595370/; https://pubmed.ncbi.nlm.nih.gov/32341527/","https://www.ebi.ac.uk/gwas/studies/GCST006075; https://www.ebi.ac.uk/gwas/studies/GCST006988; https://www.ebi.ac.uk/gwas/studies/GCST006989; https://www.ebi.ac.uk/gwas/studies/GCST007082; https://www.ebi.ac.uk/gwas/studies/GCST010302"
"B","pigmentation","PPM1A","GWAS only","","","","","","","3","29662168; 30531825; 30595370","3","GCST006075; GCST006988; GCST007082","3","EFO_0003924; OBA_0002313","hair color; strand of hair color","Blond vs. brown/black hair color; Hair color","strict","","https://pubmed.ncbi.nlm.nih.gov/29662168/; https://pubmed.ncbi.nlm.nih.gov/30531825/; https://pubmed.ncbi.nlm.nih.gov/30595370/","https://www.ebi.ac.uk/gwas/studies/GCST006075; https://www.ebi.ac.uk/gwas/studies/GCST006988; https://www.ebi.ac.uk/gwas/studies/GCST007082"
"B","pigmentation","PRDM7","GWAS only","","","","","","","4","29739929; 30595370; 34737426; 34737440","6","GCST005897; GCST007082; GCST007086; GCST90041837; GCST90041839; GCST90095478","8","EFO_0003924; EFO_0004279; MONDO_0005326; OBA_0002313","hair color; strand of hair color; sunburn; suntan","Hair color; Hair colour (natural, before greying): Dark brown (UKB data field 1747_4); Hair colour (natural, before greying): Red (UKB data field 1747_2); Low tan response; Red vs. brown/black hair color; Sunburns","broad; strict","","https://pubmed.ncbi.nlm.nih.gov/29739929/; https://pubmed.ncbi.nlm.nih.gov/30595370/; https://pubmed.ncbi.nlm.nih.gov/34737426/; https://pubmed.ncbi.nlm.nih.gov/34737440/","https://www.ebi.ac.uk/gwas/studies/GCST005897; https://www.ebi.ac.uk/gwas/studies/GCST007082; https://www.ebi.ac.uk/gwas/studies/GCST007086; https://www.ebi.ac.uk/gwas/studies/GCST90041837; https://www.ebi.ac.uk/gwas/studies/GCST90041839; https://www.ebi.ac.uk/gwas/studies/GCST90095478"
"B","pigmentation","PRELID1P5","GWAS only","","","","","","","2","30531825; 30595370","2","GCST006988; GCST007082","2","EFO_0003924; OBA_0002313","hair color; strand of hair color","Blond vs. brown/black hair color; Hair color","strict","","https://pubmed.ncbi.nlm.nih.gov/30531825/; https://pubmed.ncbi.nlm.nih.gov/30595370/","https://www.ebi.ac.uk/gwas/studies/GCST006988; https://www.ebi.ac.uk/gwas/studies/GCST007082"
"B","pigmentation","PRKAR1A","OMIM only","160980","160980","188830","CARNEY COMPLEX, TYPE 1; CNC1","Hyperpigmentation disorder","D’Arcy and Kiel (2023)","","","","","","","","","","https://omim.org/entry/160980","",""
"B","pigmentation","PSENEN","OMIM only","613736","613736","607632","ACNE INVERSA, FAMILIAL, 2, WITH OR WITHOUT DOWLING-DEGOS DISEASE; ACNINV2","Hyperpigmentation disorder","D’Arcy and Kiel (2023)","","","","","","","","","","https://omim.org/entry/613736","",""
"B","pigmentation","PTCH1","GWAS only","","","","","","","2","30595370; 30895295","2","GCST007086; GCST007739","2","MONDO_0005326; OBA_VT0002095","skin pigmentation; sunburn","Skin reflectance (Melanin index); Sunburns","broad; strict","","https://pubmed.ncbi.nlm.nih.gov/30595370/; https://pubmed.ncbi.nlm.nih.gov/30895295/","https://www.ebi.ac.uk/gwas/studies/GCST007086; https://www.ebi.ac.uk/gwas/studies/GCST007739"
"B","pigmentation","PTEN","OMIM only","158350","158350","601728","COWDEN SYNDROME 1; CWS1","Hyperpigmentation disorder","D’Arcy and Kiel (2023)","","","","","","","","","","https://omim.org/entry/158350","",""
"B","pigmentation","PTPN11","OMIM only","151100","151100","176876","LEOPARD SYNDROME 1; LPRD1","Hyperpigmentation disorder","D’Arcy and Kiel (2023)","","","","","","","","","","https://omim.org/entry/151100","",""
"B","pigmentation","PTPN14","GWAS only","","","","","","","2","30595370; 32341527","2","GCST007082; GCST010302","2","EFO_0003924; OBA_0002313","hair color; strand of hair color","Cutaneous melanoma or hair colour; Hair color","strict","","https://pubmed.ncbi.nlm.nih.gov/30595370/; https://pubmed.ncbi.nlm.nih.gov/32341527/","https://www.ebi.ac.uk/gwas/studies/GCST007082; https://www.ebi.ac.uk/gwas/studies/GCST010302"
"B","pigmentation","RAB11FIP2","GWAS only","","","","","","","6","29739929; 29895819; 30595370; 30664655; 32835660; 36536295","8","GCST005897; GCST006091; GCST007086; GCST007451; GCST007452; GCST90002283; GCST90002284; GCST90246327","10","EFO_0003963; EFO_0004279; EFO_0009764; MONDO_0005326; OBA_0002313; OBA_2045282; OBA_VT0002095","eye colour measurement; facial pigmentation; freckles; skin pigmentation; strand of hair color; sunburn; suntan","Facial pigmentation measurement (UV light); Facial pigmentation measurement (polar light); Freckles; Low tan response; Skin pigmentation; Skin reflectance; Skin, hair and eye pigmentation (multivariate analysis); Sunburns","broad; strict","","https://pubmed.ncbi.nlm.nih.gov/29739929/; https://pubmed.ncbi.nlm.nih.gov/29895819/; https://pubmed.ncbi.nlm.nih.gov/30595370/; https://pubmed.ncbi.nlm.nih.gov/30664655/; https://pubmed.ncbi.nlm.nih.gov/32835660/; https://pubmed.ncbi.nlm.nih.gov/36536295/","https://www.ebi.ac.uk/gwas/studies/GCST005897; https://www.ebi.ac.uk/gwas/studies/GCST006091; https://www.ebi.ac.uk/gwas/studies/GCST007086; https://www.ebi.ac.uk/gwas/studies/GCST007451; https://www.ebi.ac.uk/gwas/studies/GCST007452; https://www.ebi.ac.uk/gwas/studies/GCST90002283; https://www.ebi.ac.uk/gwas/studies/GCST90002284; https://www.ebi.ac.uk/gwas/studies/GCST90246327"
"B","pigmentation","RAB27A","OMIM only","607624","607624","603868","GRISCELLI SYNDROME, TYPE 2; GS2","Hypopigmentation disorder","D’Arcy and Kiel (2023)","","","","","","","","","","https://omim.org/entry/607624","",""
"B","pigmentation","RAD51B","GWAS only","","","","","","","2","30531825; 30595370","2","GCST006988; GCST007082","2","EFO_0003924; OBA_0002313","hair color; strand of hair color","Blond vs. brown/black hair color; Hair color","strict","","https://pubmed.ncbi.nlm.nih.gov/30531825/; https://pubmed.ncbi.nlm.nih.gov/30595370/","https://www.ebi.ac.uk/gwas/studies/GCST006988; https://www.ebi.ac.uk/gwas/studies/GCST007082"
"B","pigmentation","RAF1","OMIM only","611553; 611554","611553; 611554","164760","LEOPARD SYNDROME 2; LPRD2; NOONAN SYNDROME 5; NS5","Hyperpigmentation disorder","D’Arcy and Kiel (2023)","","","","","","","","","","https://omim.org/entry/611553; https://omim.org/entry/611554","",""
"B","pigmentation","RALY","GWAS only","","","","","","","7","25705849; 25963972; 29662168; 29739929; 30531825; 30595370; 36536295","8","GCST002785; GCST002908; GCST005897; GCST006075; GCST006986; GCST006988; GCST007086; GCST90246327","8","EFO_0003924; EFO_0004279; MONDO_0005326; MONDO_0005434; OBA_0002313; OBA_2045282; OBA_VT0002095","facial pigmentation; hair color; skin pigmentation; skin sensitivity to sun; strand of hair color; sunburn; suntan","Blond vs. brown/black hair color; Facial pigmentation; Hair color; Low tan response; Red vs. brown/black hair color; Skin reflectance; Skin sensitivity to sun; Sunburns","broad; strict","","https://pubmed.ncbi.nlm.nih.gov/25705849/; https://pubmed.ncbi.nlm.nih.gov/25963972/; https://pubmed.ncbi.nlm.nih.gov/29662168/; https://pubmed.ncbi.nlm.nih.gov/29739929/; https://pubmed.ncbi.nlm.nih.gov/30531825/; https://pubmed.ncbi.nlm.nih.gov/30595370/; https://pubmed.ncbi.nlm.nih.gov/36536295/","https://www.ebi.ac.uk/gwas/studies/GCST002785; https://www.ebi.ac.uk/gwas/studies/GCST002908; https://www.ebi.ac.uk/gwas/studies/GCST005897; https://www.ebi.ac.uk/gwas/studies/GCST006075; https://www.ebi.ac.uk/gwas/studies/GCST006986; https://www.ebi.ac.uk/gwas/studies/GCST006988; https://www.ebi.ac.uk/gwas/studies/GCST007086; https://www.ebi.ac.uk/gwas/studies/GCST90246327"
"B","pigmentation","RASA3","GWAS only","","","","","","","2","30595370; 32341527","2","GCST007082; GCST010302","2","EFO_0003924; OBA_0002313","hair color; strand of hair color","Cutaneous melanoma or hair colour; Hair color","strict","","https://pubmed.ncbi.nlm.nih.gov/30595370/; https://pubmed.ncbi.nlm.nih.gov/32341527/","https://www.ebi.ac.uk/gwas/studies/GCST007082; https://www.ebi.ac.uk/gwas/studies/GCST010302"
"B","pigmentation","RECQL4","OMIM only","268400","268400","603780","ROTHMUND-THOMSON SYNDROME, TYPE 2; RTS2","Mixed hypo- & hyperpigmentation disorder","D’Arcy and Kiel (2023)","","","","","","","","","","https://omim.org/entry/268400","",""
"B","pigmentation","RIT1","OMIM only","615355","615355","609591","NOONAN SYNDROME 8; NS8","Hyperpigmentation disorder","D’Arcy and Kiel (2023)","","","","","","","","","","https://omim.org/entry/615355","",""
"B","pigmentation","RN7SL720P","GWAS only","","","","","","","7","25705849; 29662168; 29739929; 30531825; 30595370; 36536295; 36672889","9","GCST002785; GCST005897; GCST006075; GCST006988; GCST006989; GCST007082; GCST007086; GCST90246327; GCST90255690","9","EFO_0003924; EFO_0004279; MONDO_0005326; OBA_0002313; OBA_2045282; OBA_VT0002095","facial pigmentation; hair color; skin pigmentation; strand of hair color; sunburn; suntan","Blond vs. brown/black hair color; Brown vs. black hair color; Facial pigmentation; Hair color; Low tan response; Skin color; Skin reflectance; Sunburns","broad; strict","","https://pubmed.ncbi.nlm.nih.gov/25705849/; https://pubmed.ncbi.nlm.nih.gov/29662168/; https://pubmed.ncbi.nlm.nih.gov/29739929/; https://pubmed.ncbi.nlm.nih.gov/30531825/; https://pubmed.ncbi.nlm.nih.gov/30595370/; https://pubmed.ncbi.nlm.nih.gov/36536295/; https://pubmed.ncbi.nlm.nih.gov/36672889/","https://www.ebi.ac.uk/gwas/studies/GCST002785; https://www.ebi.ac.uk/gwas/studies/GCST005897; https://www.ebi.ac.uk/gwas/studies/GCST006075; https://www.ebi.ac.uk/gwas/studies/GCST006988; https://www.ebi.ac.uk/gwas/studies/GCST006989; https://www.ebi.ac.uk/gwas/studies/GCST007082; https://www.ebi.ac.uk/gwas/studies/GCST007086; https://www.ebi.ac.uk/gwas/studies/GCST90246327; https://www.ebi.ac.uk/gwas/studies/GCST90255690"
"B","pigmentation","RNF166","GWAS only","","","","","","","3","29739929; 30595370; 34737440","3","GCST005897; GCST007086; GCST90095478","3","EFO_0003924; EFO_0004279; MONDO_0005326","hair color; sunburn; suntan","Low tan response; Red vs. brown/black hair color; Sunburns","broad; strict","","https://pubmed.ncbi.nlm.nih.gov/29739929/; https://pubmed.ncbi.nlm.nih.gov/30595370/; https://pubmed.ncbi.nlm.nih.gov/34737440/","https://www.ebi.ac.uk/gwas/studies/GCST005897; https://www.ebi.ac.uk/gwas/studies/GCST007086; https://www.ebi.ac.uk/gwas/studies/GCST90095478"
"B","pigmentation","RNF5P1","GWAS only","","","","","","","2","30531825; 30595370","2","GCST006988; GCST007082","2","EFO_0003924; OBA_0002313","hair color; strand of hair color","Blond vs. brown/black hair color; Hair color","strict","","https://pubmed.ncbi.nlm.nih.gov/30531825/; https://pubmed.ncbi.nlm.nih.gov/30595370/","https://www.ebi.ac.uk/gwas/studies/GCST006988; https://www.ebi.ac.uk/gwas/studies/GCST007082"
"B","pigmentation","RNU1-117P","GWAS only","","","","","","","9","17952075; 23548203; 26184321; 29662168; 29739929; 30531825; 30595370; 34648798; 34737440","13","GCST000118; GCST001932; GCST003021; GCST003022; GCST003023; GCST005897; GCST006075; GCST006988; GCST006989; GCST007082; GCST90020054; GCST90020056; GCST90095476","15","EFO_0003924; EFO_0004279; OBA_0002313; OBA_2045282","facial pigmentation; hair color; strand of hair color; suntan","Blond vs non-blond hair color; Blond vs. brown hair color; Blond vs. brown/black hair color; Brown vs. black hair color; Brown vs. non-brown hair color; Facial skin colour (CIELAB index L* value); Facial skin colour (CIELAB index b* value); Hair color; Light vs. dark hair color; Low tan response","broad; strict","","https://pubmed.ncbi.nlm.nih.gov/17952075/; https://pubmed.ncbi.nlm.nih.gov/23548203/; https://pubmed.ncbi.nlm.nih.gov/26184321/; https://pubmed.ncbi.nlm.nih.gov/29662168/; https://pubmed.ncbi.nlm.nih.gov/29739929/; https://pubmed.ncbi.nlm.nih.gov/30531825/; https://pubmed.ncbi.nlm.nih.gov/30595370/; https://pubmed.ncbi.nlm.nih.gov/34648798/; https://pubmed.ncbi.nlm.nih.gov/34737440/","https://www.ebi.ac.uk/gwas/studies/GCST000118; https://www.ebi.ac.uk/gwas/studies/GCST001932; https://www.ebi.ac.uk/gwas/studies/GCST003021; https://www.ebi.ac.uk/gwas/studies/GCST003022; https://www.ebi.ac.uk/gwas/studies/GCST003023; https://www.ebi.ac.uk/gwas/studies/GCST005897; https://www.ebi.ac.uk/gwas/studies/GCST006075; https://www.ebi.ac.uk/gwas/studies/GCST006988; https://www.ebi.ac.uk/gwas/studies/GCST006989; https://www.ebi.ac.uk/gwas/studies/GCST007082; https://www.ebi.ac.uk/gwas/studies/GCST90020054; https://www.ebi.ac.uk/gwas/studies/GCST90020056; https://www.ebi.ac.uk/gwas/studies/GCST90095476"
"B","pigmentation","RNU4-64P","GWAS only","","","","","","","2","30895295; 35313536","2","GCST007740; GCST90104590","2","EFO_0009764; OBA_2045282","eye colour measurement; facial pigmentation","Facial skin melanin; Iris color (a* coordinate)","strict","","https://pubmed.ncbi.nlm.nih.gov/30895295/; https://pubmed.ncbi.nlm.nih.gov/35313536/","https://www.ebi.ac.uk/gwas/studies/GCST007740; https://www.ebi.ac.uk/gwas/studies/GCST90104590"
"B","pigmentation","RNU6-1313P","GWAS only","","","","","","","2","30531825; 30595370","2","GCST006988; GCST007082","3","EFO_0003924; OBA_0002313","hair color; strand of hair color","Blond vs. brown/black hair color; Hair color","strict","","https://pubmed.ncbi.nlm.nih.gov/30531825/; https://pubmed.ncbi.nlm.nih.gov/30595370/","https://www.ebi.ac.uk/gwas/studies/GCST006988; https://www.ebi.ac.uk/gwas/studies/GCST007082"
"B","pigmentation","RNU6-211P","GWAS only","","","","","","","2","30531825; 30595370","2","GCST006988; GCST007082","2","EFO_0003924; OBA_0002313","hair color; strand of hair color","Blond vs. brown/black hair color; Hair color","strict","","https://pubmed.ncbi.nlm.nih.gov/30531825/; https://pubmed.ncbi.nlm.nih.gov/30595370/","https://www.ebi.ac.uk/gwas/studies/GCST006988; https://www.ebi.ac.uk/gwas/studies/GCST007082"
"B","pigmentation","RNU6-366P","GWAS only","","","","","","","13","17952075; 18483556; 20585627; 23548203; 29662168; 29739929; 30166351; 30531825; 30595370; 33692100; 34737426; 34737440; 38728357","17","GCST000117; GCST000118; GCST000190; GCST000707; GCST000710; GCST001929; GCST001932; GCST005897; GCST006075; GCST006988; GCST007082; GCST007486; GCST012219; GCST90041836; GCST90041839; GCST90095476; GCST90939791","26","EFO_0003924; EFO_0003949; EFO_0004279; EFO_0009764; OBA_0002313","eye color; eye colour measurement; hair color; strand of hair color; suntan","Black vs. blond hair color; Blond vs. brown hair color; Blond vs. brown/black hair color; Blue vs. green eyes; Eye color; Hair color; Hair colour (natural, before greying): Blonde (UKB data field 1747_1); Hair colour (natural, before greying): Dark brown (UKB data field 1747_4); Hair morphology traits; Low tan response; Retina colour","broad; strict","","https://pubmed.ncbi.nlm.nih.gov/17952075/; https://pubmed.ncbi.nlm.nih.gov/18483556/; https://pubmed.ncbi.nlm.nih.gov/20585627/; https://pubmed.ncbi.nlm.nih.gov/23548203/; https://pubmed.ncbi.nlm.nih.gov/29662168/; https://pubmed.ncbi.nlm.nih.gov/29739929/; https://pubmed.ncbi.nlm.nih.gov/30166351/; https://pubmed.ncbi.nlm.nih.gov/30531825/; https://pubmed.ncbi.nlm.nih.gov/30595370/; https://pubmed.ncbi.nlm.nih.gov/33692100/; https://pubmed.ncbi.nlm.nih.gov/34737426/; https://pubmed.ncbi.nlm.nih.gov/34737440/; https://pubmed.ncbi.nlm.nih.gov/38728357/","https://www.ebi.ac.uk/gwas/studies/GCST000117; https://www.ebi.ac.uk/gwas/studies/GCST000118; https://www.ebi.ac.uk/gwas/studies/GCST000190; https://www.ebi.ac.uk/gwas/studies/GCST000707; https://www.ebi.ac.uk/gwas/studies/GCST000710; https://www.ebi.ac.uk/gwas/studies/GCST001929; https://www.ebi.ac.uk/gwas/studies/GCST001932; https://www.ebi.ac.uk/gwas/studies/GCST005897; https://www.ebi.ac.uk/gwas/studies/GCST006075; https://www.ebi.ac.uk/gwas/studies/GCST006988; https://www.ebi.ac.uk/gwas/studies/GCST007082; https://www.ebi.ac.uk/gwas/studies/GCST007486; https://www.ebi.ac.uk/gwas/studies/GCST012219; https://www.ebi.ac.uk/gwas/studies/GCST90041836; https://www.ebi.ac.uk/gwas/studies/GCST90041839; https://www.ebi.ac.uk/gwas/studies/GCST90095476; https://www.ebi.ac.uk/gwas/studies/GCST90939791"
"B","pigmentation","RNU6-440P","GWAS only","","","","","","","2","30531825; 30595370","2","GCST006988; GCST007082","2","EFO_0003924; OBA_0002313","hair color; strand of hair color","Blond vs. brown/black hair color; Hair color","strict","","https://pubmed.ncbi.nlm.nih.gov/30531825/; https://pubmed.ncbi.nlm.nih.gov/30595370/","https://www.ebi.ac.uk/gwas/studies/GCST006988; https://www.ebi.ac.uk/gwas/studies/GCST007082"
"B","pigmentation","RNU6-921P","GWAS only","","","","","","","3","30531825; 30595370; 32341527","3","GCST006988; GCST007082; GCST010302","3","EFO_0003924; OBA_0002313","hair color; strand of hair color","Blond vs. brown/black hair color; Cutaneous melanoma or hair colour; Hair color","strict","","https://pubmed.ncbi.nlm.nih.gov/30531825/; https://pubmed.ncbi.nlm.nih.gov/30595370/; https://pubmed.ncbi.nlm.nih.gov/32341527/","https://www.ebi.ac.uk/gwas/studies/GCST006988; https://www.ebi.ac.uk/gwas/studies/GCST007082; https://www.ebi.ac.uk/gwas/studies/GCST010302"
"B","pigmentation","RNU6-929P","GWAS only","","","","","","","3","29109912; 30531825; 30595370","3","GCST005094; GCST006988; GCST007082","3","EFO_0003924; EFO_0003949; OBA_0002313","eye color; hair color; strand of hair color","Blond vs. brown/black hair color; Hair color; Iris color (L* coordinate)","strict","","https://pubmed.ncbi.nlm.nih.gov/29109912/; https://pubmed.ncbi.nlm.nih.gov/30531825/; https://pubmed.ncbi.nlm.nih.gov/30595370/","https://www.ebi.ac.uk/gwas/studies/GCST005094; https://www.ebi.ac.uk/gwas/studies/GCST006988; https://www.ebi.ac.uk/gwas/studies/GCST007082"
"B","pigmentation","RNU7-197P","GWAS only","","","","","","","2","30531825; 30595370","2","GCST006988; GCST007082","2","EFO_0003924; OBA_0002313","hair color; strand of hair color","Blond vs. brown/black hair color; Hair color","strict","","https://pubmed.ncbi.nlm.nih.gov/30531825/; https://pubmed.ncbi.nlm.nih.gov/30595370/","https://www.ebi.ac.uk/gwas/studies/GCST006988; https://www.ebi.ac.uk/gwas/studies/GCST007082"
"B","pigmentation","RPL13","GWAS only","","","","","","","3","30166351; 34737440; 36672889","3","GCST007486; GCST90095478; GCST90255681","3","EFO_0003924; OBA_0002313","hair color; strand of hair color","Hair morphology traits; Red vs non-red hair color; Red vs. brown/black hair color","strict","","https://pubmed.ncbi.nlm.nih.gov/30166351/; https://pubmed.ncbi.nlm.nih.gov/34737440/; https://pubmed.ncbi.nlm.nih.gov/36672889/","https://www.ebi.ac.uk/gwas/studies/GCST007486; https://www.ebi.ac.uk/gwas/studies/GCST90095478; https://www.ebi.ac.uk/gwas/studies/GCST90255681"
"B","pigmentation","RPL18AP17","GWAS only","","","","","","","2","30895295; 38728357","2","GCST007742; GCST90939791","2","EFO_0009764","eye colour measurement","Iris heterochromicity; Retina colour","strict","","https://pubmed.ncbi.nlm.nih.gov/30895295/; https://pubmed.ncbi.nlm.nih.gov/38728357/","https://www.ebi.ac.uk/gwas/studies/GCST007742; https://www.ebi.ac.uk/gwas/studies/GCST90939791"
"B","pigmentation","RPL23AP68","GWAS only","","","","","","","2","30595370; 30895295","2","GCST007082; GCST007739","3","OBA_0002313; OBA_VT0002095","skin pigmentation; strand of hair color","Hair color; Skin reflectance (Melanin index)","strict","","https://pubmed.ncbi.nlm.nih.gov/30595370/; https://pubmed.ncbi.nlm.nih.gov/30895295/","https://www.ebi.ac.uk/gwas/studies/GCST007082; https://www.ebi.ac.uk/gwas/studies/GCST007739"
"B","pigmentation","RPL3","GWAS only","","","","","","","2","30531825; 30595370","2","GCST006988; GCST007082","2","EFO_0003924; OBA_0002313","hair color; strand of hair color","Blond vs. brown/black hair color; Hair color","strict","","https://pubmed.ncbi.nlm.nih.gov/30531825/; https://pubmed.ncbi.nlm.nih.gov/30595370/","https://www.ebi.ac.uk/gwas/studies/GCST006988; https://www.ebi.ac.uk/gwas/studies/GCST007082"
"B","pigmentation","RPL34-DT","GWAS only","","","","","","","2","30531825; 30595370","2","GCST006988; GCST007082","4","EFO_0003924; OBA_0002313","hair color; strand of hair color","Blond vs. brown/black hair color; Hair color","strict","","https://pubmed.ncbi.nlm.nih.gov/30531825/; https://pubmed.ncbi.nlm.nih.gov/30595370/","https://www.ebi.ac.uk/gwas/studies/GCST006988; https://www.ebi.ac.uk/gwas/studies/GCST007082"
"B","pigmentation","RPL6P14","GWAS only","","","","","","","2","30531825; 30595370","2","GCST006988; GCST007082","2","EFO_0003924; OBA_0002313","hair color; strand of hair color","Blond vs. brown/black hair color; Hair color","strict","","https://pubmed.ncbi.nlm.nih.gov/30531825/; https://pubmed.ncbi.nlm.nih.gov/30595370/","https://www.ebi.ac.uk/gwas/studies/GCST006988; https://www.ebi.ac.uk/gwas/studies/GCST007082"
"B","pigmentation","RPL7AP79","GWAS only","","","","","","","2","30531825; 30595370","2","GCST006988; GCST007082","2","EFO_0003924; OBA_0002313","hair color; strand of hair color","Blond vs. brown/black hair color; Hair color","strict","","https://pubmed.ncbi.nlm.nih.gov/30531825/; https://pubmed.ncbi.nlm.nih.gov/30595370/","https://www.ebi.ac.uk/gwas/studies/GCST006988; https://www.ebi.ac.uk/gwas/studies/GCST007082"
"B","pigmentation","RPS2P1","GWAS only","","","","","","","3","18488028; 23548203; 30595370","6","GCST000193; GCST000195; GCST000196; GCST000197; GCST001939; GCST007082","6","EFO_0003924; EFO_0003963; EFO_0004279; MONDO_0005326; MONDO_0005434; OBA_0002313","freckles; hair color; skin sensitivity to sun; strand of hair color; sunburn; suntan","Burning and freckling; Freckles; Hair color; Red vs. non-red hair color; Skin sensitivity to sun; Tanning","broad; strict","","https://pubmed.ncbi.nlm.nih.gov/18488028/; https://pubmed.ncbi.nlm.nih.gov/23548203/; https://pubmed.ncbi.nlm.nih.gov/30595370/","https://www.ebi.ac.uk/gwas/studies/GCST000193; https://www.ebi.ac.uk/gwas/studies/GCST000195; https://www.ebi.ac.uk/gwas/studies/GCST000196; https://www.ebi.ac.uk/gwas/studies/GCST000197; https://www.ebi.ac.uk/gwas/studies/GCST001939; https://www.ebi.ac.uk/gwas/studies/GCST007082"
"B","pigmentation","RSPO2","GWAS only","","","","","","","2","30531825; 30595370","2","GCST006988; GCST007082","4","EFO_0003924; OBA_0002313","hair color; strand of hair color","Blond vs. brown/black hair color; Hair color","strict","","https://pubmed.ncbi.nlm.nih.gov/30531825/; https://pubmed.ncbi.nlm.nih.gov/30595370/","https://www.ebi.ac.uk/gwas/studies/GCST006988; https://www.ebi.ac.uk/gwas/studies/GCST007082"
"B","pigmentation","RTEL1","OMIM only","615190","615190","608833","DYSKERATOSIS CONGENITA, AUTOSOMAL RECESSIVE 5; DKCB5","Hyperpigmentation disorder","D’Arcy and Kiel (2023)","","","","","","","","","","https://omim.org/entry/615190","",""
"B","pigmentation","SAMD9","OMIM only","617053","617053","610456","MIRAGE SYNDROME; MIRAGE","Hyperpigmentation disorder","D’Arcy and Kiel (2023)","","","","","","","","","","https://omim.org/entry/617053","",""
"B","pigmentation","SAMHD1","GWAS only","","","","","","","2","29739929; 30595370","2","GCST005897; GCST007082","2","EFO_0004279; OBA_0002313","strand of hair color; suntan","Hair color; Low tan response","broad; strict","","https://pubmed.ncbi.nlm.nih.gov/29739929/; https://pubmed.ncbi.nlm.nih.gov/30595370/","https://www.ebi.ac.uk/gwas/studies/GCST005897; https://www.ebi.ac.uk/gwas/studies/GCST007082"
"B","pigmentation","SAMMSON","GWAS only","","","","","","","2","32341527; 34737426","2","GCST010302; GCST90041839","2","EFO_0003924; OBA_0002313","hair color; strand of hair color","Cutaneous melanoma or hair colour; Hair colour (natural, before greying): Dark brown (UKB data field 1747_4)","strict","","https://pubmed.ncbi.nlm.nih.gov/32341527/; https://pubmed.ncbi.nlm.nih.gov/34737426/","https://www.ebi.ac.uk/gwas/studies/GCST010302; https://www.ebi.ac.uk/gwas/studies/GCST90041839"
"B","pigmentation","SCARB1","GWAS only","","","","","","","2","30595370; 34648798","2","GCST007082; GCST90020056","2","OBA_0002313; OBA_2045282","facial pigmentation; strand of hair color","Facial skin colour (CIELAB index b* value); Hair color","strict","","https://pubmed.ncbi.nlm.nih.gov/30595370/; https://pubmed.ncbi.nlm.nih.gov/34648798/","https://www.ebi.ac.uk/gwas/studies/GCST007082; https://www.ebi.ac.uk/gwas/studies/GCST90020056"
"B","pigmentation","SEMA6D","GWAS only","","","","","","","3","26926045; 30895295; 36672889","3","GCST003478; GCST007739; GCST90255681","3","EFO_0003924; OBA_0002313; OBA_VT0002095","hair color; skin pigmentation; strand of hair color","Hair greying; Red vs non-red hair color; Skin reflectance (Melanin index)","strict","","https://pubmed.ncbi.nlm.nih.gov/26926045/; https://pubmed.ncbi.nlm.nih.gov/30895295/; https://pubmed.ncbi.nlm.nih.gov/36672889/","https://www.ebi.ac.uk/gwas/studies/GCST003478; https://www.ebi.ac.uk/gwas/studies/GCST007739; https://www.ebi.ac.uk/gwas/studies/GCST90255681"
"B","pigmentation","SGIP1","GWAS only","","","","","","","2","29739929; 30595370","2","GCST005897; GCST007086","2","EFO_0004279; MONDO_0005326","sunburn; suntan","Low tan response; Sunburns","broad","","https://pubmed.ncbi.nlm.nih.gov/29739929/; https://pubmed.ncbi.nlm.nih.gov/30595370/","https://www.ebi.ac.uk/gwas/studies/GCST005897; https://www.ebi.ac.uk/gwas/studies/GCST007086"
"B","pigmentation","SGK1","GWAS only","","","","","","","2","30531825; 30595370","2","GCST006988; GCST007082","2","EFO_0003924; OBA_0002313","hair color; strand of hair color","Blond vs. brown/black hair color; Hair color","strict","","https://pubmed.ncbi.nlm.nih.gov/30531825/; https://pubmed.ncbi.nlm.nih.gov/30595370/","https://www.ebi.ac.uk/gwas/studies/GCST006988; https://www.ebi.ac.uk/gwas/studies/GCST007082"
"B","pigmentation","SGPL1","OMIM only","617575","617575","603729","RENI SYNDROME; RENI","Hyperpigmentation disorder","D’Arcy and Kiel (2023)","","","","","","","","","","https://omim.org/entry/617575","",""
"B","pigmentation","SH3GL3","GWAS only","","","","","","","2","30531825; 30595370","2","GCST006988; GCST007082","2","EFO_0003924; OBA_0002313","hair color; strand of hair color","Blond vs. brown/black hair color; Hair color","strict","","https://pubmed.ncbi.nlm.nih.gov/30531825/; https://pubmed.ncbi.nlm.nih.gov/30595370/","https://www.ebi.ac.uk/gwas/studies/GCST006988; https://www.ebi.ac.uk/gwas/studies/GCST007082"
"B","pigmentation","SHC4","GWAS only","","","","","","","2","30595370; 30895295","2","GCST007082; GCST007741","2","EFO_0009764; OBA_0002313","eye colour measurement; strand of hair color","Hair color; Iris color (b* coordinate)","strict","","https://pubmed.ncbi.nlm.nih.gov/30595370/; https://pubmed.ncbi.nlm.nih.gov/30895295/","https://www.ebi.ac.uk/gwas/studies/GCST007082; https://www.ebi.ac.uk/gwas/studies/GCST007741"
"B","pigmentation","SHOC2","OMIM only","607721","607721","602775","NOONAN SYNDROME-LIKE DISORDER WITH LOOSE ANAGEN HAIR 1; NSLH1","Hyperpigmentation disorder","D’Arcy and Kiel (2023)","","","","","","","","","","https://omim.org/entry/607721","",""
"B","pigmentation","SIK1","GWAS only","","","","","","","3","30531825; 30595370; 33692100","4","GCST006986; GCST006988; GCST007082; GCST012219","4","EFO_0003924; EFO_0003949; OBA_0002313","eye color; hair color; strand of hair color","Blond vs. brown/black hair color; Eye color; Hair color; Red vs. brown/black hair color","strict","","https://pubmed.ncbi.nlm.nih.gov/30531825/; https://pubmed.ncbi.nlm.nih.gov/30595370/; https://pubmed.ncbi.nlm.nih.gov/33692100/","https://www.ebi.ac.uk/gwas/studies/GCST006986; https://www.ebi.ac.uk/gwas/studies/GCST006988; https://www.ebi.ac.uk/gwas/studies/GCST007082; https://www.ebi.ac.uk/gwas/studies/GCST012219"
"B","pigmentation","SLA2","GWAS only","","","","","","","2","29739929; 30595370","2","GCST005897; GCST007082","2","EFO_0004279; OBA_0002313","strand of hair color; suntan","Hair color; Low tan response","broad; strict","","https://pubmed.ncbi.nlm.nih.gov/29739929/; https://pubmed.ncbi.nlm.nih.gov/30595370/","https://www.ebi.ac.uk/gwas/studies/GCST005897; https://www.ebi.ac.uk/gwas/studies/GCST007082"
"B","pigmentation","SLC12A1","GWAS only","","","","","","","2","30895295; 42586059","4","GCST007739; GCST90854270; GCST90854271; GCST90854272","16","OBA_VT0002095","skin pigmentation","Skin color in blue band; Skin color in green band; Skin color in red band; Skin reflectance (Melanin index)","strict","","https://pubmed.ncbi.nlm.nih.gov/30895295/; https://pubmed.ncbi.nlm.nih.gov/42586059/","https://www.ebi.ac.uk/gwas/studies/GCST007739; https://www.ebi.ac.uk/gwas/studies/GCST90854270; https://www.ebi.ac.uk/gwas/studies/GCST90854271; https://www.ebi.ac.uk/gwas/studies/GCST90854272"
"B","pigmentation","SLC12A9","GWAS only","","","","","","","4","30531825; 30595370; 33692100; 34737426","5","GCST006988; GCST007082; GCST012219; GCST90041836; GCST90041839","6","EFO_0003924; EFO_0003949; OBA_0002313","eye color; hair color; strand of hair color","Blond vs. brown/black hair color; Eye color; Hair color; Hair colour (natural, before greying): Blonde (UKB data field 1747_1); Hair colour (natural, before greying): Dark brown (UKB data field 1747_4)","strict","","https://pubmed.ncbi.nlm.nih.gov/30531825/; https://pubmed.ncbi.nlm.nih.gov/30595370/; https://pubmed.ncbi.nlm.nih.gov/33692100/; https://pubmed.ncbi.nlm.nih.gov/34737426/","https://www.ebi.ac.uk/gwas/studies/GCST006988; https://www.ebi.ac.uk/gwas/studies/GCST007082; https://www.ebi.ac.uk/gwas/studies/GCST012219; https://www.ebi.ac.uk/gwas/studies/GCST90041836; https://www.ebi.ac.uk/gwas/studies/GCST90041839"
"B","pigmentation","SLC17A5","OMIM only","269920","269920","604322","INFANTILE SIALIC ACID STORAGE DISEASE; ISSD","Hypopigmentation disorder","D’Arcy and Kiel (2023)","","","","","","","","","","https://omim.org/entry/269920","",""
"B","pigmentation","SLC24A4","GWAS only","","","","","","","15","17952075; 18483556; 20585627; 23548203; 26184321; 29662168; 29739929; 30166351; 30531825; 30595370; 32341527; 33692100; 34737426; 34737440; 38728357","22","GCST000117; GCST000118; GCST000190; GCST000707; GCST000710; GCST001929; GCST001932; GCST003021; GCST003022; GCST003023; GCST005897; GCST006075; GCST006988; GCST006989; GCST007082; GCST007486; GCST010302; GCST012219; GCST90041836; GCST90041839; GCST90095476; GCST90939791","34","EFO_0003924; EFO_0003949; EFO_0004279; EFO_0009764; OBA_0002313","eye color; eye colour measurement; hair color; strand of hair color; suntan","Black vs. blond hair color; Blond vs non-blond hair color; Blond vs. brown hair color; Blond vs. brown/black hair color; Blue vs. green eyes; Brown vs. black hair color; Brown vs. non-brown hair color; Cutaneous melanoma or hair colour; Eye color; Hair color; Hair colour (natural, before greying): Blonde (UKB data field 1747_1); Hair colour (natural, before greying): Dark brown (UKB data field 1747_4); Hair morphology traits; Light vs. dark hair color; Low tan response; Retina colour","broad; strict","","https://pubmed.ncbi.nlm.nih.gov/17952075/; https://pubmed.ncbi.nlm.nih.gov/18483556/; https://pubmed.ncbi.nlm.nih.gov/20585627/; https://pubmed.ncbi.nlm.nih.gov/23548203/; https://pubmed.ncbi.nlm.nih.gov/26184321/; https://pubmed.ncbi.nlm.nih.gov/29662168/; https://pubmed.ncbi.nlm.nih.gov/29739929/; https://pubmed.ncbi.nlm.nih.gov/30166351/; https://pubmed.ncbi.nlm.nih.gov/30531825/; https://pubmed.ncbi.nlm.nih.gov/30595370/; https://pubmed.ncbi.nlm.nih.gov/32341527/; https://pubmed.ncbi.nlm.nih.gov/33692100/; https://pubmed.ncbi.nlm.nih.gov/34737426/; https://pubmed.ncbi.nlm.nih.gov/34737440/; https://pubmed.ncbi.nlm.nih.gov/38728357/","https://www.ebi.ac.uk/gwas/studies/GCST000117; https://www.ebi.ac.uk/gwas/studies/GCST000118; https://www.ebi.ac.uk/gwas/studies/GCST000190; https://www.ebi.ac.uk/gwas/studies/GCST000707; https://www.ebi.ac.uk/gwas/studies/GCST000710; https://www.ebi.ac.uk/gwas/studies/GCST001929; https://www.ebi.ac.uk/gwas/studies/GCST001932; https://www.ebi.ac.uk/gwas/studies/GCST003021; https://www.ebi.ac.uk/gwas/studies/GCST003022; https://www.ebi.ac.uk/gwas/studies/GCST003023; https://www.ebi.ac.uk/gwas/studies/GCST005897; https://www.ebi.ac.uk/gwas/studies/GCST006075; https://www.ebi.ac.uk/gwas/studies/GCST006988; https://www.ebi.ac.uk/gwas/studies/GCST006989; https://www.ebi.ac.uk/gwas/studies/GCST007082; https://www.ebi.ac.uk/gwas/studies/GCST007486; https://www.ebi.ac.uk/gwas/studies/GCST010302; https://www.ebi.ac.uk/gwas/studies/GCST012219; https://www.ebi.ac.uk/gwas/studies/GCST90041836; https://www.ebi.ac.uk/gwas/studies/GCST90041839; https://www.ebi.ac.uk/gwas/studies/GCST90095476; https://www.ebi.ac.uk/gwas/studies/GCST90939791"
"B","pigmentation","SLC24A5","Shared","113750","113750","609802","ALBINISM, OCULOCUTANEOUS, TYPE VI; OCA6","Hypopigmentation disorder; Pigmentation phenotype","D’Arcy and Kiel (2023)","12","26926045; 29195075; 30595370; 30664655; 30895295; 31315583; 32341527; 33600456; 33692100; 34570997; 34737426; 42586059","24","GCST003479; GCST005188; GCST007082; GCST007451; GCST007452; GCST007453; GCST007454; GCST007455; GCST007457; GCST007739; GCST007740; GCST007741; GCST008518; GCST008519; GCST010302; GCST011355; GCST012219; GCST90041836; GCST90041839; GCST90041840; GCST90100219; GCST90854270; GCST90854271; GCST90854272","44","EFO_0003924; EFO_0003949; EFO_0009764; OBA_0002313; OBA_VT0002095","eye color; eye colour measurement; hair color; skin pigmentation; strand of hair color","Cutaneous melanoma or hair colour; Eye color; Eye color (brightness); Eye color (saturation); Hair color; Hair colour (natural, before greying): Black (UKB data field 1747_5); Hair colour (natural, before greying): Blonde (UKB data field 1747_1); Hair colour (natural, before greying): Dark brown (UKB data field 1747_4); Iris color (a* coordinate); Iris color (b* coordinate); Skin color in blue band; Skin color in green band; Skin color in red band; Skin pigmentation; Skin reflectance (Melanin index); Skin, hair and eye pigmentation (multivariate analysis)","strict","https://omim.org/entry/113750","https://pubmed.ncbi.nlm.nih.gov/26926045/; https://pubmed.ncbi.nlm.nih.gov/29195075/; https://pubmed.ncbi.nlm.nih.gov/30595370/; https://pubmed.ncbi.nlm.nih.gov/30664655/; https://pubmed.ncbi.nlm.nih.gov/30895295/; https://pubmed.ncbi.nlm.nih.gov/31315583/; https://pubmed.ncbi.nlm.nih.gov/32341527/; https://pubmed.ncbi.nlm.nih.gov/33600456/; https://pubmed.ncbi.nlm.nih.gov/33692100/; https://pubmed.ncbi.nlm.nih.gov/34570997/; https://pubmed.ncbi.nlm.nih.gov/34737426/; https://pubmed.ncbi.nlm.nih.gov/42586059/","https://www.ebi.ac.uk/gwas/studies/GCST003479; https://www.ebi.ac.uk/gwas/studies/GCST005188; https://www.ebi.ac.uk/gwas/studies/GCST007082; https://www.ebi.ac.uk/gwas/studies/GCST007451; https://www.ebi.ac.uk/gwas/studies/GCST007452; https://www.ebi.ac.uk/gwas/studies/GCST007453; https://www.ebi.ac.uk/gwas/studies/GCST007454; https://www.ebi.ac.uk/gwas/studies/GCST007455; https://www.ebi.ac.uk/gwas/studies/GCST007457; https://www.ebi.ac.uk/gwas/studies/GCST007739; https://www.ebi.ac.uk/gwas/studies/GCST007740; https://www.ebi.ac.uk/gwas/studies/GCST007741; https://www.ebi.ac.uk/gwas/studies/GCST008518; https://www.ebi.ac.uk/gwas/studies/GCST008519; https://www.ebi.ac.uk/gwas/studies/GCST010302; https://www.ebi.ac.uk/gwas/studies/GCST011355; https://www.ebi.ac.uk/gwas/studies/GCST012219; https://www.ebi.ac.uk/gwas/studies/GCST90041836; https://www.ebi.ac.uk/gwas/studies/GCST90041839; https://www.ebi.ac.uk/gwas/studies/GCST90041840; https://www.ebi.ac.uk/gwas/studies/GCST90100219; https://www.ebi.ac.uk/gwas/studies/GCST90854270; https://www.ebi.ac.uk/gwas/studies/GCST90854271; https://www.ebi.ac.uk/gwas/studies/GCST90854272"
"B","pigmentation","SLC29A3","OMIM only","602782","602782","612373","HISTIOCYTOSIS-LYMPHADENOPATHY PLUS SYNDROME","Hyperpigmentation disorder","D’Arcy and Kiel (2023)","","","","","","","","","","https://omim.org/entry/602782","",""
"B","pigmentation","SLC38A2","GWAS only","","","","","","","2","30531825; 30595370","2","GCST006988; GCST007082","2","EFO_0003924; OBA_0002313","hair color; strand of hair color","Blond vs. brown/black hair color; Hair color","strict","","https://pubmed.ncbi.nlm.nih.gov/30531825/; https://pubmed.ncbi.nlm.nih.gov/30595370/","https://www.ebi.ac.uk/gwas/studies/GCST006988; https://www.ebi.ac.uk/gwas/studies/GCST007082"
"B","pigmentation","SLC45A2","Shared","227240; 606574","227240; 606574","606202","ALBINISM, OCULOCUTANEOUS, TYPE IV; OCA4; SKIN/HAIR/EYE PIGMENTATION, VARIATION IN, 5; SHEP5","Hair color; Hair color; Hypopigmentation disorder","D’Arcy and Kiel (2023); Needle et al. (2025); Needle et al. (2025)","21","18483556; 19340012; 20585627; 25963972; 26184321; 26926045; 29662168; 29739929; 30166351; 30531825; 30595370; 30664655; 31315583; 32341527; 33600456; 33692100; 34737426; 34737440; 36536295; 36672889; 38728357","44","GCST000190; GCST000191; GCST000371; GCST000707; GCST000710; GCST002908; GCST003019; GCST003479; GCST005897; GCST006075; GCST006988; GCST006989; GCST007082; GCST007086; GCST007451; GCST007452; GCST007453; GCST007454; GCST007455; GCST007457; GCST007486; GCST007488; GCST007489; GCST008518; GCST008519; GCST010302; GCST011355; GCST012219; GCST90041836; GCST90041839; GCST90041840; GCST90095476; GCST90095477; GCST90246327; GCST90255682; GCST90255683; GCST90255684; GCST90255685; GCST90255686; GCST90255687; GCST90255688; GCST90255689; GCST90255690; GCST90939791","139","EFO_0003924; EFO_0003949; EFO_0003963; EFO_0004279; EFO_0009764; MONDO_0005326; MONDO_0005434; OBA_0002313; OBA_VT0002095","eye color; eye colour measurement; freckles; hair color; skin pigmentation; skin sensitivity to sun; strand of hair color; sunburn; suntan","Black vs. blond hair color; Black vs. non-black hair color; Black vs. red hair color; Blond vs. brown/black hair color; Brown vs. black hair color; Cutaneous melanoma or hair colour; Ease of skin tanning; Ease of sunburn; Eye color; Eye color (brightness); Eye color (saturation); Eye color traits; Freckles; Hair color; Hair colour (natural, before greying): Black (UKB data field 1747_5); Hair colour (natural, before greying): Blonde (UKB data field 1747_1); Hair colour (natural, before greying): Dark brown (UKB data field 1747_4); Hair morphology traits; Low tan response; Retina colour; Skin color; Skin color (Fitzpatrick scale); Skin phototype score; Skin pigmentation; Skin pigmentation traits; Skin reflectance; Skin reflectance (Melanin index); Skin sensitivity to sun; Skin, hair and eye pigmentation (multivariate analysis); Sunburns; Tanning","broad; strict","https://omim.org/entry/227240; https://omim.org/entry/606574","https://pubmed.ncbi.nlm.nih.gov/18483556/; https://pubmed.ncbi.nlm.nih.gov/19340012/; https://pubmed.ncbi.nlm.nih.gov/20585627/; https://pubmed.ncbi.nlm.nih.gov/25963972/; https://pubmed.ncbi.nlm.nih.gov/26184321/; https://pubmed.ncbi.nlm.nih.gov/26926045/; https://pubmed.ncbi.nlm.nih.gov/29662168/; https://pubmed.ncbi.nlm.nih.gov/29739929/; https://pubmed.ncbi.nlm.nih.gov/30166351/; https://pubmed.ncbi.nlm.nih.gov/30531825/; https://pubmed.ncbi.nlm.nih.gov/30595370/; https://pubmed.ncbi.nlm.nih.gov/30664655/; https://pubmed.ncbi.nlm.nih.gov/31315583/; https://pubmed.ncbi.nlm.nih.gov/32341527/; https://pubmed.ncbi.nlm.nih.gov/33600456/; https://pubmed.ncbi.nlm.nih.gov/33692100/; https://pubmed.ncbi.nlm.nih.gov/34737426/; https://pubmed.ncbi.nlm.nih.gov/34737440/; https://pubmed.ncbi.nlm.nih.gov/36536295/; https://pubmed.ncbi.nlm.nih.gov/36672889/; https://pubmed.ncbi.nlm.nih.gov/38728357/","https://www.ebi.ac.uk/gwas/studies/GCST000190; https://www.ebi.ac.uk/gwas/studies/GCST000191; https://www.ebi.ac.uk/gwas/studies/GCST000371; https://www.ebi.ac.uk/gwas/studies/GCST000707; https://www.ebi.ac.uk/gwas/studies/GCST000710; https://www.ebi.ac.uk/gwas/studies/GCST002908; https://www.ebi.ac.uk/gwas/studies/GCST003019; https://www.ebi.ac.uk/gwas/studies/GCST003479; https://www.ebi.ac.uk/gwas/studies/GCST005897; https://www.ebi.ac.uk/gwas/studies/GCST006075; https://www.ebi.ac.uk/gwas/studies/GCST006988; https://www.ebi.ac.uk/gwas/studies/GCST006989; https://www.ebi.ac.uk/gwas/studies/GCST007082; https://www.ebi.ac.uk/gwas/studies/GCST007086; https://www.ebi.ac.uk/gwas/studies/GCST007451; https://www.ebi.ac.uk/gwas/studies/GCST007452; https://www.ebi.ac.uk/gwas/studies/GCST007453; https://www.ebi.ac.uk/gwas/studies/GCST007454; https://www.ebi.ac.uk/gwas/studies/GCST007455; https://www.ebi.ac.uk/gwas/studies/GCST007457; https://www.ebi.ac.uk/gwas/studies/GCST007486; https://www.ebi.ac.uk/gwas/studies/GCST007488; https://www.ebi.ac.uk/gwas/studies/GCST007489; https://www.ebi.ac.uk/gwas/studies/GCST008518; https://www.ebi.ac.uk/gwas/studies/GCST008519; https://www.ebi.ac.uk/gwas/studies/GCST010302; https://www.ebi.ac.uk/gwas/studies/GCST011355; https://www.ebi.ac.uk/gwas/studies/GCST012219; https://www.ebi.ac.uk/gwas/studies/GCST90041836; https://www.ebi.ac.uk/gwas/studies/GCST90041839; https://www.ebi.ac.uk/gwas/studies/GCST90041840; https://www.ebi.ac.uk/gwas/studies/GCST90095476; https://www.ebi.ac.uk/gwas/studies/GCST90095477; https://www.ebi.ac.uk/gwas/studies/GCST90246327; https://www.ebi.ac.uk/gwas/studies/GCST90255682; https://www.ebi.ac.uk/gwas/studies/GCST90255683; https://www.ebi.ac.uk/gwas/studies/GCST90255684; https://www.ebi.ac.uk/gwas/studies/GCST90255685; https://www.ebi.ac.uk/gwas/studies/GCST90255686; https://www.ebi.ac.uk/gwas/studies/GCST90255687; https://www.ebi.ac.uk/gwas/studies/GCST90255688; https://www.ebi.ac.uk/gwas/studies/GCST90255689; https://www.ebi.ac.uk/gwas/studies/GCST90255690; https://www.ebi.ac.uk/gwas/studies/GCST90939791"
"B","pigmentation","SLC49A4","GWAS only","","","","","","","2","30531825; 30595370","2","GCST006988; GCST007082","2","EFO_0003924; OBA_0002313","hair color; strand of hair color","Blond vs. brown/black hair color; Hair color","strict","","https://pubmed.ncbi.nlm.nih.gov/30531825/; https://pubmed.ncbi.nlm.nih.gov/30595370/","https://www.ebi.ac.uk/gwas/studies/GCST006988; https://www.ebi.ac.uk/gwas/studies/GCST007082"
"B","pigmentation","SLC6A17","GWAS only","","","","","","","2","30595370; 36536295","2","GCST007086; GCST90246327","2","MONDO_0005326; OBA_VT0002095","skin pigmentation; sunburn","Skin reflectance; Sunburns","broad; strict","","https://pubmed.ncbi.nlm.nih.gov/30595370/; https://pubmed.ncbi.nlm.nih.gov/36536295/","https://www.ebi.ac.uk/gwas/studies/GCST007086; https://www.ebi.ac.uk/gwas/studies/GCST90246327"
"B","pigmentation","SMARCAL1","OMIM only","242900","242900","606622","SCHIMKE IMMUNOOSSEOUS DYSPLASIA; SIOD","Hyperpigmentation disorder","D’Arcy and Kiel (2023)","","","","","","","","","","https://omim.org/entry/242900","",""
"B","pigmentation","SMIM38","GWAS only","","","","","","","2","29739929; 34737440","2","GCST005897; GCST90095476","2","EFO_0003924; EFO_0004279","hair color; suntan","Blond vs. brown/black hair color; Low tan response","broad; strict","","https://pubmed.ncbi.nlm.nih.gov/29739929/; https://pubmed.ncbi.nlm.nih.gov/34737440/","https://www.ebi.ac.uk/gwas/studies/GCST005897; https://www.ebi.ac.uk/gwas/studies/GCST90095476"
"B","pigmentation","SMO","OMIM only","601707","601707","601500","CURRY-JONES SYNDROME; CRJS","Hypopigmentation disorder","D’Arcy and Kiel (2023)","","","","","","","","","","https://omim.org/entry/601707","",""
"B","pigmentation","SNX16","GWAS only","","","","","","","2","30531825; 30595370","2","GCST006988; GCST007082","2","EFO_0003924; OBA_0002313","hair color; strand of hair color","Blond vs. brown/black hair color; Hair color","strict","","https://pubmed.ncbi.nlm.nih.gov/30531825/; https://pubmed.ncbi.nlm.nih.gov/30595370/","https://www.ebi.ac.uk/gwas/studies/GCST006988; https://www.ebi.ac.uk/gwas/studies/GCST007082"
"B","pigmentation","SORBS2","GWAS only","","","","","","","2","30895295; 35313536","2","GCST007740; GCST90104590","3","EFO_0009764; OBA_2045282","eye colour measurement; facial pigmentation","Facial skin melanin; Iris color (a* coordinate)","strict","","https://pubmed.ncbi.nlm.nih.gov/30895295/; https://pubmed.ncbi.nlm.nih.gov/35313536/","https://www.ebi.ac.uk/gwas/studies/GCST007740; https://www.ebi.ac.uk/gwas/studies/GCST90104590"
"B","pigmentation","SOX10","OMIM only","609136; 611584; 613266","609136; 611584; 613266","602229","PERIPHERAL DEMYELINATING NEUROPATHY, CENTRAL DYSMYELINATION, WAARDENBURG SYNDROME, AND HIRSCHSPRUNG DISEASE; PCWH; WAARDENBURG SYNDROME, TYPE 2E; WS2E; WAARDENBURG SYNDROME, TYPE 4C; WS4C","Hypopigmentation disorder","D’Arcy and Kiel (2023)","","","","","","","","","","https://omim.org/entry/609136; https://omim.org/entry/611584; https://omim.org/entry/613266","",""
"B","pigmentation","SOX5","GWAS only","","","","","","","2","30595370; 33692100","2","GCST007082; GCST012219","2","EFO_0003949; OBA_0002313","eye color; strand of hair color","Eye color; Hair color","strict","","https://pubmed.ncbi.nlm.nih.gov/30595370/; https://pubmed.ncbi.nlm.nih.gov/33692100/","https://www.ebi.ac.uk/gwas/studies/GCST007082; https://www.ebi.ac.uk/gwas/studies/GCST012219"
"B","pigmentation","SOX6","GWAS only","","","","","","","3","30531825; 30595370; 34737426","5","GCST006988; GCST007082; GCST007086; GCST90041836; GCST90041839","11","EFO_0003924; MONDO_0005326; OBA_0002313","hair color; strand of hair color; sunburn","Blond vs. brown/black hair color; Hair color; Hair colour (natural, before greying): Blonde (UKB data field 1747_1); Hair colour (natural, before greying): Dark brown (UKB data field 1747_4); Sunburns","broad; strict","","https://pubmed.ncbi.nlm.nih.gov/30531825/; https://pubmed.ncbi.nlm.nih.gov/30595370/; https://pubmed.ncbi.nlm.nih.gov/34737426/","https://www.ebi.ac.uk/gwas/studies/GCST006988; https://www.ebi.ac.uk/gwas/studies/GCST007082; https://www.ebi.ac.uk/gwas/studies/GCST007086; https://www.ebi.ac.uk/gwas/studies/GCST90041836; https://www.ebi.ac.uk/gwas/studies/GCST90041839"
"B","pigmentation","SP2-AS1","GWAS only","","","","","","","3","29662168; 30531825; 30595370","4","GCST006075; GCST006988; GCST006989; GCST007082","6","EFO_0003924; OBA_0002313","hair color; strand of hair color","Blond vs. brown/black hair color; Brown vs. black hair color; Hair color","strict","","https://pubmed.ncbi.nlm.nih.gov/29662168/; https://pubmed.ncbi.nlm.nih.gov/30531825/; https://pubmed.ncbi.nlm.nih.gov/30595370/","https://www.ebi.ac.uk/gwas/studies/GCST006075; https://www.ebi.ac.uk/gwas/studies/GCST006988; https://www.ebi.ac.uk/gwas/studies/GCST006989; https://www.ebi.ac.uk/gwas/studies/GCST007082"
"B","pigmentation","SP6","GWAS only","","","","","","","3","29662168; 30531825; 30595370","4","GCST006075; GCST006988; GCST006989; GCST007082","4","EFO_0003924; OBA_0002313","hair color; strand of hair color","Blond vs. brown/black hair color; Brown vs. black hair color; Hair color","strict","","https://pubmed.ncbi.nlm.nih.gov/29662168/; https://pubmed.ncbi.nlm.nih.gov/30531825/; https://pubmed.ncbi.nlm.nih.gov/30595370/","https://www.ebi.ac.uk/gwas/studies/GCST006075; https://www.ebi.ac.uk/gwas/studies/GCST006988; https://www.ebi.ac.uk/gwas/studies/GCST006989; https://www.ebi.ac.uk/gwas/studies/GCST007082"
"B","pigmentation","SPAG16-DT","GWAS only","","","","","","","3","30595370; 32341527; 35313536","3","GCST007082; GCST010302; GCST90104591","3","EFO_0003924; OBA_0002313; OBA_2045282","facial pigmentation; hair color; strand of hair color","Cutaneous melanoma or hair colour; Facial skin gloss; Hair color","strict","","https://pubmed.ncbi.nlm.nih.gov/30595370/; https://pubmed.ncbi.nlm.nih.gov/32341527/; https://pubmed.ncbi.nlm.nih.gov/35313536/","https://www.ebi.ac.uk/gwas/studies/GCST007082; https://www.ebi.ac.uk/gwas/studies/GCST010302; https://www.ebi.ac.uk/gwas/studies/GCST90104591"
"B","pigmentation","SPATA2L","GWAS only","","","","","","","3","30531825; 34737426; 36672889","3","GCST006988; GCST90041837; GCST90255681","3","EFO_0003924; OBA_0002313","hair color; strand of hair color","Blond vs. brown/black hair color; Hair colour (natural, before greying): Red (UKB data field 1747_2); Red vs non-red hair color","strict","","https://pubmed.ncbi.nlm.nih.gov/30531825/; https://pubmed.ncbi.nlm.nih.gov/34737426/; https://pubmed.ncbi.nlm.nih.gov/36672889/","https://www.ebi.ac.uk/gwas/studies/GCST006988; https://www.ebi.ac.uk/gwas/studies/GCST90041837; https://www.ebi.ac.uk/gwas/studies/GCST90255681"
"B","pigmentation","SPATA33","GWAS only","","","","","","","5","25705849; 30166351; 30531825; 34737426; 34737440","9","GCST002785; GCST006986; GCST006988; GCST006989; GCST007488; GCST90041838; GCST90041839; GCST90041840; GCST90095476","10","EFO_0003924; EFO_0003963; OBA_0002313; OBA_2045282","facial pigmentation; freckles; hair color; strand of hair color","Blond vs. brown/black hair color; Brown vs. black hair color; Facial pigmentation; Hair colour (natural, before greying): Black (UKB data field 1747_5); Hair colour (natural, before greying): Dark brown (UKB data field 1747_4); Hair colour (natural, before greying): Light brown (UKB data field 1747_3); Red vs. brown/black hair color; Skin pigmentation traits","broad; strict","","https://pubmed.ncbi.nlm.nih.gov/25705849/; https://pubmed.ncbi.nlm.nih.gov/30166351/; https://pubmed.ncbi.nlm.nih.gov/30531825/; https://pubmed.ncbi.nlm.nih.gov/34737426/; https://pubmed.ncbi.nlm.nih.gov/34737440/","https://www.ebi.ac.uk/gwas/studies/GCST002785; https://www.ebi.ac.uk/gwas/studies/GCST006986; https://www.ebi.ac.uk/gwas/studies/GCST006988; https://www.ebi.ac.uk/gwas/studies/GCST006989; https://www.ebi.ac.uk/gwas/studies/GCST007488; https://www.ebi.ac.uk/gwas/studies/GCST90041838; https://www.ebi.ac.uk/gwas/studies/GCST90041839; https://www.ebi.ac.uk/gwas/studies/GCST90041840; https://www.ebi.ac.uk/gwas/studies/GCST90095476"
"B","pigmentation","SPG7","GWAS only","","","","","","","5","30166351; 32341527; 34737426; 34737440; 36672889","6","GCST007486; GCST010302; GCST90041837; GCST90041839; GCST90095478; GCST90255681","11","EFO_0003924; OBA_0002313","hair color; strand of hair color","Cutaneous melanoma or hair colour; Hair colour (natural, before greying): Dark brown (UKB data field 1747_4); Hair colour (natural, before greying): Red (UKB data field 1747_2); Hair morphology traits; Red vs non-red hair color; Red vs. brown/black hair color","strict","","https://pubmed.ncbi.nlm.nih.gov/30166351/; https://pubmed.ncbi.nlm.nih.gov/32341527/; https://pubmed.ncbi.nlm.nih.gov/34737426/; https://pubmed.ncbi.nlm.nih.gov/34737440/; https://pubmed.ncbi.nlm.nih.gov/36672889/","https://www.ebi.ac.uk/gwas/studies/GCST007486; https://www.ebi.ac.uk/gwas/studies/GCST010302; https://www.ebi.ac.uk/gwas/studies/GCST90041837; https://www.ebi.ac.uk/gwas/studies/GCST90041839; https://www.ebi.ac.uk/gwas/studies/GCST90095478; https://www.ebi.ac.uk/gwas/studies/GCST90255681"
"B","pigmentation","SPIRE2","GWAS only","","","","","","","6","29739929; 30531825; 30595370; 34737426; 36536295; 36672889","10","GCST005897; GCST006986; GCST006988; GCST006989; GCST007082; GCST90041837; GCST90246327; GCST90255681; GCST90255688; GCST90255689","17","EFO_0003924; EFO_0004279; OBA_0002313; OBA_VT0002095","hair color; skin pigmentation; strand of hair color; suntan","Blond vs. brown/black hair color; Brown vs. black hair color; Hair color; Hair colour (natural, before greying): Red (UKB data field 1747_2); Low tan response; Red vs non-red hair color; Red vs. brown/black hair color; Skin color (Fitzpatrick scale); Skin phototype score; Skin reflectance","broad; strict","","https://pubmed.ncbi.nlm.nih.gov/29739929/; https://pubmed.ncbi.nlm.nih.gov/30531825/; https://pubmed.ncbi.nlm.nih.gov/30595370/; https://pubmed.ncbi.nlm.nih.gov/34737426/; https://pubmed.ncbi.nlm.nih.gov/36536295/; https://pubmed.ncbi.nlm.nih.gov/36672889/","https://www.ebi.ac.uk/gwas/studies/GCST005897; https://www.ebi.ac.uk/gwas/studies/GCST006986; https://www.ebi.ac.uk/gwas/studies/GCST006988; https://www.ebi.ac.uk/gwas/studies/GCST006989; https://www.ebi.ac.uk/gwas/studies/GCST007082; https://www.ebi.ac.uk/gwas/studies/GCST90041837; https://www.ebi.ac.uk/gwas/studies/GCST90246327; https://www.ebi.ac.uk/gwas/studies/GCST90255681; https://www.ebi.ac.uk/gwas/studies/GCST90255688; https://www.ebi.ac.uk/gwas/studies/GCST90255689"
"B","pigmentation","SPRED1","OMIM only","611431","611431","609291","LEGIUS SYNDROME; LGSS","Hyperpigmentation disorder","D’Arcy and Kiel (2023)","","","","","","","","","","https://omim.org/entry/611431","",""
"B","pigmentation","SRC","GWAS only","","","","","","","2","29739929; 30595370","2","GCST005897; GCST007082","2","EFO_0004279; OBA_0002313","strand of hair color; suntan","Hair color; Low tan response","broad; strict","","https://pubmed.ncbi.nlm.nih.gov/29739929/; https://pubmed.ncbi.nlm.nih.gov/30595370/","https://www.ebi.ac.uk/gwas/studies/GCST005897; https://www.ebi.ac.uk/gwas/studies/GCST007082"
"B","pigmentation","ST3GAL5","OMIM only","609056","609056","604402","SALT AND PEPPER DEVELOPMENTAL REGRESSION SYNDROME; SPDRS","Mixed hypo- & hyperpigmentation disorder","D’Arcy and Kiel (2023)","","","","","","","","","","https://omim.org/entry/609056","",""
"B","pigmentation","STAR","OMIM only","201710","201710","600617","LIPOID CONGENITAL ADRENAL HYPERPLASIA; LCAH","Hyperpigmentation disorder","D’Arcy and Kiel (2023)","","","","","","","","","","https://omim.org/entry/201710","",""
"B","pigmentation","STK11","OMIM only","175200","175200","602216","PEUTZ-JEGHERS SYNDROME; PJS","Hyperpigmentation disorder","D’Arcy and Kiel (2023)","","","","","","","","","","https://omim.org/entry/175200","",""
"B","pigmentation","SYNE2","GWAS only","","","","","","","3","30531825; 30595370; 32341527","3","GCST006988; GCST007082; GCST010302","3","EFO_0003924; OBA_0002313","hair color; strand of hair color","Blond vs. brown/black hair color; Cutaneous melanoma or hair colour; Hair color","strict","","https://pubmed.ncbi.nlm.nih.gov/30531825/; https://pubmed.ncbi.nlm.nih.gov/30595370/; https://pubmed.ncbi.nlm.nih.gov/32341527/","https://www.ebi.ac.uk/gwas/studies/GCST006988; https://www.ebi.ac.uk/gwas/studies/GCST007082; https://www.ebi.ac.uk/gwas/studies/GCST010302"
"B","pigmentation","TAC4-AS1","GWAS only","","","","","","","2","30531825; 30595370","2","GCST006988; GCST007082","3","EFO_0003924; OBA_0002313","hair color; strand of hair color","Blond vs. brown/black hair color; Hair color","strict","","https://pubmed.ncbi.nlm.nih.gov/30531825/; https://pubmed.ncbi.nlm.nih.gov/30595370/","https://www.ebi.ac.uk/gwas/studies/GCST006988; https://www.ebi.ac.uk/gwas/studies/GCST007082"
"B","pigmentation","TACC1","GWAS only","","","","","","","2","30531825; 30595370","2","GCST006988; GCST007082","2","EFO_0003924; OBA_0002313","hair color; strand of hair color","Blond vs. brown/black hair color; Hair color","strict","","https://pubmed.ncbi.nlm.nih.gov/30531825/; https://pubmed.ncbi.nlm.nih.gov/30595370/","https://www.ebi.ac.uk/gwas/studies/GCST006988; https://www.ebi.ac.uk/gwas/studies/GCST007082"
"B","pigmentation","TBCD","GWAS only","","","","","","","2","30531825; 30595370","2","GCST006988; GCST007082","2","EFO_0003924; OBA_0002313","hair color; strand of hair color","Blond vs. brown/black hair color; Hair color","strict","","https://pubmed.ncbi.nlm.nih.gov/30531825/; https://pubmed.ncbi.nlm.nih.gov/30595370/","https://www.ebi.ac.uk/gwas/studies/GCST006988; https://www.ebi.ac.uk/gwas/studies/GCST007082"
"B","pigmentation","TCF25","GWAS only","","","","","","","3","30531825; 34737426; 36536295","7","GCST006986; GCST006988; GCST006989; GCST90041836; GCST90041837; GCST90041839; GCST90246327","14","EFO_0003924; OBA_0002313; OBA_VT0002095","hair color; skin pigmentation; strand of hair color","Blond vs. brown/black hair color; Brown vs. black hair color; Hair colour (natural, before greying): Blonde (UKB data field 1747_1); Hair colour (natural, before greying): Dark brown (UKB data field 1747_4); Hair colour (natural, before greying): Red (UKB data field 1747_2); Red vs. brown/black hair color; Skin reflectance","strict","","https://pubmed.ncbi.nlm.nih.gov/30531825/; https://pubmed.ncbi.nlm.nih.gov/34737426/; https://pubmed.ncbi.nlm.nih.gov/36536295/","https://www.ebi.ac.uk/gwas/studies/GCST006986; https://www.ebi.ac.uk/gwas/studies/GCST006988; https://www.ebi.ac.uk/gwas/studies/GCST006989; https://www.ebi.ac.uk/gwas/studies/GCST90041836; https://www.ebi.ac.uk/gwas/studies/GCST90041837; https://www.ebi.ac.uk/gwas/studies/GCST90041839; https://www.ebi.ac.uk/gwas/studies/GCST90246327"
"B","pigmentation","TERC","OMIM only","127550","127550","602322","DYSKERATOSIS CONGENITA, AUTOSOMAL DOMINANT 1; DKCA1","Hyperpigmentation disorder","D’Arcy and Kiel (2023)","","","","","","","","","","https://omim.org/entry/127550","",""
"B","pigmentation","TERT","OMIM only","613989","613989","187270","DYSKERATOSIS CONGENITA, AUTOSOMAL DOMINANT 2; DKCA2","Hyperpigmentation disorder","D’Arcy and Kiel (2023)","","","","","","","","","","https://omim.org/entry/613989","",""
"B","pigmentation","TESHL","GWAS only","","","","","","","2","30595370; 36672889","2","GCST007082; GCST90255681","2","EFO_0003924; OBA_0002313","hair color; strand of hair color","Hair color; Red vs non-red hair color","strict","","https://pubmed.ncbi.nlm.nih.gov/30595370/; https://pubmed.ncbi.nlm.nih.gov/36672889/","https://www.ebi.ac.uk/gwas/studies/GCST007082; https://www.ebi.ac.uk/gwas/studies/GCST90255681"
"B","pigmentation","TGDS","GWAS only","","","","","","","4","29662168; 29739929; 30531825; 30595370","4","GCST005897; GCST006075; GCST006988; GCST007082","4","EFO_0003924; EFO_0004279; OBA_0002313","hair color; strand of hair color; suntan","Blond vs. brown/black hair color; Hair color; Low tan response","broad; strict","","https://pubmed.ncbi.nlm.nih.gov/29662168/; https://pubmed.ncbi.nlm.nih.gov/29739929/; https://pubmed.ncbi.nlm.nih.gov/30531825/; https://pubmed.ncbi.nlm.nih.gov/30595370/","https://www.ebi.ac.uk/gwas/studies/GCST005897; https://www.ebi.ac.uk/gwas/studies/GCST006075; https://www.ebi.ac.uk/gwas/studies/GCST006988; https://www.ebi.ac.uk/gwas/studies/GCST007082"
"B","pigmentation","THNSL2","GWAS only","","","","","","","2","30531825; 30595370","2","GCST006988; GCST007082","2","EFO_0003924; OBA_0002313","hair color; strand of hair color","Blond vs. brown/black hair color; Hair color","strict","","https://pubmed.ncbi.nlm.nih.gov/30531825/; https://pubmed.ncbi.nlm.nih.gov/30595370/","https://www.ebi.ac.uk/gwas/studies/GCST006988; https://www.ebi.ac.uk/gwas/studies/GCST007082"
"B","pigmentation","TINF2","OMIM only","613990","613990","604319","DYSKERATOSIS CONGENITA, AUTOSOMAL DOMINANT 3; DKCA3","Hyperpigmentation disorder","D’Arcy and Kiel (2023)","","","","","","","","","","https://omim.org/entry/613990","",""
"B","pigmentation","TIPARP-AS1","GWAS only","","","","","","","2","30595370; 36536295","2","GCST007086; GCST90246327","2","MONDO_0005326; OBA_VT0002095","skin pigmentation; sunburn","Skin reflectance; Sunburns","broad; strict","","https://pubmed.ncbi.nlm.nih.gov/30595370/; https://pubmed.ncbi.nlm.nih.gov/36536295/","https://www.ebi.ac.uk/gwas/studies/GCST007086; https://www.ebi.ac.uk/gwas/studies/GCST90246327"
"B","pigmentation","TMCC2","GWAS only","","","","","","","3","29662168; 30531825; 38728357","3","GCST006075; GCST006988; GCST90939791","3","EFO_0003924; EFO_0009764; OBA_0002313","eye colour measurement; hair color; strand of hair color","Blond vs. brown/black hair color; Hair color; Retina colour","strict","","https://pubmed.ncbi.nlm.nih.gov/29662168/; https://pubmed.ncbi.nlm.nih.gov/30531825/; https://pubmed.ncbi.nlm.nih.gov/38728357/","https://www.ebi.ac.uk/gwas/studies/GCST006075; https://www.ebi.ac.uk/gwas/studies/GCST006988; https://www.ebi.ac.uk/gwas/studies/GCST90939791"
"B","pigmentation","TMEM163","GWAS only","","","","","","","3","30531825; 30595370; 32341527","3","GCST006988; GCST007082; GCST010302","3","EFO_0003924; OBA_0002313","hair color; strand of hair color","Blond vs. brown/black hair color; Cutaneous melanoma or hair colour; Hair color","strict","","https://pubmed.ncbi.nlm.nih.gov/30531825/; https://pubmed.ncbi.nlm.nih.gov/30595370/; https://pubmed.ncbi.nlm.nih.gov/32341527/","https://www.ebi.ac.uk/gwas/studies/GCST006988; https://www.ebi.ac.uk/gwas/studies/GCST007082; https://www.ebi.ac.uk/gwas/studies/GCST010302"
"B","pigmentation","TMEM258","GWAS only","","","","","","","2","30531825; 30595370","2","GCST006988; GCST007082","2","EFO_0003924; OBA_0002313","hair color; strand of hair color","Blond vs. brown/black hair color; Hair color","strict","","https://pubmed.ncbi.nlm.nih.gov/30531825/; https://pubmed.ncbi.nlm.nih.gov/30595370/","https://www.ebi.ac.uk/gwas/studies/GCST006988; https://www.ebi.ac.uk/gwas/studies/GCST007082"
"B","pigmentation","TMTC3","GWAS only","","","","","","","3","30531825; 30595370; 30895295","4","GCST006988; GCST006989; GCST007082; GCST007739","6","EFO_0003924; OBA_0002313; OBA_VT0002095","hair color; skin pigmentation; strand of hair color","Blond vs. brown/black hair color; Brown vs. black hair color; Hair color; Skin reflectance (Melanin index)","strict","","https://pubmed.ncbi.nlm.nih.gov/30531825/; https://pubmed.ncbi.nlm.nih.gov/30595370/; https://pubmed.ncbi.nlm.nih.gov/30895295/","https://www.ebi.ac.uk/gwas/studies/GCST006988; https://www.ebi.ac.uk/gwas/studies/GCST006989; https://www.ebi.ac.uk/gwas/studies/GCST007082; https://www.ebi.ac.uk/gwas/studies/GCST007739"
"B","pigmentation","TP63","Shared","103285","103285","603273","ADULT SYNDROME","Mixed hypo- & hyperpigmentation disorder","D’Arcy and Kiel (2023)","2","30595370; 30895295","3","GCST007082; GCST007086; GCST007742","3","EFO_0009764; MONDO_0005326; OBA_0002313","eye colour measurement; strand of hair color; sunburn","Hair color; Iris heterochromicity; Sunburns","broad; strict","https://omim.org/entry/103285","https://pubmed.ncbi.nlm.nih.gov/30595370/; https://pubmed.ncbi.nlm.nih.gov/30895295/","https://www.ebi.ac.uk/gwas/studies/GCST007082; https://www.ebi.ac.uk/gwas/studies/GCST007086; https://www.ebi.ac.uk/gwas/studies/GCST007742"
"B","pigmentation","TPCN2","Shared","612267","612267","612163","SKIN/HAIR/EYE PIGMENTATION, VARIATION IN, 10; SHEP10","Pigmentation phenotype","D’Arcy and Kiel (2023)","11","18488028; 20585627; 26184321; 29662168; 29739929; 30531825; 30595370; 32341527; 34737426; 34737440; 38728357","16","GCST000194; GCST000707; GCST003021; GCST003022; GCST003023; GCST005897; GCST006075; GCST006988; GCST006989; GCST007082; GCST007086; GCST010302; GCST90041836; GCST90041839; GCST90095476; GCST90939791","23","EFO_0003924; EFO_0004279; EFO_0009764; MONDO_0005326; OBA_0002313","eye colour measurement; hair color; strand of hair color; sunburn; suntan","Blond vs non-blond hair color; Blond vs. brown hair color; Blond vs. brown/black hair color; Brown vs. black hair color; Brown vs. non-brown hair color; Cutaneous melanoma or hair colour; Hair color; Hair colour (natural, before greying): Blonde (UKB data field 1747_1); Hair colour (natural, before greying): Dark brown (UKB data field 1747_4); Light vs. dark hair color; Low tan response; Retina colour; Sunburns","broad; strict","https://omim.org/entry/612267","https://pubmed.ncbi.nlm.nih.gov/18488028/; https://pubmed.ncbi.nlm.nih.gov/20585627/; https://pubmed.ncbi.nlm.nih.gov/26184321/; https://pubmed.ncbi.nlm.nih.gov/29662168/; https://pubmed.ncbi.nlm.nih.gov/29739929/; https://pubmed.ncbi.nlm.nih.gov/30531825/; https://pubmed.ncbi.nlm.nih.gov/30595370/; https://pubmed.ncbi.nlm.nih.gov/32341527/; https://pubmed.ncbi.nlm.nih.gov/34737426/; https://pubmed.ncbi.nlm.nih.gov/34737440/; https://pubmed.ncbi.nlm.nih.gov/38728357/","https://www.ebi.ac.uk/gwas/studies/GCST000194; https://www.ebi.ac.uk/gwas/studies/GCST000707; https://www.ebi.ac.uk/gwas/studies/GCST003021; https://www.ebi.ac.uk/gwas/studies/GCST003022; https://www.ebi.ac.uk/gwas/studies/GCST003023; https://www.ebi.ac.uk/gwas/studies/GCST005897; https://www.ebi.ac.uk/gwas/studies/GCST006075; https://www.ebi.ac.uk/gwas/studies/GCST006988; https://www.ebi.ac.uk/gwas/studies/GCST006989; https://www.ebi.ac.uk/gwas/studies/GCST007082; https://www.ebi.ac.uk/gwas/studies/GCST007086; https://www.ebi.ac.uk/gwas/studies/GCST010302; https://www.ebi.ac.uk/gwas/studies/GCST90041836; https://www.ebi.ac.uk/gwas/studies/GCST90041839; https://www.ebi.ac.uk/gwas/studies/GCST90095476; https://www.ebi.ac.uk/gwas/studies/GCST90939791"
"B","pigmentation","TPM3P2","GWAS only","","","","","","","2","30595370; 38728357","3","GCST007082; GCST007086; GCST90939791","3","EFO_0009764; MONDO_0005326; OBA_0002313","eye colour measurement; strand of hair color; sunburn","Hair color; Retina colour; Sunburns","broad; strict","","https://pubmed.ncbi.nlm.nih.gov/30595370/; https://pubmed.ncbi.nlm.nih.gov/38728357/","https://www.ebi.ac.uk/gwas/studies/GCST007082; https://www.ebi.ac.uk/gwas/studies/GCST007086; https://www.ebi.ac.uk/gwas/studies/GCST90939791"
"B","pigmentation","TPRG1","GWAS only","","","","","","","3","26926045; 30595370; 30895295","3","GCST003479; GCST007086; GCST007742","3","EFO_0009764; MONDO_0005326; OBA_0002313","eye colour measurement; strand of hair color; sunburn","Hair color; Iris heterochromicity; Sunburns","broad; strict","","https://pubmed.ncbi.nlm.nih.gov/26926045/; https://pubmed.ncbi.nlm.nih.gov/30595370/; https://pubmed.ncbi.nlm.nih.gov/30895295/","https://www.ebi.ac.uk/gwas/studies/GCST003479; https://www.ebi.ac.uk/gwas/studies/GCST007086; https://www.ebi.ac.uk/gwas/studies/GCST007742"
"B","pigmentation","TRPC4AP","GWAS only","","","","","","","2","29739929; 30595370","2","GCST005897; GCST007082","2","EFO_0004279; OBA_0002313","strand of hair color; suntan","Hair color; Low tan response","broad; strict","","https://pubmed.ncbi.nlm.nih.gov/29739929/; https://pubmed.ncbi.nlm.nih.gov/30595370/","https://www.ebi.ac.uk/gwas/studies/GCST005897; https://www.ebi.ac.uk/gwas/studies/GCST007082"
"B","pigmentation","TRPS1","GWAS only","","","","","","","3","29739929; 30595370; 36536295","4","GCST005897; GCST007082; GCST007086; GCST90246327","4","EFO_0004279; MONDO_0005326; OBA_0002313; OBA_VT0002095","skin pigmentation; strand of hair color; sunburn; suntan","Hair color; Low tan response; Skin reflectance; Sunburns","broad; strict","","https://pubmed.ncbi.nlm.nih.gov/29739929/; https://pubmed.ncbi.nlm.nih.gov/30595370/; https://pubmed.ncbi.nlm.nih.gov/36536295/","https://www.ebi.ac.uk/gwas/studies/GCST005897; https://www.ebi.ac.uk/gwas/studies/GCST007082; https://www.ebi.ac.uk/gwas/studies/GCST007086; https://www.ebi.ac.uk/gwas/studies/GCST90246327"
"B","pigmentation","TSC1","OMIM only","191100","191100","605284","TUBEROUS SCLEROSIS 1; TSC1","Hypopigmentation disorder","D’Arcy and Kiel (2023)","","","","","","","","","","https://omim.org/entry/191100","",""
"B","pigmentation","TSC2","OMIM only","613254","613254","191092","TUBEROUS SCLEROSIS 2; TSC2","Hypopigmentation disorder","D’Arcy and Kiel (2023)","","","","","","","","","","https://omim.org/entry/613254","",""
"B","pigmentation","TSPAN10","GWAS only","","","","","","","4","30166351; 30531825; 30595370; 33692100","5","GCST006986; GCST006989; GCST007082; GCST007486; GCST012219","6","EFO_0003924; EFO_0003949; OBA_0002313","eye color; hair color; strand of hair color","Brown vs. black hair color; Eye color; Hair color; Hair morphology traits; Red vs. brown/black hair color","strict","","https://pubmed.ncbi.nlm.nih.gov/30166351/; https://pubmed.ncbi.nlm.nih.gov/30531825/; https://pubmed.ncbi.nlm.nih.gov/30595370/; https://pubmed.ncbi.nlm.nih.gov/33692100/","https://www.ebi.ac.uk/gwas/studies/GCST006986; https://www.ebi.ac.uk/gwas/studies/GCST006989; https://www.ebi.ac.uk/gwas/studies/GCST007082; https://www.ebi.ac.uk/gwas/studies/GCST007486; https://www.ebi.ac.uk/gwas/studies/GCST012219"
"B","pigmentation","TUBB3","GWAS only","","","","","","","4","30531825; 30595370; 34737426; 36536295","5","GCST006986; GCST007082; GCST90041837; GCST90041839; GCST90246327","8","EFO_0003924; OBA_0002313; OBA_VT0002095","hair color; skin pigmentation; strand of hair color","Hair color; Hair colour (natural, before greying): Dark brown (UKB data field 1747_4); Hair colour (natural, before greying): Red (UKB data field 1747_2); Red vs. brown/black hair color; Skin reflectance","strict","","https://pubmed.ncbi.nlm.nih.gov/30531825/; https://pubmed.ncbi.nlm.nih.gov/30595370/; https://pubmed.ncbi.nlm.nih.gov/34737426/; https://pubmed.ncbi.nlm.nih.gov/36536295/","https://www.ebi.ac.uk/gwas/studies/GCST006986; https://www.ebi.ac.uk/gwas/studies/GCST007082; https://www.ebi.ac.uk/gwas/studies/GCST90041837; https://www.ebi.ac.uk/gwas/studies/GCST90041839; https://www.ebi.ac.uk/gwas/studies/GCST90246327"
"B","pigmentation","TUBB4BP4","GWAS only","","","","","","","2","30595370; 32341527","2","GCST007082; GCST010302","2","EFO_0003924; OBA_0002313","hair color; strand of hair color","Cutaneous melanoma or hair colour; Hair color","strict","","https://pubmed.ncbi.nlm.nih.gov/30595370/; https://pubmed.ncbi.nlm.nih.gov/32341527/","https://www.ebi.ac.uk/gwas/studies/GCST007082; https://www.ebi.ac.uk/gwas/studies/GCST010302"
"B","pigmentation","TWIST2","GWAS only","","","","","","","2","30531825; 30595370","2","GCST006988; GCST007082","2","EFO_0003924; OBA_0002313","hair color; strand of hair color","Blond vs. brown/black hair color; Hair color","strict","","https://pubmed.ncbi.nlm.nih.gov/30531825/; https://pubmed.ncbi.nlm.nih.gov/30595370/","https://www.ebi.ac.uk/gwas/studies/GCST006988; https://www.ebi.ac.uk/gwas/studies/GCST007082"
"B","pigmentation","TYR","Shared","203100; 601800; 606952","203100; 601800; 606952","606933","ALBINISM, OCULOCUTANEOUS, TYPE IA; OCA1A; ALBINISM, OCULOCUTANEOUS, TYPE IB; OCA1B; SKIN/HAIR/EYE PIGMENTATION, VARIATION IN, 3; SHEP3","Hair color; Hyperpigmentation disorder; Pigmentation phenotype; Hair color; Hypopigmentation disorder","D’Arcy and Kiel (2023); Needle et al. (2025)","14","17952075; 19340012; 20585627; 23548203; 29662168; 29739929; 30531825; 30595370; 30664655; 31315583; 32341527; 33692100; 36536295; 36672889","25","GCST000116; GCST000117; GCST000119; GCST000371; GCST000710; GCST001933; GCST001939; GCST005897; GCST006075; GCST006988; GCST006989; GCST007082; GCST007086; GCST007451; GCST007452; GCST007454; GCST007455; GCST008519; GCST010302; GCST012219; GCST90246327; GCST90255686; GCST90255688; GCST90255689; GCST90255690","40","EFO_0003924; EFO_0003949; EFO_0003963; EFO_0004279; EFO_0009764; MONDO_0005326; MONDO_0005434; OBA_0002313; OBA_VT0002095","eye color; eye colour measurement; freckles; hair color; skin pigmentation; skin sensitivity to sun; strand of hair color; sunburn; suntan","Blond vs. brown/black hair color; Blue vs. green eyes; Brown vs. black hair color; Cutaneous melanoma or hair colour; Ease of sunburn; Eye color; Eye color (brightness); Freckles; Hair color; Low tan response; Skin color; Skin color (Fitzpatrick scale); Skin phototype score; Skin pigmentation; Skin reflectance; Skin sensitivity to sun; Skin, hair and eye pigmentation (multivariate analysis); Sunburns; Tanning","broad; strict","https://omim.org/entry/203100; https://omim.org/entry/601800; https://omim.org/entry/606952","https://pubmed.ncbi.nlm.nih.gov/17952075/; https://pubmed.ncbi.nlm.nih.gov/19340012/; https://pubmed.ncbi.nlm.nih.gov/20585627/; https://pubmed.ncbi.nlm.nih.gov/23548203/; https://pubmed.ncbi.nlm.nih.gov/29662168/; https://pubmed.ncbi.nlm.nih.gov/29739929/; https://pubmed.ncbi.nlm.nih.gov/30531825/; https://pubmed.ncbi.nlm.nih.gov/30595370/; https://pubmed.ncbi.nlm.nih.gov/30664655/; https://pubmed.ncbi.nlm.nih.gov/31315583/; https://pubmed.ncbi.nlm.nih.gov/32341527/; https://pubmed.ncbi.nlm.nih.gov/33692100/; https://pubmed.ncbi.nlm.nih.gov/36536295/; https://pubmed.ncbi.nlm.nih.gov/36672889/","https://www.ebi.ac.uk/gwas/studies/GCST000116; https://www.ebi.ac.uk/gwas/studies/GCST000117; https://www.ebi.ac.uk/gwas/studies/GCST000119; https://www.ebi.ac.uk/gwas/studies/GCST000371; https://www.ebi.ac.uk/gwas/studies/GCST000710; https://www.ebi.ac.uk/gwas/studies/GCST001933; https://www.ebi.ac.uk/gwas/studies/GCST001939; https://www.ebi.ac.uk/gwas/studies/GCST005897; https://www.ebi.ac.uk/gwas/studies/GCST006075; https://www.ebi.ac.uk/gwas/studies/GCST006988; https://www.ebi.ac.uk/gwas/studies/GCST006989; https://www.ebi.ac.uk/gwas/studies/GCST007082; https://www.ebi.ac.uk/gwas/studies/GCST007086; https://www.ebi.ac.uk/gwas/studies/GCST007451; https://www.ebi.ac.uk/gwas/studies/GCST007452; https://www.ebi.ac.uk/gwas/studies/GCST007454; https://www.ebi.ac.uk/gwas/studies/GCST007455; https://www.ebi.ac.uk/gwas/studies/GCST008519; https://www.ebi.ac.uk/gwas/studies/GCST010302; https://www.ebi.ac.uk/gwas/studies/GCST012219; https://www.ebi.ac.uk/gwas/studies/GCST90246327; https://www.ebi.ac.uk/gwas/studies/GCST90255686; https://www.ebi.ac.uk/gwas/studies/GCST90255688; https://www.ebi.ac.uk/gwas/studies/GCST90255689; https://www.ebi.ac.uk/gwas/studies/GCST90255690"
"B","pigmentation","TYRP1","Shared","203290","203290","115501","ALBINISM, OCULOCUTANEOUS, TYPE III; OCA3","Hair color; Hypopigmentation disorder","D’Arcy and Kiel (2023); Needle et al. (2025)","2","32341527; 36672889","3","GCST010302; GCST90255688; GCST90255689","3","EFO_0003924; OBA_VT0002095","hair color; skin pigmentation","Cutaneous melanoma or hair colour; Skin color (Fitzpatrick scale); Skin phototype score","strict","https://omim.org/entry/203290","https://pubmed.ncbi.nlm.nih.gov/32341527/; https://pubmed.ncbi.nlm.nih.gov/36672889/","https://www.ebi.ac.uk/gwas/studies/GCST010302; https://www.ebi.ac.uk/gwas/studies/GCST90255688; https://www.ebi.ac.uk/gwas/studies/GCST90255689"
"B","pigmentation","U6","GWAS only","","","","","","","2","29739929; 30895295","2","GCST005897; GCST007739","2","EFO_0004279; OBA_VT0002095","skin pigmentation; suntan","Low tan response; Skin reflectance (Melanin index)","broad; strict","","https://pubmed.ncbi.nlm.nih.gov/29739929/; https://pubmed.ncbi.nlm.nih.gov/30895295/","https://www.ebi.ac.uk/gwas/studies/GCST005897; https://www.ebi.ac.uk/gwas/studies/GCST007739"
"B","pigmentation","USP9X","OMIM only","300968","300968","300072","INTELLECTUAL DEVELOPMENTAL DISORDER, X-LINKED 99, SYNDROMIC, FEMALE-RESTRICTED; MRXS99F","Hypopigmentation disorder","D’Arcy and Kiel (2023)","","","","","","","","","","https://omim.org/entry/300968","",""
"B","pigmentation","UVSSA","OMIM only","614640","614640","614632","UV-SENSITIVE SYNDROME 3; UVSS3","Hyperpigmentation disorder","D’Arcy and Kiel (2023)","","","","","","","","","","https://omim.org/entry/614640","",""
"B","pigmentation","VGLL4","GWAS only","","","","","","","2","30531825; 30595370","2","GCST006988; GCST007082","2","EFO_0003924; OBA_0002313","hair color; strand of hair color","Blond vs. brown/black hair color; Hair color","strict","","https://pubmed.ncbi.nlm.nih.gov/30531825/; https://pubmed.ncbi.nlm.nih.gov/30595370/","https://www.ebi.ac.uk/gwas/studies/GCST006988; https://www.ebi.ac.uk/gwas/studies/GCST007082"
"B","pigmentation","VPS9D1","GWAS only","","","","","","","4","29739929; 34737426; 36536295; 36672889","4","GCST005897; GCST90041839; GCST90246327; GCST90255681","5","EFO_0003924; EFO_0004279; OBA_0002313; OBA_VT0002095","hair color; skin pigmentation; strand of hair color; suntan","Hair colour (natural, before greying): Dark brown (UKB data field 1747_4); Low tan response; Red vs non-red hair color; Skin reflectance","broad; strict","","https://pubmed.ncbi.nlm.nih.gov/29739929/; https://pubmed.ncbi.nlm.nih.gov/34737426/; https://pubmed.ncbi.nlm.nih.gov/36536295/; https://pubmed.ncbi.nlm.nih.gov/36672889/","https://www.ebi.ac.uk/gwas/studies/GCST005897; https://www.ebi.ac.uk/gwas/studies/GCST90041839; https://www.ebi.ac.uk/gwas/studies/GCST90246327; https://www.ebi.ac.uk/gwas/studies/GCST90255681"
"B","pigmentation","VPS9D1-AS1","GWAS only","","","","","","","2","34737426; 36672889","2","GCST90041839; GCST90255681","2","EFO_0003924; OBA_0002313","hair color; strand of hair color","Hair colour (natural, before greying): Dark brown (UKB data field 1747_4); Red vs non-red hair color","strict","","https://pubmed.ncbi.nlm.nih.gov/34737426/; https://pubmed.ncbi.nlm.nih.gov/36672889/","https://www.ebi.ac.uk/gwas/studies/GCST90041839; https://www.ebi.ac.uk/gwas/studies/GCST90255681"
"B","pigmentation","WHAMMP2","GWAS only","","","","","","","2","18483556; 30595370","3","GCST000190; GCST000191; GCST007082","3","EFO_0003924; OBA_0002313","hair color; strand of hair color","Black vs. blond hair color; Black vs. red hair color; Hair color","strict","","https://pubmed.ncbi.nlm.nih.gov/18483556/; https://pubmed.ncbi.nlm.nih.gov/30595370/","https://www.ebi.ac.uk/gwas/studies/GCST000190; https://www.ebi.ac.uk/gwas/studies/GCST000191; https://www.ebi.ac.uk/gwas/studies/GCST007082"
"B","pigmentation","WNT7B","GWAS only","","","","","","","2","30531825; 38728357","2","GCST006988; GCST90939791","2","EFO_0003924; EFO_0009764","eye colour measurement; hair color","Blond vs. brown/black hair color; Retina colour","strict","","https://pubmed.ncbi.nlm.nih.gov/30531825/; https://pubmed.ncbi.nlm.nih.gov/38728357/","https://www.ebi.ac.uk/gwas/studies/GCST006988; https://www.ebi.ac.uk/gwas/studies/GCST90939791"
"B","pigmentation","WRAP53","OMIM only","613988","613988","612661","DYSKERATOSIS CONGENITA, AUTOSOMAL RECESSIVE 3; DKCB3","Hyperpigmentation disorder","D’Arcy and Kiel (2023)","","","","","","","","","","https://omim.org/entry/613988","",""
"B","pigmentation","WRN","OMIM only","277700","277700","604611","WERNER SYNDROME; WRN","Mixed hypo- & hyperpigmentation disorder","D’Arcy and Kiel (2023)","","","","","","","","","","https://omim.org/entry/277700","",""
"B","pigmentation","XPA","OMIM only","278700","278700","611153","XERODERMA PIGMENTOSUM, COMPLEMENTATION GROUP A; XPA","Mixed hypo- & hyperpigmentation disorder","D’Arcy and Kiel (2023)","","","","","","","","","","https://omim.org/entry/278700","",""
"B","pigmentation","XPC","OMIM only","278720","278720","613208","XERODERMA PIGMENTOSUM, COMPLEMENTATION GROUP C; XPC","Mixed hypo- & hyperpigmentation disorder","D’Arcy and Kiel (2023)","","","","","","","","","","https://omim.org/entry/278720","",""
"B","pigmentation","Y_RNA","GWAS only","","","","","","","4","30531825; 30595370; 30895295; 36672889","5","GCST006988; GCST006989; GCST007082; GCST007739; GCST90255681","12","EFO_0003924; OBA_0002313; OBA_VT0002095","hair color; skin pigmentation; strand of hair color","Blond vs. brown/black hair color; Brown vs. black hair color; Hair color; Red vs non-red hair color; Skin reflectance (Melanin index)","strict","","https://pubmed.ncbi.nlm.nih.gov/30531825/; https://pubmed.ncbi.nlm.nih.gov/30595370/; https://pubmed.ncbi.nlm.nih.gov/30895295/; https://pubmed.ncbi.nlm.nih.gov/36672889/","https://www.ebi.ac.uk/gwas/studies/GCST006988; https://www.ebi.ac.uk/gwas/studies/GCST006989; https://www.ebi.ac.uk/gwas/studies/GCST007082; https://www.ebi.ac.uk/gwas/studies/GCST007739; https://www.ebi.ac.uk/gwas/studies/GCST90255681"
"B","pigmentation","ZBTB38","GWAS only","","","","","","","3","29662168; 30531825; 30595370","4","GCST006075; GCST006988; GCST006989; GCST007082","4","EFO_0003924; OBA_0002313","hair color; strand of hair color","Blond vs. brown/black hair color; Brown vs. black hair color; Hair color","strict","","https://pubmed.ncbi.nlm.nih.gov/29662168/; https://pubmed.ncbi.nlm.nih.gov/30531825/; https://pubmed.ncbi.nlm.nih.gov/30595370/","https://www.ebi.ac.uk/gwas/studies/GCST006075; https://www.ebi.ac.uk/gwas/studies/GCST006988; https://www.ebi.ac.uk/gwas/studies/GCST006989; https://www.ebi.ac.uk/gwas/studies/GCST007082"
"B","pigmentation","ZC3H18","GWAS only","","","","","","","2","30595370; 34737426","2","GCST007082; GCST90041837","3","OBA_0002313","strand of hair color","Hair color; Hair colour (natural, before greying): Red (UKB data field 1747_2)","strict","","https://pubmed.ncbi.nlm.nih.gov/30595370/; https://pubmed.ncbi.nlm.nih.gov/34737426/","https://www.ebi.ac.uk/gwas/studies/GCST007082; https://www.ebi.ac.uk/gwas/studies/GCST90041837"
"B","pigmentation","ZFP36L1","GWAS only","","","","","","","3","30531825; 30595370; 32341527","3","GCST006988; GCST007082; GCST010302","3","EFO_0003924; OBA_0002313","hair color; strand of hair color","Blond vs. brown/black hair color; Cutaneous melanoma or hair colour; Hair color","strict","","https://pubmed.ncbi.nlm.nih.gov/30531825/; https://pubmed.ncbi.nlm.nih.gov/30595370/; https://pubmed.ncbi.nlm.nih.gov/32341527/","https://www.ebi.ac.uk/gwas/studies/GCST006988; https://www.ebi.ac.uk/gwas/studies/GCST007082; https://www.ebi.ac.uk/gwas/studies/GCST010302"
"B","pigmentation","ZFPM1","GWAS only","","","","","","","2","30595370; 34737426","2","GCST007082; GCST90041837","5","OBA_0002313","strand of hair color","Hair color; Hair colour (natural, before greying): Red (UKB data field 1747_2)","strict","","https://pubmed.ncbi.nlm.nih.gov/30595370/; https://pubmed.ncbi.nlm.nih.gov/34737426/","https://www.ebi.ac.uk/gwas/studies/GCST007082; https://www.ebi.ac.uk/gwas/studies/GCST90041837"
"B","pigmentation","ZFYVE16","GWAS only","","","","","","","2","30531825; 30595370","2","GCST006988; GCST007082","2","EFO_0003924; OBA_0002313","hair color; strand of hair color","Blond vs. brown/black hair color; Hair color","strict","","https://pubmed.ncbi.nlm.nih.gov/30531825/; https://pubmed.ncbi.nlm.nih.gov/30595370/","https://www.ebi.ac.uk/gwas/studies/GCST006988; https://www.ebi.ac.uk/gwas/studies/GCST007082"
"B","pigmentation","ZMIZ1","GWAS only","","","","","","","2","30531825; 30595370","3","GCST006988; GCST006989; GCST007082","3","EFO_0003924; OBA_0002313","hair color; strand of hair color","Blond vs. brown/black hair color; Brown vs. black hair color; Hair color","strict","","https://pubmed.ncbi.nlm.nih.gov/30531825/; https://pubmed.ncbi.nlm.nih.gov/30595370/","https://www.ebi.ac.uk/gwas/studies/GCST006988; https://www.ebi.ac.uk/gwas/studies/GCST006989; https://www.ebi.ac.uk/gwas/studies/GCST007082"
"B","pigmentation","ZMPSTE24","OMIM only","608612","608612","606480","MANDIBULOACRAL DYSPLASIA WITH TYPE B LIPODYSTROPHY; MADB","Hyperpigmentation disorder","D’Arcy and Kiel (2023)","","","","","","","","","","https://omim.org/entry/608612","",""
"B","pigmentation","ZNF276","GWAS only","","","","","","","3","34737426; 36536295; 36672889","6","GCST90041837; GCST90246327; GCST90255681; GCST90255688; GCST90255689; GCST90255690","6","EFO_0003924; OBA_0002313; OBA_VT0002095","hair color; skin pigmentation; strand of hair color","Hair colour (natural, before greying): Red (UKB data field 1747_2); Red vs non-red hair color; Skin color; Skin color (Fitzpatrick scale); Skin phototype score; Skin reflectance","strict","","https://pubmed.ncbi.nlm.nih.gov/34737426/; https://pubmed.ncbi.nlm.nih.gov/36536295/; https://pubmed.ncbi.nlm.nih.gov/36672889/","https://www.ebi.ac.uk/gwas/studies/GCST90041837; https://www.ebi.ac.uk/gwas/studies/GCST90246327; https://www.ebi.ac.uk/gwas/studies/GCST90255681; https://www.ebi.ac.uk/gwas/studies/GCST90255688; https://www.ebi.ac.uk/gwas/studies/GCST90255689; https://www.ebi.ac.uk/gwas/studies/GCST90255690"
"B","pigmentation","ZNF778","GWAS only","","","","","","","2","30595370; 34737426","3","GCST007082; GCST90041837; GCST90041839","4","OBA_0002313","strand of hair color","Hair color; Hair colour (natural, before greying): Dark brown (UKB data field 1747_4); Hair colour (natural, before greying): Red (UKB data field 1747_2)","strict","","https://pubmed.ncbi.nlm.nih.gov/30595370/; https://pubmed.ncbi.nlm.nih.gov/34737426/","https://www.ebi.ac.uk/gwas/studies/GCST007082; https://www.ebi.ac.uk/gwas/studies/GCST90041837; https://www.ebi.ac.uk/gwas/studies/GCST90041839"
"B","pigmentation","ZNF831","GWAS only","","","","","","","2","30531825; 30595370","3","GCST006988; GCST006989; GCST007082","3","EFO_0003924; OBA_0002313","hair color; strand of hair color","Blond vs. brown/black hair color; Brown vs. black hair color; Hair color","strict","","https://pubmed.ncbi.nlm.nih.gov/30531825/; https://pubmed.ncbi.nlm.nih.gov/30595370/","https://www.ebi.ac.uk/gwas/studies/GCST006988; https://www.ebi.ac.uk/gwas/studies/GCST006989; https://www.ebi.ac.uk/gwas/studies/GCST007082"
"B","pigmentation","ZNG1A","GWAS only","","","","","","","3","30531825; 30595370; 32341527","4","GCST006988; GCST006989; GCST007082; GCST010302","4","EFO_0003924; OBA_0002313","hair color; strand of hair color","Blond vs. brown/black hair color; Brown vs. black hair color; Cutaneous melanoma or hair colour; Hair color","strict","","https://pubmed.ncbi.nlm.nih.gov/30531825/; https://pubmed.ncbi.nlm.nih.gov/30595370/; https://pubmed.ncbi.nlm.nih.gov/32341527/","https://www.ebi.ac.uk/gwas/studies/GCST006988; https://www.ebi.ac.uk/gwas/studies/GCST006989; https://www.ebi.ac.uk/gwas/studies/GCST007082; https://www.ebi.ac.uk/gwas/studies/GCST010302"
"C","hair","ALX4","Shared","609597; 613451; 615529","609597; 613451; 615529","605420","CRANIOSYNOSTOSIS 5, SUSCEPTIBILITY TO; CRS5; FRONTONASAL DYSPLASIA 2; FND2; PARIETAL FORAMINA 2; PFM2","Monobrow","Needle et al. (2025)","3","27182965; 29895819; 42190866","3","GCST003996; GCST006095; GCST90835923","3","EFO_0007906; HP_0001007","Hirsutism; synophrys measurement","Excessive hairiness; Hirsutism; Monobrow","broad","https://omim.org/entry/609597; https://omim.org/entry/613451; https://omim.org/entry/615529","https://pubmed.ncbi.nlm.nih.gov/27182965/; https://pubmed.ncbi.nlm.nih.gov/29895819/; https://pubmed.ncbi.nlm.nih.gov/42190866/","https://www.ebi.ac.uk/gwas/studies/GCST003996; https://www.ebi.ac.uk/gwas/studies/GCST006095; https://www.ebi.ac.uk/gwas/studies/GCST90835923"
"C","hair","BCL2","GWAS only","","","","","","","2","29895819; 42190866","2","GCST006095; GCST90835923","2","HP_0001007","Hirsutism","Excessive hairiness; Hirsutism","broad","","https://pubmed.ncbi.nlm.nih.gov/29895819/; https://pubmed.ncbi.nlm.nih.gov/42190866/","https://www.ebi.ac.uk/gwas/studies/GCST006095; https://www.ebi.ac.uk/gwas/studies/GCST90835923"
"C","hair","CCDST","GWAS only","","","","","","","2","19896111; 33190678","2","GCST000519; GCST011641","2","EFO_0005038; OBA_VT0000367","coat/hair morphology trait; hair morphology","Hair curvature (quantitative); Hair morphology","strict","","https://pubmed.ncbi.nlm.nih.gov/19896111/; https://pubmed.ncbi.nlm.nih.gov/33190678/","https://www.ebi.ac.uk/gwas/studies/GCST000519; https://www.ebi.ac.uk/gwas/studies/GCST011641"
"C","hair","CIR1P1","GWAS only","","","","","","","2","27182965; 37565938","2","GCST003996; GCST90671959","2","EFO_0005038; EFO_0007906","hair morphology; synophrys measurement","Hair whorl direction (counterclockwise vs clockwise); Monobrow","broad","","https://pubmed.ncbi.nlm.nih.gov/27182965/; https://pubmed.ncbi.nlm.nih.gov/37565938/","https://www.ebi.ac.uk/gwas/studies/GCST003996; https://www.ebi.ac.uk/gwas/studies/GCST90671959"
"C","hair","CIROZ","GWAS only","","","","","","","3","26926045; 29895819; 42190866","3","GCST003475; GCST006095; GCST90835923","3","HP_0001007; OBA_2050112","Hirsutism; facial hair thickness","Beard thickness; Excessive hairiness; Hirsutism","broad","","https://pubmed.ncbi.nlm.nih.gov/26926045/; https://pubmed.ncbi.nlm.nih.gov/29895819/; https://pubmed.ncbi.nlm.nih.gov/42190866/","https://www.ebi.ac.uk/gwas/studies/GCST003475; https://www.ebi.ac.uk/gwas/studies/GCST006095; https://www.ebi.ac.uk/gwas/studies/GCST90835923"
"C","hair","EDAR","Shared","129490; 224900","129490; 224900","604095","ECTODERMAL DYSPLASIA 10A, HYPOHIDROTIC/HAIR/NAIL TYPE, AUTOSOMAL DOMINANT; ECTD10A; ECTODERMAL DYSPLASIA 10B, HYPOHIDROTIC/HAIR/TOOTH TYPE, AUTOSOMAL RECESSIVE; ECTD10B","Beard thickness; Eyebrow thickness; Hair morphology/curliness; Monobrow","Needle et al. (2025)","5","26926045; 27182965; 27487801; 29895819; 34265127","9","GCST003474; GCST003475; GCST003476; GCST003477; GCST003996; GCST006093; GCST006094; GCST006468; GCST90026488","10","EFO_0005038; EFO_0007906; OBA_0003493; OBA_2050112; OBA_VT0000367","coat/hair morphology trait; facial hair thickness; hair morphology; strand of hair shape; synophrys measurement","Beard thickness; Curly vs straight hair; Eyebrow thickness; Monobrow; Monobrow thickness; Scalp hair shape; Straight vs curly hair; Thick vs thin eyebrows","broad; strict","https://omim.org/entry/129490; https://omim.org/entry/224900","https://pubmed.ncbi.nlm.nih.gov/26926045/; https://pubmed.ncbi.nlm.nih.gov/27182965/; https://pubmed.ncbi.nlm.nih.gov/27487801/; https://pubmed.ncbi.nlm.nih.gov/29895819/; https://pubmed.ncbi.nlm.nih.gov/34265127/","https://www.ebi.ac.uk/gwas/studies/GCST003474; https://www.ebi.ac.uk/gwas/studies/GCST003475; https://www.ebi.ac.uk/gwas/studies/GCST003476; https://www.ebi.ac.uk/gwas/studies/GCST003477; https://www.ebi.ac.uk/gwas/studies/GCST003996; https://www.ebi.ac.uk/gwas/studies/GCST006093; https://www.ebi.ac.uk/gwas/studies/GCST006094; https://www.ebi.ac.uk/gwas/studies/GCST006468; https://www.ebi.ac.uk/gwas/studies/GCST90026488"
"C","hair","FGF5","GWAS only","","","","","","","2","27182965; 42190866","2","GCST003996; GCST90854296","2","EFO_0007906; HP_0001007","Hirsutism; synophrys measurement","Hirsutism; Monobrow","broad","","https://pubmed.ncbi.nlm.nih.gov/27182965/; https://pubmed.ncbi.nlm.nih.gov/42190866/","https://www.ebi.ac.uk/gwas/studies/GCST003996; https://www.ebi.ac.uk/gwas/studies/GCST90854296"
"C","hair","FOXL2","OMIM only","110100; 608996","110100; 608996","605597","BLEPHAROPHIMOSIS, PTOSIS, AND EPICANTHUS INVERSUS; BPES; PREMATURE OVARIAN FAILURE 3; POF3","Eyebrow thickness","Needle et al. (2025)","","","","","","","","","","https://omim.org/entry/110100; https://omim.org/entry/608996","",""
"C","hair","FOXL2NB","GWAS only","","","","","","","2","26926045; 30248107","2","GCST003476; GCST006706","2","OBA_2050112","facial hair thickness","Eyebrow thickness","broad","","https://pubmed.ncbi.nlm.nih.gov/26926045/; https://pubmed.ncbi.nlm.nih.gov/30248107/","https://www.ebi.ac.uk/gwas/studies/GCST003476; https://www.ebi.ac.uk/gwas/studies/GCST006706"
"C","hair","FOXO1","OMIM only","268220","268220","136533","RHABDOMYOSARCOMA 2; RMS2","Monobrow","Needle et al. (2025)","","","","","","","","","","https://omim.org/entry/268220","",""
"C","hair","FOXP2","OMIM only","602081","602081","605317","SPEECH-LANGUAGE DISORDER 1; SPCH1","Beard thickness","Needle et al. (2025)","","","","","","","","","","https://omim.org/entry/602081","",""
"C","hair","FRAS1","Shared","219000","219000","607830","FRASER SYNDROME 1; FRASRS1","Hair morphology/curliness","Needle et al. (2025)","2","19896111; 29220522","2","GCST000519; GCST005191","2","EFO_0005038; OBA_0003493","hair morphology; strand of hair shape","Hair morphology; Hair shape","strict","https://omim.org/entry/219000","https://pubmed.ncbi.nlm.nih.gov/19896111/; https://pubmed.ncbi.nlm.nih.gov/29220522/","https://www.ebi.ac.uk/gwas/studies/GCST000519; https://www.ebi.ac.uk/gwas/studies/GCST005191"
"C","hair","GATA3","OMIM only","146255","146255","131320","HYPOPARATHYROIDISM, SENSORINEURAL DEAFNESS, AND RENAL DYSPLASIA SYNDROME; HDRS","Hair morphology/curliness","Needle et al. (2025)","","","","","","","","","","https://omim.org/entry/146255","",""
"C","hair","GMDS-DT","GWAS only","","","","","","","2","27182965; 36035146","2","GCST003996; GCST90146356","2","EFO_0007906; HP_0000349","Widow's peak; synophrys measurement","Monobrow; Widow's peak","broad","","https://pubmed.ncbi.nlm.nih.gov/27182965/; https://pubmed.ncbi.nlm.nih.gov/36035146/","https://www.ebi.ac.uk/gwas/studies/GCST003996; https://www.ebi.ac.uk/gwas/studies/GCST90146356"
"C","hair","HAND1","GWAS only","","","","","","","2","27182965; 37565938","2","GCST003996; GCST90671959","2","EFO_0005038; EFO_0007906","hair morphology; synophrys measurement","Hair whorl direction (counterclockwise vs clockwise); Monobrow","broad","","https://pubmed.ncbi.nlm.nih.gov/27182965/; https://pubmed.ncbi.nlm.nih.gov/37565938/","https://www.ebi.ac.uk/gwas/studies/GCST003996; https://www.ebi.ac.uk/gwas/studies/GCST90671959"
"C","hair","HERC2","GWAS only","","","","","","","2","27182965; 30166351","2","GCST003996; GCST007486","10","EFO_0007906; OBA_VT0000367","coat/hair morphology trait; synophrys measurement","Hair morphology traits; Monobrow","broad; strict","","https://pubmed.ncbi.nlm.nih.gov/27182965/; https://pubmed.ncbi.nlm.nih.gov/30166351/","https://www.ebi.ac.uk/gwas/studies/GCST003996; https://www.ebi.ac.uk/gwas/studies/GCST007486"
"C","hair","HOXC13","OMIM only","614931","614931","142976","ECTODERMAL DYSPLASIA 9, HAIR/NAIL TYPE; ECTD9","Hair morphology/curliness","Needle et al. (2025)","","","","","","","","","","https://omim.org/entry/614931","",""
"C","hair","IRF4","GWAS only","","","","","","","2","27182965; 30166351","2","GCST003996; GCST007486","5","EFO_0007906; OBA_VT0000367","coat/hair morphology trait; synophrys measurement","Hair morphology traits; Monobrow","broad; strict","","https://pubmed.ncbi.nlm.nih.gov/27182965/; https://pubmed.ncbi.nlm.nih.gov/30166351/","https://www.ebi.ac.uk/gwas/studies/GCST003996; https://www.ebi.ac.uk/gwas/studies/GCST007486"
"C","hair","KRT8P28","GWAS only","","","","","","","2","19896111; 33190678","2","GCST000519; GCST011641","2","EFO_0005038; OBA_VT0000367","coat/hair morphology trait; hair morphology","Hair curvature (quantitative); Hair morphology","strict","","https://pubmed.ncbi.nlm.nih.gov/19896111/; https://pubmed.ncbi.nlm.nih.gov/33190678/","https://www.ebi.ac.uk/gwas/studies/GCST000519; https://www.ebi.ac.uk/gwas/studies/GCST011641"
"C","hair","LGR4","OMIM only","615311; 619613","615311; 619613","606666","BONE MINERAL DENSITY QUANTITATIVE TRAIT LOCUS 17; BMND17; DELAYED PUBERTY, SELF-LIMITED; DPSL","Hair morphology/curliness","Needle et al. (2025)","","","","","","","","","","https://omim.org/entry/615311; https://omim.org/entry/619613","",""
"C","hair","LIMS1","GWAS only","","","","","","","2","29895819; 30248107","2","GCST006095; GCST006706","2","HP_0001007; OBA_2050112","Hirsutism; facial hair thickness","Excessive hairiness; Eyebrow thickness","broad","","https://pubmed.ncbi.nlm.nih.gov/29895819/; https://pubmed.ncbi.nlm.nih.gov/30248107/","https://www.ebi.ac.uk/gwas/studies/GCST006095; https://www.ebi.ac.uk/gwas/studies/GCST006706"
"C","hair","LINC00708","GWAS only","","","","","","","2","26926045; 29220522","2","GCST003474; GCST005191","2","OBA_0003493","strand of hair shape","Hair shape; Scalp hair shape","strict","","https://pubmed.ncbi.nlm.nih.gov/26926045/; https://pubmed.ncbi.nlm.nih.gov/29220522/","https://www.ebi.ac.uk/gwas/studies/GCST003474; https://www.ebi.ac.uk/gwas/studies/GCST005191"
"C","hair","LINC01432","GWAS only","","","","","","","2","27182965; 30166351","2","GCST003996; GCST007486","3","EFO_0007906; OBA_VT0000367","coat/hair morphology trait; synophrys measurement","Hair morphology traits; Monobrow","broad","","https://pubmed.ncbi.nlm.nih.gov/27182965/; https://pubmed.ncbi.nlm.nih.gov/30166351/","https://www.ebi.ac.uk/gwas/studies/GCST003996; https://www.ebi.ac.uk/gwas/studies/GCST007486"
"C","hair","LINC01956","GWAS only","","","","","","","2","27182965; 33190678","2","GCST003996; GCST011641","2","EFO_0007906; OBA_VT0000367","coat/hair morphology trait; synophrys measurement","Hair curvature (quantitative); Monobrow","broad; strict","","https://pubmed.ncbi.nlm.nih.gov/27182965/; https://pubmed.ncbi.nlm.nih.gov/33190678/","https://www.ebi.ac.uk/gwas/studies/GCST003996; https://www.ebi.ac.uk/gwas/studies/GCST011641"
"C","hair","LINC02230","GWAS only","","","","","","","3","26926045; 27182965; 30248107","4","GCST003476; GCST003477; GCST003996; GCST006706","4","EFO_0007906; OBA_2050112","facial hair thickness; synophrys measurement","Eyebrow thickness; Monobrow; Monobrow thickness","broad","","https://pubmed.ncbi.nlm.nih.gov/26926045/; https://pubmed.ncbi.nlm.nih.gov/27182965/; https://pubmed.ncbi.nlm.nih.gov/30248107/","https://www.ebi.ac.uk/gwas/studies/GCST003476; https://www.ebi.ac.uk/gwas/studies/GCST003477; https://www.ebi.ac.uk/gwas/studies/GCST003996; https://www.ebi.ac.uk/gwas/studies/GCST006706"
"C","hair","MBL2","OMIM only","614372","614372","154545","MANNOSE-BINDING LECTIN DEFICIENCY; MBLD","Monobrow","Needle et al. (2025)","","","","","","","","","","https://omim.org/entry/614372","",""
"C","hair","PADI3","OMIM only","191480","191480","606755","UNCOMBABLE HAIR SYNDROME 1; UHS1","Hair morphology/curliness","Needle et al. (2025)","","","","","","","","","","https://omim.org/entry/191480","",""
"C","hair","PAX3","Shared","122880; 148820; 193500; 268220","122880; 148820; 193500; 268220","606597","CRANIOFACIAL-DEAFNESS-HAND SYNDROME; CDHS; RHABDOMYOSARCOMA 2; RMS2; WAARDENBURG SYNDROME, TYPE 1; WS1; WAARDENBURG SYNDROME, TYPE 3; WS3","Monobrow","Needle et al. (2025)","2","26926045; 27182965","2","GCST003477; GCST003996","2","EFO_0007906; OBA_2050112","facial hair thickness; synophrys measurement","Monobrow; Monobrow thickness","broad","https://omim.org/entry/122880; https://omim.org/entry/148820; https://omim.org/entry/193500; https://omim.org/entry/268220","https://pubmed.ncbi.nlm.nih.gov/26926045/; https://pubmed.ncbi.nlm.nih.gov/27182965/","https://www.ebi.ac.uk/gwas/studies/GCST003477; https://www.ebi.ac.uk/gwas/studies/GCST003996"
"C","hair","PAX7","OMIM only","268220","268220","167410","RHABDOMYOSARCOMA 2; RMS2","Monobrow","Needle et al. (2025)","","","","","","","","","","https://omim.org/entry/268220","",""
"C","hair","PEX14","OMIM only","614887","614887","601791","PEROXISOME BIOGENESIS DISORDER 13A (ZELLWEGER); PBD13A","Hair morphology/curliness","Needle et al. (2025)","","","","","","","","","","https://omim.org/entry/614887","",""
"C","hair","PRR23A","GWAS only","","","","","","","2","26926045; 30248107","2","GCST003476; GCST006706","2","OBA_2050112","facial hair thickness","Eyebrow thickness","broad","","https://pubmed.ncbi.nlm.nih.gov/26926045/; https://pubmed.ncbi.nlm.nih.gov/30248107/","https://www.ebi.ac.uk/gwas/studies/GCST003476; https://www.ebi.ac.uk/gwas/studies/GCST006706"
"C","hair","RPTN","GWAS only","","","","","","","2","29220522; 33190678","2","GCST005191; GCST011641","2","OBA_0003493; OBA_VT0000367","coat/hair morphology trait; strand of hair shape","Hair curvature (quantitative); Hair shape","strict","","https://pubmed.ncbi.nlm.nih.gov/29220522/; https://pubmed.ncbi.nlm.nih.gov/33190678/","https://www.ebi.ac.uk/gwas/studies/GCST005191; https://www.ebi.ac.uk/gwas/studies/GCST011641"
"C","hair","S100A11","GWAS only","","","","","","","2","19896111; 33190678","2","GCST000519; GCST011641","2","EFO_0005038; OBA_VT0000367","coat/hair morphology trait; hair morphology","Hair curvature (quantitative); Hair morphology","strict","","https://pubmed.ncbi.nlm.nih.gov/19896111/; https://pubmed.ncbi.nlm.nih.gov/33190678/","https://www.ebi.ac.uk/gwas/studies/GCST000519; https://www.ebi.ac.uk/gwas/studies/GCST011641"
"C","hair","SLC24A4","GWAS only","","","","","","","2","27182965; 30166351","2","GCST003996; GCST007486","2","EFO_0007906; OBA_VT0000367","coat/hair morphology trait; synophrys measurement","Hair morphology traits; Monobrow","broad; strict","","https://pubmed.ncbi.nlm.nih.gov/27182965/; https://pubmed.ncbi.nlm.nih.gov/30166351/","https://www.ebi.ac.uk/gwas/studies/GCST003996; https://www.ebi.ac.uk/gwas/studies/GCST007486"
"C","hair","SLC39A12","GWAS only","","","","","","","2","27182965; 42190866","2","GCST003996; GCST90835923","2","EFO_0007906; HP_0001007","Hirsutism; synophrys measurement","Hirsutism; Monobrow","broad","","https://pubmed.ncbi.nlm.nih.gov/27182965/; https://pubmed.ncbi.nlm.nih.gov/42190866/","https://www.ebi.ac.uk/gwas/studies/GCST003996; https://www.ebi.ac.uk/gwas/studies/GCST90835923"
"C","hair","SLC45A1","OMIM only","617532","617532","605763","INTELLECTUAL DEVELOPMENTAL DISORDER WITH NEUROPSYCHIATRIC FEATURES; IDDNPF","Hair morphology/curliness","Needle et al. (2025)","","","","","","","","","","https://omim.org/entry/617532","",""
"C","hair","SLC45A2","GWAS only","","","","","","","2","27182965; 30166351","2","GCST003996; GCST007486","7","EFO_0007906; OBA_VT0000367","coat/hair morphology trait; synophrys measurement","Hair morphology traits; Monobrow","broad; strict","","https://pubmed.ncbi.nlm.nih.gov/27182965/; https://pubmed.ncbi.nlm.nih.gov/30166351/","https://www.ebi.ac.uk/gwas/studies/GCST003996; https://www.ebi.ac.uk/gwas/studies/GCST007486"
"C","hair","SOX2","OMIM only","206900","206900","184429","MICROPHTHALMIA, SYNDROMIC 3; MCOPS3","Eyebrow thickness; Monobrow","Needle et al. (2025)","","","","","","","","","","https://omim.org/entry/206900","",""
"C","hair","SOX2-OT","GWAS only","","","","","","","3","27182965; 29895819; 30248107","3","GCST003996; GCST006095; GCST006706","3","EFO_0007906; HP_0001007; OBA_2050112","Hirsutism; facial hair thickness; synophrys measurement","Excessive hairiness; Eyebrow thickness; Monobrow","broad","","https://pubmed.ncbi.nlm.nih.gov/27182965/; https://pubmed.ncbi.nlm.nih.gov/29895819/; https://pubmed.ncbi.nlm.nih.gov/30248107/","https://www.ebi.ac.uk/gwas/studies/GCST003996; https://www.ebi.ac.uk/gwas/studies/GCST006095; https://www.ebi.ac.uk/gwas/studies/GCST006706"
"C","hair","SPTLC1P4","GWAS only","","","","","","","2","19896111; 33190678","2","GCST000519; GCST011641","2","EFO_0005038; OBA_VT0000367","coat/hair morphology trait; hair morphology","Hair curvature (quantitative); Hair morphology","strict","","https://pubmed.ncbi.nlm.nih.gov/19896111/; https://pubmed.ncbi.nlm.nih.gov/33190678/","https://www.ebi.ac.uk/gwas/studies/GCST000519; https://www.ebi.ac.uk/gwas/studies/GCST011641"
"C","hair","TBX15","Shared","260660","260660","604127","COUSIN SYNDROME","Female hairiness","Needle et al. (2025)","2","29895819; 42190866","2","GCST006095; GCST90835923","2","HP_0001007","Hirsutism","Excessive hairiness; Hirsutism","broad","https://omim.org/entry/260660","https://pubmed.ncbi.nlm.nih.gov/29895819/; https://pubmed.ncbi.nlm.nih.gov/42190866/","https://www.ebi.ac.uk/gwas/studies/GCST006095; https://www.ebi.ac.uk/gwas/studies/GCST90835923"
"C","hair","TCHH","Shared","617252","617252","190370","UNCOMBABLE HAIR SYNDROME 3; UHS3","Hair morphology/curliness","Needle et al. (2025)","5","19896111; 20585627; 26926045; 29220522; 33190678","5","GCST000519; GCST000706; GCST003474; GCST005191; GCST011640","5","EFO_0005038; OBA_0003493; OBA_VT0000367","coat/hair morphology trait; hair morphology; strand of hair shape","Common traits (Other); Hair curvature (observational); Hair morphology; Hair shape; Scalp hair shape","strict","https://omim.org/entry/617252","https://pubmed.ncbi.nlm.nih.gov/19896111/; https://pubmed.ncbi.nlm.nih.gov/20585627/; https://pubmed.ncbi.nlm.nih.gov/26926045/; https://pubmed.ncbi.nlm.nih.gov/29220522/; https://pubmed.ncbi.nlm.nih.gov/33190678/","https://www.ebi.ac.uk/gwas/studies/GCST000519; https://www.ebi.ac.uk/gwas/studies/GCST000706; https://www.ebi.ac.uk/gwas/studies/GCST003474; https://www.ebi.ac.uk/gwas/studies/GCST005191; https://www.ebi.ac.uk/gwas/studies/GCST011640"
"C","hair","THEM4","GWAS only","","","","","","","2","19896111; 33190678","2","GCST000519; GCST011641","2","EFO_0005038; OBA_VT0000367","coat/hair morphology trait; hair morphology","Hair curvature (quantitative); Hair morphology","strict","","https://pubmed.ncbi.nlm.nih.gov/19896111/; https://pubmed.ncbi.nlm.nih.gov/33190678/","https://www.ebi.ac.uk/gwas/studies/GCST000519; https://www.ebi.ac.uk/gwas/studies/GCST011641"
"C","hair","TMEM174","GWAS only","","","","","","","3","26926045; 27182965; 30248107","4","GCST003476; GCST003477; GCST003996; GCST006706","4","EFO_0007906; OBA_2050112","facial hair thickness; synophrys measurement","Eyebrow thickness; Monobrow; Monobrow thickness","broad","","https://pubmed.ncbi.nlm.nih.gov/26926045/; https://pubmed.ncbi.nlm.nih.gov/27182965/; https://pubmed.ncbi.nlm.nih.gov/30248107/","https://www.ebi.ac.uk/gwas/studies/GCST003476; https://www.ebi.ac.uk/gwas/studies/GCST003477; https://www.ebi.ac.uk/gwas/studies/GCST003996; https://www.ebi.ac.uk/gwas/studies/GCST006706"
"C","hair","WNT10A","Shared","150400; 224750; 257980","150400; 224750; 257980","606268","ODONTOONYCHODERMAL DYSPLASIA; OODD; SCHOPF-SCHULZ-PASSARGE SYNDROME; SSPS; TOOTH AGENESIS, SELECTIVE, 4; STHAG4","Hair morphology/curliness","Needle et al. (2025)","2","19896111; 20585627","2","GCST000519; GCST000706","2","EFO_0005038","hair morphology","Common traits (Other); Hair morphology","strict","https://omim.org/entry/150400; https://omim.org/entry/224750; https://omim.org/entry/257980","https://pubmed.ncbi.nlm.nih.gov/19896111/; https://pubmed.ncbi.nlm.nih.gov/20585627/","https://www.ebi.ac.uk/gwas/studies/GCST000519; https://www.ebi.ac.uk/gwas/studies/GCST000706"
